signal_date,fear_greed_index,fear_band,horizon_trading_days,entry_date,entry_open,exit_date,exit_close,forward_return,interval_max_drawdown
2022-07-22,46.51,45–54，中性,5,2022-07-25,7037.76,2022-07-29,7117.43,0.011320363297412817,-0.012624755604055848
2022-07-25,41.81,25–44，偏冷,5,2022-07-26,6949.19,2022-08-01,7180.45,0.03327869866847788,-0.004583088584934614
2022-07-26,56.28,55–74，偏热,5,2022-07-27,7018.22,2022-08-02,6957.98,-0.008583372992012284,-0.030982737850691833
2022-07-27,56.97,55–74，偏热,5,2022-07-28,7138.32,2022-08-03,6916.67,-0.03105072341951598,-0.03673585917317157
2022-07-28,62.89,55–74，偏热,5,2022-07-29,7152.33,2022-08-04,6960.31,-0.02684719524965984,-0.03673585917317157
2022-07-29,40.97,25–44，偏冷,5,2022-08-01,7100.71,2022-08-05,7090.0,-0.0015082998742379505,-0.03673585917317157
2022-08-01,54.0,45–54，中性,5,2022-08-02,7098.18,2022-08-08,7176.11,0.010978870640079519,-0.02557134364020075
2022-08-02,23.52,0–24，极冷,5,2022-08-03,6968.29,2022-08-09,7207.4,0.034314013911590946,-0.0074078432441818665
2022-08-03,30.14,25–44，偏冷,5,2022-08-04,6953.98,2022-08-10,7212.08,0.037115436052447714,0.0
2022-08-04,51.3,45–54，中性,5,2022-08-05,6975.89,2022-08-11,7294.49,0.04567159172521351,0.0
2022-08-05,52.06,45–54，中性,5,2022-08-08,7082.54,2022-08-12,7228.83,0.0206550192445083,-0.009001314690951667
2022-08-08,56.04,55–74，偏热,5,2022-08-09,7168.96,2022-08-15,7283.5,0.015977212873275803,-0.009001314690951667
2022-08-09,53.07,45–54，中性,5,2022-08-10,7183.18,2022-08-16,7324.62,0.019690443508306954,-0.009001314690951667
2022-08-10,53.4,45–54，中性,5,2022-08-11,7241.73,2022-08-17,7328.67,0.012005418594728035,-0.009001314690951667
2022-08-11,60.33,55–74，偏热,5,2022-08-12,7287.65,2022-08-18,7351.44,0.008753164600385555,-0.008071188929215878
2022-08-12,44.2,25–44，偏冷,5,2022-08-15,7218.09,2022-08-19,7234.41,0.0022609859394937537,-0.015919330090431227
2022-08-15,51.33,45–54，中性,5,2022-08-16,7290.24,2022-08-22,7288.58,-0.00022770169432007048,-0.015919330090431227
2022-08-16,57.4,55–74，偏热,5,2022-08-17,7330.48,2022-08-23,7306.02,-0.003336752845652602,-0.015919330090431227
2022-08-17,58.65,55–74，偏热,5,2022-08-18,7315.41,2022-08-24,7039.41,-0.03772857570525778,-0.04244474551924515
2022-08-18,50.57,45–54，中性,5,2022-08-19,7353.43,2022-08-25,7016.31,-0.045845272206303744,-0.045845272206303744
2022-08-19,35.77,25–44，偏冷,5,2022-08-22,7214.48,2022-08-26,6980.18,-0.03247635311207453,-0.044598837670852265
2022-08-22,50.12,45–54，中性,5,2022-08-23,7275.38,2022-08-29,7021.31,-0.03492188724162859,-0.044598837670852265
2022-08-23,51.01,45–54，中性,5,2022-08-24,7312.55,2022-08-30,6976.72,-0.04592515606730896,-0.04592515606730896
2022-08-24,27.01,25–44，偏冷,5,2022-08-25,7065.34,2022-08-31,6750.74,-0.04452722728134817,-0.04452722728134817
2022-08-25,39.38,25–44，偏冷,5,2022-08-26,7032.66,2022-09-01,6717.1,-0.044870646384156165,-0.044870646384156165
2022-08-26,36.34,25–44，偏冷,5,2022-08-29,6884.73,2022-09-02,6776.83,-0.015672364784094617,-0.043326672657951315
2022-08-29,46.1,45–54，中性,5,2022-08-30,7018.72,2022-09-05,6791.09,-0.03243183942371264,-0.04297364761665945
2022-08-30,39.27,25–44，偏冷,5,2022-08-31,6954.51,2022-09-06,6919.65,-0.005012574573909689,-0.03413755965553289
2022-08-31,30.49,25–44，偏冷,5,2022-09-01,6757.01,2022-09-07,6963.52,0.03056233452370205,-0.005906458625930644
2022-09-01,35.45,25–44，偏冷,5,2022-09-02,6731.67,2022-09-08,6897.1,0.024574882607139026,-0.009538279490832191
2022-09-02,46.17,45–54，中性,5,2022-09-05,6774.19,2022-09-09,6913.58,0.020576629825853843,-0.009538279490832191
2022-09-05,42.27,25–44，偏冷,5,2022-09-06,6808.87,2022-09-13,6904.08,0.013983230697604654,-0.009538279490832191
2022-09-06,53.26,45–54，中性,5,2022-09-07,6894.71,2022-09-14,6829.56,-0.009449273428469018,-0.01923739717843853
2022-09-07,45.51,45–54，中性,5,2022-09-08,6965.56,2022-09-15,6619.19,-0.049726080889404556,-0.049726080889404556
2022-09-08,37.58,25–44，偏冷,5,2022-09-09,6908.71,2022-09-16,6481.24,-0.06187406910986282,-0.062534895090532
2022-09-09,43.36,25–44，偏冷,5,2022-09-13,6935.59,2022-09-19,6399.8,-0.07725225972123495,-0.07725225972123495
2022-09-13,46.78,45–54，中性,5,2022-09-14,6800.93,2022-09-20,6482.13,-0.04687594196676048,-0.06292645499856508
2022-09-14,40.04,25–44，偏冷,5,2022-09-15,6859.25,2022-09-21,6480.6,-0.055202828297554296,-0.0669825418230856
2022-09-15,31.34,25–44，偏冷,5,2022-09-16,6599.27,2022-09-22,6487.27,-0.016971574128653577,-0.030226070459308363
2022-09-16,27.43,25–44，偏冷,5,2022-09-19,6468.39,2022-09-23,6363.68,-0.016187954034929897,-0.019051157112313866
2022-09-19,31.38,25–44，偏冷,5,2022-09-20,6441.1,2022-09-26,6283.59,-0.024453897626181886,-0.03139687418590564
2022-09-20,52.48,45–54，中性,5,2022-09-21,6461.25,2022-09-27,6409.78,-0.007965950860901572,-0.03139687418590564
2022-09-21,44.85,25–44，偏冷,5,2022-09-22,6438.29,2022-09-28,6211.11,-0.035285766872880875,-0.04256952462283836
2022-09-22,39.93,25–44，偏冷,5,2022-09-23,6486.79,2022-09-29,6228.78,-0.03977468054307298,-0.042498678082688146
2022-09-23,32.51,25–44，偏冷,5,2022-09-26,6318.3,2022-09-30,6124.86,-0.03061583020749259,-0.04445082358520891
2022-09-26,35.17,25–44，偏冷,5,2022-09-27,6302.89,2022-10-10,5984.5,-0.0505149225196696,-0.06634861102877165
2022-09-27,55.88,55–74，偏热,5,2022-09-28,6397.84,2022-10-11,6017.72,-0.059413802158228335,-0.06460617958561021
2022-09-28,26.73,25–44，偏冷,5,2022-09-29,6270.91,2022-10-12,6192.65,-0.012479847422463441,-0.04567279709005545
2022-09-29,32.71,25–44，偏冷,5,2022-09-30,6221.83,2022-10-13,6252.22,0.004884415035447898,-0.038144725908615285
2022-09-30,28.56,25–44，偏冷,5,2022-10-10,6136.71,2022-10-14,6406.46,0.04395677814333743,-0.02480319259016639
2022-10-10,24.29,0–24，极冷,5,2022-10-11,5994.76,2022-10-17,6472.45,0.07968459120965643,0.0
2022-10-11,40.68,25–44，偏冷,5,2022-10-12,6017.67,2022-10-18,6508.5,0.08156479168847741,0.0
2022-10-12,49.59,45–54，中性,5,2022-10-13,6162.71,2022-10-19,6461.15,0.04842674732382335,-0.007275101789967042
2022-10-13,46.86,45–54，中性,5,2022-10-14,6296.35,2022-10-20,6429.7,0.021178937003184295,-0.012107244372743353
2022-10-14,52.81,45–54，中性,5,2022-10-17,6380.21,2022-10-21,6432.33,0.00816901011095239,-0.012107244372743353
2022-10-17,54.44,45–54，中性,5,2022-10-18,6490.6,2022-10-24,6378.43,-0.01728191538532653,-0.019984635476684276
2022-10-18,46.64,45–54，中性,5,2022-10-19,6492.6,2022-10-25,6355.78,-0.021073221821766408,-0.021073221821766408
2022-10-19,36.5,25–44，偏冷,5,2022-10-20,6431.99,2022-10-26,6491.69,0.009281730848462066,-0.011900819765155113
2022-10-20,36.28,25–44，偏冷,5,2022-10-21,6433.33,2022-10-27,6461.61,0.004395857199926079,-0.012054410390886283
2022-10-21,37.65,25–44，偏冷,5,2022-10-24,6448.87,2022-10-28,6239.93,-0.03239947463664172,-0.03878188884558553
2022-10-24,28.08,25–44，偏冷,5,2022-10-25,6346.15,2022-10-31,6292.62,-0.008435035415172987,-0.03878188884558553
2022-10-25,31.5,25–44，偏冷,5,2022-10-26,6358.06,2022-11-01,6439.82,0.01285926839318896,-0.03878188884558553
2022-10-26,54.31,45–54，中性,5,2022-10-27,6497.52,2022-11-02,6524.51,0.004153892562085204,-0.039644356616062804
2022-10-27,34.29,25–44，偏冷,5,2022-10-28,6412.61,2022-11-03,6566.84,0.024051049416696335,-0.02692819304464167
2022-10-28,18.97,0–24，极冷,5,2022-10-31,6201.75,2022-11-04,6709.64,0.08189462651670909,0.0
2022-10-31,38.14,25–44，偏冷,5,2022-11-01,6299.03,2022-11-07,6713.64,0.06582124549335377,0.0
2022-11-01,57.48,55–74，偏热,5,2022-11-02,6434.95,2022-11-08,6694.96,0.04040590835981628,-0.002782395243117075
2022-11-02,64.32,55–74，偏热,5,2022-11-03,6467.23,2022-11-09,6676.01,0.032282754749715314,-0.005605007119833694
2022-11-03,49.77,45–54，中性,5,2022-11-04,6569.19,2022-11-10,6603.31,0.0051939432410998965,-0.01643370809277822
2022-11-04,72.94,55–74，偏热,5,2022-11-07,6713.73,2022-11-11,6643.48,-0.010463631989966804,-0.016446893157752718
2022-11-07,70.13,55–74，偏热,5,2022-11-08,6707.01,2022-11-14,6599.67,-0.01600415088094398,-0.01600415088094398
2022-11-08,59.53,55–74，偏热,5,2022-11-09,6694.4,2022-11-15,6752.51,0.008680389579349912,-0.014150633365200727
2022-11-09,59.19,55–74，偏热,5,2022-11-10,6638.52,2022-11-16,6702.04,0.009568397775407744,-0.007474257720462507
2022-11-10,50.55,45–54，中性,5,2022-11-11,6749.07,2022-11-17,6714.5,-0.005122187205051865,-0.022136383235023427
2022-11-11,68.21,55–74，偏热,5,2022-11-14,6639.02,2022-11-18,6658.4,0.0029191055306354574,-0.013937039708197485
2022-11-14,43.3,25–44，偏冷,5,2022-11-15,6593.63,2022-11-21,6689.33,0.014514008217021646,-0.013937039708197485
2022-11-15,76.41,75–100，极热,5,2022-11-16,6749.96,2022-11-22,6583.23,-0.024700887116368198,-0.024700887116368198
2022-11-16,45.44,45–54，中性,5,2022-11-17,6685.94,2022-11-23,6567.99,-0.017641498428044522,-0.02181994191674741
2022-11-17,65.14,55–74，偏热,5,2022-11-18,6711.89,2022-11-24,6586.86,-0.018628136039178345,-0.021439564712770975
2022-11-18,42.11,25–44，偏冷,5,2022-11-21,6622.6,2022-11-25,6512.16,-0.016676229879503568,-0.02648546266965457
2022-11-21,54.89,45–54，中性,5,2022-11-22,6682.05,2022-11-28,6492.71,-0.028335615567078976,-0.028335615567078976
2022-11-22,38.46,25–44，偏冷,5,2022-11-23,6572.16,2022-11-29,6594.32,0.0033717986171972747,-0.014293608790835077
2022-11-23,44.33,25–44，偏冷,5,2022-11-24,6573.47,2022-11-30,6590.31,0.0025618128629172343,-0.014293608790835077
2022-11-24,54.66,45–54，中性,5,2022-11-25,6573.02,2022-12-01,6658.43,0.012994027098654826,-0.012218128044643173
2022-11-25,40.88,25–44，偏冷,5,2022-11-28,6426.93,2022-12-02,6680.54,0.03946052003055889,-0.000608099091339076
2022-11-28,44.14,25–44，偏冷,5,2022-11-29,6505.9,2022-12-05,6714.37,0.03204322230590706,-0.000608099091339076
2022-11-29,73.49,55–74，偏热,5,2022-11-30,6591.68,2022-12-06,6703.55,0.016971394242438986,-0.0016114691326214459
2022-11-30,62.31,55–74，偏热,5,2022-12-01,6645.47,2022-12-07,6705.29,0.009001620652865805,-0.0016114691326214459
2022-12-01,69.88,55–74，偏热,5,2022-12-02,6644.44,2022-12-08,6662.34,0.0026939817351048223,-0.007749051660840833
2022-12-02,53.81,45–54，中性,5,2022-12-05,6710.73,2022-12-09,6680.38,-0.00452260782358993,-0.007749051660840833
2022-12-05,70.11,55–74，偏热,5,2022-12-06,6690.92,2022-12-12,6655.67,-0.005268333801629721,-0.007400127362127473
2022-12-06,55.48,55–74，偏热,5,2022-12-07,6684.61,2022-12-13,6593.67,-0.013604383800999598,-0.0166465581652695
2022-12-07,62.02,55–74，偏热,5,2022-12-08,6694.84,2022-12-14,6570.02,-0.01864420957035562,-0.01864420957035562
2022-12-08,47.73,45–54，中性,5,2022-12-09,6661.9,2022-12-15,6597.55,-0.009659406475630017,-0.01652001832231098
2022-12-09,58.16,55–74，偏热,5,2022-12-12,6669.17,2022-12-16,6519.44,-0.022451069623356523,-0.022451069623356523
2022-12-12,50.01,45–54，中性,5,2022-12-13,6654.67,2022-12-19,6390.77,-0.03965636162274011,-0.03965636162274011
2022-12-13,49.15,45–54，中性,5,2022-12-14,6600.41,2022-12-20,6341.58,-0.0392142306311275,-0.0392142306311275
2022-12-14,42.88,25–44，偏冷,5,2022-12-15,6557.9,2022-12-21,6289.14,-0.04098263163512694,-0.046746140612803244
2022-12-15,52.91,45–54，中性,5,2022-12-16,6569.06,2022-12-22,6186.93,-0.05817118430947499,-0.05817118430947499
2022-12-16,40.43,25–44，偏冷,5,2022-12-19,6518.38,2022-12-23,6160.75,-0.05486485906007321,-0.05486485906007321
2022-12-19,33.56,25–44，偏冷,5,2022-12-20,6380.22,2022-12-26,6275.52,-0.01641009244195335,-0.03439850036519121
2022-12-20,41.05,25–44，偏冷,5,2022-12-21,6341.22,2022-12-27,6325.63,-0.00245851744616965,-0.028459823188597855
2022-12-21,38.68,25–44，偏冷,5,2022-12-22,6314.55,2022-12-28,6268.47,-0.007297432121053715,-0.024356446619315686
2022-12-22,33.64,25–44，偏冷,5,2022-12-23,6154.66,2022-12-29,6261.83,0.017412822154270202,-0.010085951913090141
2022-12-23,38.57,25–44，偏冷,5,2022-12-26,6161.94,2022-12-30,6281.62,0.019422454616565554,-0.010085951913090141
2022-12-26,49.29,45–54，中性,5,2022-12-27,6288.61,2023-01-03,6423.7,0.021481694682926822,-0.010085951913090141
2022-12-27,42.42,25–44，偏冷,5,2022-12-28,6304.59,2023-01-04,6421.28,0.01850873728505742,-0.006782360153475553
2022-12-28,32.99,25–44，偏冷,5,2022-12-29,6253.79,2023-01-05,6485.47,0.03704633510239397,-0.00037672992200754596
2022-12-29,38.24,25–44，偏冷,5,2022-12-30,6283.5,2023-01-06,6500.32,0.034506246518659855,-0.00037672992200754596
2022-12-30,51.37,45–54，中性,5,2023-01-03,6286.81,2023-01-09,6535.75,0.0395971883992039,-0.00037672992200754596
2023-01-03,59.24,55–74，偏热,5,2023-01-04,6423.43,2023-01-10,6540.2,0.018178761191450565,-0.00033471213977587233
2023-01-04,52.66,45–54，中性,5,2023-01-05,6427.45,2023-01-11,6486.9,0.009249391282701414,-0.008149597871624725
2023-01-05,52.15,45–54，中性,5,2023-01-06,6482.88,2023-01-12,6489.57,0.0010319487635124247,-0.008149597871624725
2023-01-06,46.14,45–54，中性,5,2023-01-09,6523.14,2023-01-13,6517.51,-0.0008630812768084528,-0.008149597871624725
2023-01-09,56.65,55–74，偏热,5,2023-01-10,6541.82,2023-01-16,6591.81,0.00764160432417893,-0.008395217233124752
2023-01-10,50.48,45–54，中性,5,2023-01-11,6544.57,2023-01-17,6597.49,0.008086092745589024,-0.008811885272829278
2023-01-11,42.46,25–44，偏冷,5,2023-01-12,6495.16,2023-01-18,6613.01,0.01814427974060684,-0.0008606408464149062
2023-01-12,44.11,25–44，偏冷,5,2023-01-13,6505.24,2023-01-19,6676.08,0.02626190578671972,0.0
2023-01-13,44.06,25–44，偏冷,5,2023-01-16,6521.45,2023-01-20,6736.85,0.03302946430625098,0.0
2023-01-16,45.94,45–54，中性,5,2023-01-17,6600.25,2023-01-30,6786.45,0.028211052611643472,-0.00041816597856147997
2023-01-17,38.11,25–44，偏冷,5,2023-01-18,6613.74,2023-01-31,6805.28,0.02896092074983292,-0.0001103762772651784
2023-01-18,42.34,25–44，偏冷,5,2023-01-19,6605.45,2023-02-01,6916.72,0.047123208865406774,0.0
2023-01-19,39.86,25–44，偏冷,5,2023-01-20,6690.14,2023-02-02,6933.23,0.03633556248449188,0.0
2023-01-20,40.86,25–44，偏冷,5,2023-01-30,6815.14,2023-02-03,6925.08,0.016131730235915853,-0.004209744774135271
2023-01-30,56.38,55–74，偏热,5,2023-01-31,6763.4,2023-02-06,6891.41,0.018926871100334086,-0.006031820666557941
2023-01-31,38.5,25–44，偏冷,5,2023-02-01,6815.06,2023-02-07,6924.32,0.01603214058276814,-0.006031820666557941
2023-02-01,61.28,55–74，偏热,5,2023-02-02,6926.58,2023-02-08,6877.72,-0.007053986238518828,-0.008006369325696538
2023-02-02,37.65,25–44，偏冷,5,2023-02-03,6922.79,2023-02-09,6999.18,0.01103456843266959,-0.006838910164214673
2023-02-03,38.59,25–44，偏冷,5,2023-02-06,6902.49,2023-02-10,6975.39,0.01056140610127665,-0.006729902719689318
2023-02-06,40.46,25–44，偏冷,5,2023-02-07,6900.23,2023-02-13,7052.18,0.022021005096931612,-0.006729902719689318
2023-02-07,52.26,45–54，中性,5,2023-02-08,6927.33,2023-02-14,7061.45,0.01936099478442621,-0.007161489347266459
2023-02-08,40.64,25–44，偏冷,5,2023-02-09,6864.03,2023-02-15,7063.6,0.029074756374899424,-0.0033989695935809916
2023-02-09,60.14,55–74，偏热,5,2023-02-10,6991.23,2023-02-16,6925.2,-0.009444689990173338,-0.01959340846027524
2023-02-10,35.97,25–44，偏冷,5,2023-02-13,6976.33,2023-02-17,6868.55,-0.015449383845087539,-0.027613398267172573
2023-02-13,62.33,55–74，偏热,5,2023-02-14,7064.53,2023-02-20,6959.36,-0.01488704839529309,-0.0277414067177858
2023-02-14,43.7,25–44，偏冷,5,2023-02-15,7062.36,2023-02-21,6990.48,-0.010177900871663259,-0.027613398267172573
2023-02-15,48.3,45–54，中性,5,2023-02-16,7063.93,2023-02-22,6998.43,-0.009272458815418605,-0.02765882447872503
2023-02-16,30.04,25–44，偏冷,5,2023-02-17,6931.99,2023-02-23,6966.79,0.005020203433646175,-0.009151773156048981
2023-02-17,42.61,25–44，偏冷,5,2023-02-20,6871.86,2023-02-24,6944.82,0.010617212807012999,-0.007660289522078645
2023-02-20,65.51,55–74，偏热,5,2023-02-21,6969.35,2023-02-27,6894.3,-0.010768579566243663,-0.014879051444395386
2023-02-21,59.01,55–74，偏热,5,2023-02-22,6961.15,2023-02-28,6955.57,-0.000801591691028003,-0.014879051444395386
2023-02-22,57.88,55–74，偏热,5,2023-02-23,6997.78,2023-03-01,7002.77,0.0007130832921298236,-0.01478754690773354
2023-02-23,53.68,45–54，中性,5,2023-02-24,6971.65,2023-03-02,6972.31,9.466912423894414e-05,-0.01109493448466281
2023-02-24,50.12,45–54，中性,5,2023-02-27,6928.03,2023-03-03,6967.94,0.005760656348197113,-0.004973746103327792
2023-02-27,51.06,45–54，中性,5,2023-02-28,6911.36,2023-03-06,6997.04,0.012396981201963087,-0.004973746103327792
2023-02-28,63.74,55–74，偏热,5,2023-03-01,6955.48,2023-03-07,6855.34,-0.014397280992828554,-0.02105309755996565
2023-03-01,68.89,55–74，偏热,5,2023-03-02,6999.23,2023-03-08,6891.46,-0.015397408000594304,-0.020557975663037187
2023-03-02,50.02,45–54，中性,5,2023-03-03,6970.21,2023-03-09,6892.86,-0.011097226625883638,-0.020251420600711167
2023-03-03,59.84,55–74，偏热,5,2023-03-06,6973.52,2023-03-10,6798.3,-0.025126478449907674,-0.028403439168562694
2023-03-06,56.11,55–74，偏热,5,2023-03-07,6991.56,2023-03-13,6832.62,-0.022733123938005306,-0.027641899661878022
2023-03-07,50.42,45–54，中性,5,2023-03-08,6838.63,2023-03-14,6769.85,-0.010057570010367556,-0.017846002965387298
2023-03-08,63.35,55–74，偏热,5,2023-03-09,6898.24,2023-03-15,6803.47,-0.013738286867374772,-0.018611993783921643
2023-03-09,59.25,55–74，偏热,5,2023-03-10,6854.41,2023-03-16,6689.78,-0.02401811388580488,-0.02401811388580488
2023-03-10,44.18,25–44，偏冷,5,2023-03-13,6780.02,2023-03-17,6736.37,-0.006438034106094115,-0.02090559697451344
2023-03-13,57.14,55–74，偏热,5,2023-03-14,6824.25,2023-03-20,6721.45,-0.015063926438802833,-0.01970472945744961
2023-03-14,45.53,45–54，中性,5,2023-03-15,6797.82,2023-03-21,6809.39,0.0017020162346164103,-0.016710590331110553
2023-03-15,60.13,55–74，偏热,5,2023-03-16,6769.61,2023-03-22,6840.33,0.010446687475349492,-0.011792407538986693
2023-03-16,44.83,25–44，偏冷,5,2023-03-17,6726.96,2023-03-23,6868.83,0.021089764172820935,-0.002214842712024434
2023-03-17,63.68,55–74，偏热,5,2023-03-20,6745.95,2023-03-24,6867.95,0.018084925029091536,-0.0036318087148585754
2023-03-20,41.88,25–44，偏冷,5,2023-03-21,6726.8,2023-03-27,6886.69,0.023769102693702804,-0.000128114977368754
2023-03-21,62.56,55–74，偏热,5,2023-03-22,6830.19,2023-03-28,6825.38,-0.0007042263831605888,-0.008902680387820494
2023-03-22,67.65,55–74，偏热,5,2023-03-23,6827.68,2023-03-29,6806.28,-0.003134300377287791,-0.011676146305409363
2023-03-23,64.8,55–74，偏热,5,2023-03-24,6874.54,2023-03-30,6807.64,-0.009731560220756497,-0.011676146305409363
2023-03-24,68.01,55–74，偏热,5,2023-03-27,6874.39,2023-03-31,6875.81,0.00020656378238648188,-0.011676146305409363
2023-03-27,67.65,55–74，偏热,5,2023-03-28,6881.11,2023-04-03,6962.2,0.011784435941294413,-0.010874698994784215
2023-03-28,45.57,45–54，中性,5,2023-03-29,6825.13,2023-04-04,6953.36,0.018787920523125612,-0.0027618521551970865
2023-03-29,55.02,55–74，偏热,5,2023-03-30,6802.07,2023-04-06,6983.03,0.026603666236895585,-0.0012697135962770334
2023-03-30,56.76,55–74，偏热,5,2023-03-31,6806.61,2023-04-07,7042.89,0.034713315438963166,-0.0012697135962770334
2023-03-31,67.52,55–74，偏热,5,2023-04-03,6878.09,2023-04-10,6968.57,0.013154814781429103,-0.01055248626629135
2023-04-03,75.29,75–100，极热,5,2023-04-04,6960.91,2023-04-11,6984.14,0.0033372073478898923,-0.01055248626629135
2023-04-04,45.31,45–54，中性,5,2023-04-06,6926.19,2023-04-12,7021.02,0.01369151005098046,-0.01055248626629135
2023-04-06,57.18,55–74，偏热,5,2023-04-07,6987.01,2023-04-13,6966.82,-0.002889648075500184,-0.010800963808891062
2023-04-07,63.48,55–74，偏热,5,2023-04-10,7050.24,2023-04-14,7020.09,-0.004276450163398615,-0.011832221314451719
2023-04-10,32.37,25–44，偏冷,5,2023-04-11,6967.03,2023-04-17,7012.77,0.00656520784322745,-0.007719676058464575
2023-04-11,49.77,45–54，中性,5,2023-04-12,6989.69,2023-04-18,6997.07,0.0010558408169747402,-0.007719676058464575
2023-04-12,59.5,55–74，偏热,5,2023-04-13,7011.66,2023-04-19,6965.58,-0.006571910218122423,-0.007764857715499396
2023-04-13,40.09,25–44，偏冷,5,2023-04-14,6978.59,2023-04-20,6963.9,-0.002105009751253495,-0.008004170886698136
2023-04-14,53.98,45–54，中性,5,2023-04-17,7009.47,2023-04-21,6773.51,-0.03366303015777228,-0.0341177594588159
2023-04-17,47.83,45–54，中性,5,2023-04-18,7002.26,2023-04-24,6725.27,-0.039557228666173505,-0.039557228666173505
2023-04-18,39.97,25–44，偏冷,5,2023-04-19,6988.65,2023-04-25,6603.24,-0.055147989955141585,-0.055147989955141585
2023-04-19,39.13,25–44，偏冷,5,2023-04-20,6956.37,2023-04-26,6624.4,-0.04772172843020139,-0.051789945289277495
2023-04-20,39.88,25–44，偏冷,5,2023-04-21,6954.1,2023-04-27,6633.49,-0.04610373736356976,-0.05045368919054949
2023-04-21,31.91,25–44，偏冷,5,2023-04-24,6766.52,2023-04-28,6723.3,-0.006387330562829918,-0.024130572288266428
2023-04-24,49.55,45–54，中性,5,2023-04-25,6708.28,2023-05-04,6733.97,0.0038295956638663142,-0.015658261134001594
2023-04-25,38.25,25–44，偏冷,5,2023-04-26,6577.36,2023-05-05,6653.65,0.011598878577423255,-0.011927585064976598
2023-04-26,55.59,55–74，偏热,5,2023-04-27,6597.73,2023-05-08,6702.5,0.015879704080039803,-0.011927585064976598
2023-04-27,46.72,45–54，中性,5,2023-04-28,6617.32,2023-05-09,6611.64,-0.0008583535328500203,-0.018166104096097868
2023-04-28,58.39,55–74，偏热,5,2023-05-04,6701.49,2023-05-10,6627.31,-0.011069180137551426,-0.018166104096097868
2023-05-04,47.56,45–54，中性,5,2023-05-05,6723.16,2023-05-11,6622.52,-0.01496915141094357,-0.016587438049964542
2023-05-05,42.79,25–44，偏冷,5,2023-05-08,6660.92,2023-05-12,6535.94,-0.01876317385586379,-0.024850428944423797
2023-05-08,60.2,55–74，偏热,5,2023-05-09,6696.67,2023-05-15,6585.91,-0.016539563693596993,-0.024001481333259744
2023-05-09,37.55,25–44，偏冷,5,2023-05-10,6599.79,2023-05-16,6516.29,-0.012651917712533267,-0.01675189481101691
2023-05-10,54.83,45–54，中性,5,2023-05-11,6634.16,2023-05-17,6554.98,-0.011935196015772975,-0.01776713253825657
2023-05-11,55.31,55–74，偏热,5,2023-05-12,6608.83,2023-05-18,6583.74,-0.0037964359803475123,-0.01400247850224623
2023-05-12,43.18,25–44，偏冷,5,2023-05-15,6537.4,2023-05-19,6602.32,0.009930553431027667,-0.010571052443777651
2023-05-15,58.0,55–74，偏热,5,2023-05-16,6586.72,2023-05-22,6595.98,0.0014058590618697409,-0.01069272718439529
2023-05-16,42.97,25–44，偏冷,5,2023-05-17,6500.44,2023-05-23,6528.45,0.004308939087200203,-0.01118849131820332
2023-05-17,55.53,55–74，偏热,5,2023-05-18,6557.37,2023-05-24,6513.18,-0.006738982244405833,-0.013501314689381871
2023-05-18,57.71,55–74，偏热,5,2023-05-19,6571.09,2023-05-25,6501.0,-0.010666419117680626,-0.015346120757551818
2023-05-19,53.47,45–54，中性,5,2023-05-22,6589.35,2023-05-26,6546.41,-0.006516575990044626,-0.014399679804972032
2023-05-22,55.05,55–74，偏热,5,2023-05-23,6591.56,2023-05-29,6534.12,-0.008714173882965581,-0.013738781107962339
2023-05-23,42.45,25–44，偏冷,5,2023-05-24,6507.06,2023-05-30,6564.47,0.008822724855771957,-0.0018773648457703906
2023-05-24,49.6,45–54，中性,5,2023-05-25,6502.23,2023-05-31,6561.65,0.009138403286257146,-0.0018773648457703906
2023-05-25,47.0,45–54，中性,5,2023-05-26,6495.35,2023-06-01,6574.76,0.012225669132533312,-0.0018773648457703906
2023-05-26,47.75,45–54，中性,5,2023-05-29,6560.16,2023-06-02,6626.28,0.010079022462866849,-0.00396941538011264
2023-05-29,45.06,45–54，中性,5,2023-05-30,6517.71,2023-06-05,6632.96,0.017682590971368706,-0.0004295853282900719
2023-05-30,55.61,55–74，偏热,5,2023-05-31,6556.52,2023-06-06,6489.81,-0.010174604820850086,-0.02158161665380154
2023-05-31,47.79,45–54，中性,5,2023-06-01,6539.26,2023-06-07,6488.56,-0.007753170848077584,-0.0217700694712466
2023-06-01,55.1,55–74，偏热,5,2023-06-02,6585.73,2023-06-08,6442.48,-0.021751574996241918,-0.028717194133539237
2023-06-02,57.87,55–74，偏热,5,2023-06-05,6631.22,2023-06-09,6495.56,-0.020457773984274397,-0.028717194133539237
2023-06-05,53.04,45–54，中性,5,2023-06-06,6625.09,2023-06-12,6530.16,-0.014328861947535798,-0.02756339913872874
2023-06-06,38.59,25–44，偏冷,5,2023-06-07,6487.2,2023-06-13,6554.96,0.010445184363053528,-0.0071017298137030505
2023-06-07,56.26,55–74，偏热,5,2023-06-08,6477.94,2023-06-14,6578.12,0.015464792819939621,-0.0054739624016276744
2023-06-08,42.97,25–44，偏冷,5,2023-06-09,6446.62,2023-06-15,6613.95,0.0259562375322262,0.0
2023-06-09,55.66,55–74，偏热,5,2023-06-12,6488.2,2023-06-16,6669.01,0.027867513331894855,0.0
2023-06-12,54.48,45–54，中性,5,2023-06-13,6525.05,2023-06-19,6693.3,0.02578524302495766,0.0
2023-06-13,54.65,45–54，中性,5,2023-06-14,6556.03,2023-06-20,6693.91,0.021031020297344494,0.0
2023-06-14,56.35,55–74，偏热,5,2023-06-15,6579.46,2023-06-21,6548.41,-0.004719232277420993,-0.021736175120370627
2023-06-15,52.92,45–54，中性,5,2023-06-16,6613.1,2023-06-26,6420.97,-0.029052940375920544,-0.04077437551446006
2023-06-16,54.14,45–54，中性,5,2023-06-19,6674.12,2023-06-27,6507.27,-0.024999550502538104,-0.04077437551446006
2023-06-19,46.37,45–54，中性,5,2023-06-20,6683.92,2023-06-28,6475.51,-0.031180804079043445,-0.04077437551446006
2023-06-20,45.43,45–54，中性,5,2023-06-21,6679.15,2023-06-29,6520.04,-0.023821893504412994,-0.038654619225500175
2023-06-21,35.48,25–44，偏冷,5,2023-06-26,6504.97,2023-06-30,6602.04,0.014922436229529046,-0.012913203289177333
2023-06-26,30.9,25–44，偏冷,5,2023-06-27,6425.84,2023-07-03,6612.88,0.02910747855533291,-0.004880694976541644
2023-06-27,52.83,45–54，中性,5,2023-06-28,6504.5,2023-07-04,6638.45,0.020593435314013364,-0.004456914443846549
2023-06-28,36.16,25–44，偏冷,5,2023-06-29,6465.1,2023-07-05,6584.42,0.018456017695008597,-0.008138948097824006
2023-06-29,50.08,45–54，中性,5,2023-06-30,6507.5,2023-07-06,6567.08,0.009155589704187506,-0.010751003622833655
2023-06-30,48.29,45–54，中性,5,2023-07-03,6617.08,2023-07-07,6521.43,-0.014455016412072919,-0.01762760885447645
2023-07-03,49.25,45–54，中性,5,2023-07-04,6610.66,2023-07-10,6526.85,-0.012678007944743719,-0.01762760885447645
2023-07-04,51.74,45–54，中性,5,2023-07-05,6632.37,2023-07-11,6579.37,-0.007991110266767354,-0.016727052320663627
2023-07-05,37.44,25–44，偏冷,5,2023-07-06,6573.58,2023-07-12,6482.99,-0.013780923028243408,-0.014648818959870025
2023-07-06,40.93,25–44，偏冷,5,2023-07-07,6553.56,2023-07-13,6548.31,-0.0008010913152546317,-0.014648818959870025
2023-07-07,34.03,25–44，偏冷,5,2023-07-10,6539.08,2023-07-14,6544.46,0.0008227457073473055,-0.014648818959870025
2023-07-10,42.34,25–44，偏冷,5,2023-07-11,6531.63,2023-07-17,6516.56,-0.0023072341819728726,-0.014648818959870025
2023-07-11,51.04,45–54，中性,5,2023-07-12,6576.94,2023-07-18,6510.03,-0.010173424115165974,-0.014284758565533462
2023-07-12,32.67,25–44，偏冷,5,2023-07-13,6497.81,2023-07-19,6492.35,-0.0008402831107712228,-0.008545716375675583
2023-07-13,51.23,45–54，中性,5,2023-07-14,6554.53,2023-07-20,6408.76,-0.0222395808700242,-0.0222395808700242
2023-07-14,42.64,25–44，偏冷,5,2023-07-17,6524.61,2023-07-21,6401.42,-0.018880821995490904,-0.018880821995490904
2023-07-17,44.37,25–44，偏冷,5,2023-07-18,6519.76,2023-07-24,6393.79,-0.019321263359387553,-0.019321263359387553
2023-07-18,51.27,45–54，中性,5,2023-07-19,6508.52,2023-07-25,6498.27,-0.0015748588004645958,-0.01762766343193234
2023-07-19,46.45,45–54，中性,5,2023-07-20,6497.78,2023-07-26,6457.25,-0.006237514966650148,-0.016003927495236825
2023-07-20,38.56,25–44，偏冷,5,2023-07-21,6397.15,2023-07-27,6407.55,0.0016257239551988878,-0.01396063875462239
2023-07-21,38.41,25–44，偏冷,5,2023-07-24,6397.43,2023-07-28,6465.38,0.010621452677090693,-0.01396063875462239
2023-07-24,41.1,25–44，偏冷,5,2023-07-25,6448.27,2023-07-31,6515.85,0.010480330383187964,-0.01396063875462239
2023-07-25,63.99,55–74，偏热,5,2023-07-26,6497.59,2023-08-01,6507.41,0.0015113295852768882,-0.013857445606755725
2023-07-26,42.33,25–44，偏冷,5,2023-07-27,6458.48,2023-08-02,6496.02,0.005812513160991628,-0.007885756400886845
2023-07-27,32.14,25–44，偏冷,5,2023-07-28,6389.43,2023-08-03,6499.54,0.017233149122848124,-0.003043348143373481
2023-07-28,59.9,55–74，偏热,5,2023-07-31,6475.83,2023-08-04,6535.32,0.00918646721732963,-0.003043348143373481
2023-07-31,65.55,55–74，偏热,5,2023-08-01,6513.14,2023-08-07,6503.98,-0.0014063877023986482,-0.004795480557952758
2023-08-01,35.64,25–44，偏冷,5,2023-08-02,6499.86,2023-08-08,6471.34,-0.004387786813869754,-0.009789880220096303
2023-08-02,47.7,45–54，中性,5,2023-08-03,6472.11,2023-08-09,6420.98,-0.007900051142517683,-0.017495700287055604
2023-08-03,51.64,45–54，中性,5,2023-08-04,6514.54,2023-08-10,6426.81,-0.013466798883727704,-0.017495700287055604
2023-08-04,59.14,55–74，偏热,5,2023-08-07,6524.3,2023-08-11,6304.64,-0.033667979706635154,-0.033667979706635154
2023-08-07,36.81,25–44，偏冷,5,2023-08-08,6496.59,2023-08-14,6319.41,-0.02727276925279265,-0.029546269658390023
2023-08-08,42.26,25–44，偏冷,5,2023-08-09,6452.98,2023-08-15,6261.73,-0.029637469820145146,-0.029637469820145146
2023-08-09,38.94,25–44，偏冷,5,2023-08-10,6409.22,2023-08-16,6186.4,-0.0347655408926516,-0.0374073607279507
2023-08-10,46.53,45–54，中性,5,2023-08-11,6428.88,2023-08-17,6247.6,-0.028197757618745323,-0.03771730068067847
2023-08-11,34.71,25–44，偏冷,5,2023-08-14,6251.97,2023-08-18,6117.11,-0.02157080088356156,-0.03201248217792485
2023-08-14,48.74,45–54，中性,5,2023-08-15,6318.55,2023-08-21,6057.17,-0.041367085802913706,-0.041367085802913706
2023-08-15,41.75,25–44，偏冷,5,2023-08-16,6240.71,2023-08-22,6099.19,-0.0226769069544972,-0.030480504513733298
2023-08-16,40.57,25–44，偏冷,5,2023-08-17,6167.65,2023-08-23,5973.67,-0.03145120102470145,-0.04384563672450226
2023-08-17,59.11,55–74，偏热,5,2023-08-18,6245.13,2023-08-24,5987.97,-0.041177685652660556,-0.043467469852509044
2023-08-18,36.47,25–44，偏冷,5,2023-08-21,6107.92,2023-08-25,5879.03,-0.03747429566857463,-0.03747429566857463
2023-08-21,38.57,25–44，偏冷,5,2023-08-22,6082.72,2023-08-28,5922.16,-0.026396085961543636,-0.03609659643329688
2023-08-22,46.38,45–54，中性,5,2023-08-23,6084.15,2023-08-29,6108.76,0.004044936433191149,-0.033713830198137784
2023-08-23,33.61,25–44，偏冷,5,2023-08-24,5989.43,2023-08-30,6139.63,0.025077511549512987,-0.018432471871279943
2023-08-24,42.13,25–44，偏冷,5,2023-08-25,5960.59,2023-08-31,6104.3,0.02411002937628659,-0.013683209212510872
2023-08-25,31.09,25–44，偏冷,5,2023-08-28,6204.1,2023-09-01,6107.2,-0.01561870376041663,-0.0454441417772119
2023-08-28,58.96,55–74，偏热,5,2023-08-29,5909.46,2023-09-04,6198.76,0.04895540370862994,-0.0057544184258659925
2023-08-29,68.96,55–74，偏热,5,2023-08-30,6117.41,2023-09-05,6167.64,0.00821099125283431,-0.0057544184258659925
2023-08-30,61.31,55–74，偏热,5,2023-08-31,6130.64,2023-09-06,6195.38,0.010560072031631229,-0.005020358910491796
2023-08-31,41.1,25–44，偏冷,5,2023-09-01,6108.13,2023-09-07,6083.49,-0.004033967842858699,-0.018595654614793955
2023-09-01,45.39,45–54，中性,5,2023-09-04,6129.54,2023-09-08,6102.49,-0.0044130554658261545,-0.018595654614793955
2023-09-04,60.62,55–74，偏热,5,2023-09-05,6188.52,2023-09-11,6182.64,-0.000950146400108598,-0.018060231979313723
2023-09-05,47.09,45–54，中性,5,2023-09-06,6146.39,2023-09-12,6184.61,0.006218284228628468,-0.018060231979313723
2023-09-06,57.13,55–74，偏热,5,2023-09-07,6185.33,2023-09-13,6103.14,-0.013287892481080199,-0.0164647642082153
2023-09-07,34.4,25–44，偏冷,5,2023-09-08,6063.24,2023-09-14,6068.71,0.0009021579221670795,-0.018740066067221672
2023-09-08,46.46,45–54，中性,5,2023-09-11,6114.07,2023-09-15,6079.06,-0.0057261365996790214,-0.018740066067221672
2023-09-11,59.77,55–74，偏热,5,2023-09-12,6175.63,2023-09-18,6083.97,-0.014842210430352831,-0.018740066067221672
2023-09-12,52.82,45–54，中性,5,2023-09-13,6169.53,2023-09-19,6031.04,-0.022447414957055045,-0.022447414957055045
2023-09-13,48.66,45–54，中性,5,2023-09-14,6101.77,2023-09-20,5982.56,-0.019536954031371234,-0.019536954031371234
2023-09-14,48.55,45–54，中性,5,2023-09-15,6082.19,2023-09-21,5939.66,-0.023433993347790838,-0.023719709334529937
2023-09-15,56.61,55–74，偏热,5,2023-09-18,6058.3,2023-09-22,6054.93,-0.0005562616575607304,-0.023719709334529937
2023-09-18,59.82,55–74，偏热,5,2023-09-19,6077.4,2023-09-25,6027.39,-0.008228847862572719,-0.02266429723236907
2023-09-19,44.98,25–44，偏冷,5,2023-09-20,6020.91,2023-09-26,5996.11,-0.004118978692589703,-0.013494637853746383
2023-09-20,44.08,25–44，偏冷,5,2023-09-21,5968.35,2023-09-27,6034.06,0.011009743061315191,-0.009714398019465276
2023-09-21,48.91,45–54，中性,5,2023-09-22,5934.27,2023-09-28,6078.94,0.024378735716440225,-0.009714398019465276
2023-09-22,66.94,55–74，偏热,5,2023-09-25,6051.82,2023-10-09,6059.97,0.001346702314345194,-0.009205495206400682
2023-09-25,53.01,45–54，中性,5,2023-09-26,6017.3,2023-10-10,6043.48,0.004350788559652985,-0.005833253823857465
2023-09-26,49.4,45–54，中性,5,2023-09-27,5989.8,2023-10-11,6059.4,0.0116197535810878,-0.005833253823857465
2023-09-27,59.33,55–74，偏热,5,2023-09-28,6048.83,2023-10-12,6104.46,0.009196819880869622,-0.005833253823857465
2023-09-28,61.28,55–74，偏热,5,2023-10-09,6073.28,2023-10-13,6081.87,0.0014143922229832295,-0.004906739027346063
2023-10-09,51.59,45–54，中性,5,2023-10-10,6069.91,2023-10-16,6024.36,-0.0075042298814974595,-0.013121553749226078
2023-10-10,49.15,45–54，中性,5,2023-10-11,6056.03,2023-10-17,6011.37,-0.007374468092132935,-0.015249506098819587
2023-10-11,64.35,55–74，偏热,5,2023-10-12,6088.55,2023-10-18,5908.01,-0.029652380287588986,-0.03218138868958098
2023-10-12,72.31,55–74，偏热,5,2023-10-13,6080.33,2023-10-19,5842.89,-0.039050512061022946,-0.03929383561305977
2023-10-13,54.78,45–54，中性,5,2023-10-16,6089.42,2023-10-20,5774.32,-0.051745486433847576,-0.051745486433847576
2023-10-16,46.39,45–54，中性,5,2023-10-17,6027.91,2023-10-23,5638.14,-0.06466088577964824,-0.06466088577964824
2023-10-17,55.1,55–74，偏热,5,2023-10-18,5992.51,2023-10-24,5719.32,-0.04558857640621383,-0.059135487466854486
2023-10-18,49.2,45–54，中性,5,2023-10-19,5879.81,2023-10-25,5778.9,-0.01716211918412347,-0.041101668251185
2023-10-19,47.07,45–54，中性,5,2023-10-20,5816.72,2023-10-26,5811.69,-0.0008647485180652836,-0.03070115116423
2023-10-20,47.98,45–54，中性,5,2023-10-23,5754.18,2023-10-27,5916.68,0.028240340065830427,-0.020166209607624386
2023-10-23,45.4,45–54，中性,5,2023-10-24,5654.93,2023-10-30,6006.56,0.062181141057449096,0.0
2023-10-24,71.51,55–74，偏热,5,2023-10-25,5753.68,2023-10-31,5969.34,0.03748209841353711,-0.006196558429450549
2023-10-25,73.9,55–74，偏热,5,2023-10-26,5745.53,2023-11-01,5958.42,0.037053152624736185,-0.008014570735995319
2023-10-26,64.97,55–74，偏热,5,2023-10-27,5792.61,2023-11-02,5885.25,0.015992790814503444,-0.02019625209770659
2023-10-27,76.03,75–100，极热,5,2023-10-30,5899.38,2023-11-03,5973.17,0.012508094070902365,-0.02019625209770659
2023-10-30,76.14,75–100，极热,5,2023-10-31,6003.37,2023-11-06,6096.57,0.015524613675319099,-0.019675615529277657
2023-10-31,46.41,45–54，中性,5,2023-11-01,5969.81,2023-11-07,6116.76,0.024615523777138604,-0.014164604903673772
2023-11-01,57.01,55–74，偏热,5,2023-11-02,5958.48,2023-11-08,6138.94,0.03028624749936215,-0.012290047126112591
2023-11-02,45.8,45–54，中性,5,2023-11-03,5895.6,2023-11-09,6100.69,0.03478695976660551,-0.00623071735511338
2023-11-03,68.52,55–74，偏热,5,2023-11-06,6007.43,2023-11-10,6088.56,0.013504943045528739,-0.008206628505898261
2023-11-06,80.47,75–100，极热,5,2023-11-07,6088.51,2023-11-13,6144.63,0.009217361883285147,-0.008206628505898261
2023-11-07,69.9,55–74，偏热,5,2023-11-08,6114.99,2023-11-14,6181.98,0.010955046533191348,-0.008206628505898261
2023-11-08,73.42,55–74，偏热,5,2023-11-09,6135.07,2023-11-15,6207.27,0.011768406880443116,-0.007581005595698076
2023-11-09,43.34,25–44，偏冷,5,2023-11-10,6079.47,2023-11-16,6145.15,0.010803573337807348,-0.010007620097079895
2023-11-10,53.97,45–54，中性,5,2023-11-13,6107.27,2023-11-17,6199.23,0.015057464300743062,-0.010007620097079895
2023-11-13,70.03,55–74，偏热,5,2023-11-14,6143.48,2023-11-20,6253.28,0.017872606405490155,-0.010007620097079895
2023-11-14,74.82,55–74，偏热,5,2023-11-15,6226.2,2023-11-21,6212.13,-0.0022598053387298256,-0.013017570910025422
2023-11-15,77.92,75–100，极热,5,2023-11-16,6188.83,2023-11-22,6132.97,-0.009025938666920807,-0.01923950310876843
2023-11-16,46.25,45–54，中性,5,2023-11-17,6135.83,2023-11-23,6197.53,0.01005568928734979,-0.01923950310876843
2023-11-17,69.27,55–74，偏热,5,2023-11-20,6211.34,2023-11-24,6115.41,-0.01544433246288246,-0.022047629404088664
2023-11-20,75.57,75–100，极热,5,2023-11-21,6258.74,2023-11-27,6111.36,-0.023547870657672276,-0.023547870657672276
2023-11-21,45.08,45–54，中性,5,2023-11-22,6193.36,2023-11-28,6143.3,-0.008082850020021404,-0.01390392624158332
2023-11-22,42.41,25–44，偏冷,5,2023-11-23,6123.59,2023-11-29,6113.37,-0.001668955628969293,-0.01390392624158332
2023-11-23,64.82,55–74，偏热,5,2023-11-24,6194.02,2023-11-30,6080.55,-0.018319282146328275,-0.018319282146328275
2023-11-24,42.35,25–44，偏冷,5,2023-11-27,6107.56,2023-12-01,6130.05,0.0036823215817773924,-0.010214379893542569
2023-11-27,54.56,45–54，中性,5,2023-11-28,6099.51,2023-12-04,6114.39,0.002439540225362302,-0.010214379893542569
2023-11-28,54.66,45–54，中性,5,2023-11-29,6138.76,2023-12-05,5992.6,-0.023809368667287778,-0.023809368667287778
2023-11-29,43.92,25–44，偏冷,5,2023-11-30,6104.77,2023-12-06,6023.8,-0.013263398948690996,-0.022422329344785052
2023-11-30,45.31,45–54，中性,5,2023-12-01,6078.64,2023-12-07,6020.83,-0.009510350999565764,-0.022422329344785052
2023-12-01,53.38,45–54，中性,5,2023-12-04,6131.59,2023-12-08,6003.14,-0.02094888927668026,-0.022667856135194953
2023-12-04,51.75,45–54，中性,5,2023-12-05,6098.12,2023-12-11,6075.08,-0.003778213613375936,-0.01730369359737094
2023-12-05,48.5,45–54，中性,5,2023-12-06,5977.61,2023-12-12,6078.99,0.016959955567526164,-0.0034297287426541256
2023-12-06,55.71,55–74，偏热,5,2023-12-07,6019.96,2023-12-13,6019.55,-6.810676482893463e-05,-0.00977794008544175
2023-12-07,48.28,45–54，中性,5,2023-12-08,6021.92,2023-12-14,5991.86,-0.0049917634242899744,-0.014332973076119582
2023-12-08,53.06,45–54，中性,5,2023-12-11,5984.68,2023-12-15,5951.6,-0.0055274467473616085,-0.020955783773291214
2023-12-11,68.45,55–74，偏热,5,2023-12-12,6070.88,2023-12-18,5857.01,-0.035228830087236096,-0.03651593439041678
2023-12-12,64.17,55–74，偏热,5,2023-12-13,6067.78,2023-12-19,5863.54,-0.033659756945703334,-0.034735933076017855
2023-12-13,55.18,55–74，偏热,5,2023-12-14,6038.92,2023-12-20,5761.31,-0.0459701403562226,-0.0459701403562226
2023-12-14,50.98,45–54，中性,5,2023-12-15,6000.26,2023-12-21,5798.91,-0.03355687920190131,-0.03982327432477928
2023-12-15,52.95,45–54，中性,5,2023-12-18,5939.43,2023-12-22,5733.91,-0.034602647055357205,-0.034602647055357205
2023-12-18,47.48,45–54，中性,5,2023-12-19,5853.19,2023-12-25,5735.73,-0.02006768958465388,-0.022107805182534856
2023-12-19,54.46,45–54，中性,5,2023-12-20,5869.56,2023-12-26,5651.59,-0.037135662639107614,-0.037135662639107614
2023-12-20,47.39,45–54，中性,5,2023-12-21,5739.02,2023-12-27,5696.16,-0.0074681740088029525,-0.025404774345523462
2023-12-21,57.4,55–74，偏热,5,2023-12-22,5797.61,2023-12-28,5805.53,0.0013660801606178996,-0.025186240537048765
2023-12-22,43.08,25–44，偏冷,5,2023-12-25,5726.56,2023-12-29,5887.24,0.028058729848285724,-0.014669449224422926
2023-12-25,50.04,45–54，中性,5,2023-12-26,5734.15,2024-01-02,5854.75,0.021031887899688684,-0.014397949129339005
2023-12-26,44.71,25–44，偏冷,5,2023-12-27,5658.19,2024-01-03,5824.04,0.02931149360484553,-0.010735081294460547
2023-12-27,56.37,55–74，偏热,5,2023-12-28,5687.75,2024-01-04,5783.02,0.016750032965584083,-0.017702692602985293
2023-12-28,63.66,55–74，偏热,5,2023-12-29,5797.58,2024-01-05,5675.81,-0.021003591153550216,-0.03591326326088273
2023-12-29,62.31,55–74，偏热,5,2024-01-02,5891.17,2024-01-08,5543.57,-0.05900355956456871,-0.05900355956456871
2024-01-02,56.33,55–74，偏热,5,2024-01-03,5838.55,2024-01-09,5553.3,-0.04885630850125455,-0.05052281816546922
2024-01-03,45.06,45–54，中性,5,2024-01-04,5814.94,2024-01-10,5512.07,-0.05208480225075407,-0.05208480225075407
2024-01-04,44.55,25–44，偏冷,5,2024-01-05,5779.76,2024-01-11,5611.11,-0.02917941229393617,-0.04631507190609996
2024-01-05,34.28,25–44，偏冷,5,2024-01-08,5664.45,2024-01-12,5574.49,-0.015881506589342287,-0.026901111317074067
2024-01-08,32.18,25–44，偏冷,5,2024-01-09,5553.18,2024-01-15,5559.38,0.001116477405738614,-0.009219209746378132
2024-01-09,45.65,45–54，中性,5,2024-01-10,5540.66,2024-01-16,5539.47,-0.00021477585702778246,-0.01276752728069841
2024-01-10,35.15,25–44，偏冷,5,2024-01-11,5507.8,2024-01-17,5389.12,-0.021547623370492763,-0.03956258209160035
2024-01-11,56.01,55–74，偏热,5,2024-01-12,5601.1,2024-01-18,5373.42,-0.04064915820106774,-0.04064915820106774
2024-01-12,32.58,25–44，偏冷,5,2024-01-15,5558.15,2024-01-19,5306.99,-0.04518769734533967,-0.045398947364634235
2024-01-15,37.67,25–44，偏冷,5,2024-01-16,5555.0,2024-01-22,5000.83,-0.0997605760576058,-0.0997605760576058
2024-01-16,41.81,25–44，偏冷,5,2024-01-17,5529.89,2024-01-23,5079.63,-0.08142295778035369,-0.09567278915132138
2024-01-17,28.12,25–44，偏冷,5,2024-01-18,5360.21,2024-01-24,5143.41,-0.04044617654905314,-0.06933945234133942
2024-01-18,40.69,25–44，偏冷,5,2024-01-19,5364.81,2024-01-25,5316.2,-0.009060898708435294,-0.06784583237803399
2024-01-19,26.62,25–44，偏冷,5,2024-01-22,5298.31,2024-01-26,5269.76,-0.0053885106760458434,-0.056146205110686354
2024-01-22,16.69,0–24，极冷,5,2024-01-23,4992.79,2024-01-29,5131.25,0.02773198952890077,-0.03478988751363754
2024-01-23,31.87,25–44，偏冷,5,2024-01-24,5102.82,2024-01-30,4984.66,-0.02315582364261326,-0.06236409465407622
2024-01-24,46.2,45–54，中性,5,2024-01-25,5143.29,2024-01-31,4785.03,-0.06965580396983262,-0.09991535307174304
2024-01-25,54.4,45–54，中性,5,2024-01-26,5303.96,2024-02-01,4750.44,-0.10435976138583258,-0.10435976138583258
2024-01-26,31.16,25–44，偏冷,5,2024-01-29,5282.82,2024-02-02,4574.67,-0.13404772451077263,-0.13404772451077263
2024-01-29,20.19,0–24，极冷,5,2024-01-30,5099.59,2024-02-05,4293.07,-0.15815389080298625,-0.15815389080298625
2024-01-30,17.08,0–24，极冷,5,2024-01-31,4949.19,2024-02-06,4592.44,-0.07208250238927982,-0.13257118841669036
2024-01-31,11.16,0–24，极冷,5,2024-02-01,4753.64,2024-02-07,4797.85,0.009300241499145878,-0.09688785856732962
2024-02-01,19.28,0–24，极冷,5,2024-02-02,4753.67,2024-02-08,4993.1,0.05036740034541731,-0.09689355802990118
2024-02-02,7.5,0–24，极冷,5,2024-02-05,4534.75,2024-02-19,5029.59,0.10912178179612986,-0.053295109984012434
2024-02-05,5.47,0–24，极冷,5,2024-02-06,4229.79,2024-02-20,5046.01,0.19296939091538823,0.0
2024-02-06,44.82,25–44，偏冷,5,2024-02-07,4604.12,2024-02-21,5073.48,0.10194347671216208,0.0
2024-02-07,40.61,25–44，偏冷,5,2024-02-08,4826.14,2024-02-22,5151.53,0.067422412114029,0.0
2024-02-08,61.26,55–74，偏热,5,2024-02-19,5062.68,2024-02-23,5225.67,0.03219441086539132,-0.0065360639029130585
2024-02-19,68.79,55–74，偏热,5,2024-02-20,5004.42,2024-02-26,5255.4,0.05015166592732023,0.0
2024-02-20,61.76,55–74，偏热,5,2024-02-21,5001.66,2024-02-27,5394.03,0.07844795527884729,0.0
2024-02-21,75.22,75–100，极热,5,2024-02-22,5075.43,2024-02-28,5152.05,0.015096257854014361,-0.04486070711508827
2024-02-22,72.94,55–74，偏热,5,2024-02-23,5169.01,2024-02-29,5344.61,0.03397168896945435,-0.04486070711508827
2024-02-23,74.87,55–74，偏热,5,2024-02-26,5234.81,2024-03-01,5401.94,0.03192666018441925,-0.04486070711508827
2024-02-26,65.71,55–74，偏热,5,2024-02-27,5237.11,2024-03-04,5428.34,0.03651441348377271,-0.04486070711508827
2024-02-27,76.89,75–100，极热,5,2024-02-28,5403.5,2024-03-05,5375.13,-0.005250300731007629,-0.046534653465346465
2024-02-28,30.83,25–44，偏冷,5,2024-02-29,5122.18,2024-03-06,5381.46,0.0506190723481017,-0.009802259991083861
2024-02-29,79.33,75–100，极热,5,2024-03-01,5354.73,2024-03-07,5303.28,-0.009608327590746812,-0.023038350582314404
2024-03-01,75.22,75–100，极热,5,2024-03-04,5412.91,2024-03-08,5370.37,-0.007858988972659797,-0.023038350582314404
2024-03-04,70.25,55–74，偏热,5,2024-03-05,5392.88,2024-03-11,5466.65,0.013679147320170282,-0.016614499117354797
2024-03-05,47.22,45–54，中性,5,2024-03-06,5346.08,2024-03-12,5496.36,0.028110316343938013,-0.014527656063596184
2024-03-06,64.5,55–74，偏热,5,2024-03-07,5389.99,2024-03-13,5521.78,0.024450880242820494,-0.016087228362204775
2024-03-07,46.69,45–54，中性,5,2024-03-08,5309.59,2024-03-14,5486.65,0.03334720759983334,-0.006362078894849188
2024-03-08,71.36,55–74，偏热,5,2024-03-11,5358.84,2024-03-15,5555.64,0.03672436572093973,-0.006362078894849188
2024-03-11,85.57,75–100，极热,5,2024-03-12,5477.13,2024-03-18,5648.01,0.03119882128048812,-0.006362078894849188
2024-03-12,87.34,75–100，极热,5,2024-03-13,5501.59,2024-03-19,5607.48,0.01924716309285124,-0.00717597879607168
2024-03-13,64.98,55–74，偏热,5,2024-03-14,5521.72,2024-03-20,5659.15,0.024888983867345615,-0.00717597879607168
2024-03-14,59.84,55–74，偏热,5,2024-03-15,5472.89,2024-03-21,5658.28,0.033874241945297534,-0.00717597879607168
2024-03-15,86.59,75–100，极热,5,2024-03-18,5573.93,2024-03-22,5595.88,0.003937975539699989,-0.011180124223602372
2024-03-18,94.67,75–100，极热,5,2024-03-19,5633.5,2024-03-25,5466.06,-0.029722197568119224,-0.034119965012413433
2024-03-19,65.34,55–74，偏热,5,2024-03-20,5600.12,2024-03-26,5447.75,-0.027208345535452816,-0.03735543323644008
2024-03-20,89.69,75–100，极热,5,2024-03-21,5674.5,2024-03-27,5266.23,-0.07194818926777702,-0.07194818926777702
2024-03-21,66.03,55–74，偏热,5,2024-03-22,5649.08,2024-03-28,5382.24,-0.04723601011138101,-0.06777209740347112
2024-03-22,52.58,45–54，中性,5,2024-03-25,5581.35,2024-03-29,5441.26,-0.02509966226808924,-0.05645945873310232
2024-03-25,45.95,45–54，中性,5,2024-03-26,5454.65,2024-04-01,5559.06,0.01914146645522652,-0.034543004592412
2024-03-26,67.58,55–74，偏热,5,2024-03-27,5435.97,2024-04-02,5531.05,0.0174908985884763,-0.031225337888178273
2024-03-27,45.97,45–54，中性,5,2024-03-28,5262.22,2024-04-03,5500.93,0.045362983683692404,-0.010456803848132634
2024-03-28,72.05,55–74，偏热,5,2024-03-29,5383.74,2024-04-08,5399.91,0.0030034882813805286,-0.02862894086410306
2024-03-29,68.29,55–74，偏热,5,2024-04-01,5461.59,2024-04-09,5468.91,0.0013402690425314834,-0.02862894086410306
2024-04-01,80.22,75–100，极热,5,2024-04-02,5556.52,2024-04-10,5367.05,-0.03409868046907061,-0.03409868046907061
2024-04-02,57.83,55–74，偏热,5,2024-04-03,5518.91,2024-04-11,5379.92,-0.02518432081697286,-0.02751630303809982
2024-04-03,51.13,45–54，中性,5,2024-04-08,5487.63,2024-04-12,5338.77,-0.027126464429999775,-0.027126464429999775
2024-04-08,45.83,45–54，中性,5,2024-04-09,5392.99,2024-04-15,5287.51,-0.019558723453965143,-0.0331693152748902
2024-04-09,63.98,55–74，偏热,5,2024-04-10,5456.97,2024-04-16,5066.66,-0.07152504045285213,-0.07152504045285213
2024-04-10,38.8,25–44，偏冷,5,2024-04-11,5330.68,2024-04-17,5287.46,-0.008107783622352205,-0.058227631637645216
2024-04-11,46.38,45–54，中性,5,2024-04-12,5379.17,2024-04-18,5286.72,-0.017186666344435997,-0.05809632341048898
2024-04-12,39.66,25–44，偏冷,5,2024-04-15,5320.81,2024-04-19,5264.39,-0.010603648692586343,-0.04776528385715717
2024-04-15,46.18,45–54，中性,5,2024-04-16,5255.21,2024-04-22,5246.08,-0.0017373235322660774,-0.03587868039526487
2024-04-16,26.21,25–44，偏冷,5,2024-04-17,5109.08,2024-04-23,5218.43,0.021403070611538677,-0.013055417913326983
2024-04-17,61.7,55–74，偏热,5,2024-04-18,5276.47,2024-04-24,5305.61,0.005522631607874029,-0.012917271956903287
2024-04-18,46.22,45–54，中性,5,2024-04-19,5257.01,2024-04-25,5313.99,0.010838860873386036,-0.008730356223608071
2024-04-19,38.6,25–44，偏冷,5,2024-04-22,5231.56,2024-04-26,5415.94,0.035243789615334364,-0.005270602049530226
2024-04-22,37.24,25–44，偏冷,5,2024-04-23,5234.43,2024-04-29,5545.23,0.059376092525833535,-0.0030566842999142363
2024-04-23,42.4,25–44，偏冷,5,2024-04-24,5219.26,2024-04-30,5497.43,0.05329682751961018,-0.008620021171348968
2024-04-24,54.08,45–54，中性,5,2024-04-25,5285.14,2024-05-06,5606.84,0.060868775472362024,-0.008620021171348968
2024-04-25,43.69,25–44，偏冷,5,2024-04-26,5303.15,2024-05-07,5625.34,0.06075445725653639,-0.008620021171348968
2024-04-26,64.89,55–74，偏热,5,2024-04-29,5422.41,2024-05-08,5536.66,0.021069967044174076,-0.015764380464114214
2024-04-29,73.61,55–74，偏热,5,2024-04-30,5530.94,2024-05-09,5626.83,0.01733701685427791,-0.015764380464114214
2024-04-30,41.06,25–44，偏冷,5,2024-05-06,5558.92,2024-05-10,5574.23,0.002754132097601669,-0.015764380464114214
2024-05-06,67.5,55–74，偏热,5,2024-05-07,5604.27,2024-05-13,5520.8,-0.014894000467500668,-0.018843647311185818
2024-05-07,62.49,55–74，偏热,5,2024-05-08,5605.59,2024-05-14,5551.68,-0.009617185702129438,-0.018843647311185818
2024-05-08,51.21,45–54，中性,5,2024-05-09,5533.51,2024-05-15,5497.23,-0.006556417174632512,-0.023032506757801552
2024-05-09,68.1,55–74，偏热,5,2024-05-10,5632.76,2024-05-16,5488.95,-0.025531000788245994,-0.025531000788245994
2024-05-10,50.22,45–54，中性,5,2024-05-13,5537.93,2024-05-17,5563.23,0.004568494004077106,-0.011299282379387932
2024-05-13,47.46,45–54，中性,5,2024-05-14,5524.43,2024-05-20,5596.78,0.01309637374353545,-0.011299282379387932
2024-05-14,58.49,55–74，偏热,5,2024-05-15,5541.81,2024-05-21,5536.74,-0.000914863555408929,-0.010727596939668849
2024-05-15,45.93,45–54，中性,5,2024-05-16,5508.95,2024-05-22,5539.66,0.005574565026003064,-0.010727596939668849
2024-05-16,60.48,55–74，偏热,5,2024-05-17,5489.42,2024-05-23,5412.82,-0.013954115371022868,-0.0328688996172799
2024-05-17,66.98,55–74，偏热,5,2024-05-20,5563.65,2024-05-24,5350.11,-0.038381278477258585,-0.044073556580748185
2024-05-20,59.6,55–74，偏热,5,2024-05-21,5586.01,2024-05-27,5404.62,-0.03247219392732925,-0.042230500840492735
2024-05-21,46.68,45–54，中性,5,2024-05-22,5532.84,2024-05-28,5348.03,-0.033402375633490244,-0.03459237570536822
2024-05-22,59.15,55–74，偏热,5,2024-05-23,5521.18,2024-05-29,5351.25,-0.030777840968778447,-0.03136104963069497
2024-05-23,44.06,25–44，偏冷,5,2024-05-24,5401.58,2024-05-30,5334.3,-0.012455614838621232,-0.013011090511451218
2024-05-24,38.66,25–44，偏冷,5,2024-05-27,5358.08,2024-05-31,5355.21,-0.00053563963210701,-0.013011090511451218
2024-05-27,49.47,45–54，中性,5,2024-05-28,5390.4,2024-06-03,5284.62,-0.019623775601068538,-0.019623775601068538
2024-05-28,37.38,25–44，偏冷,5,2024-05-29,5336.7,2024-06-04,5313.71,-0.0043079056345681765,-0.013181555905370734
2024-05-29,44.5,25–44，偏冷,5,2024-05-30,5334.8,2024-06-05,5244.09,-0.017003449051510855,-0.020749886559070507
2024-05-30,37.51,25–44，偏冷,5,2024-05-31,5334.1,2024-06-06,5130.87,-0.03810014810371021,-0.04189191460278874
2024-05-31,47.49,45–54，中性,5,2024-06-03,5350.64,2024-06-07,5153.59,-0.036827370183753705,-0.04107359119656717
2024-06-03,34.75,25–44，偏冷,5,2024-06-04,5267.36,2024-06-11,5198.92,-0.012993226208195319,-0.03440910399701902
2024-06-04,42.73,25–44，偏冷,5,2024-06-05,5294.3,2024-06-12,5216.46,-0.014702604688060728,-0.03086904784390765
2024-06-05,36.19,25–44，偏冷,5,2024-06-06,5249.95,2024-06-13,5180.24,-0.01327822169734949,-0.022682120782102633
2024-06-06,29.9,25–44，偏冷,5,2024-06-07,5159.17,2024-06-14,5180.65,0.004163460401576113,-0.006943406064649271
2024-06-07,46.14,45–54，中性,5,2024-06-11,5132.22,2024-06-17,5183.97,0.010083355740790445,-0.006943406064649271
2024-06-11,41.96,25–44，偏冷,5,2024-06-12,5188.36,2024-06-18,5227.25,0.007495624821716396,-0.006943406064649271
2024-06-12,51.34,45–54，中性,5,2024-06-13,5214.41,2024-06-19,5159.99,-0.010436463569224563,-0.01286718637907125
2024-06-13,43.99,25–44，偏冷,5,2024-06-14,5164.87,2024-06-20,5056.14,-0.021051836735484053,-0.03273422927925762
2024-06-14,48.05,45–54，中性,5,2024-06-17,5158.98,2024-06-21,5055.33,-0.020091180814812204,-0.03288918647472383
2024-06-17,49.66,45–54，中性,5,2024-06-18,5183.27,2024-06-24,4887.78,-0.05700841360762621,-0.06494236931464925
2024-06-18,66.6,55–74，偏热,5,2024-06-19,5230.49,2024-06-25,4847.61,-0.07320155473005396,-0.07320155473005396
2024-06-19,53.66,45–54，中性,5,2024-06-20,5150.8,2024-06-26,4986.38,-0.03192125495068732,-0.05886270093965995
2024-06-20,42.78,25–44，偏冷,5,2024-06-21,5040.63,2024-06-27,4864.09,-0.03502339985279612,-0.041089305742651905
2024-06-21,46.94,45–54，中性,5,2024-06-24,5025.52,2024-06-28,4895.99,-0.025774447221382224,-0.03540131170505756
2024-06-24,36.39,25–44，偏冷,5,2024-06-25,4885.89,2024-07-01,4940.25,0.011125915646893247,-0.02452480557037373
2024-06-25,46.83,45–54，中性,5,2024-06-26,4842.0,2024-07-02,4905.65,0.013145394465096993,-0.02452480557037373
2024-06-26,60.48,55–74，偏热,5,2024-06-27,4964.66,2024-07-03,4867.13,-0.019644849798374886,-0.02025717773221125
2024-06-27,36.2,25–44，偏冷,5,2024-06-28,4855.35,2024-07-04,4761.87,-0.019252988970929086,-0.036107484439046655
2024-06-28,46.99,45–54，中性,5,2024-07-01,4894.56,2024-07-05,4810.79,-0.017114919420744723,-0.036107484439046655
2024-07-01,50.5,45–54，中性,5,2024-07-02,4940.7,2024-07-08,4693.96,-0.04994029186147708,-0.04994029186147708
2024-07-02,49.16,45–54，中性,5,2024-07-03,4900.67,2024-07-09,4797.06,-0.021142007113313044,-0.0421799468235976
2024-07-03,39.9,25–44，偏冷,5,2024-07-04,4868.55,2024-07-10,4777.68,-0.018664694827001838,-0.03586077990366743
2024-07-04,35.94,25–44，偏冷,5,2024-07-05,4753.73,2024-07-11,4893.59,0.02942110721475566,-0.0242849926935077
2024-07-05,55.65,55–74，偏热,5,2024-07-08,4801.49,2024-07-12,4878.02,0.015938802330110136,-0.022395131511260047
2024-07-08,34.61,25–44，偏冷,5,2024-07-09,4689.27,2024-07-15,4827.6,0.02949926107901657,-0.013484987504061352
2024-07-09,54.75,45–54，中性,5,2024-07-10,4783.17,2024-07-16,4836.72,0.011195504236729992,-0.013484987504061352
2024-07-10,39.01,25–44，偏冷,5,2024-07-11,4846.11,2024-07-17,4795.62,-0.010418665692689566,-0.020020067067326952
2024-07-11,61.13,55–74，偏热,5,2024-07-12,4884.41,2024-07-18,4812.43,-0.014736682629017506,-0.018178244660051024
2024-07-12,43.59,25–44，偏冷,5,2024-07-15,4869.0,2024-07-19,4821.42,-0.009772027110289572,-0.01507085643869377
2024-07-15,38.62,25–44，偏冷,5,2024-07-16,4815.74,2024-07-22,4826.87,0.0023111712841641374,-0.00849749416960266
2024-07-16,50.82,45–54，中性,5,2024-07-17,4834.44,2024-07-23,4694.95,-0.028853393567817576,-0.028853393567817576
2024-07-17,44.58,25–44，偏冷,5,2024-07-18,4763.3,2024-07-24,4631.01,-0.027772762580563937,-0.04057701989073659
2024-07-18,44.29,25–44，偏冷,5,2024-07-19,4788.77,2024-07-25,4632.57,-0.03261797914704623,-0.04057701989073659
2024-07-19,51.66,45–54，中性,5,2024-07-22,4822.64,2024-07-26,4702.08,-0.024998755868155254,-0.04057701989073659
2024-07-22,47.52,45–54，中性,5,2024-07-23,4825.75,2024-07-29,4685.65,-0.029031756721753177,-0.0403543490649122
2024-07-23,31.13,25–44，偏冷,5,2024-07-24,4682.06,2024-07-30,4702.49,0.00436346394535736,-0.010903320333357613
2024-07-24,26.06,25–44，偏冷,5,2024-07-25,4602.63,2024-07-31,4889.08,0.06223615628455903,-0.0034941983122362963
2024-07-25,42.83,25–44，偏冷,5,2024-07-26,4638.31,2024-08-01,4878.29,0.051738672059435276,-0.0034941983122362963
2024-07-26,46.81,45–54，中性,5,2024-07-29,4707.28,2024-08-02,4809.89,0.02179815094916826,-0.016197321377437013
2024-07-29,41.48,25–44，偏冷,5,2024-07-30,4674.92,2024-08-05,4678.78,0.000825682578525333,-0.04301422762564744
2024-07-30,44.96,25–44，偏冷,5,2024-07-31,4698.73,2024-08-06,4749.95,0.010900817880576286,-0.04301422762564744
2024-07-31,65.46,55–74，偏热,5,2024-08-01,4894.81,2024-08-07,4743.41,-0.03093072049783352,-0.044134501645620716
2024-08-01,40.25,25–44，偏冷,5,2024-08-02,4844.78,2024-08-08,4739.49,-0.021732668975681046,-0.034263681735806406
2024-08-02,28.99,25–44，偏冷,5,2024-08-05,4776.18,2024-08-09,4702.75,-0.015374211189695619,-0.020392866265509402
2024-08-05,19.03,0–24，极冷,5,2024-08-06,4731.2,2024-08-12,4674.1,-0.012068819749746273,-0.015968589143043443
2024-08-06,48.71,45–54，中性,5,2024-08-07,4741.65,2024-08-13,4697.59,-0.009292124049645079,-0.01461185096797446
2024-08-07,39.45,25–44，偏冷,5,2024-08-08,4728.33,2024-08-14,4649.28,-0.016718376255464462,-0.01903369349866757
2024-08-08,37.26,25–44，偏冷,5,2024-08-09,4760.13,2024-08-15,4691.85,-0.01434414606323775,-0.02328717913166245
2024-08-09,30.83,25–44，偏冷,5,2024-08-12,4696.36,2024-08-16,4655.65,-0.0086684155388429,-0.010283996687663333
2024-08-12,30.91,25–44，偏冷,5,2024-08-13,4671.2,2024-08-19,4663.61,-0.001624850145572898,-0.010283996687663333
2024-08-13,46.74,45–54，中性,5,2024-08-14,4698.0,2024-08-20,4579.3,-0.0252660706683695,-0.0252660706683695
2024-08-14,35.4,25–44，偏冷,5,2024-08-15,4639.08,2024-08-21,4548.26,-0.019577157539857004,-0.0306041326981894
2024-08-15,54.62,45–54，中性,5,2024-08-16,4696.72,2024-08-22,4491.84,-0.04362193190141206,-0.04362193190141206
2024-08-16,31.1,25–44，偏冷,5,2024-08-19,4651.3,2024-08-23,4495.34,-0.03353041085287989,-0.0368319820911267
2024-08-19,36.68,25–44，偏冷,5,2024-08-20,4663.78,2024-08-26,4512.89,-0.03235358443151248,-0.03686709064321203
2024-08-20,27.94,25–44，偏冷,5,2024-08-21,4564.38,2024-08-27,4459.68,-0.0229384932893405,-0.0229384932893405
2024-08-21,35.39,25–44，偏冷,5,2024-08-22,4549.3,2024-08-28,4470.55,-0.017310355439298375,-0.019699734025014792
2024-08-22,29.14,25–44，偏冷,5,2024-08-23,4482.65,2024-08-29,4542.46,0.013342554069579515,-0.011790670723195174
2024-08-23,34.14,25–44，偏冷,5,2024-08-26,4492.71,2024-08-30,4629.32,0.03040703717800608,-0.011790670723195174
2024-08-26,42.82,25–44，偏冷,5,2024-08-27,4500.74,2024-09-02,4532.51,0.0070588392131072375,-0.020912358618544347
2024-08-27,28.23,25–44，偏冷,5,2024-08-28,4449.71,2024-09-03,4572.4,0.027572583381838323,-0.020912358618544347
2024-08-28,39.0,25–44，偏冷,5,2024-08-29,4453.43,2024-09-04,4550.77,0.02185730998354085,-0.020912358618544347
2024-08-29,51.49,45–54，中性,5,2024-08-30,4539.93,2024-09-05,4586.78,0.010319542371798551,-0.020912358618544347
2024-08-30,66.45,55–74，偏热,5,2024-09-02,4627.18,2024-09-06,4508.23,-0.025706801983065408,-0.025706801983065408
2024-09-02,24.47,0–24，极冷,5,2024-09-03,4529.94,2024-09-09,4475.53,-0.012011196616290687,-0.024254487897828136
2024-09-03,52.5,45–54，中性,5,2024-09-04,4542.9,2024-09-10,4487.58,-0.012177243610909216,-0.024254487897828136
2024-09-04,40.7,25–44，偏冷,5,2024-09-05,4554.52,2024-09-11,4486.01,-0.015042199836645787,-0.024254487897828136
2024-09-05,52.93,45–54，中性,5,2024-09-06,4588.93,2024-09-12,4468.74,-0.02619129078020377,-0.02619129078020377
2024-09-06,34.64,25–44，偏冷,5,2024-09-09,4490.99,2024-09-13,4413.19,-0.01732357453479083,-0.01732357453479083
2024-09-09,36.56,25–44，偏冷,5,2024-09-10,4481.49,2024-09-18,4399.13,-0.018377816306630046,-0.01970995503144235
2024-09-10,41.5,25–44，偏冷,5,2024-09-11,4469.01,2024-09-19,4482.27,0.002967100095994546,-0.01936687613268806
2024-09-11,40.37,25–44，偏冷,5,2024-09-12,4490.52,2024-09-20,4463.36,-0.006048297301871619,-0.02035176327017818
2024-09-12,44.54,25–44，偏冷,5,2024-09-13,4471.98,2024-09-23,4469.13,-0.0006373015979497243,-0.016290323301982435
2024-09-13,35.65,25–44，偏冷,5,2024-09-18,4413.9,2024-09-24,4642.56,0.05180452660912138,-0.004218844469431993
2024-09-18,37.4,25–44，偏冷,5,2024-09-19,4418.78,2024-09-25,4686.26,0.06053254518215456,-0.004218844469431993
2024-09-19,66.52,55–74，偏热,5,2024-09-20,4484.18,2024-09-26,4874.13,0.08696127274105847,-0.004642989353683569
2024-09-20,43.77,25–44，偏冷,5,2024-09-23,4462.72,2024-09-27,5136.44,0.15096622687508954,0.0
2024-09-23,48.48,45–54，中性,5,2024-09-24,4489.49,2024-09-30,5708.83,0.2715987784804066,0.0
2024-09-24,73.46,55–74，偏热,5,2024-09-25,4688.39,2024-10-08,6201.99,0.3228400367716848,-0.0004543137409643849
2024-09-25,72.95,55–74，偏热,5,2024-09-26,4675.94,2024-10-09,5727.38,0.22486173903001339,-0.07652543780302767
2024-09-26,81.86,75–100，极热,5,2024-09-27,4950.94,2024-10-10,5654.53,0.14211240693686467,-0.08827166764215999
2024-09-27,90.25,75–100，极热,5,2024-09-30,5375.57,2024-10-11,5416.76,0.007662443238577676,-0.12660936247881727
2024-09-30,99.87,75–100，极热,5,2024-10-08,6437.11,2024-10-14,5615.76,-0.1275960796071528,-0.15851057384447365
2024-10-08,99.82,75–100，极热,5,2024-10-09,6052.67,2024-10-15,5507.18,-0.09012386269200201,-0.1050627243844452
2024-10-09,54.11,45–54，中性,5,2024-10-10,5777.9,2024-10-16,5524.25,-0.04390003288391975,-0.06250367780681554
2024-10-10,64.29,55–74，偏热,5,2024-10-11,5610.95,2024-10-17,5505.61,-0.018774004402106637,-0.034609112538874776
2024-10-11,52.97,45–54，中性,5,2024-10-14,5451.62,2024-10-18,5749.43,0.05462779870937462,-0.019614442212630312
2024-10-14,96.88,75–100，极热,5,2024-10-15,5585.69,2024-10-21,5860.57,0.0492114671598316,-0.01433663522322215
2024-10-15,57.93,55–74，偏热,5,2024-10-16,5425.43,2024-10-22,5888.81,0.08540889846519084,-0.0033742136941666834
2024-10-16,66.46,55–74，偏热,5,2024-10-17,5563.46,2024-10-23,5903.58,0.061134617665984825,-0.010398205433309604
2024-10-17,61.79,55–74，偏热,5,2024-10-18,5495.2,2024-10-24,5861.63,0.06668183141650896,-0.007105857801537385
2024-10-18,97.59,75–100，极热,5,2024-10-21,5797.0,2024-10-25,5974.91,0.03069001207521138,-0.007105857801537385
2024-10-21,94.58,75–100，极热,5,2024-10-22,5866.79,2024-10-28,6082.09,0.03669809214238118,-0.007105857801537385
2024-10-22,86.32,75–100，极热,5,2024-10-23,5871.32,2024-10-29,5983.84,0.019164344644815978,-0.016153986540810794
2024-10-23,90.13,75–100，极热,5,2024-10-24,5871.29,2024-10-30,6019.35,0.025217626790705383,-0.016153986540810794
2024-10-24,65.61,55–74，偏热,5,2024-10-25,5876.44,2024-10-31,6116.66,0.04087849105921282,-0.016153986540810794
2024-10-25,95.67,75–100，极热,5,2024-10-28,5988.72,2024-11-01,5930.23,-0.009766694719405944,-0.0304790522932451
2024-10-28,96.34,75–100，极热,5,2024-10-29,6106.19,2024-11-04,6053.11,-0.0086928182712952,-0.0304790522932451
2024-10-29,61.36,55–74，偏热,5,2024-10-30,5960.79,2024-11-05,6266.54,0.05129353659498159,-0.0304790522932451
2024-10-30,64.52,55–74，偏热,5,2024-10-31,6041.01,2024-11-06,6293.19,0.04174467514538116,-0.0304790522932451
2024-10-31,81.2,75–100，极热,5,2024-11-01,6100.79,2024-11-07,6403.92,0.049687007748176804,-0.02795703507250702
2024-11-01,37.99,25–44，偏冷,5,2024-11-04,5912.31,2024-11-08,6423.12,0.08639770242088107,0.0
2024-11-04,81.28,75–100，极热,5,2024-11-05,6057.21,2024-11-11,6579.01,0.08614527150288676,0.0
2024-11-05,95.91,75–100，极热,5,2024-11-06,6287.29,2024-11-12,6491.97,0.03255456643482324,-0.013229954050837378
2024-11-06,68.23,55–74，偏热,5,2024-11-07,6238.62,2024-11-13,6474.39,0.03779201169489421,-0.015902088612116394
2024-11-07,77.03,75–100，极热,5,2024-11-08,6470.07,2024-11-14,6272.19,-0.030583904038132492,-0.046636196023413956
2024-11-08,65.85,55–74，偏热,5,2024-11-11,6416.17,2024-11-15,6125.51,-0.045301168765790156,-0.06893134377360732
2024-11-11,94.63,75–100，极热,5,2024-11-12,6593.82,2024-11-18,5974.56,-0.09391521151623783,-0.09391521151623783
2024-11-12,61.1,55–74，偏热,5,2024-11-13,6453.86,2024-11-19,6130.28,-0.05013743713064733,-0.07720109539277054
2024-11-13,85.86,75–100，极热,5,2024-11-14,6462.01,2024-11-20,6250.8,-0.03268487668697506,-0.07543318564966628
2024-11-14,53.07,45–54，中性,5,2024-11-15,6246.34,2024-11-21,6262.16,0.002532683139246261,-0.043510279619745296
2024-11-15,52.03,45–54，中性,5,2024-11-18,6154.51,2024-11-22,6030.49,-0.02015107620265466,-0.036995222095890234
2024-11-18,43.59,25–44，偏冷,5,2024-11-19,5977.84,2024-11-25,6052.13,0.012427565809723928,-0.036995222095890234
2024-11-19,77.45,75–100，极热,5,2024-11-20,6116.96,2024-11-26,5981.57,-0.022133543459496252,-0.044807223066801294
2024-11-20,83.53,75–100，极热,5,2024-11-21,6241.01,2024-11-27,6118.66,-0.019604198679380458,-0.044807223066801294
2024-11-21,70.64,55–74，偏热,5,2024-11-22,6240.09,2024-11-28,6086.09,-0.024679131230479046,-0.04142888964742497
2024-11-22,35.57,25–44，偏冷,5,2024-11-25,6047.94,2024-11-29,6189.13,0.023345139006008653,-0.011658705282272641
2024-11-25,57.08,55–74，偏热,5,2024-11-26,6036.64,2024-12-02,6313.61,0.04588148373929868,-0.009122624506348043
2024-11-26,42.58,25–44，偏冷,5,2024-11-27,5942.53,2024-12-03,6303.28,0.06070646677425273,-0.00532306093164181
2024-11-27,65.51,55–74，偏热,5,2024-11-28,6121.68,2024-12-04,6204.94,0.013600841599038072,-0.017212022915574443
2024-11-28,52.76,45–54，中性,5,2024-11-29,6066.71,2024-12-05,6285.6,0.03608051151282998,-0.017212022915574443
2024-11-29,77.21,75–100，极热,5,2024-12-02,6188.8,2024-12-06,6349.62,0.025985651499482953,-0.017212022915574443
2024-12-02,84.14,75–100，极热,5,2024-12-03,6318.97,2024-12-09,6303.27,-0.0024845821391776823,-0.018045662505123516
2024-12-03,58.37,55–74，偏热,5,2024-12-04,6301.05,2024-12-10,6362.02,0.009676165083597255,-0.015253013386657854
2024-12-04,43.54,25–44，偏冷,5,2024-12-05,6186.12,2024-12-11,6447.37,0.042231641157947086,-0.007299649427839672
2024-12-05,63.12,55–74，偏热,5,2024-12-06,6291.3,2024-12-12,6490.15,0.031607140018755864,-0.007299649427839672
2024-12-06,72.03,55–74，偏热,5,2024-12-09,6346.59,2024-12-13,6354.99,0.0013235453999707048,-0.02082540465166438
2024-12-09,42.43,25–44，偏冷,5,2024-12-10,6493.54,2024-12-16,6277.52,-0.03326690834275292,-0.03326690834275292
2024-12-10,69.74,55–74，偏热,5,2024-12-11,6343.78,2024-12-17,6143.94,-0.031501722947517075,-0.05334391346887202
2024-12-11,68.47,55–74，偏热,5,2024-12-12,6454.94,2024-12-18,6195.87,-0.040135152301957855,-0.05334391346887202
2024-12-12,70.62,55–74，偏热,5,2024-12-13,6447.2,2024-12-19,6207.19,-0.037227013277081555,-0.04703747363196431
2024-12-13,38.17,25–44，偏冷,5,2024-12-16,6355.63,2024-12-20,6271.75,-0.01319774750890157,-0.033307476992839535
2024-12-16,47.34,45–54，中性,5,2024-12-17,6262.49,2024-12-23,6096.38,-0.02652459325284351,-0.027961892613704298
2024-12-17,39.01,25–44，偏冷,5,2024-12-18,6156.69,2024-12-24,6164.36,0.0012457992850054556,-0.027961892613704298
2024-12-18,57.82,55–74，偏热,5,2024-12-19,6127.22,2024-12-25,6094.69,-0.0053090961316878404,-0.02823135488500028
2024-12-19,52.12,45–54，中性,5,2024-12-20,6195.64,2024-12-26,6160.45,-0.005679800633994314,-0.02823135488500028
2024-12-20,54.71,45–54，中性,5,2024-12-23,6271.76,2024-12-27,6171.57,-0.01597478219829851,-0.02823290432031844
2024-12-23,42.19,25–44，偏冷,5,2024-12-24,6110.77,2024-12-30,6145.93,0.005753775710753306,-0.011302065421227803
2024-12-24,62.64,55–74，偏热,5,2024-12-25,6158.65,2024-12-31,5957.72,-0.03262565659681904,-0.034650826288934455
2024-12-25,45.74,45–54，中性,5,2024-12-26,6083.89,2025-01-02,5797.09,-0.047140891764972714,-0.06067823908665049
2024-12-26,66.02,55–74，偏热,5,2024-12-27,6164.67,2025-01-03,5625.21,-0.08750833377942369,-0.08852852677681688
2024-12-27,54.92,45–54，中性,5,2024-12-30,6164.91,2025-01-06,5608.03,-0.09033059687813771,-0.09033059687813771
2024-12-30,44.24,25–44，偏冷,5,2024-12-31,6151.03,2025-01-07,5692.04,-0.07462002298801984,-0.08827789817315146
2024-12-31,34.25,25–44，偏冷,5,2025-01-02,5948.68,2025-01-08,5661.78,-0.048229186979296346,-0.057264804965135196
2025-01-02,30.72,25–44，偏冷,5,2025-01-03,5808.54,2025-01-09,5672.78,-0.023372482585985455,-0.034519862134030244
2025-01-03,21.13,0–24，极冷,5,2025-01-06,5614.03,2025-01-10,5544.92,-0.012310229906145831,-0.02584662089514478
2025-01-06,28.57,25–44，偏冷,5,2025-01-07,5610.95,2025-01-13,5559.47,-0.009174916903554542,-0.02584662089514478
2025-01-07,44.26,25–44，偏冷,5,2025-01-08,5664.31,2025-01-14,5811.05,0.025906067994159843,-0.022539213577822403
2025-01-08,35.03,25–44，偏冷,5,2025-01-09,5629.9,2025-01-15,5775.57,0.02587434945558531,-0.022539213577822403
2025-01-09,40.59,25–44，偏冷,5,2025-01-10,5662.77,2025-01-16,5801.31,0.02446505861972148,-0.020811369700694193
2025-01-10,22.68,0–24，极冷,5,2025-01-13,5487.12,2025-01-17,5841.57,0.06459672833836327,-0.0061056091412051705
2025-01-13,31.36,25–44，偏冷,5,2025-01-14,5580.88,2025-01-20,5879.15,0.05344497641948931,-0.0061056091412051705
2025-01-14,53.04,45–54，中性,5,2025-01-15,5805.9,2025-01-21,5908.02,0.017589004288740995,-0.005223996279646537
2025-01-15,34.79,25–44，偏冷,5,2025-01-16,5810.05,2025-01-22,5855.74,0.00786395986265176,-0.008848988324345664
2025-01-16,45.97,45–54，中性,5,2025-01-17,5780.61,2025-01-23,5829.03,0.00837627862803414,-0.013369961509947625
2025-01-17,40.32,25–44，偏冷,5,2025-01-20,5877.97,2025-01-24,5938.13,0.010234825968829409,-0.013369961509947625
2025-01-20,45.45,45–54，中性,5,2025-01-21,5911.4,2025-01-27,5846.07,-0.011051527556923846,-0.015503197134451474
2025-01-21,40.33,25–44，偏冷,5,2025-01-22,5879.84,2025-02-05,5881.44,0.0002721162480610051,-0.015503197134451474
2025-01-22,33.15,25–44，偏冷,5,2025-01-23,5911.22,2025-02-06,6041.83,0.022095269673603646,-0.015503197134451474
2025-01-23,36.66,25–44，偏冷,5,2025-01-24,5815.46,2025-02-07,6134.05,0.05478328455530601,-0.015503197134451474
2025-01-24,45.92,45–54，中性,5,2025-01-27,5946.73,2025-02-10,6210.55,0.044363877290544584,-0.01692694976903275
2025-01-27,29.79,25–44，偏冷,5,2025-02-05,5900.51,2025-02-11,6190.17,0.04909067182328308,-0.0032815129094846407
2025-02-05,41.88,25–44，偏冷,5,2025-02-06,5869.71,2025-02-12,6284.61,0.07068492310523,-0.0032815129094846407
2025-02-06,63.13,55–74，偏热,5,2025-02-07,6046.36,2025-02-13,6212.5,0.02747768905589476,-0.011474061238485711
2025-02-07,72.22,55–74，偏热,5,2025-02-10,6155.05,2025-02-14,6248.83,0.015236269404797609,-0.011474061238485711
2025-02-10,75.28,75–100，极热,5,2025-02-11,6209.52,2025-02-17,6281.57,0.01160315129027678,-0.011474061238485711
2025-02-11,62.81,55–74，偏热,5,2025-02-12,6172.39,2025-02-18,6142.14,-0.004900856880397986,-0.022669664466052675
2025-02-12,73.33,55–74，偏热,5,2025-02-13,6290.79,2025-02-19,6288.53,-0.000359255355845689,-0.023629782586924608
2025-02-13,55.11,55–74，偏热,5,2025-02-14,6203.48,2025-02-20,6334.41,0.021105895400646224,-0.022196680129330626
2025-02-14,69.21,55–74，偏热,5,2025-02-17,6285.04,2025-02-21,6449.23,0.02612393874979313,-0.022736529918663928
2025-02-17,79.89,75–100，极热,5,2025-02-18,6264.28,2025-02-24,6464.02,0.03188554790015785,-0.01949785130932835
2025-02-18,46.92,45–54，中性,5,2025-02-19,6134.99,2025-02-25,6435.43,0.04897155496585981,-0.0044229442359399185
2025-02-19,77.95,75–100，极热,5,2025-02-20,6289.13,2025-02-26,6524.41,0.0374105798417268,-0.0044229442359399185
2025-02-20,75.43,75–100，极热,5,2025-02-21,6347.67,2025-02-27,6499.53,0.0239237389467315,-0.0044229442359399185
2025-02-21,79.06,75–100，极热,5,2025-02-24,6454.56,2025-02-28,6270.42,-0.028528668104409904,-0.0389291905321707
2025-02-24,67.02,55–74，偏热,5,2025-02-25,6369.28,2025-03-03,6273.67,-0.015011115856109258,-0.0389291905321707
2025-02-25,58.48,55–74，偏热,5,2025-02-26,6451.4,2025-03-04,6357.63,-0.014534829649378356,-0.0389291905321707
2025-02-26,80.34,75–100，极热,5,2025-02-27,6526.81,2025-03-05,6398.24,-0.019698750231736617,-0.039282589810336166
2025-02-27,57.41,55–74，偏热,5,2025-02-28,6460.9,2025-03-06,6534.97,0.011464347072389414,-0.02948196071754705
2025-02-28,45.11,45–54，中性,5,2025-03-03,6291.05,2025-03-07,6507.76,0.03444734980647102,-0.004163752855789737
2025-03-03,60.7,55–74，偏热,5,2025-03-04,6218.83,2025-03-10,6520.97,0.04858470162393891,-0.004163752855789737
2025-03-04,67.1,55–74，偏热,5,2025-03-05,6365.43,2025-03-11,6551.73,0.029267465041638907,-0.004163752855789737
2025-03-05,60.46,55–74，偏热,5,2025-03-06,6438.16,2025-03-12,6566.97,0.02000726915764761,-0.004163752855789737
2025-03-06,76.63,75–100，极热,5,2025-03-07,6512.73,2025-03-13,6466.85,-0.007044664833333991,-0.01524599625093459
2025-03-07,50.71,45–54，中性,5,2025-03-10,6519.03,2025-03-14,6571.17,0.007998122420053377,-0.01524599625093459
2025-03-10,62.95,55–74，偏热,5,2025-03-11,6438.24,2025-03-17,6589.57,0.02350487089639408,-0.01524599625093459
2025-03-11,62.97,55–74，偏热,5,2025-03-12,6585.6,2025-03-18,6611.93,0.003998117103984455,-0.018031766277939787
2025-03-12,62.98,55–74，偏热,5,2025-03-13,6558.42,2025-03-19,6564.68,0.0009544981870632796,-0.01396220431140427
2025-03-13,49.48,45–54，中性,5,2025-03-14,6463.92,2025-03-20,6535.06,0.011005705516157427,-0.011625954902728886
2025-03-14,73.45,55–74，偏热,5,2025-03-17,6585.82,2025-03-21,6405.61,-0.02736333516555267,-0.031204202101353218
2025-03-17,65.45,55–74，偏热,5,2025-03-18,6605.04,2025-03-24,6360.34,-0.03704746678294146,-0.03805091705447583
2025-03-18,66.06,55–74，偏热,5,2025-03-19,6590.56,2025-03-25,6310.76,-0.04245466242625817,-0.04245466242625817
2025-03-19,52.85,45–54，中性,5,2025-03-20,6551.82,2025-03-26,6334.91,-0.03310683138425652,-0.03679283008385448
2025-03-20,55.09,55–74，偏热,5,2025-03-21,6507.95,2025-03-27,6328.77,-0.02753247950583504,-0.030299864012476974
2025-03-21,41.58,25–44，偏冷,5,2025-03-24,6403.57,2025-03-28,6268.32,-0.021121030924937223,-0.021121030924937223
2025-03-24,41.78,25–44，偏冷,5,2025-03-25,6355.81,2025-03-31,6226.65,-0.020321564049271545,-0.020321564049271545
2025-03-25,46.6,45–54，中性,5,2025-03-26,6297.33,2025-04-01,6259.48,-0.006010483808217226,-0.017089429841939396
2025-03-26,56.78,55–74，偏热,5,2025-03-27,6315.1,2025-04-02,6277.25,-0.00599357096483033,-0.016135836821372984
2025-03-27,45.23,45–54，中性,5,2025-03-28,6326.81,2025-04-03,6203.26,-0.019528008585685375,-0.019528008585685375
2025-03-28,39.67,25–44，偏冷,5,2025-03-31,6229.56,2025-04-07,5496.44,-0.11768407399559533,-0.12438727149627626
2025-03-31,37.8,25–44，偏冷,5,2025-04-01,6242.07,2025-04-08,5530.02,-0.11407273548678554,-0.12438727149627626
2025-04-01,49.17,45–54，中性,5,2025-04-02,6252.63,2025-04-09,5652.33,-0.09600760000191921,-0.12438727149627626
2025-04-02,43.53,25–44，偏冷,5,2025-04-03,6208.29,2025-04-10,5784.59,-0.06824745622385553,-0.11466120300437
2025-04-03,37.6,25–44，偏冷,5,2025-04-07,5811.54,2025-04-11,5862.19,0.008715417944296977,-0.05421970768505424
2025-04-07,9.04,0–24，极冷,5,2025-04-08,5475.56,2025-04-14,5938.53,0.08455208234408884,0.0
2025-04-08,30.76,25–44，偏冷,5,2025-04-09,5439.18,2025-04-15,5914.03,0.08730176239800835,-0.004125600106423599
2025-04-09,43.56,25–44，偏冷,5,2025-04-10,5766.51,2025-04-16,5835.35,0.011937896578693152,-0.017374670162481176
2025-04-10,45.96,45–54，中性,5,2025-04-11,5744.8,2025-04-17,5839.56,0.01649491714245932,-0.017374670162481176
2025-04-11,30.23,25–44，偏冷,5,2025-04-14,5933.99,2025-04-18,5831.69,-0.01723966504830643,-0.017990984300828683
2025-04-14,40.02,25–44，偏冷,5,2025-04-15,5938.57,2025-04-21,5952.64,0.0023692572454312444,-0.01799759874852025
2025-04-15,28.51,25–44，偏冷,5,2025-04-16,5897.2,2025-04-22,5949.31,0.00883639693413829,-0.011108661737773917
2025-04-16,21.91,0–24，极冷,5,2025-04-17,5802.29,2025-04-23,5984.58,0.031416906083632457,-0.001347704279089701
2025-04-17,32.95,25–44，偏冷,5,2025-04-18,5833.11,2025-04-24,5920.48,0.01497828774015919,-0.010710860244160902
2025-04-18,25.76,25–44，偏冷,5,2025-04-21,5826.62,2025-04-25,5939.5,0.019373152874222033,-0.010710860244160902
2025-04-21,40.01,25–44，偏冷,5,2025-04-22,5947.15,2025-04-28,5877.06,-0.011785477077255413,-0.017966173064776436
2025-04-22,30.7,25–44，偏冷,5,2025-04-23,5971.47,2025-04-29,5903.38,-0.01140255247032973,-0.017966173064776436
2025-04-23,34.24,25–44，偏冷,5,2025-04-24,5979.41,2025-04-30,5950.12,-0.004898476605551427,-0.017117073423632
2025-04-24,25.47,25–44，偏冷,5,2025-04-25,5927.32,2025-05-06,6102.92,0.029625530593927918,-0.010512669416617548
2025-04-25,31.44,25–44，偏冷,5,2025-04-28,5933.42,2025-05-07,6111.49,0.03001135938463806,-0.00949873765888809
2025-04-28,21.58,0–24，极冷,5,2025-04-29,5850.83,2025-05-08,6158.08,0.05251391682889439,0.0
2025-04-29,28.55,25–44，偏冷,5,2025-04-30,5907.19,2025-05-09,6082.08,0.029606293347598456,-0.01234150904177922
2025-04-30,35.81,25–44，偏冷,5,2025-05-06,5993.33,2025-05-12,6167.46,0.029053964991081704,-0.01234150904177922
2025-05-06,50.0,45–54，中性,5,2025-05-07,6171.61,2025-05-13,6151.01,-0.003337864835917914,-0.01450674945435626
2025-05-07,66.71,55–74，偏热,5,2025-05-08,6093.56,2025-05-14,6160.37,0.010964034160654723,-0.01234150904177922
2025-05-08,64.46,55–74，偏热,5,2025-05-09,6153.53,2025-05-15,6057.04,-0.015680430582121097,-0.01790364266651101
2025-05-09,50.0,45–54，中性,5,2025-05-12,6122.67,2025-05-16,6068.12,-0.008909511699961015,-0.01790364266651101
2025-05-12,67.57,55–74，偏热,5,2025-05-13,6219.45,2025-05-19,6095.34,-0.01995514072787785,-0.02611324152457206
2025-05-13,59.36,55–74，偏热,5,2025-05-14,6144.25,2025-05-20,6146.02,0.000288074215730294,-0.0167733431595829
2025-05-14,64.48,55–74，偏热,5,2025-05-15,6146.0,2025-05-21,6132.18,-0.002248616986657903,-0.014474454930035852
2025-05-15,52.2,45–54，中性,5,2025-05-16,6042.22,2025-05-22,6066.1,0.003952189758068991,-0.013003537248495789
2025-05-16,57.88,55–74，偏热,5,2025-05-19,6073.2,2025-05-23,5989.68,-0.013752222880853537,-0.025437600268141014
2025-05-19,65.1,55–74，偏热,5,2025-05-20,6097.36,2025-05-26,6028.79,-0.0112458506632378,-0.025437600268141014
2025-05-20,67.63,55–74，偏热,5,2025-05-21,6137.1,2025-05-27,6008.46,-0.020961040230727868,-0.024021117465904074
2025-05-21,57.36,55–74，偏热,5,2025-05-22,6113.21,2025-05-28,5984.46,-0.021060948339742924,-0.021060948339742924
2025-05-22,35.06,25–44，偏冷,5,2025-05-23,6060.52,2025-05-29,6089.58,0.004794968088546847,-0.012550078211110649
2025-05-23,36.82,25–44，偏冷,5,2025-05-26,5991.86,2025-05-30,6026.56,0.005791190047831574,-0.01034882537055093
2025-05-26,48.79,45–54，中性,5,2025-05-27,6019.54,2025-06-03,6070.04,0.00838934536526037,-0.01034882537055093
2025-05-27,45.3,45–54，中性,5,2025-05-28,6006.89,2025-06-04,6123.17,0.01935777082650092,-0.01034882537055093
2025-05-28,38.22,25–44，偏冷,5,2025-05-29,5980.86,2025-06-05,6167.01,0.03112428647385168,-0.01034882537055093
2025-05-29,51.72,45–54，中性,5,2025-05-30,6075.45,2025-06-06,6152.84,0.012738151083458993,-0.00804714054102984
2025-05-30,35.47,25–44，偏冷,5,2025-06-03,6009.18,2025-06-09,6218.96,0.03490992115396763,-0.0022977099112860833
2025-06-03,48.79,45–54，中性,5,2025-06-04,6067.83,2025-06-10,6161.69,0.01546846236628241,-0.009208935256055706
2025-06-04,50.4,45–54，中性,5,2025-06-05,6125.89,2025-06-11,6186.51,0.009895704950627637,-0.009208935256055706
2025-06-05,53.06,45–54，中性,5,2025-06-06,6164.41,2025-06-12,6192.22,0.0045113806511896115,-0.009208935256055706
2025-06-06,49.08,45–54，中性,5,2025-06-09,6161.14,2025-06-13,6106.01,-0.008948019360053516,-0.0181622007538238
2025-06-09,60.58,55–74，偏热,5,2025-06-10,6220.04,2025-06-16,6147.46,-0.011668735249291018,-0.01833267953260742
2025-06-10,39.44,25–44，偏冷,5,2025-06-11,6162.16,2025-06-17,6141.47,-0.003357588897399566,-0.013922308961890839
2025-06-11,60.22,55–74，偏热,5,2025-06-12,6171.56,2025-06-18,6135.39,-0.005860754817258562,-0.013922308961890839
2025-06-12,59.91,55–74，偏热,5,2025-06-13,6174.43,2025-06-19,6048.22,-0.020440753235521303,-0.020440753235521303
2025-06-13,40.47,25–44，偏冷,5,2025-06-16,6089.96,2025-06-20,5999.59,-0.014839177925634939,-0.02405383686921103
2025-06-16,59.14,55–74，偏热,5,2025-06-17,6153.15,2025-06-23,6078.22,-0.012177502579979294,-0.02495632318406016
2025-06-17,51.14,45–54，中性,5,2025-06-18,6126.18,2025-06-24,6194.67,0.011179886976876219,-0.022133882279692152
2025-06-18,48.92,45–54，中性,5,2025-06-19,6127.94,2025-06-25,6276.16,0.024187573638123183,-0.02094504841757583
2025-06-19,43.49,25–44，偏冷,5,2025-06-20,6039.99,2025-06-26,6247.79,0.03440403047024909,-0.006688752795948272
2025-06-20,46.96,45–54，中性,5,2025-06-23,5966.5,2025-06-27,6276.94,0.05203050364535322,-0.004520279916381931
2025-06-23,61.59,55–74，偏热,5,2025-06-24,6082.74,2025-06-30,6356.18,0.044953425594386864,-0.004520279916381931
2025-06-24,62.87,55–74，偏热,5,2025-06-25,6196.15,2025-07-01,6373.77,0.028666187874728744,-0.004520279916381931
2025-06-25,66.5,55–74，偏热,5,2025-06-26,6272.44,2025-07-02,6309.48,0.005905197977182697,-0.010086652012859076
2025-06-26,40.94,25–44，偏冷,5,2025-06-27,6265.92,2025-07-03,6342.64,0.012244012052499809,-0.010086652012859076
2025-06-27,60.46,55–74，偏热,5,2025-06-30,6297.08,2025-07-04,6312.2,0.0024011128967711404,-0.010086652012859076
2025-06-30,65.42,55–74，偏热,5,2025-07-01,6358.06,2025-07-07,6327.14,-0.004863118624234497,-0.010086652012859076
2025-07-01,60.09,55–74，偏热,5,2025-07-02,6358.87,2025-07-08,6407.7,0.007679037313233383,-0.007767103274638476
2025-07-02,41.48,25–44，偏冷,5,2025-07-03,6306.75,2025-07-09,6390.47,0.013274666032425664,-0.004799263398206466
2025-07-03,58.74,55–74，偏热,5,2025-07-04,6338.56,2025-07-10,6406.57,0.010729566336833418,-0.004158673263328083
2025-07-04,37.92,25–44，偏冷,5,2025-07-07,6305.04,2025-07-11,6461.1,0.024751627269612886,-0.002688952354198748
2025-07-07,54.26,45–54，中性,5,2025-07-08,6321.55,2025-07-14,6462.31,0.022266690922321253,-0.002688952354198748
2025-07-08,66.76,55–74，偏热,5,2025-07-09,6412.14,2025-07-15,6442.83,0.004786233613115032,-0.0033795269597981514
2025-07-09,56.34,55–74，偏热,5,2025-07-10,6385.21,2025-07-16,6462.06,0.01203562607964348,-0.003014401970812375
2025-07-10,60.33,55–74，偏热,5,2025-07-11,6411.31,2025-07-17,6535.67,0.01939697191369616,-0.003014401970812375
2025-07-11,62.74,55–74，偏热,5,2025-07-14,6465.51,2025-07-18,6552.07,0.013387961661183612,-0.003507843928785226
2025-07-14,57.51,55–74，偏热,5,2025-07-15,6452.0,2025-07-21,6612.26,0.024838809671419826,-0.0014212647241165222
2025-07-15,52.07,45–54，中性,5,2025-07-16,6440.52,2025-07-22,6637.1,0.030522380180482367,0.0
2025-07-16,53.89,45–54，中性,5,2025-07-17,6458.41,2025-07-23,6607.22,0.02304127486486629,-0.004501966220186504
2025-07-17,61.89,55–74，偏热,5,2025-07-18,6546.36,2025-07-24,6701.12,0.023640618603315566,-0.004501966220186504
2025-07-18,59.19,55–74，偏热,5,2025-07-21,6557.25,2025-07-25,6706.61,0.022777841320675618,-0.004501966220186504
2025-07-21,69.24,55–74，偏热,5,2025-07-22,6607.83,2025-07-28,6729.98,0.018485645060481115,-0.004501966220186504
2025-07-22,64.0,55–74，偏热,5,2025-07-23,6634.12,2025-07-29,6773.88,0.02106684835366268,-0.00405479551168797
2025-07-23,37.1,25–44，偏冷,5,2025-07-24,6602.17,2025-07-30,6718.48,0.017616935038025305,-0.00817847378459624
2025-07-24,69.69,55–74，偏热,5,2025-07-25,6708.08,2025-07-31,6661.19,-0.006990077637714531,-0.016635960483504353
2025-07-25,43.7,25–44，偏冷,5,2025-07-28,6713.82,2025-08-01,6670.47,-0.006456830835500416,-0.016635960483504353
2025-07-28,59.56,55–74，偏热,5,2025-07-29,6724.32,2025-08-04,6739.69,0.002285732981178734,-0.016635960483504353
2025-07-29,57.82,55–74，偏热,5,2025-07-30,6758.33,2025-08-05,6787.48,0.004313195715509588,-0.014373373303759984
2025-07-30,43.34,25–44，偏冷,5,2025-07-31,6701.16,2025-08-06,6861.31,0.02389884736374004,-0.005964638958031232
2025-07-31,37.28,25–44，偏冷,5,2025-08-01,6665.64,2025-08-07,6862.15,0.02948104008017216,0.0
2025-08-01,50.4,45–54，中性,5,2025-08-04,6637.84,2025-08-08,6838.13,0.03017397225603502,-0.0035003606741326188
2025-08-04,57.74,55–74，偏热,5,2025-08-05,6753.53,2025-08-11,6943.94,0.02819414439559753,-0.0035003606741326188
2025-08-05,57.8,55–74，偏热,5,2025-08-06,6784.17,2025-08-12,6963.61,0.026449808893350246,-0.0035003606741326188
2025-08-06,58.56,55–74，偏热,5,2025-08-07,6864.45,2025-08-13,7064.33,0.029118137651232168,-0.003834247463380125
2025-08-07,44.04,25–44，偏冷,5,2025-08-08,6844.44,2025-08-14,6976.49,0.01929303200846233,-0.012434300209644866
2025-08-08,46.77,45–54，中性,5,2025-08-11,6850.57,2025-08-15,7117.5,0.03896464089849472,-0.012434300209644866
2025-08-11,66.67,55–74，偏热,5,2025-08-12,6943.67,2025-08-18,7237.6,0.04233064071305237,-0.012434300209644866
2025-08-12,57.93,55–74，偏热,5,2025-08-13,6966.27,2025-08-19,7242.85,0.03970273905547739,-0.012434300209644866
2025-08-13,66.05,55–74，偏热,5,2025-08-14,7072.9,2025-08-20,7305.46,0.03288043094063253,-0.01363090104483311
2025-08-14,34.49,25–44，偏冷,5,2025-08-15,6956.51,2025-08-21,7253.34,0.04266938450458624,-0.007134389894681514
2025-08-15,72.33,55–74，偏热,5,2025-08-18,7158.53,2025-08-22,7362.94,0.02855474517813006,-0.007134389894681514
2025-08-18,73.93,55–74，偏热,5,2025-08-19,7231.93,2025-08-25,7477.73,0.033988160836733616,-0.007134389894681514
2025-08-19,67.32,55–74，偏热,5,2025-08-20,7212.97,2025-08-26,7476.47,0.036531414937258866,-0.007134389894681514
2025-08-20,66.92,55–74，偏热,5,2025-08-21,7318.76,2025-08-27,7336.5,0.002423907875104492,-0.018886747716218677
2025-08-21,60.55,55–74，偏热,5,2025-08-22,7250.19,2025-08-28,7447.11,0.02716066751354096,-0.018886747716218677
2025-08-22,70.83,55–74，偏热,5,2025-08-25,7418.35,2025-08-29,7438.68,0.0027405015940202837,-0.018886747716218677
2025-08-25,74.35,55–74，偏热,5,2025-08-26,7457.77,2025-09-01,7501.15,0.00581675219267952,-0.018721401945035576
2025-08-26,70.69,55–74，偏热,5,2025-08-27,7488.93,2025-09-02,7313.88,-0.023374500763126416,-0.02496550528918895
2025-08-27,43.31,25–44，偏冷,5,2025-08-28,7331.19,2025-09-03,7206.88,-0.016956319506110096,-0.03922998473567385
2025-08-28,76.31,75–100，极热,5,2025-08-29,7449.86,2025-09-04,7041.15,-0.05486143363767915,-0.06132393033068262
2025-08-29,67.25,55–74，偏热,5,2025-09-01,7475.0,2025-09-05,7245.67,-0.030679598662207375,-0.06132393033068262
2025-09-01,76.55,75–100，极热,5,2025-09-02,7498.44,2025-09-08,7311.03,-0.024993198585305687,-0.060984684814441414
2025-09-02,46.13,45–54，中性,5,2025-09-03,7336.39,2025-09-09,7226.03,-0.015042820787880773,-0.04024322589175344
2025-09-03,46.47,45–54，中性,5,2025-09-04,7214.72,2025-09-10,7230.17,0.00214145524705045,-0.024057759691297864
2025-09-04,49.61,45–54，中性,5,2025-09-05,7046.96,2025-09-11,7399.89,0.05008258880425043,-0.011626268802070294
2025-09-05,83.35,75–100，极热,5,2025-09-08,7257.33,2025-09-12,7422.88,0.022811419626777463,-0.011626268802070294
2025-09-08,78.4,75–100，极热,5,2025-09-09,7287.4,2025-09-15,7415.57,0.017587891429041935,-0.008421384856052927
2025-09-09,62.01,55–74，偏热,5,2025-09-10,7214.23,2025-09-16,7483.63,0.03734286264785025,-0.0009847929644558606
2025-09-10,69.94,55–74，偏热,5,2025-09-11,7215.93,2025-09-17,7554.81,0.04696276155672252,-0.0009847929644558606
2025-09-11,84.75,75–100，极热,5,2025-09-12,7402.42,2025-09-18,7476.4,0.009994028979712022,-0.01037881826280218
2025-09-12,64.69,55–74，偏热,5,2025-09-15,7445.5,2025-09-19,7438.19,-0.000981801087905465,-0.015436523221629805
2025-09-15,71.74,55–74，偏热,5,2025-09-16,7426.41,2025-09-22,7489.48,0.008492663346085116,-0.015436523221629805
2025-09-16,84.87,75–100，极热,5,2025-09-17,7478.41,2025-09-23,7408.07,-0.00940574266455041,-0.019423387219533073
2025-09-17,80.01,75–100，极热,5,2025-09-18,7552.23,2025-09-24,7534.22,-0.0023847261007674536,-0.019088401703867608
2025-09-18,57.86,55–74，偏热,5,2025-09-19,7473.02,2025-09-25,7506.51,0.004481454619417624,-0.010869913532047581
2025-09-19,64.7,55–74，偏热,5,2025-09-22,7457.89,2025-09-26,7397.59,-0.0080853968079444,-0.018134591238376352
2025-09-22,69.04,55–74，偏热,5,2025-09-23,7500.62,2025-09-29,7497.83,-0.00037196925054194807,-0.018134591238376352
2025-09-23,58.86,55–74，偏热,5,2025-09-24,7375.91,2025-09-30,7574.96,0.026986500648733536,-0.018134591238376352
2025-09-24,78.38,75–100，极热,5,2025-09-25,7521.32,2025-10-09,7648.05,0.016849436003254725,-0.01645056984678217
2025-09-25,67.05,55–74，偏热,5,2025-09-26,7476.94,2025-10-10,7533.82,0.0076073901890345574,-0.014935833316989333
2025-09-26,60.87,55–74，偏热,5,2025-09-29,7415.13,2025-10-13,7519.76,0.01411033926579841,-0.016774210419649438
2025-09-29,74.87,55–74，偏热,5,2025-09-30,7525.62,2025-10-14,7373.15,-0.02026012474719696,-0.03594380266865416
2025-09-30,70.49,55–74，偏热,5,2025-10-09,7623.3,2025-10-15,7483.45,-0.018345073655765876,-0.03594380266865416
2025-10-09,72.55,55–74，偏热,5,2025-10-10,7608.29,2025-10-16,7401.84,-0.027134875247920354,-0.03090576200434003
2025-10-10,63.92,55–74，偏热,5,2025-10-13,7250.58,2025-10-17,7185.48,-0.008978592057462986,-0.0444535463897785
2025-10-13,61.72,55–74，偏热,5,2025-10-14,7580.39,2025-10-20,7239.18,-0.045012195942425115,-0.05209626417638158
2025-10-14,47.61,45–54，中性,5,2025-10-15,7384.01,2025-10-21,7344.05,-0.005411693646135363,-0.039817196613861294
2025-10-15,66.1,55–74，偏热,5,2025-10-16,7460.76,2025-10-22,7312.21,-0.019910840182501555,-0.0368970453412254
2025-10-16,51.0,45–54，中性,5,2025-10-17,7395.87,2025-10-23,7308.1,-0.011867434122016629,-0.02844695755874571
2025-10-17,34.01,25–44，偏冷,5,2025-10-20,7259.49,2025-10-24,7419.24,0.02200567808482412,-0.004895119178110141
2025-10-20,55.4,55–74，偏热,5,2025-10-21,7257.11,2025-10-27,7495.38,0.0328326289666272,-0.004895119178110141
2025-10-21,66.53,55–74，偏热,5,2025-10-22,7304.96,2025-10-28,7479.22,0.023855024531277413,-0.0021559947594385065
2025-10-22,51.0,45–54，中性,5,2025-10-23,7292.39,2025-10-29,7569.12,0.03794777843752173,-0.0021559947594385065
2025-10-23,54.58,45–54，中性,5,2025-10-24,7340.67,2025-10-30,7485.08,0.019672591193991895,-0.011103008011499327
2025-10-24,58.18,55–74，偏热,5,2025-10-27,7483.3,2025-10-31,7506.67,0.003122953777076942,-0.011103008011499327
2025-10-27,66.48,55–74，偏热,5,2025-10-28,7462.91,2025-11-03,7538.12,0.010077838269522132,-0.011103008011499327
2025-10-28,62.44,55–74，偏热,5,2025-10-29,7481.24,2025-11-04,7435.73,-0.006083216151333226,-0.01762292049802361
2025-10-29,65.53,55–74，偏热,5,2025-10-30,7560.6,2025-11-05,7464.86,-0.01266301616273846,-0.016515884982673423
2025-10-30,50.97,45–54，中性,5,2025-10-31,7480.66,2025-11-06,7551.83,0.009513866423550787,-0.013582962330130122
2025-10-31,56.51,55–74，偏热,5,2025-11-03,7507.37,2025-11-07,7541.88,0.0045968161952854025,-0.013582962330130122
2025-11-03,58.94,55–74，偏热,5,2025-11-04,7523.64,2025-11-10,7563.25,0.005264738876394892,-0.011684503777427024
2025-11-04,44.0,25–44，偏冷,5,2025-11-05,7332.1,2025-11-11,7540.79,0.02846251415010692,-0.0029696228473209407
2025-11-05,55.9,55–74，偏热,5,2025-11-06,7482.91,2025-11-12,7486.38,0.0004637233375786032,-0.010163620136845908
2025-11-06,55.5,55–74，偏热,5,2025-11-07,7519.75,2025-11-13,7590.58,0.009419196116892126,-0.010163620136845908
2025-11-07,51.86,45–54，中性,5,2025-11-10,7568.75,2025-11-14,7502.76,-0.008718744838976056,-0.011569603376817006
2025-11-10,59.62,55–74，偏热,5,2025-11-11,7579.91,2025-11-17,7523.08,-0.007497450497433333,-0.012339196639537864
2025-11-11,55.98,55–74，偏热,5,2025-11-12,7520.18,2025-11-18,7448.1,-0.009584876957732358,-0.018770634128090324
2025-11-12,48.24,45–54，中性,5,2025-11-13,7483.66,2025-11-19,7387.21,-0.012888078827739347,-0.02679241902463314
2025-11-13,70.63,55–74，偏热,5,2025-11-14,7527.83,2025-11-20,7340.41,-0.02489694905437556,-0.02489694905437556
2025-11-14,47.91,45–54，中性,5,2025-11-17,7514.84,2025-11-21,7067.7,-0.059500934151625384,-0.06053105908750145
2025-11-17,58.29,55–74，偏热,5,2025-11-18,7508.53,2025-11-24,7156.41,-0.046895996952799,-0.058710559856589795
2025-11-18,44.9,25–44，偏冷,5,2025-11-19,7438.14,2025-11-25,7249.95,-0.025300680008711884,-0.04980277327396376
2025-11-19,43.09,25–44，偏冷,5,2025-11-20,7429.7,2025-11-26,7248.45,-0.02439533224760082,-0.048723367026932474
2025-11-20,38.64,25–44，偏冷,5,2025-11-21,7235.33,2025-11-27,7257.45,0.00305722061053193,-0.02316825908424358
2025-11-21,22.17,0–24，极冷,5,2025-11-24,7105.64,2025-11-28,7334.21,0.032167405047258235,-0.00020689797860673487
2025-11-24,38.79,25–44，偏冷,5,2025-11-25,7195.1,2025-12-01,7386.68,0.026626454114605735,-0.00020689797860673487
2025-11-25,47.77,45–54，中性,5,2025-11-26,7236.66,2025-12-02,7313.18,0.010573938806023753,-0.009950343049922261
2025-11-26,40.02,25–44，偏冷,5,2025-11-27,7243.71,2025-12-03,7248.27,0.0006295116728858297,-0.01873778206176524
2025-11-27,41.68,25–44，偏冷,5,2025-11-28,7257.17,2025-12-04,7248.66,-0.0011726334094419588,-0.01873778206176524
2025-11-28,53.39,45–54，中性,5,2025-12-01,7356.51,2025-12-05,7342.49,-0.0019057950033372073,-0.01873778206176524
2025-12-01,54.47,45–54，中性,5,2025-12-02,7364.2,2025-12-08,7423.05,0.007991363624018977,-0.015742375274978904
2025-12-02,44.35,25–44，偏冷,5,2025-12-03,7312.67,2025-12-09,7380.58,0.009286621712725873,-0.0088066328714409
2025-12-03,39.81,25–44，偏冷,5,2025-12-04,7246.86,2025-12-10,7408.24,0.022268955106073518,-0.005721367901334373
2025-12-04,40.34,25–44，偏冷,5,2025-12-05,7244.28,2025-12-11,7312.0,0.009348064956075763,-0.014960157886583003
2025-12-05,59.18,55–74，偏热,5,2025-12-08,7359.49,2025-12-12,7370.94,0.0015558143295255622,-0.014960157886583003
2025-12-08,60.24,55–74，偏热,5,2025-12-09,7400.93,2025-12-15,7309.08,-0.012410602451313646,-0.013385095515264012
2025-12-09,48.55,45–54，中性,5,2025-12-10,7367.49,2025-12-16,7181.62,-0.025228402074519263,-0.03059026165459
2025-12-10,56.2,55–74，偏热,5,2025-12-11,7421.79,2025-12-17,7288.74,-0.017926942152769132,-0.03236011797693006
2025-12-11,40.26,25–44，偏冷,5,2025-12-12,7312.87,2025-12-18,7272.4,-0.005534078959423594,-0.025684648091016893
2025-12-12,51.23,45–54，中性,5,2025-12-15,7324.48,2025-12-19,7329.81,0.0007276967102103349,-0.019504456289047067
2025-12-15,47.62,45–54，中性,5,2025-12-16,7302.16,2025-12-22,7408.35,0.014542272423502256,-0.01650744437262397
2025-12-16,37.09,25–44，偏冷,5,2025-12-17,7178.31,2025-12-23,7392.42,0.029827354906656334,-0.0022418140858365687
2025-12-17,52.57,45–54，中性,5,2025-12-18,7244.64,2025-12-24,7506.38,0.036128779345833584,-0.0021502763773310063
2025-12-18,50.76,45–54，中性,5,2025-12-19,7295.67,2025-12-25,7579.38,0.03888744967905611,-0.0021502763773310063
2025-12-19,59.76,55–74，偏热,5,2025-12-22,7363.06,2025-12-26,7605.53,0.03293060222244537,-0.0021502763773310063
2025-12-22,61.57,55–74，偏热,5,2025-12-23,7410.22,2025-12-29,7594.16,0.02482247490627798,-0.0024020879272140805
2025-12-23,54.41,45–54，中性,5,2025-12-24,7391.56,2025-12-30,7597.3,0.027834449020233798,-0.0014949648479462008
2025-12-24,69.39,55–74，偏热,5,2025-12-25,7507.3,2025-12-31,7595.28,0.011719259920344172,-0.0014949648479462008
2025-12-25,68.66,55–74，偏热,5,2025-12-26,7575.93,2026-01-05,7753.88,0.02348886539342354,-0.0014949648479462008
2025-12-26,64.22,55–74，偏热,5,2025-12-29,7606.44,2026-01-06,7864.9,0.03397910191890041,-0.001614421463917437
2025-12-29,54.41,45–54，中性,5,2025-12-30,7556.54,2026-01-07,7906.42,0.04630161423085166,-0.00026588393244975084
2025-12-30,58.54,55–74，偏热,5,2025-12-31,7606.65,2026-01-08,7971.59,0.04797644166617365,-0.0014947447299402672
2025-12-31,53.85,45–54，中性,5,2026-01-05,7639.54,2026-01-09,8129.18,0.06409286423004534,0.0
2026-01-05,76.7,75–100，极热,5,2026-01-06,7756.16,2026-01-12,8357.01,0.07746745812360767,0.0
2026-01-06,77.56,75–100，极热,5,2026-01-07,7881.84,2026-01-13,8203.13,0.040763324299909476,-0.018413284176996392
2026-01-07,70.61,55–74，偏热,5,2026-01-08,7886.81,2026-01-14,8257.17,0.046959417052014674,-0.018413284176996392
2026-01-08,58.41,55–74，偏热,5,2026-01-09,7969.19,2026-01-15,8240.78,0.03408000060231986,-0.018413284176996392
2026-01-09,78.64,75–100，极热,5,2026-01-12,8196.09,2026-01-16,8232.73,0.004470424312080334,-0.018413284176996392
2026-01-12,80.16,75–100，极热,5,2026-01-13,8381.04,2026-01-19,8265.65,-0.013767981062016266,-0.021227675801571366
2026-01-13,44.55,25–44，偏冷,5,2026-01-14,8204.28,2026-01-20,8182.75,-0.0026242400308132963,-0.01002945926817611
2026-01-14,71.86,55–74，偏热,5,2026-01-15,8197.06,2026-01-21,8247.68,0.006175384833098763,-0.01002945926817611
2026-01-15,64.8,55–74，偏热,5,2026-01-16,8276.61,2026-01-22,8309.35,0.0039557258346110125,-0.011340391778759784
2026-01-16,49.04,45–54，中性,5,2026-01-19,8204.63,2026-01-23,8470.74,0.03243412560956438,-0.01002945926817611
2026-01-19,64.62,55–74，偏热,5,2026-01-20,8271.78,2026-01-26,8365.43,0.011321626058720113,-0.012432207811832185
2026-01-20,48.78,45–54，中性,5,2026-01-21,8138.68,2026-01-27,8382.15,0.029915170519052126,-0.012432207811832185
2026-01-21,65.36,55–74，偏热,5,2026-01-22,8272.47,2026-01-28,8399.79,0.015390808307555348,-0.012432207811832185
2026-01-22,70.41,55–74，偏热,5,2026-01-23,8331.77,2026-01-29,8332.21,5.280990713840694e-05,-0.016353943102963897
2026-01-23,77.73,75–100，极热,5,2026-01-26,8513.22,2026-01-30,8254.86,-0.03034809390571358,-0.03034809390571358
2026-01-26,42.76,25–44，偏冷,5,2026-01-27,8325.43,2026-02-02,7975.43,-0.04203987061328962,-0.05052031062681339
2026-01-27,57.47,55–74，偏热,5,2026-01-28,8392.75,2026-02-03,8209.1,-0.02188198147210385,-0.05052031062681339
2026-01-28,54.23,45–54，中性,5,2026-01-29,8380.61,2026-02-04,8207.12,-0.020701357061120862,-0.048347316006830066
2026-01-29,40.6,25–44，偏冷,5,2026-01-30,8255.33,2026-02-05,8068.08,-0.022682315546440956,-0.033905367804800024
2026-01-30,38.56,25–44，偏冷,5,2026-02-02,8166.74,2026-02-06,8051.57,-0.014102322346493223,-0.023425503934250358
2026-02-02,36.78,25–44，偏冷,5,2026-02-03,8058.76,2026-02-09,8233.78,0.021717981426423005,-0.019189679745648225
2026-02-03,60.03,55–74，偏热,5,2026-02-04,8184.2,2026-02-10,8250.3,0.008076537719019505,-0.01895305539580283
2026-02-04,55.92,55–74，偏热,5,2026-02-05,8121.51,2026-02-11,8239.51,0.0145293178239021,-0.008611699055963817
2026-02-05,41.91,25–44，偏冷,5,2026-02-06,7980.47,2026-02-12,8314.83,0.0418972817390455,-0.0013078312303793638
2026-02-06,46.71,45–54，中性,5,2026-02-09,8177.29,2026-02-13,8204.83,0.0033678639255791953,-0.013229374503146762
2026-02-09,58.21,55–74，偏热,5,2026-02-10,8246.22,2026-02-24,8299.77,0.006493884470702982,-0.013229374503146762
2026-02-10,47.17,45–54，中性,5,2026-02-11,8239.17,2026-02-25,8426.33,0.022715880361735552,-0.013229374503146762
2026-02-11,41.49,25–44，偏冷,5,2026-02-12,8252.19,2026-02-26,8490.62,0.028892936299333982,-0.013229374503146762
2026-02-12,42.03,25–44，偏冷,5,2026-02-13,8272.88,2026-02-27,8560.84,0.034807709044492485,-0.008225672317258237
2026-02-13,32.76,25–44，偏冷,5,2026-02-24,8319.69,2026-03-02,8476.97,0.01890455053012774,-0.009796935814709862
2026-02-24,47.58,45–54，中性,5,2026-02-25,8320.61,2026-03-03,8142.45,-0.02141189167621138,-0.04887254054508672
2026-02-25,54.59,45–54，中性,5,2026-02-26,8447.78,2026-03-04,8094.52,-0.04181690337579813,-0.05447129020049435
2026-02-26,52.55,45–54，中性,5,2026-02-27,8434.1,2026-03-05,8171.12,-0.031180564612703243,-0.05447129020049435
2026-02-27,55.6,55–74，偏热,5,2026-03-02,8464.27,2026-03-06,8248.86,-0.0254493299481231,-0.0451163564339615
2026-03-02,36.05,25–44，偏冷,5,2026-03-03,8495.95,2026-03-09,8203.87,-0.03437873339650066,-0.04724957185482492
2026-03-03,21.1,0–24，极冷,5,2026-03-04,8039.59,2026-03-10,8350.09,0.03862137248292519,-0.00545408698898997
2026-03-04,32.91,25–44，偏冷,5,2026-03-05,8235.37,2026-03-11,8363.53,0.015562142320260097,-0.007801713827065515
2026-03-05,49.18,45–54，中性,5,2026-03-06,8120.49,2026-03-12,8335.91,0.026527955825325744,-0.00545408698898997
2026-03-06,51.55,45–54，中性,5,2026-03-09,8131.74,2026-03-13,8214.29,0.010151578874878053,-0.01784413997438883
2026-03-09,35.76,25–44，偏冷,5,2026-03-10,8272.94,2026-03-16,8211.35,-0.00744475361842345,-0.01819566618401558
2026-03-10,57.2,55–74，偏热,5,2026-03-11,8356.09,2026-03-17,8019.86,-0.040237718837398906,-0.041091500837565076
2026-03-11,51.92,45–54，中性,5,2026-03-12,8357.35,2026-03-18,8096.59,-0.03120127791704308,-0.04038241787169383
2026-03-12,47.45,45–54，中性,5,2026-03-13,8297.91,2026-03-19,7909.23,-0.0468407104921601,-0.0468407104921601
2026-03-13,39.78,25–44，偏冷,5,2026-03-16,8212.27,2026-03-20,7783.43,-0.0522194228879469,-0.0522194228879469
2026-03-16,50.49,45–54，中性,5,2026-03-17,8219.5,2026-03-23,7409.11,-0.09859358841778698,-0.09859358841778698
2026-03-17,35.33,25–44，偏冷,5,2026-03-18,8050.71,2026-03-24,7600.86,-0.05587705929042286,-0.08490982006004999
2026-03-18,50.4,45–54，中性,5,2026-03-19,7988.87,2026-03-25,7751.18,-0.029752643365081655,-0.07257096435415777
2026-03-19,32.04,25–44，偏冷,5,2026-03-20,7943.41,2026-03-26,7639.38,-0.038274494203371034,-0.0672633037952215
2026-03-20,28.69,25–44，偏冷,5,2026-03-23,7632.97,2026-03-27,7746.31,0.014848741708666457,-0.029328033517752705
2026-03-23,16.91,0–24，极冷,5,2026-03-24,7538.7,2026-03-30,7767.93,0.030407099367264934,-0.01442361034061912
2026-03-24,44.48,25–44，偏冷,5,2026-03-25,7654.78,2026-03-31,7619.85,-0.004563161841359187,-0.019062993616059898
2026-03-25,50.07,45–54，中性,5,2026-03-26,7733.7,2026-04-01,7764.15,0.003937313317041058,-0.019062993616059898
2026-03-26,28.27,25–44，偏冷,5,2026-03-27,7526.59,2026-04-02,7623.42,0.012865055755660881,-0.019062993616059898
2026-03-27,45.92,45–54，中性,5,2026-03-30,7664.64,2026-04-03,7536.6,-0.01670528557114226,-0.029780134475980047
2026-03-30,37.8,25–44，偏冷,5,2026-03-31,7741.96,2026-04-07,7606.02,-0.0175588610636066,-0.029307779988794525
2026-03-31,27.07,25–44，偏冷,5,2026-04-01,7767.88,2026-04-08,7955.77,0.024188066756952953,-0.029773889400969034
2026-04-01,43.21,25–44，偏冷,5,2026-04-02,7733.75,2026-04-09,7921.45,0.024270244060126123,-0.02549216098270568
2026-04-02,25.54,25–44，偏冷,5,2026-04-03,7658.82,2026-04-10,7998.23,0.044316226259397684,-0.015958071870079138
2026-04-03,21.77,0–24，极冷,5,2026-04-07,7556.28,2026-04-13,8025.57,0.06210595689942666,-0.004313850199289426
2026-04-07,38.48,25–44，偏冷,5,2026-04-08,7765.55,2026-04-14,8144.76,0.04883234284757676,-0.004313850199289426
2026-04-08,55.27,55–74，偏热,5,2026-04-09,7881.8,2026-04-15,8106.16,0.028465578928670965,-0.004739243390842751
2026-04-09,35.82,25–44，偏冷,5,2026-04-10,7981.62,2026-04-16,8232.98,0.03149235368258574,-0.004739243390842751
2026-04-10,52.1,45–54，中性,5,2026-04-13,7947.22,2026-04-17,8307.44,0.04532654185992091,-0.004739243390842751
2026-04-13,55.95,55–74，偏热,5,2026-04-14,8088.05,2026-04-20,8357.81,0.03335290953938208,-0.004739243390842751
2026-04-14,64.71,55–74，偏热,5,2026-04-15,8186.07,2026-04-21,8351.16,0.020167186452107133,-0.009761704945107974
2026-04-15,54.3,45–54，中性,5,2026-04-16,8120.36,2026-04-22,8481.24,0.0444413794462315,-0.00079566297869893
2026-04-16,72.19,55–74，偏热,5,2026-04-17,8225.73,2026-04-23,8362.74,0.016656272452414633,-0.013972013526323934
2026-04-17,65.11,55–74，偏热,5,2026-04-20,8308.06,2026-04-24,8304.14,-0.00047183096896263876,-0.02088138055284372
2026-04-20,71.35,55–74，偏热,5,2026-04-21,8331.59,2026-04-27,8338.73,0.0008569792800652287,-0.02088138055284372
2026-04-21,65.45,55–74，偏热,5,2026-04-22,8317.28,2026-04-28,8226.69,-0.010891781928707434,-0.030013299941989535
2026-04-22,69.52,55–74，偏热,5,2026-04-23,8489.0,2026-04-29,8343.07,-0.01719048179997651,-0.030899988220049468
2026-04-23,59.46,55–74，偏热,5,2026-04-24,8318.6,2026-04-30,8381.95,0.0076154641406005474,-0.013436098782428352
2026-04-24,61.1,55–74，偏热,5,2026-04-27,8292.81,2026-05-06,8574.56,0.03397521467391629,-0.013436098782428352
2026-04-27,66.5,55–74，偏热,5,2026-04-28,8307.69,2026-05-07,8714.51,0.048969087676598466,-0.009750002708334038
2026-04-28,55.15,55–74，偏热,5,2026-04-29,8163.35,2026-05-08,8741.15,0.07077976565993116,0.0
2026-04-29,70.88,55–74，偏热,5,2026-04-30,8345.25,2026-05-11,8866.78,0.06249423324645775,0.0
2026-04-30,64.17,55–74，偏热,5,2026-05-06,8462.02,2026-05-12,8821.89,0.04252767069801289,-0.0050627172434639656
2026-05-06,61.97,55–74，偏热,5,2026-05-07,8602.15,2026-05-13,8955.45,0.04107112756694553,-0.0050627172434639656
2026-05-07,76.51,75–100，极热,5,2026-05-08,8655.13,2026-05-14,8778.71,0.014278237299728547,-0.01973546834609108
2026-05-08,64.84,55–74，偏热,5,2026-05-11,8807.91,2026-05-15,8682.65,-0.014221307892564816,-0.03046189750375483
2026-05-11,79.22,75–100，极热,5,2026-05-12,8880.41,2026-05-18,8720.21,-0.018039707626111956,-0.03046189750375483
2026-05-12,56.33,55–74，偏热,5,2026-05-13,8764.02,2026-05-19,8808.64,0.005091270900796641,-0.03046189750375483
2026-05-13,77.42,75–100，极热,5,2026-05-14,8989.49,2026-05-20,8808.91,-0.020087902650762213,-0.03413319331797471
2026-05-14,51.87,45–54，中性,5,2026-05-15,8786.38,2026-05-21,8510.5,-0.031398596464072726,-0.033875927895732794
2026-05-15,53.51,45–54，中性,5,2026-05-18,8645.76,2026-05-22,8692.67,0.005425780960840898,-0.033875927895732794
2026-05-18,59.23,55–74，偏热,5,2026-05-19,8691.38,2026-05-25,8799.31,0.012418050988450613,-0.033875927895732794
2026-05-19,66.79,55–74，偏热,5,2026-05-20,8769.1,2026-05-26,8687.25,-0.009333911119727256,-0.033875927895732794
2026-05-20,55.89,55–74，偏热,5,2026-05-21,8852.43,2026-05-27,8546.51,-0.03455774290223135,-0.038625552531903695
2026-05-21,40.13,25–44，偏冷,5,2026-05-22,8578.9,2026-05-28,8637.74,0.006858688176805794,-0.02872952538324025
2026-05-22,58.32,55–74，偏热,5,2026-05-25,8756.46,2026-05-29,8408.74,-0.03971011116364365,-0.044386434845459455
2026-05-25,64.42,55–74，偏热,5,2026-05-26,8755.91,2026-06-01,8345.13,-0.04691459825420785,-0.04691459825420785
2026-05-26,57.63,55–74，偏热,5,2026-05-27,8679.54,2026-06-02,8384.78,-0.033960325086352494,-0.038528539530896966
2026-05-27,49.34,45–54，中性,5,2026-05-28,8527.91,2026-06-03,8432.68,-0.011166862689685919,-0.033875759168486286
2026-05-28,67.27,55–74，偏热,5,2026-05-29,8673.8,2026-06-04,8420.09,-0.029250155641126097,-0.03789227328275957
2026-05-29,44.46,25–44，偏冷,5,2026-06-01,8393.52,2026-06-05,8340.96,-0.006261973522431741,-0.010876731952356944
2026-06-01,58.32,55–74，偏热,5,2026-06-02,8360.81,2026-06-08,8081.26,-0.0334357556265481,-0.041673584198617775
2026-06-02,54.28,45–54，中性,5,2026-06-03,8386.86,2026-06-09,8318.7,-0.008126998662193019,-0.041673584198617775
2026-06-03,63.54,55–74，偏热,5,2026-06-04,8338.85,2026-06-10,8198.72,-0.016804475437260602,-0.040240662510733216
2026-06-04,46.56,45–54，中性,5,2026-06-05,8380.85,2026-06-11,8159.45,-0.026417368166713473,-0.03574697077265432
2026-06-05,47.32,45–54，中性,5,2026-06-08,8069.48,2026-06-12,8202.8,0.016521510679746276,-0.0191436161900298
2026-06-08,29.67,25–44，偏冷,5,2026-06-09,8178.82,2026-06-15,8521.23,0.0418654524735842,-0.0191436161900298
2026-06-09,55.95,55–74，偏热,5,2026-06-10,8232.02,2026-06-16,8646.4,0.05033758421383805,-0.008815576249814772
2026-06-10,29.4,25–44，偏冷,5,2026-06-11,8158.46,2026-06-17,8704.47,0.0669256207666642,0.0
2026-06-11,29.34,25–44，偏冷,5,2026-06-12,8294.9,2026-06-18,8771.02,0.057399124763408915,-0.0111032079952742
2026-06-12,53.74,45–54，中性,5,2026-06-15,8269.4,2026-06-22,8865.68,0.07210680339565156,0.0
2026-06-15,61.45,55–74，偏热,5,2026-06-16,8534.27,2026-06-23,8680.04,0.01708054701808126,-0.02093917217855812
2026-06-16,63.44,55–74，偏热,5,2026-06-17,8581.65,2026-06-24,8793.49,0.024685229530451602,-0.02093917217855812
2026-06-17,58.62,55–74，偏热,5,2026-06-18,8666.64,2026-06-25,8825.92,0.01837851808774804,-0.02093917217855812
2026-06-18,64.82,55–74，偏热,5,2026-06-22,8813.72,2026-06-26,8601.41,-0.02408858007742465,-0.029808204221221657
2026-06-22,74.44,55–74，偏热,5,2026-06-23,8838.76,2026-06-29,8597.89,-0.027251560173599088,-0.027251560173599088
2026-06-23,47.51,45–54，中性,5,2026-06-24,8650.82,2026-06-30,8809.79,0.018376292652026116,-0.025836400058011022
2026-06-24,60.28,55–74，偏热,5,2026-06-25,8806.07,2026-07-01,8876.63,0.008012654907353589,-0.025836400058011022
2026-06-25,63.48,55–74，偏热,5,2026-06-26,8771.6,2026-07-02,8625.33,-0.01667540699530312,-0.028310293433431277
2026-06-26,40.39,25–44，偏冷,5,2026-06-29,8616.42,2026-07-03,8620.79,0.0005071711917479238,-0.028821748794305768
2026-06-29,46.22,45–54，中性,5,2026-06-30,8574.25,2026-07-06,8472.6,-0.011855264308831659,-0.04551614745686128
2026-06-30,71.18,55–74，偏热,5,2026-07-01,8827.47,2026-07-07,8301.8,-0.05954933859871514,-0.0647576839408649
2026-07-01,64.08,55–74，偏热,5,2026-07-02,8688.29,2026-07-08,8117.86,-0.06565503683693807,-0.06565503683693807
2026-07-02,45.64,45–54，中性,5,2026-07-03,8627.38,2026-07-09,8300.08,-0.03793735757553274,-0.059058485890270185
2026-07-03,64.46,55–74，偏热,5,2026-07-06,8669.12,2026-07-10,8198.31,-0.05430885718504319,-0.06358892252039439
2026-07-06,44.6,25–44，偏冷,5,2026-07-07,8436.39,2026-07-13,7787.85,-0.07687411321667192,-0.07687411321667192
2026-07-07,36.71,25–44，偏冷,5,2026-07-08,8315.96,2026-07-14,7925.12,-0.04699878306292948,-0.0635055964675153
2026-07-08,45.81,45–54，中性,5,2026-07-09,8161.86,2026-07-15,7817.83,-0.042150931282820325,-0.061713862998910796
2026-07-09,51.51,45–54，中性,5,2026-07-10,8312.49,2026-07-16,7631.76,-0.08189242934427587,-0.08189242934427587
2026-07-10,53.65,45–54，中性,5,2026-07-13,8124.36,2026-07-17,7168.0,-0.11771511848317895,-0.11771511848317895
2026-07-13,23.09,0–24，极冷,5,2026-07-14,7799.81,2026-07-20,6965.38,-0.10698081107103896,-0.12110100541064361
2026-07-14,44.35,25–44，偏冷,5,2026-07-15,7959.37,2026-07-21,7259.86,-0.08788509643351172,-0.12488299953388271
2026-07-15,29.51,25–44，偏冷,5,2026-07-16,7713.14,2026-07-22,7158.76,-0.07187474880528555,-0.09694625016530234
2026-07-16,24.25,0–24，极冷,5,2026-07-17,7599.39,2026-07-23,7195.5,-0.053147686853813325,-0.08342906470124578
2026-07-17,9.39,0–24，极冷,5,2026-07-20,7256.27,2026-07-24,6995.69,-0.035911012131577325,-0.04008808933515429
2026-07-20,10.15,0–24，极冷,5,2026-07-21,6975.89,2026-07-28,7026.28,0.0072234510578577105,-0.03638775403382433
2026-07-21,34.09,25–44，偏冷,5,2026-07-22,7196.86,2026-07-29,7095.19,-0.014126994272502191,-0.027952468159725186
2026-07-22,19.9,0–24，极冷,5,2026-07-23,7169.54,2026-07-30,6900.66,-0.037503103406913096,-0.0409756097560976
2026-07-23,35.37,25–44，偏冷,5,2026-07-24,7109.25,2026-07-31,7075.51,-0.0047459295987621886,-0.02934064774765277
2026-07-24,16.63,0–24，极冷,5,2026-07-28,7135.73,2026-08-03,7079.78,-0.007840823573761924,-0.0329426701963218
2026-07-28,20.97,0–24，极冷,5,2026-07-29,7020.22,2026-08-04,7279.19,0.03688915731985598,-0.027417165713673586
2026-07-29,33.97,25–44，偏冷,5,2026-07-30,7053.09,2026-08-05,7493.05,0.062378333468026126,-0.021611804187951722
2026-07-30,19.53,0–24，极冷,5,2026-07-31,7082.75,2026-08-06,7530.43,0.0632070876425117,-0.0010222018283858603
2026-07-31,41.67,25–44，偏冷,5,2026-08-03,7055.27,2026-08-07,7679.53,0.0884813763328689,0.0
2026-08-03,33.69,25–44，偏冷,5,2026-08-04,7128.49,2026-08-10,7733.9,0.08492822463102279,0.0
2026-08-04,36.59,25–44，偏冷,5,2026-08-05,7253.22,2026-08-11,7698.05,0.06132862370092185,-0.004635436196485543
2026-08-05,40.26,25–44，偏冷,5,2026-08-06,7440.01,2026-08-12,7793.72,0.04754160276666286,-0.004635436196485543
2026-08-06,31.08,25–44，偏冷,5,2026-08-07,7534.24,2026-08-13,7715.89,0.02410993013230267,-0.009986245335988464
2026-08-07,38.9,25–44，偏冷,5,2026-08-10,7723.38,2026-08-14,7769.82,0.006012911445506974,-0.009986245335988464
2026-08-10,43.29,25–44，偏冷,5,2026-08-11,7686.04,2026-08-17,7968.38,0.03673413096991429,-0.009986245335988464
2026-08-11,33.64,25–44，偏冷,5,2026-08-12,7704.96,2026-08-18,7945.96,0.031278553035966494,-0.009986245335988464
2026-08-12,50.99,45–54，中性,5,2026-08-13,7847.24,2026-08-19,7517.77,-0.04198546240461609,-0.056549762938012504
2026-08-13,41.94,25–44，偏冷,5,2026-08-14,7750.99,2026-08-20,7589.78,-0.020798633464886418,-0.056549762938012504
2026-08-14,37.25,25–44，偏冷,5,2026-08-17,7797.18,2026-08-21,7601.8,-0.025057777298972184,-0.056549762938012504
2026-08-17,64.24,55–74，偏热,5,2026-08-18,7969.37,2026-08-24,7491.49,-0.05996458942174854,-0.05996458942174854
2026-08-18,53.95,45–54，中性,5,2026-08-19,7795.26,2026-08-25,7527.5,-0.03434907879916771,-0.038968552684580215
2026-08-19,31.49,25–44，偏冷,5,2026-08-20,7602.5,2026-08-26,7544.67,-0.0076067083196317276,-0.01460177573166721
2026-08-20,41.29,25–44，偏冷,5,2026-08-21,7555.55,2026-08-27,7732.95,0.023479429028991916,-0.014511036859691129
2026-08-21,41.8,25–44，偏冷,5,2026-08-24,7614.89,2026-08-28,7705.03,0.01183733448546187,-0.016205092916641073
2026-08-24,32.44,25–44，偏冷,5,2026-08-25,7420.77,2026-08-31,7770.42,0.04711775193140322,-0.0036105237975158078
2026-08-25,48.7,45–54，中性,5,2026-08-26,7536.37,2026-09-01,7691.37,0.020566930763749713,-0.010173195271298119
2026-08-26,43.39,25–44，偏冷,5,2026-08-27,7551.44,2026-09-02,7583.76,0.004279978388227912,-0.02402186754383928
2026-08-27,56.94,55–74，偏热,5,2026-08-28,7734.19,2026-09-03,7600.1,-0.01733730358318053,-0.02402186754383928
2026-08-28,56.93,55–74，偏热,5,2026-08-31,7607.23,2026-09-04,7508.09,-0.013032338972267077,-0.03376007989272134
2026-08-31,57.79,55–74，偏热,5,2026-09-01,7773.06,2026-09-07,7639.36,-0.017200433291393646,-0.03408824838609248
2026-09-01,53.1,45–54，中性,5,2026-09-02,7616.23,2026-09-08,7659.61,0.00569573135265089,-0.014198625829314415
2026-09-02,46.33,45–54，中性,5,2026-09-03,7629.65,2026-09-09,7648.8,0.0025099447550018805,-0.015932578820784582
2026-09-03,41.0,25–44，偏冷,5,2026-09-04,7655.97,2026-09-10,7587.75,-0.008910693223719512,-0.019315645176248064
2026-09-04,36.19,25–44，偏冷,5,2026-09-07,7551.02,2026-09-11,7427.24,-0.016392487372566933,-0.030337053714223017
2026-09-07,47.35,45–54，中性,5,2026-09-08,7650.06,2026-09-14,7468.3,-0.023759290776804387,-0.030337053714223017
2026-09-08,43.01,25–44，偏冷,5,2026-09-09,7676.86,2026-09-15,7437.7,-0.031153362181933764,-0.03251589842722158
2026-09-09,39.31,25–44，偏冷,5,2026-09-10,7611.52,2026-09-16,7587.43,-0.0031649394601867,-0.024210670142100432
2026-09-10,34.82,25–44，偏冷,5,2026-09-11,7504.66,2026-09-17,7548.82,0.0058843438610143295,-0.010316256832421433
2026-09-11,27.61,25–44，偏冷,5,2026-09-14,7363.42,2026-09-18,7687.59,0.04402437997560926,-0.005088679566071841
2022-07-22,46.51,45–54，中性,10,2022-07-25,7037.76,2022-08-05,7090.0,0.007422816350656891,-0.03673585917317157
2022-07-25,41.81,25–44，偏冷,10,2022-07-26,6949.19,2022-08-08,7176.11,0.03265416544949851,-0.03673585917317157
2022-07-26,56.28,55–74，偏热,10,2022-07-27,7018.22,2022-08-09,7207.4,0.02695555283248452,-0.03673585917317157
2022-07-27,56.97,55–74，偏热,10,2022-07-28,7138.32,2022-08-10,7212.08,0.010332963498414172,-0.03673585917317157
2022-07-28,62.89,55–74，偏热,10,2022-07-29,7152.33,2022-08-11,7294.49,0.019876040395227834,-0.03673585917317157
2022-07-29,40.97,25–44，偏冷,10,2022-08-01,7100.71,2022-08-12,7228.83,0.018043266095925548,-0.03673585917317157
2022-08-01,54.0,45–54，中性,10,2022-08-02,7098.18,2022-08-15,7283.5,0.026108100949820967,-0.02557134364020075
2022-08-02,23.52,0–24，极冷,10,2022-08-03,6968.29,2022-08-16,7324.62,0.051135931483907715,-0.009001314690951667
2022-08-03,30.14,25–44，偏冷,10,2022-08-04,6953.98,2022-08-17,7328.67,0.053881374407174,-0.009001314690951667
2022-08-04,51.3,45–54，中性,10,2022-08-05,6975.89,2022-08-18,7351.44,0.053835424583816405,-0.009001314690951667
2022-08-05,52.06,45–54，中性,10,2022-08-08,7082.54,2022-08-19,7234.41,0.02144287218992047,-0.015919330090431227
2022-08-08,56.04,55–74，偏热,10,2022-08-09,7168.96,2022-08-22,7288.58,0.016685823327232896,-0.015919330090431227
2022-08-09,53.07,45–54，中性,10,2022-08-10,7183.18,2022-08-23,7306.02,0.017101061089935143,-0.015919330090431227
2022-08-10,53.4,45–54，中性,10,2022-08-11,7241.73,2022-08-24,7039.41,-0.027938075570340226,-0.04244474551924515
2022-08-11,60.33,55–74，偏热,10,2022-08-12,7287.65,2022-08-25,7016.31,-0.03723285284007871,-0.045586987039273885
2022-08-12,44.2,25–44，偏冷,10,2022-08-15,7218.09,2022-08-26,6980.18,-0.03296024294515587,-0.05050167042103304
2022-08-15,51.33,45–54，中性,10,2022-08-16,7290.24,2022-08-29,7021.31,-0.03688904617680622,-0.05050167042103304
2022-08-16,57.4,55–74，偏热,10,2022-08-17,7330.48,2022-08-30,6976.72,-0.04825877705143444,-0.050972326510180244
2022-08-17,58.65,55–74，偏热,10,2022-08-18,7315.41,2022-08-31,6750.74,-0.0771891117517679,-0.08171188229788995
2022-08-18,50.57,45–54，中性,10,2022-08-19,7353.43,2022-09-01,6717.1,-0.08653512714474743,-0.08653512714474743
2022-08-19,35.77,25–44，偏冷,10,2022-08-22,7214.48,2022-09-02,6776.83,-0.06066272274647644,-0.080607499021355
2022-08-22,50.12,45–54，中性,10,2022-08-23,7275.38,2022-09-05,6791.09,-0.06656559519915106,-0.080607499021355
2022-08-23,51.01,45–54，中性,10,2022-08-24,7312.55,2022-09-06,6919.65,-0.05372954714839562,-0.08142850305297056
2022-08-24,27.01,25–44，偏冷,10,2022-08-25,7065.34,2022-09-07,6963.52,-0.014411196064166742,-0.049288498501133704
2022-08-25,39.38,25–44，偏冷,10,2022-08-26,7032.66,2022-09-08,6897.1,-0.0192757790082273,-0.044870646384156165
2022-08-26,36.34,25–44，偏冷,10,2022-08-29,6884.73,2022-09-09,6913.58,0.0041904330307798165,-0.043326672657951315
2022-08-29,46.1,45–54，中性,10,2022-08-30,7018.72,2022-09-13,6904.08,-0.016333462511683106,-0.04297364761665945
2022-08-30,39.27,25–44，偏冷,10,2022-08-31,6954.51,2022-09-14,6829.56,-0.017966758261904858,-0.03413755965553289
2022-08-31,30.49,25–44，偏冷,10,2022-09-01,6757.01,2022-09-15,6619.19,-0.02039659553559947,-0.049447693120720726
2022-09-01,35.45,25–44，偏冷,10,2022-09-02,6731.67,2022-09-16,6481.24,-0.03720176419818566,-0.06925807637516668
2022-09-02,46.17,45–54，中性,10,2022-09-05,6774.19,2022-09-19,6399.8,-0.055267124187541206,-0.08095331096916503
2022-09-05,42.27,25–44，偏冷,10,2022-09-06,6808.87,2022-09-20,6482.13,-0.04798740466479745,-0.08095331096916503
2022-09-06,53.26,45–54，中性,10,2022-09-07,6894.71,2022-09-21,6480.6,-0.06006198955431041,-0.08095331096916503
2022-09-07,45.51,45–54，中性,10,2022-09-08,6965.56,2022-09-22,6487.27,-0.0686649745318395,-0.08122247170363905
2022-09-08,37.58,25–44，偏冷,10,2022-09-09,6908.71,2022-09-23,6363.68,-0.07889027039780216,-0.07953910998353964
2022-09-09,43.36,25–44，偏冷,10,2022-09-13,6935.59,2022-09-26,6283.59,-0.0940078637866425,-0.0940078637866425
2022-09-13,46.78,45–54，中性,10,2022-09-14,6800.93,2022-09-27,6409.78,-0.05751419291185189,-0.07994219246920742
2022-09-14,40.04,25–44，偏冷,10,2022-09-15,6859.25,2022-09-28,6211.11,-0.09449138025294312,-0.09449138025294312
2022-09-15,31.34,25–44，偏冷,10,2022-09-16,6599.27,2022-09-29,6228.78,-0.05614105802611513,-0.05881862690873396
2022-09-16,27.43,25–44，偏冷,10,2022-09-19,6468.39,2022-09-30,6124.86,-0.05310904259019644,-0.05586479366513197
2022-09-19,31.38,25–44，偏冷,10,2022-09-20,6441.1,2022-10-10,5984.5,-0.0708885128316592,-0.07750101352340821
2022-09-20,52.48,45–54，中性,10,2022-09-21,6461.25,2022-10-11,6017.72,-0.06864461211065964,-0.07750101352340821
2022-09-21,44.85,25–44，偏冷,10,2022-09-22,6438.29,2022-10-12,6192.65,-0.03815298782751331,-0.07750101352340821
2022-09-22,39.93,25–44，偏冷,10,2022-09-23,6486.79,2022-10-13,6252.22,-0.036161182957980764,-0.07743275179248899
2022-09-23,32.51,25–44，偏冷,10,2022-09-26,6318.3,2022-10-14,6406.46,0.013953120301346766,-0.06634861102877165
2022-09-26,35.17,25–44，偏冷,10,2022-09-27,6302.89,2022-10-17,6472.45,0.026901944980794346,-0.06634861102877165
2022-09-27,55.88,55–74，偏热,10,2022-09-28,6397.84,2022-10-18,6508.5,0.017296462556112724,-0.06460617958561021
2022-09-28,26.73,25–44，偏冷,10,2022-09-29,6270.91,2022-10-19,6461.15,0.030336904851129942,-0.04567279709005545
2022-09-29,32.71,25–44，偏冷,10,2022-09-30,6221.83,2022-10-20,6429.7,0.033409784581063695,-0.038144725908615285
2022-09-30,28.56,25–44，偏冷,10,2022-10-10,6136.71,2022-10-21,6432.33,0.04817239204720436,-0.02480319259016639
2022-10-10,24.29,0–24，极冷,10,2022-10-11,5994.76,2022-10-24,6378.43,0.06400089411419296,-0.019984635476684276
2022-10-11,40.68,25–44，偏冷,10,2022-10-12,6017.67,2022-10-25,6355.78,0.05618619831263594,-0.023464700007682304
2022-10-12,49.59,45–54，中性,10,2022-10-13,6162.71,2022-10-26,6491.69,0.053382359384102074,-0.023464700007682304
2022-10-13,46.86,45–54，中性,10,2022-10-14,6296.35,2022-10-27,6461.61,0.026246952599521922,-0.023464700007682304
2022-10-14,52.81,45–54，中性,10,2022-10-17,6380.21,2022-10-28,6239.93,-0.02198673711366861,-0.04126450026887907
2022-10-17,54.44,45–54，中性,10,2022-10-18,6490.6,2022-10-31,6292.62,-0.030502572951653262,-0.04126450026887907
2022-10-18,46.64,45–54，中性,10,2022-10-19,6492.6,2022-11-01,6439.82,-0.008129254843976308,-0.038916612759141156
2022-10-19,36.5,25–44，偏冷,10,2022-10-20,6431.99,2022-11-02,6524.51,0.014384350721938333,-0.03878188884558553
2022-10-20,36.28,25–44，偏冷,10,2022-10-21,6433.33,2022-11-03,6566.84,0.020752860493710168,-0.03878188884558553
2022-10-21,37.65,25–44，偏冷,10,2022-10-24,6448.87,2022-11-04,6709.64,0.04043654159565957,-0.03878188884558553
2022-10-24,28.08,25–44，偏冷,10,2022-10-25,6346.15,2022-11-07,6713.64,0.05790755024700034,-0.03878188884558553
2022-10-25,31.5,25–44，偏冷,10,2022-10-26,6358.06,2022-11-08,6694.96,0.05298786107712106,-0.03878188884558553
2022-10-26,54.31,45–54，中性,10,2022-10-27,6497.52,2022-11-09,6676.01,0.027470481045075656,-0.039644356616062804
2022-10-27,34.29,25–44，偏冷,10,2022-10-28,6412.61,2022-11-10,6603.31,0.029738281292640778,-0.02692819304464167
2022-10-28,18.97,0–24，极冷,10,2022-10-31,6201.75,2022-11-11,6643.48,0.0712266698915629,-0.01643370809277822
2022-10-31,38.14,25–44，偏冷,10,2022-11-01,6299.03,2022-11-14,6599.67,0.047727983514922245,-0.01697588789389959
2022-11-01,57.48,55–74，偏热,10,2022-11-02,6434.95,2022-11-15,6752.51,0.04934925679298208,-0.01697588789389959
2022-11-02,64.32,55–74，偏热,10,2022-11-03,6467.23,2022-11-16,6702.04,0.03630766185832268,-0.01697588789389959
2022-11-03,49.77,45–54，中性,10,2022-11-04,6569.19,2022-11-17,6714.5,0.022119926505398846,-0.01697588789389959
2022-11-04,72.94,55–74，偏热,10,2022-11-07,6713.73,2022-11-18,6658.4,-0.00824132039864578,-0.016989065690755978
2022-11-07,70.13,55–74，偏热,10,2022-11-08,6707.01,2022-11-21,6689.33,-0.0026360479557955285,-0.01600415088094398
2022-11-08,59.53,55–74，偏热,10,2022-11-09,6694.4,2022-11-22,6583.23,-0.016606417304015353,-0.025069196491378842
2022-11-09,59.19,55–74，偏热,10,2022-11-10,6638.52,2022-11-23,6567.99,-0.010624356031163629,-0.027326135022384346
2022-11-10,50.55,45–54，中性,10,2022-11-11,6749.07,2022-11-24,6586.86,-0.024034422520436194,-0.027326135022384346
2022-11-11,68.21,55–74，偏热,10,2022-11-14,6639.02,2022-11-25,6512.16,-0.019108241879072563,-0.03559417164876477
2022-11-14,43.3,25–44，偏冷,10,2022-11-15,6593.63,2022-11-28,6492.71,-0.01530568139249544,-0.03847458204430654
2022-11-15,76.41,75–100，极热,10,2022-11-16,6749.96,2022-11-29,6594.32,-0.023057914417270675,-0.03811133695607083
2022-11-16,45.44,45–54，中性,10,2022-11-17,6685.94,2022-11-30,6590.31,-0.014303149594522169,-0.033031498994712916
2022-11-17,65.14,55–74，偏热,10,2022-11-18,6711.89,2022-12-01,6658.43,-0.007964969628524887,-0.03265548154096687
2022-11-18,42.11,25–44，偏冷,10,2022-11-21,6622.6,2022-12-02,6680.54,0.008748829764744892,-0.02939307823055526
2022-11-21,54.89,45–54，中性,10,2022-11-22,6682.05,2022-12-05,6714.37,0.004836838994021209,-0.028335615567078976
2022-11-22,38.46,25–44，偏冷,10,2022-11-23,6572.16,2022-12-06,6703.55,0.019991905248807118,-0.014293608790835077
2022-11-23,44.33,25–44，偏冷,10,2022-11-24,6573.47,2022-12-07,6705.29,0.02005333560509137,-0.014293608790835077
2022-11-24,54.66,45–54，中性,10,2022-11-25,6573.02,2022-12-08,6662.34,0.01358888304006367,-0.012218128044643173
2022-11-25,40.88,25–44，偏冷,10,2022-11-28,6426.93,2022-12-09,6680.38,0.039435624785084,-0.007749051660840833
2022-11-28,44.14,25–44，偏冷,10,2022-11-29,6505.9,2022-12-12,6655.67,0.023020642801149904,-0.008742443445922676
2022-11-29,73.49,55–74，偏热,10,2022-11-30,6591.68,2022-12-13,6593.67,0.00030189572309335944,-0.01797637008386488
2022-11-30,62.31,55–74，偏热,10,2022-12-01,6645.47,2022-12-14,6570.02,-0.011353598767280593,-0.021498666293337965
2022-12-01,69.88,55–74，偏热,10,2022-12-02,6644.44,2022-12-15,6597.55,-0.007057028131791321,-0.021498666293337965
2022-12-02,53.81,45–54，中性,10,2022-12-05,6710.73,2022-12-16,6519.44,-0.02850509557082459,-0.029031763218291595
2022-12-05,70.11,55–74，偏热,10,2022-12-06,6690.92,2022-12-19,6390.77,-0.04485930185983389,-0.04690624864845505
2022-12-06,55.48,55–74，偏热,10,2022-12-07,6684.61,2022-12-20,6341.58,-0.05131638195796007,-0.054242247538883515
2022-12-07,62.02,55–74，偏热,10,2022-12-08,6694.84,2022-12-21,6289.14,-0.06059890901052156,-0.06059890901052156
2022-12-08,47.73,45–54，中性,10,2022-12-09,6661.9,2022-12-22,6186.93,-0.07129647698104136,-0.07386555854607069
2022-12-09,58.16,55–74，偏热,10,2022-12-12,6669.17,2022-12-23,6160.75,-0.07623437399256583,-0.07623437399256583
2022-12-12,50.01,45–54，中性,10,2022-12-13,6654.67,2022-12-26,6275.52,-0.05697502656029518,-0.07422156170027971
2022-12-13,49.15,45–54，中性,10,2022-12-14,6600.41,2022-12-27,6325.63,-0.04163074718085691,-0.06661101355824861
2022-12-14,42.88,25–44，偏冷,10,2022-12-15,6557.9,2022-12-28,6268.47,-0.04413455526921717,-0.066206394798069
2022-12-15,52.91,45–54，中性,10,2022-12-16,6569.06,2022-12-29,6261.83,-0.046769248568288346,-0.06215653381153474
2022-12-16,40.43,25–44，偏冷,10,2022-12-19,6518.38,2022-12-30,6281.62,-0.03632190820418568,-0.05486485906007321
2022-12-19,33.56,25–44，偏冷,10,2022-12-20,6380.22,2023-01-03,6423.7,0.006814812028425266,-0.03439850036519121
2022-12-20,41.05,25–44，偏冷,10,2022-12-21,6341.22,2023-01-04,6421.28,0.012625330772311871,-0.028459823188597855
2022-12-21,38.68,25–44，偏冷,10,2022-12-22,6314.55,2023-01-05,6485.47,0.02706764535873507,-0.024356446619315686
2022-12-22,33.64,25–44，偏冷,10,2022-12-23,6154.66,2023-01-06,6500.32,0.05616232253284492,-0.010085951913090141
2022-12-23,38.57,25–44，偏冷,10,2022-12-26,6161.94,2023-01-09,6535.75,0.06066433623177114,-0.010085951913090141
2022-12-26,49.29,45–54，中性,10,2022-12-27,6288.61,2023-01-10,6540.2,0.040007251204956296,-0.010085951913090141
2022-12-27,42.42,25–44，偏冷,10,2022-12-28,6304.59,2023-01-11,6486.9,0.028917027118337435,-0.008149597871624725
2022-12-28,32.99,25–44，偏冷,10,2022-12-29,6253.79,2023-01-12,6489.57,0.03770193754507267,-0.008149597871624725
2022-12-29,38.24,25–44，偏冷,10,2022-12-30,6283.5,2023-01-13,6517.51,0.03724198297127401,-0.008149597871624725
2022-12-30,51.37,45–54，中性,10,2023-01-03,6286.81,2023-01-16,6591.81,0.048514270353327005,-0.008149597871624725
2023-01-03,59.24,55–74，偏热,10,2023-01-04,6423.43,2023-01-17,6597.49,0.027097672115987903,-0.008149597871624725
2023-01-04,52.66,45–54，中性,10,2023-01-05,6427.45,2023-01-18,6613.01,0.02886992508693198,-0.008149597871624725
2023-01-05,52.15,45–54，中性,10,2023-01-06,6482.88,2023-01-19,6676.08,0.02980156967273806,-0.008149597871624725
2023-01-06,46.14,45–54，中性,10,2023-01-09,6523.14,2023-01-20,6736.85,0.032761829425705935,-0.008149597871624725
2023-01-09,56.65,55–74，偏热,10,2023-01-10,6541.82,2023-01-30,6786.45,0.0373947922749327,-0.008395217233124752
2023-01-10,50.48,45–54，中性,10,2023-01-11,6544.57,2023-01-31,6805.28,0.03983607784774246,-0.008811885272829278
2023-01-11,42.46,25–44，偏冷,10,2023-01-12,6495.16,2023-02-01,6916.72,0.06490371291854258,-0.0008606408464149062
2023-01-12,44.11,25–44，偏冷,10,2023-01-13,6505.24,2023-02-02,6933.23,0.06579157725156937,0.0
2023-01-13,44.06,25–44，偏冷,10,2023-01-16,6521.45,2023-02-03,6925.08,0.06189267724202452,-0.0011754982886763576
2023-01-16,45.94,45–54，中性,10,2023-01-17,6600.25,2023-02-06,6891.41,0.04411348054997921,-0.006031820666557941
2023-01-17,38.11,25–44，偏冷,10,2023-01-18,6613.74,2023-02-07,6924.32,0.04695981396305271,-0.006031820666557941
2023-01-18,42.34,25–44，偏冷,10,2023-01-19,6605.45,2023-02-08,6877.72,0.04121899340695956,-0.008006369325696538
2023-01-19,39.86,25–44，偏冷,10,2023-01-20,6690.14,2023-02-09,6999.18,0.046193353203370924,-0.008006369325696538
2023-01-20,40.86,25–44，偏冷,10,2023-01-30,6815.14,2023-02-10,6975.39,0.023513823633850572,-0.008006369325696538
2023-01-30,56.38,55–74，偏热,10,2023-01-31,6763.4,2023-02-13,7052.18,0.04269745985746831,-0.008006369325696538
2023-01-31,38.5,25–44，偏冷,10,2023-02-01,6815.06,2023-02-14,7061.45,0.03615375359864759,-0.008006369325696538
2023-02-01,61.28,55–74，偏热,10,2023-02-02,6926.58,2023-02-15,7063.6,0.019781768203066985,-0.008006369325696538
2023-02-02,37.65,25–44，偏冷,10,2023-02-03,6922.79,2023-02-16,6925.2,0.0003481255389805593,-0.01959340846027524
2023-02-03,38.59,25–44，偏冷,10,2023-02-06,6902.49,2023-02-17,6868.55,-0.004917066160182726,-0.027613398267172573
2023-02-06,40.46,25–44，偏冷,10,2023-02-07,6900.23,2023-02-20,6959.36,0.008569279574738742,-0.027613398267172573
2023-02-07,52.26,45–54，中性,10,2023-02-08,6927.33,2023-02-21,6990.48,0.009116066363230813,-0.027613398267172573
2023-02-08,40.64,25–44，偏冷,10,2023-02-09,6864.03,2023-02-22,6998.43,0.019580334002036848,-0.027613398267172573
2023-02-09,60.14,55–74，偏热,10,2023-02-10,6991.23,2023-02-23,6966.79,-0.0034958083198520784,-0.027613398267172573
2023-02-10,35.97,25–44，偏冷,10,2023-02-13,6976.33,2023-02-24,6944.82,-0.004516701474844287,-0.027613398267172573
2023-02-13,62.33,55–74，偏热,10,2023-02-14,7064.53,2023-02-27,6894.3,-0.024096436705626445,-0.0277414067177858
2023-02-14,43.7,25–44，偏冷,10,2023-02-15,7062.36,2023-02-28,6955.57,-0.015121007708471357,-0.027613398267172573
2023-02-15,48.3,45–54，中性,10,2023-02-16,7063.93,2023-03-01,7002.77,-0.008658069941236635,-0.02765882447872503
2023-02-16,30.04,25–44，偏冷,10,2023-02-17,6931.99,2023-03-02,6972.31,0.0058165115645003596,-0.014879051444395386
2023-02-17,42.61,25–44，偏冷,10,2023-02-20,6871.86,2023-03-03,6967.94,0.013981658532042252,-0.014879051444395386
2023-02-20,65.51,55–74，偏热,10,2023-02-21,6969.35,2023-03-06,6997.04,0.003973110835300275,-0.014879051444395386
2023-02-21,59.01,55–74，偏热,10,2023-02-22,6961.15,2023-03-07,6855.34,-0.015200074700300936,-0.02105309755996565
2023-02-22,57.88,55–74，偏热,10,2023-02-23,6997.78,2023-03-08,6891.46,-0.015193389903655152,-0.02105309755996565
2023-02-23,53.68,45–54，中性,10,2023-02-24,6971.65,2023-03-09,6892.86,-0.011301485301184022,-0.02105309755996565
2023-02-24,50.12,45–54，中性,10,2023-02-27,6928.03,2023-03-10,6798.3,-0.018725380808108483,-0.029198445757892988
2023-02-27,51.06,45–54，中性,10,2023-02-28,6911.36,2023-03-13,6832.62,-0.011392837299749936,-0.029198445757892988
2023-02-28,63.74,55–74，偏热,10,2023-03-01,6955.48,2023-03-14,6769.85,-0.026688309074283767,-0.03326112381243418
2023-03-01,68.89,55–74，偏热,10,2023-03-02,6999.23,2023-03-15,6803.47,-0.02796879085270798,-0.032772176367971806
2023-03-02,50.02,45–54，中性,10,2023-03-03,6970.21,2023-03-16,6689.78,-0.04023264722296749,-0.043912854578507465
2023-03-03,59.84,55–74，偏热,10,2023-03-06,6973.52,2023-03-17,6736.37,-0.034007215868026575,-0.043912854578507465
2023-03-06,56.11,55–74，偏热,10,2023-03-07,6991.56,2023-03-20,6721.45,-0.03863372409018884,-0.04316347138549914
2023-03-07,50.42,45–54，中性,10,2023-03-08,6838.63,2023-03-21,6809.39,-0.0042757101934158825,-0.029462371207307214
2023-03-08,63.35,55–74，偏热,10,2023-03-09,6898.24,2023-03-22,6840.33,-0.00839489492972123,-0.030219302314793306
2023-03-09,59.25,55–74，偏热,10,2023-03-10,6854.41,2023-03-23,6868.83,0.0021037551007307975,-0.02401811388580488
2023-03-10,44.18,25–44，偏冷,10,2023-03-13,6780.02,2023-03-24,6867.95,0.012968988292069827,-0.02090559697451344
2023-03-13,57.14,55–74，偏热,10,2023-03-14,6824.25,2023-03-27,6886.69,0.00914972341282927,-0.01970472945744961
2023-03-14,45.53,45–54，中性,10,2023-03-15,6797.82,2023-03-28,6825.38,0.004054240918412111,-0.016710590331110553
2023-03-15,60.13,55–74，偏热,10,2023-03-16,6769.61,2023-03-29,6806.28,0.005416855623883832,-0.011792407538986693
2023-03-16,44.83,25–44，偏冷,10,2023-03-17,6726.96,2023-03-30,6807.64,0.011993530510066908,-0.011676146305409363
2023-03-17,63.68,55–74，偏热,10,2023-03-20,6745.95,2023-03-31,6875.81,0.019250068559654387,-0.011676146305409363
2023-03-20,41.88,25–44，偏冷,10,2023-03-21,6726.8,2023-04-03,6962.2,0.034994350954391296,-0.011676146305409363
2023-03-21,62.56,55–74，偏热,10,2023-03-22,6830.19,2023-04-04,6953.36,0.018033173308502404,-0.011676146305409363
2023-03-22,67.65,55–74，偏热,10,2023-03-23,6827.68,2023-04-06,6983.03,0.02275297026222667,-0.011676146305409363
2023-03-23,64.8,55–74，偏热,10,2023-03-24,6874.54,2023-04-07,7042.89,0.024488911258062407,-0.011676146305409363
2023-03-24,68.01,55–74，偏热,10,2023-03-27,6874.39,2023-04-10,6968.57,0.01370012466560655,-0.011676146305409363
2023-03-27,67.65,55–74，偏热,10,2023-03-28,6881.11,2023-04-11,6984.14,0.014972875015804243,-0.010874698994784215
2023-03-28,45.57,45–54，中性,10,2023-03-29,6825.13,2023-04-12,7021.02,0.02870128481069223,-0.01055248626629135
2023-03-29,55.02,55–74，偏热,10,2023-03-30,6802.07,2023-04-13,6966.82,0.024220568150577604,-0.010800963808891062
2023-03-30,56.76,55–74，偏热,10,2023-03-31,6806.61,2023-04-14,7020.09,0.03136363035343592,-0.010800963808891062
2023-03-31,67.52,55–74，偏热,10,2023-04-03,6878.09,2023-04-17,7012.77,0.019581017404541212,-0.010800963808891062
2023-04-03,75.29,75–100，极热,10,2023-04-04,6960.91,2023-04-18,6997.07,0.005194723103732146,-0.010800963808891062
2023-04-04,45.31,45–54，中性,10,2023-04-06,6926.19,2023-04-19,6965.58,0.005687109363156306,-0.010977027896218794
2023-04-06,57.18,55–74，偏热,10,2023-04-07,6987.01,2023-04-20,6963.9,-0.0033075664697775897,-0.011215566337114513
2023-04-07,63.48,55–74，偏热,10,2023-04-10,7050.24,2023-04-21,6773.51,-0.03925114606027591,-0.03925114606027591
2023-04-10,32.37,25–44，偏冷,10,2023-04-11,6967.03,2023-04-24,6725.27,-0.03470058260119435,-0.042123509119757485
2023-04-11,49.77,45–54，中性,10,2023-04-12,6989.69,2023-04-25,6603.24,-0.055288575029793896,-0.05950417460710844
2023-04-12,59.5,55–74，偏热,10,2023-04-13,7011.66,2023-04-26,6624.4,-0.055230858313152664,-0.05937958060366755
2023-04-13,40.09,25–44，偏冷,10,2023-04-14,6978.59,2023-04-27,6633.49,-0.049451250180910566,-0.05937958060366755
2023-04-14,53.98,45–54，中性,10,2023-04-17,7009.47,2023-04-28,6723.3,-0.04082619655979702,-0.05839775153042248
2023-04-17,47.83,45–54，中性,10,2023-04-18,7002.26,2023-05-04,6733.97,-0.03831477265911287,-0.056984459303139334
2023-04-18,39.97,25–44，偏冷,10,2023-04-19,6988.65,2023-05-05,6653.65,-0.04793486581814799,-0.055147989955141585
2023-04-19,39.13,25–44，偏冷,10,2023-04-20,6956.37,2023-05-08,6702.5,-0.03649460853864872,-0.051789945289277495
2023-04-20,39.88,25–44，偏冷,10,2023-04-21,6954.1,2023-05-09,6611.64,-0.049245768683222835,-0.05045368919054949
2023-04-21,31.91,25–44，偏冷,10,2023-04-24,6766.52,2023-05-10,6627.31,-0.02057335232881896,-0.024130572288266428
2023-04-24,49.55,45–54，中性,10,2023-04-25,6708.28,2023-05-11,6622.52,-0.012784201017250196,-0.018166104096097868
2023-04-25,38.25,25–44，偏冷,10,2023-04-26,6577.36,2023-05-12,6535.94,-0.006297359426882476,-0.0294076154185422
2023-04-26,55.59,55–74，偏热,10,2023-04-27,6597.73,2023-05-15,6585.91,-0.0017915252670236415,-0.0294076154185422
2023-04-27,46.72,45–54，中性,10,2023-04-28,6617.32,2023-05-16,6516.29,-0.01526751010983296,-0.032325656336455344
2023-04-28,58.39,55–74，偏热,10,2023-05-04,6701.49,2023-05-17,6554.98,-0.021862302264123334,-0.032325656336455344
2023-05-04,47.56,45–54，中性,10,2023-05-05,6723.16,2023-05-18,6583.74,-0.020737272354071634,-0.03076975707851659
2023-05-05,42.79,25–44，偏冷,10,2023-05-08,6660.92,2023-05-19,6602.32,-0.00879758351699167,-0.02778217083177914
2023-05-08,60.2,55–74，偏热,10,2023-05-09,6696.67,2023-05-22,6595.98,-0.015035831241497766,-0.026935775542172524
2023-05-09,37.55,25–44，偏冷,10,2023-05-10,6599.79,2023-05-23,6528.45,-0.01080943484565422,-0.01675189481101691
2023-05-10,54.83,45–54，中性,10,2023-05-11,6634.16,2023-05-24,6513.18,-0.018235918337815127,-0.018235918337815127
2023-05-11,55.31,55–74，偏热,10,2023-05-12,6608.83,2023-05-25,6501.0,-0.01631604989082791,-0.01631604989082791
2023-05-12,43.18,25–44，偏冷,10,2023-05-15,6537.4,2023-05-26,6546.41,0.0013782237586807966,-0.015346120757551818
2023-05-15,58.0,55–74，偏热,10,2023-05-16,6586.72,2023-05-29,6534.12,-0.00798576529744699,-0.015346120757551818
2023-05-16,42.97,25–44，偏冷,10,2023-05-17,6500.44,2023-05-30,6564.47,0.00985010245460316,-0.015346120757551818
2023-05-17,55.53,55–74，偏热,10,2023-05-18,6557.37,2023-05-31,6561.65,0.0006527007016532416,-0.015346120757551818
2023-05-18,57.71,55–74，偏热,10,2023-05-19,6571.09,2023-06-01,6574.76,0.0005585070361233679,-0.015346120757551818
2023-05-19,53.47,45–54，中性,10,2023-05-22,6589.35,2023-06-02,6626.28,0.005604498167497418,-0.014399679804972032
2023-05-22,55.05,55–74，偏热,10,2023-05-23,6591.56,2023-06-05,6632.96,0.006280759031245919,-0.013738781107962339
2023-05-23,42.45,25–44，偏冷,10,2023-05-24,6507.06,2023-06-06,6489.81,-0.00265096679606458,-0.02158161665380154
2023-05-24,49.6,45–54，中性,10,2023-05-25,6502.23,2023-06-07,6488.56,-0.0021023556533680265,-0.0217700694712466
2023-05-25,47.0,45–54，中性,10,2023-05-26,6495.35,2023-06-08,6442.48,-0.008139669147929074,-0.028717194133539237
2023-05-26,47.75,45–54，中性,10,2023-05-29,6560.16,2023-06-09,6495.56,-0.009847320797053638,-0.028717194133539237
2023-05-29,45.06,45–54，中性,10,2023-05-30,6517.71,2023-06-12,6530.16,0.0019101801092715753,-0.028717194133539237
2023-05-30,55.61,55–74，偏热,10,2023-05-31,6556.52,2023-06-13,6554.96,-0.00023793109759451259,-0.028717194133539237
2023-05-31,47.79,45–54，中性,10,2023-06-01,6539.26,2023-06-14,6578.12,0.005942568425173489,-0.028717194133539237
2023-06-01,55.1,55–74，偏热,10,2023-06-02,6585.73,2023-06-15,6613.95,0.004285022313395892,-0.028717194133539237
2023-06-02,57.87,55–74，偏热,10,2023-06-05,6631.22,2023-06-16,6669.01,0.0056988005223774785,-0.028717194133539237
2023-06-05,53.04,45–54，中性,10,2023-06-06,6625.09,2023-06-19,6693.3,0.01029570919036571,-0.02756339913872874
2023-06-06,38.59,25–44，偏冷,10,2023-06-07,6487.2,2023-06-20,6693.91,0.03186428659514129,-0.0071017298137030505
2023-06-07,56.26,55–74，偏热,10,2023-06-08,6477.94,2023-06-21,6548.41,0.010878458275315861,-0.021736175120370627
2023-06-08,42.97,25–44，偏冷,10,2023-06-09,6446.62,2023-06-26,6420.97,-0.00397882921593018,-0.04077437551446006
2023-06-09,55.66,55–74，偏热,10,2023-06-12,6488.2,2023-06-27,6507.27,0.0029391818994484176,-0.04077437551446006
2023-06-12,54.48,45–54，中性,10,2023-06-13,6525.05,2023-06-28,6475.51,-0.00759227898636794,-0.04077437551446006
2023-06-13,54.65,45–54，中性,10,2023-06-14,6556.03,2023-06-29,6520.04,-0.005489602701634899,-0.04077437551446006
2023-06-14,56.35,55–74，偏热,10,2023-06-15,6579.46,2023-06-30,6602.04,0.0034318925869296635,-0.04077437551446006
2023-06-15,52.92,45–54，中性,10,2023-06-16,6613.1,2023-07-03,6612.88,-3.326730277786183e-05,-0.04077437551446006
2023-06-16,54.14,45–54，中性,10,2023-06-19,6674.12,2023-07-04,6638.45,-0.0053445248212498075,-0.04077437551446006
2023-06-19,46.37,45–54，中性,10,2023-06-20,6683.92,2023-07-05,6584.42,-0.014886473805790668,-0.04077437551446006
2023-06-20,45.43,45–54，中性,10,2023-06-21,6679.15,2023-07-06,6567.08,-0.016779081170508192,-0.038654619225500175
2023-06-21,35.48,25–44，偏冷,10,2023-06-26,6504.97,2023-07-07,6521.43,0.002530372930236391,-0.01762760885447645
2023-06-26,30.9,25–44，偏冷,10,2023-06-27,6425.84,2023-07-10,6526.85,0.01571934564197064,-0.01762760885447645
2023-06-27,52.83,45–54，中性,10,2023-06-28,6504.5,2023-07-11,6579.37,0.011510492735798294,-0.01762760885447645
2023-06-28,36.16,25–44，偏冷,10,2023-06-29,6465.1,2023-07-12,6482.99,0.002767165241063463,-0.023418117180968423
2023-06-29,50.08,45–54，中性,10,2023-06-30,6507.5,2023-07-13,6548.31,0.006271225509028033,-0.023418117180968423
2023-06-30,48.29,45–54，中性,10,2023-07-03,6617.08,2023-07-14,6544.46,-0.010974629292678895,-0.023418117180968423
2023-07-03,49.25,45–54，中性,10,2023-07-04,6610.66,2023-07-17,6516.56,-0.014234584746454892,-0.023418117180968423
2023-07-04,51.74,45–54，中性,10,2023-07-05,6632.37,2023-07-18,6510.03,-0.01844589490634574,-0.022522868899051196
2023-07-05,37.44,25–44，偏冷,10,2023-07-06,6573.58,2023-07-19,6492.35,-0.01235704136863014,-0.014648818959870025
2023-07-06,40.93,25–44，偏冷,10,2023-07-07,6553.56,2023-07-20,6408.76,-0.02209486141883188,-0.025931054189078817
2023-07-07,34.03,25–44，偏冷,10,2023-07-10,6539.08,2023-07-21,6401.42,-0.021051891091713237,-0.02704666252239951
2023-07-10,42.34,25–44，偏冷,10,2023-07-11,6531.63,2023-07-24,6393.79,-0.0211034611574753,-0.028206348024202965
2023-07-11,51.04,45–54，中性,10,2023-07-12,6576.94,2023-07-25,6498.27,-0.011961489689733984,-0.027847296767189555
2023-07-12,32.67,25–44，偏冷,10,2023-07-13,6497.81,2023-07-26,6457.25,-0.006242103108585861,-0.023596928062355138
2023-07-13,51.23,45–54，中性,10,2023-07-14,6554.53,2023-07-27,6407.55,-0.02242418602096563,-0.024523497489522428
2023-07-14,42.64,25–44，偏冷,10,2023-07-17,6524.61,2023-07-28,6465.38,-0.00907793722536665,-0.0200502405507762
2023-07-17,44.37,25–44，偏冷,10,2023-07-18,6519.76,2023-07-31,6515.85,-0.0005997153269445832,-0.019321263359387553
2023-07-18,51.27,45–54，中性,10,2023-07-19,6508.52,2023-08-01,6507.41,-0.000170545684733292,-0.01762766343193234
2023-07-19,46.45,45–54，中性,10,2023-07-20,6497.78,2023-08-02,6496.02,-0.0002708617404713065,-0.016003927495236825
2023-07-20,38.56,25–44，偏冷,10,2023-07-21,6397.15,2023-08-03,6499.54,0.016005564978154307,-0.01396063875462239
2023-07-21,38.41,25–44，偏冷,10,2023-07-24,6397.43,2023-08-04,6535.32,0.021553967765180593,-0.01396063875462239
2023-07-24,41.1,25–44，偏冷,10,2023-07-25,6448.27,2023-08-07,6503.98,0.008639526570692446,-0.01396063875462239
2023-07-25,63.99,55–74，偏热,10,2023-07-26,6497.59,2023-08-08,6471.34,-0.004039959431112128,-0.013857445606755725
2023-07-26,42.33,25–44，偏冷,10,2023-07-27,6458.48,2023-08-09,6420.98,-0.00580631975325463,-0.017495700287055604
2023-07-27,32.14,25–44，偏冷,10,2023-07-28,6389.43,2023-08-10,6426.81,0.0058502871148131685,-0.017495700287055604
2023-07-28,59.9,55–74，偏热,10,2023-07-31,6475.83,2023-08-11,6304.64,-0.02643522143107513,-0.03529742996517371
2023-07-31,65.55,55–74，偏热,10,2023-08-01,6513.14,2023-08-14,6319.41,-0.02974448576262767,-0.03529742996517371
2023-08-01,35.64,25–44，偏冷,10,2023-08-02,6499.86,2023-08-15,6261.73,-0.036636173702202846,-0.04186329055042448
2023-08-02,47.7,45–54，中性,10,2023-08-03,6472.11,2023-08-16,6186.4,-0.04414479976391006,-0.053389887564801786
2023-08-03,51.64,45–54，中性,10,2023-08-04,6514.54,2023-08-17,6247.6,-0.040976032075940805,-0.053389887564801786
2023-08-04,59.14,55–74，偏热,10,2023-08-07,6524.3,2023-08-18,6117.11,-0.062411293165550386,-0.062411293165550386
2023-08-07,36.81,25–44，偏冷,10,2023-08-08,6496.59,2023-08-21,6057.17,-0.06763856115285094,-0.06763856115285094
2023-08-08,42.26,25–44，偏冷,10,2023-08-09,6452.98,2023-08-22,6099.19,-0.05482583240611316,-0.061337552572609755
2023-08-09,38.94,25–44，偏冷,10,2023-08-10,6409.22,2023-08-23,5973.67,-0.06795678725336318,-0.0705077635716631
2023-08-10,46.53,45–54，中性,10,2023-08-11,6428.88,2023-08-24,5987.97,-0.06858270803001454,-0.07080704570625052
2023-08-11,34.71,25–44，偏冷,10,2023-08-14,6251.97,2023-08-25,5879.03,-0.05965159781636831,-0.06968688532632006
2023-08-14,48.74,45–54，中性,10,2023-08-15,6318.55,2023-08-28,5922.16,-0.06273432986998606,-0.06956026303503182
2023-08-15,41.75,25–44，偏冷,10,2023-08-16,6240.71,2023-08-29,6108.76,-0.021143427590770925,-0.05899385363979781
2023-08-16,40.57,25–44，偏冷,10,2023-08-17,6167.65,2023-08-30,6139.63,-0.0045430593499954375,-0.05899385363979781
2023-08-17,59.11,55–74，偏热,10,2023-08-18,6245.13,2023-08-31,6104.3,-0.02255037124927739,-0.05862167801150664
2023-08-18,36.47,25–44，偏冷,10,2023-08-21,6107.92,2023-09-01,6107.2,-0.00011787973647336969,-0.03747429566857463
2023-08-21,38.57,25–44，偏冷,10,2023-08-22,6082.72,2023-09-04,6198.76,0.019076991872057247,-0.03609659643329688
2023-08-22,46.38,45–54，中性,10,2023-08-23,6084.15,2023-09-05,6167.64,0.01372254135746176,-0.033713830198137784
2023-08-23,33.61,25–44，偏冷,10,2023-08-24,5989.43,2023-09-06,6195.38,0.034385575922917466,-0.018432471871279943
2023-08-24,42.13,25–44，偏冷,10,2023-08-25,5960.59,2023-09-07,6083.49,0.020618764249847654,-0.018595654614793955
2023-08-25,31.09,25–44，偏冷,10,2023-08-28,6204.1,2023-09-08,6102.49,-0.01637787914443689,-0.0454441417772119
2023-08-28,58.96,55–74，偏热,10,2023-08-29,5909.46,2023-09-11,6182.64,0.04622757409306444,-0.018595654614793955
2023-08-29,68.96,55–74，偏热,10,2023-08-30,6117.41,2023-09-12,6184.61,0.010985041054956124,-0.018595654614793955
2023-08-30,61.31,55–74，偏热,10,2023-08-31,6130.64,2023-09-13,6103.14,-0.004485665444390774,-0.018595654614793955
2023-08-31,41.1,25–44，偏冷,10,2023-09-01,6108.13,2023-09-14,6068.71,-0.006453693683664219,-0.020980002452103408
2023-09-01,45.39,45–54，中性,10,2023-09-04,6129.54,2023-09-15,6079.06,-0.008235528277815263,-0.020980002452103408
2023-09-04,60.62,55–74，偏热,10,2023-09-05,6188.52,2023-09-18,6083.97,-0.01689418471621651,-0.020445880640089897
2023-09-05,47.09,45–54，中性,10,2023-09-06,6146.39,2023-09-19,6031.04,-0.018767113704141858,-0.026526217923678597
2023-09-06,57.13,55–74，偏热,10,2023-09-07,6185.33,2023-09-20,5982.56,-0.032782406112527473,-0.032782406112527473
2023-09-07,34.4,25–44，偏冷,10,2023-09-08,6063.24,2023-09-21,5939.66,-0.020381842051444443,-0.0396063777667468
2023-09-08,46.46,45–54，中性,10,2023-09-11,6114.07,2023-09-22,6054.93,-0.009672771165524674,-0.0396063777667468
2023-09-11,59.77,55–74，偏热,10,2023-09-12,6175.63,2023-09-25,6027.39,-0.02400402873876828,-0.0396063777667468
2023-09-12,52.82,45–54，中性,10,2023-09-13,6169.53,2023-09-26,5996.11,-0.02810911041845976,-0.037258915995221686
2023-09-13,48.66,45–54，中性,10,2023-09-14,6101.77,2023-09-27,6034.06,-0.011096780114622451,-0.026567700847459075
2023-09-14,48.55,45–54，中性,10,2023-09-15,6082.19,2023-09-28,6078.94,-0.0005343470032997955,-0.023719709334529937
2023-09-15,56.61,55–74，偏热,10,2023-09-18,6058.3,2023-10-09,6059.97,0.00027565488668446214,-0.023719709334529937
2023-09-18,59.82,55–74，偏热,10,2023-09-19,6077.4,2023-10-10,6043.48,-0.0055813341231447655,-0.02266429723236907
2023-09-19,44.98,25–44，偏冷,10,2023-09-20,6020.91,2023-10-11,6059.4,0.0063927213660393,-0.013494637853746383
2023-09-20,44.08,25–44，偏冷,10,2023-09-21,5968.35,2023-10-12,6104.46,0.022805297946668635,-0.009714398019465276
2023-09-21,48.91,45–54，中性,10,2023-09-22,5934.27,2023-10-13,6081.87,0.024872477996451092,-0.009714398019465276
2023-09-22,66.94,55–74，偏热,10,2023-09-25,6051.82,2023-10-16,6024.36,-0.00453747798183024,-0.013121553749226078
2023-09-25,53.01,45–54，中性,10,2023-09-26,6017.3,2023-10-17,6011.37,-0.0009854918318847883,-0.015249506098819587
2023-09-26,49.4,45–54，中性,10,2023-09-27,5989.8,2023-10-18,5908.01,-0.013654879962603061,-0.03218138868958098
2023-09-27,59.33,55–74，偏热,10,2023-09-28,6048.83,2023-10-19,5842.89,-0.03404625357300495,-0.04284899892865213
2023-09-28,61.28,55–74，偏热,10,2023-10-09,6073.28,2023-10-20,5774.32,-0.049225459718636344,-0.054081769722465256
2023-10-09,51.59,45–54，中性,10,2023-10-10,6069.91,2023-10-23,5638.14,-0.07113285040470119,-0.07639004924268478
2023-10-10,49.15,45–54，中性,10,2023-10-11,6056.03,2023-10-24,5719.32,-0.0555991301231995,-0.07639004924268478
2023-10-11,64.35,55–74，偏热,10,2023-10-12,6088.55,2023-10-25,5778.9,-0.05085775759417277,-0.07639004924268478
2023-10-12,72.31,55–74，偏热,10,2023-10-13,6080.33,2023-10-26,5811.69,-0.04418181250030839,-0.07295946805834386
2023-10-13,54.78,45–54，中性,10,2023-10-16,6089.42,2023-10-27,5916.68,-0.028367233661005464,-0.0741088642268064
2023-10-16,46.39,45–54，中性,10,2023-10-17,6027.91,2023-10-30,6006.56,-0.0035418577915063976,-0.06466088577964824
2023-10-17,55.1,55–74，偏热,10,2023-10-18,5992.51,2023-10-31,5969.34,-0.0038664933391850953,-0.059135487466854486
2023-10-18,49.2,45–54，中性,10,2023-10-19,5879.81,2023-11-01,5958.42,0.01336947962604218,-0.041101668251185
2023-10-19,47.07,45–54，中性,10,2023-10-20,5816.72,2023-11-02,5885.25,0.01178155386540869,-0.03070115116423
2023-10-20,47.98,45–54，中性,10,2023-10-23,5754.18,2023-11-03,5973.17,0.03805755120625354,-0.02019625209770659
2023-10-23,45.4,45–54，中性,10,2023-10-24,5654.93,2023-11-06,6096.57,0.07809822579589842,-0.02019625209770659
2023-10-24,71.51,55–74，偏热,10,2023-10-25,5753.68,2023-11-07,6116.76,0.06310396129086082,-0.02019625209770659
2023-10-25,73.9,55–74，偏热,10,2023-10-26,5745.53,2023-11-08,6138.94,0.0684723602522308,-0.02019625209770659
2023-10-26,64.97,55–74，偏热,10,2023-10-27,5792.61,2023-11-09,6100.69,0.053185006413343894,-0.02019625209770659
2023-10-27,76.03,75–100，极热,10,2023-10-30,5899.38,2023-11-10,6088.56,0.03206777661381377,-0.02019625209770659
2023-10-30,76.14,75–100，极热,10,2023-10-31,6003.37,2023-11-13,6144.63,0.02353011725081089,-0.019675615529277657
2023-10-31,46.41,45–54，中性,10,2023-11-01,5969.81,2023-11-14,6181.98,0.035540494588604865,-0.014164604903673772
2023-11-01,57.01,55–74，偏热,10,2023-11-02,5958.48,2023-11-15,6207.27,0.041753937245740724,-0.012290047126112591
2023-11-02,45.8,45–54，中性,10,2023-11-03,5895.6,2023-11-16,6145.15,0.0423281769455186,-0.010007620097079895
2023-11-03,68.52,55–74，偏热,10,2023-11-06,6007.43,2023-11-17,6199.23,0.03192713023705629,-0.010007620097079895
2023-11-06,80.47,75–100，极热,10,2023-11-07,6088.51,2023-11-20,6253.28,0.02706245041890365,-0.010007620097079895
2023-11-07,69.9,55–74，偏热,10,2023-11-08,6114.99,2023-11-21,6212.13,0.015885553369670236,-0.010007620097079895
2023-11-08,73.42,55–74，偏热,10,2023-11-09,6135.07,2023-11-22,6132.97,-0.0003422943829490821,-0.01923950310876843
2023-11-09,43.34,25–44，偏冷,10,2023-11-10,6079.47,2023-11-23,6197.53,0.019419455972313315,-0.01923950310876843
2023-11-10,53.97,45–54，中性,10,2023-11-13,6107.27,2023-11-24,6115.41,0.0013328377491088617,-0.022047629404088664
2023-11-13,70.03,55–74，偏热,10,2023-11-14,6143.48,2023-11-27,6111.36,-0.0052283070832818135,-0.02269528951206412
2023-11-14,74.82,55–74，偏热,10,2023-11-15,6226.2,2023-11-28,6143.3,-0.013314702386688415,-0.02269528951206412
2023-11-15,77.92,75–100，极热,10,2023-11-16,6188.83,2023-11-29,6113.37,-0.012192934690401946,-0.02269528951206412
2023-11-16,46.25,45–54，中性,10,2023-11-17,6135.83,2023-11-30,6080.55,-0.009009376074630482,-0.027622303814957894
2023-11-17,69.27,55–74，偏热,10,2023-11-20,6211.34,2023-12-01,6130.05,-0.013087353131530421,-0.027622303814957894
2023-11-20,75.57,75–100，极热,10,2023-11-21,6258.74,2023-12-04,6114.39,-0.023063747655278743,-0.02847058673151459
2023-11-21,45.08,45–54，中性,10,2023-11-22,6193.36,2023-12-05,5992.6,-0.0324153609672293,-0.03306639903316311
2023-11-22,42.41,25–44，偏冷,10,2023-11-23,6123.59,2023-12-06,6023.8,-0.016295996302822413,-0.03306639903316311
2023-11-23,64.82,55–74，偏热,10,2023-11-24,6194.02,2023-12-07,6020.83,-0.02796083964856433,-0.03251846135466141
2023-11-24,42.35,25–44，偏冷,10,2023-11-27,6107.56,2023-12-08,6003.14,-0.017096843911480253,-0.024530789640746842
2023-11-27,54.56,45–54，中性,10,2023-11-28,6099.51,2023-12-11,6075.08,-0.004005239765161539,-0.024530789640746842
2023-11-28,54.66,45–54，中性,10,2023-11-29,6138.76,2023-12-12,6078.99,-0.009736494015078034,-0.023809368667287778
2023-11-29,43.92,25–44，偏冷,10,2023-11-30,6104.77,2023-12-13,6019.55,-0.013959575872637298,-0.022422329344785052
2023-11-30,45.31,45–54，中性,10,2023-12-01,6078.64,2023-12-14,5991.86,-0.014276219680718127,-0.022543046141548673
2023-12-01,53.38,45–54，中性,10,2023-12-04,6131.59,2023-12-15,5951.6,-0.029354539360916143,-0.029354539360916143
2023-12-04,51.75,45–54，中性,10,2023-12-05,6098.12,2023-12-18,5857.01,-0.039538415118101966,-0.039538415118101966
2023-12-05,48.5,45–54，中性,10,2023-12-06,5977.61,2023-12-19,5863.54,-0.019082877604928994,-0.03651593439041678
2023-12-06,55.71,55–74，偏热,10,2023-12-07,6019.96,2023-12-20,5761.31,-0.04296540176346686,-0.05225868112959542
2023-12-07,48.28,45–54，中性,10,2023-12-08,6021.92,2023-12-21,5798.91,-0.03703303929643709,-0.05225868112959542
2023-12-08,53.06,45–54，中性,10,2023-12-11,5984.68,2023-12-22,5733.91,-0.04190198974715442,-0.05676600882712424
2023-12-11,68.45,55–74，偏热,10,2023-12-12,6070.88,2023-12-25,5735.73,-0.055206164509922884,-0.05676600882712424
2023-12-12,64.17,55–74，偏热,10,2023-12-13,6067.78,2023-12-26,5651.59,-0.0685901598278118,-0.0685901598278118
2023-12-13,55.18,55–74，偏热,10,2023-12-14,6038.92,2023-12-27,5696.16,-0.056758493240513186,-0.06413895199803932
2023-12-14,50.98,45–54，中性,10,2023-12-15,6000.26,2023-12-28,5805.53,-0.03245359367760736,-0.058109148603560534
2023-12-15,52.95,45–54，中性,10,2023-12-18,5939.43,2023-12-29,5887.24,-0.008787038486858245,-0.048462562905868145
2023-12-18,47.48,45–54，中性,10,2023-12-19,5853.19,2024-01-02,5854.75,0.00026652133281168666,-0.036147105673364543
2023-12-19,54.46,45–54，中性,10,2023-12-20,5869.56,2024-01-03,5824.04,-0.007755266152829288,-0.037135662639107614
2023-12-20,47.39,45–54，中性,10,2023-12-21,5739.02,2024-01-04,5783.02,0.007666814194758009,-0.025404774345523462
2023-12-21,57.4,55–74，偏热,10,2023-12-22,5797.61,2024-01-05,5675.81,-0.021008657015563204,-0.03591326326088273
2023-12-22,43.08,25–44，偏冷,10,2023-12-25,5726.56,2024-01-08,5543.57,-0.031954611494509955,-0.058375401716254105
2023-12-25,50.04,45–54，中性,10,2023-12-26,5734.15,2024-01-09,5553.3,-0.03153911216134897,-0.058375401716254105
2023-12-26,44.71,25–44，偏冷,10,2023-12-27,5658.19,2024-01-10,5512.07,-0.02582451278589093,-0.06372595647536028
2023-12-27,56.37,55–74，偏热,10,2023-12-28,5687.75,2024-01-11,5611.11,-0.01347457254626172,-0.06372595647536028
2023-12-28,63.66,55–74，偏热,10,2023-12-29,5797.58,2024-01-12,5574.49,-0.03847984848850727,-0.06372595647536028
2023-12-29,62.31,55–74，偏热,10,2024-01-02,5891.17,2024-01-15,5559.38,-0.056319882128677334,-0.0643505449681473
2024-01-02,56.33,55–74，偏热,10,2024-01-03,5838.55,2024-01-16,5539.47,-0.05122504731482991,-0.055917993337386895
2024-01-03,45.06,45–54，中性,10,2024-01-04,5814.94,2024-01-17,5389.12,-0.0732286145686799,-0.0732286145686799
2024-01-04,44.55,25–44，偏冷,10,2024-01-05,5779.76,2024-01-18,5373.42,-0.07030395725774086,-0.07030395725774086
2024-01-05,34.28,25–44，偏冷,10,2024-01-08,5664.45,2024-01-19,5306.99,-0.0631058619989584,-0.0631058619989584
2024-01-08,32.18,25–44，偏冷,10,2024-01-09,5553.18,2024-01-22,5000.83,-0.09946553146125292,-0.10876279381441456
2024-01-09,45.65,45–54，中性,10,2024-01-10,5540.66,2024-01-23,5079.63,-0.08320849862651736,-0.10876279381441456
2024-01-10,35.15,25–44，偏冷,10,2024-01-11,5507.8,2024-01-24,5143.41,-0.06615890192091223,-0.10876279381441456
2024-01-11,56.01,55–74，偏热,10,2024-01-12,5601.1,2024-01-25,5316.2,-0.050865008659013555,-0.10717002017460864
2024-01-12,32.58,25–44，偏冷,10,2024-01-15,5558.15,2024-01-26,5269.76,-0.051885969252359,-0.10046983656450903
2024-01-15,37.67,25–44，偏冷,10,2024-01-16,5555.0,2024-01-29,5131.25,-0.07628262826282628,-0.0997605760576058
2024-01-16,41.81,25–44，偏冷,10,2024-01-17,5529.89,2024-01-30,4984.66,-0.0985968979491455,-0.0985968979491455
2024-01-17,28.12,25–44，偏冷,10,2024-01-18,5360.21,2024-01-31,4785.03,-0.10730549735924533,-0.1095000949116206
2024-01-18,40.69,25–44，偏冷,10,2024-01-19,5364.81,2024-02-01,4750.44,-0.11451850112119544,-0.11451850112119544
2024-01-19,26.62,25–44，偏冷,10,2024-01-22,5298.31,2024-02-02,4574.67,-0.13657939984636613,-0.1394849704676272
2024-01-22,16.69,0–24，极冷,10,2024-01-23,4992.79,2024-02-05,4293.07,-0.14014609066273576,-0.19245513712802376
2024-01-23,31.87,25–44，偏冷,10,2024-01-24,5102.82,2024-02-06,4592.44,-0.10001920506700224,-0.19245513712802376
2024-01-24,46.2,45–54，中性,10,2024-01-25,5143.29,2024-02-07,4797.85,-0.06716323598319351,-0.19245513712802376
2024-01-25,54.4,45–54，中性,10,2024-01-26,5303.96,2024-02-08,4993.1,-0.058609039283855746,-0.1905915580057166
2024-01-26,31.16,25–44，偏冷,10,2024-01-29,5282.82,2024-02-19,5029.59,-0.047934625824843424,-0.18735258820099876
2024-01-29,20.19,0–24，极冷,10,2024-01-30,5099.59,2024-02-20,5046.01,-0.010506727011387218,-0.15815389080298625
2024-01-30,17.08,0–24，极冷,10,2024-01-31,4949.19,2024-02-21,5073.48,0.025113200341874142,-0.13257118841669036
2024-01-31,11.16,0–24，极冷,10,2024-02-01,4753.64,2024-02-22,5151.53,0.08370217349231313,-0.09688785856732962
2024-02-01,19.28,0–24，极冷,10,2024-02-02,4753.67,2024-02-23,5225.67,0.09929170514570851,-0.09689355802990118
2024-02-02,7.5,0–24，极冷,10,2024-02-05,4534.75,2024-02-26,5255.4,0.15891725012404212,-0.053295109984012434
2024-02-05,5.47,0–24，极冷,10,2024-02-06,4229.79,2024-02-27,5394.03,0.2752477073329882,0.0
2024-02-06,44.82,25–44，偏冷,10,2024-02-07,4604.12,2024-02-28,5152.05,0.11900862705576754,-0.04486070711508827
2024-02-07,40.61,25–44，偏冷,10,2024-02-08,4826.14,2024-02-29,5344.61,0.1074295399636147,-0.04486070711508827
2024-02-08,61.26,55–74，偏热,10,2024-02-19,5062.68,2024-03-01,5401.94,0.06701193834095753,-0.04486070711508827
2024-02-19,68.79,55–74，偏热,10,2024-02-20,5004.42,2024-03-04,5428.34,0.08470911714044793,-0.04486070711508827
2024-02-20,61.76,55–74，偏热,10,2024-02-21,5001.66,2024-03-05,5375.13,0.07466920982233893,-0.04486070711508827
2024-02-21,75.22,75–100，极热,10,2024-02-22,5075.43,2024-03-06,5381.46,0.06029636897760371,-0.04486070711508827
2024-02-22,72.94,55–74，偏热,10,2024-02-23,5169.01,2024-03-07,5303.28,0.025975960580459256,-0.04486070711508827
2024-02-23,74.87,55–74，偏热,10,2024-02-26,5234.81,2024-03-08,5370.37,0.025895877787350363,-0.04486070711508827
2024-02-26,65.71,55–74，偏热,10,2024-02-27,5237.11,2024-03-11,5466.65,0.0438295166609064,-0.04486070711508827
2024-02-27,76.89,75–100，极热,10,2024-02-28,5403.5,2024-03-12,5496.36,0.017185157768113246,-0.046534653465346465
2024-02-28,30.83,25–44，偏冷,10,2024-02-29,5122.18,2024-03-13,5521.78,0.07801365824707429,-0.023038350582314404
2024-02-29,79.33,75–100，极热,10,2024-03-01,5354.73,2024-03-14,5486.65,0.024636162794389183,-0.023038350582314404
2024-03-01,75.22,75–100，极热,10,2024-03-04,5412.91,2024-03-15,5555.64,0.02636844137441785,-0.023038350582314404
2024-03-04,70.25,55–74，偏热,10,2024-03-05,5392.88,2024-03-18,5648.01,0.047308673658601696,-0.016614499117354797
2024-03-05,47.22,45–54，中性,10,2024-03-06,5346.08,2024-03-19,5607.48,0.04889563942178188,-0.014527656063596184
2024-03-06,64.5,55–74，偏热,10,2024-03-07,5389.99,2024-03-20,5659.15,0.04993701287015373,-0.016087228362204775
2024-03-07,46.69,45–54，中性,10,2024-03-08,5309.59,2024-03-21,5658.28,0.06567173736578513,-0.00717597879607168
2024-03-08,71.36,55–74，偏热,10,2024-03-11,5358.84,2024-03-22,5595.88,0.04423345350859509,-0.011180124223602372
2024-03-11,85.57,75–100，极热,10,2024-03-12,5477.13,2024-03-25,5466.06,-0.002021131505003493,-0.034119965012413433
2024-03-12,87.34,75–100，极热,10,2024-03-13,5501.59,2024-03-26,5447.75,-0.009786261789773487,-0.03735543323644008
2024-03-13,64.98,55–74，偏热,10,2024-03-14,5521.72,2024-03-27,5266.23,-0.04627000282520677,-0.06943092160483466
2024-03-14,59.84,55–74，偏热,10,2024-03-15,5472.89,2024-03-28,5382.24,-0.0165634609867914,-0.06943092160483466
2024-03-15,86.59,75–100，极热,10,2024-03-18,5573.93,2024-03-29,5441.26,-0.023801877669794913,-0.06943092160483466
2024-03-18,94.67,75–100，极热,10,2024-03-19,5633.5,2024-04-01,5559.06,-0.013213810242300505,-0.06943092160483466
2024-03-19,65.34,55–74，偏热,10,2024-03-20,5600.12,2024-04-02,5531.05,-0.012333664278622591,-0.06943092160483466
2024-03-20,89.69,75–100，极热,10,2024-03-21,5674.5,2024-04-03,5500.93,-0.030587716979469493,-0.07194818926777702
2024-03-21,66.03,55–74，偏热,10,2024-03-22,5649.08,2024-04-08,5399.91,-0.044108067154297714,-0.06777209740347112
2024-03-22,52.58,45–54，中性,10,2024-03-25,5581.35,2024-04-09,5468.91,-0.020145663683517556,-0.05645945873310232
2024-03-25,45.95,45–54，中性,10,2024-03-26,5454.65,2024-04-10,5367.05,-0.016059692189232977,-0.034543004592412
2024-03-26,67.58,55–74，偏热,10,2024-03-27,5435.97,2024-04-11,5379.92,-0.010310947264241754,-0.034540012160329314
2024-03-27,45.97,45–54，中性,10,2024-03-28,5262.22,2024-04-12,5338.77,0.014547092291846475,-0.03962720316024648
2024-03-28,72.05,55–74，偏热,10,2024-03-29,5383.74,2024-04-15,5287.51,-0.017874191547139984,-0.04884818656391554
2024-03-29,68.29,55–74，偏热,10,2024-04-01,5461.59,2024-04-16,5066.66,-0.07231044439439804,-0.08857612617960597
2024-04-01,80.22,75–100，极热,10,2024-04-02,5556.52,2024-04-17,5287.46,-0.04842239387242386,-0.08815949551157931
2024-04-02,57.83,55–74，偏热,10,2024-04-03,5518.91,2024-04-18,5286.72,-0.04207171343616756,-0.08194552909904307
2024-04-03,51.13,45–54，中性,10,2024-04-08,5487.63,2024-04-19,5264.39,-0.04068058524353857,-0.07671253346162188
2024-04-08,45.83,45–54，中性,10,2024-04-09,5392.99,2024-04-22,5246.08,-0.027240918303204742,-0.07355213378900005
2024-04-09,63.98,55–74，偏热,10,2024-04-10,5456.97,2024-04-23,5218.43,-0.04371290294797292,-0.07152504045285213
2024-04-10,38.8,25–44，偏冷,10,2024-04-11,5330.68,2024-04-24,5305.61,-0.004702964724950798,-0.058227631637645216
2024-04-11,46.38,45–54，中性,10,2024-04-12,5379.17,2024-04-25,5313.99,-0.012117111004114056,-0.05809632341048898
2024-04-12,39.66,25–44，偏冷,10,2024-04-15,5320.81,2024-04-26,5415.94,0.017878856790601194,-0.04776528385715717
2024-04-15,46.18,45–54，中性,10,2024-04-16,5255.21,2024-04-29,5545.23,0.05518713809724063,-0.03587868039526487
2024-04-16,26.21,25–44，偏冷,10,2024-04-17,5109.08,2024-04-30,5497.43,0.07601172813892143,-0.013055417913326983
2024-04-17,61.7,55–74，偏热,10,2024-04-18,5276.47,2024-05-06,5606.84,0.06261193563120804,-0.012917271956903287
2024-04-18,46.22,45–54，中性,10,2024-04-19,5257.01,2024-05-07,5625.34,0.07006454239196813,-0.008730356223608071
2024-04-19,38.6,25–44，偏冷,10,2024-04-22,5231.56,2024-05-08,5536.66,0.05831912469703093,-0.015764380464114214
2024-04-22,37.24,25–44，偏冷,10,2024-04-23,5234.43,2024-05-09,5626.83,0.0749651824553963,-0.015764380464114214
2024-04-23,42.4,25–44，偏冷,10,2024-04-24,5219.26,2024-05-10,5574.23,0.06801155719393148,-0.015764380464114214
2024-04-24,54.08,45–54，中性,10,2024-04-25,5285.14,2024-05-13,5520.8,0.04458916887726727,-0.018843647311185818
2024-04-25,43.69,25–44，偏冷,10,2024-04-26,5303.15,2024-05-14,5551.68,0.04686459934190079,-0.018843647311185818
2024-04-26,64.89,55–74，偏热,10,2024-04-29,5422.41,2024-05-15,5497.23,0.01379829264109489,-0.023032506757801552
2024-04-29,73.61,55–74，偏热,10,2024-04-30,5530.94,2024-05-16,5488.95,-0.007591837915435717,-0.024504028022883206
2024-04-30,41.06,25–44，偏冷,10,2024-05-06,5558.92,2024-05-17,5563.23,0.0007753304598734356,-0.024504028022883206
2024-05-06,67.5,55–74，偏热,10,2024-05-07,5604.27,2024-05-20,5596.78,-0.0013364809332885308,-0.024504028022883206
2024-05-07,62.49,55–74，偏热,10,2024-05-08,5605.59,2024-05-21,5536.74,-0.012282382407561077,-0.024504028022883206
2024-05-08,51.21,45–54，中性,10,2024-05-09,5533.51,2024-05-22,5539.66,0.0011114102983458274,-0.024504028022883206
2024-05-09,68.1,55–74，偏热,10,2024-05-10,5632.76,2024-05-23,5412.82,-0.039046577521499315,-0.039046577521499315
2024-05-10,50.22,45–54，中性,10,2024-05-13,5537.93,2024-05-24,5350.11,-0.03391519936149434,-0.044073556580748185
2024-05-13,47.46,45–54，中性,10,2024-05-14,5524.43,2024-05-27,5404.62,-0.02168730529665508,-0.044073556580748185
2024-05-14,58.49,55–74，偏热,10,2024-05-15,5541.81,2024-05-28,5348.03,-0.03496691514144312,-0.04444519884647957
2024-05-15,45.93,45–54，中性,10,2024-05-16,5508.95,2024-05-29,5351.25,-0.028626144728124192,-0.04444519884647957
2024-05-16,60.48,55–74，偏热,10,2024-05-17,5489.42,2024-05-30,5334.3,-0.02825799446936106,-0.046898395148638916
2024-05-17,66.98,55–74，偏热,10,2024-05-20,5563.65,2024-05-31,5355.21,-0.03746461405731838,-0.046898395148638916
2024-05-20,59.6,55–74，偏热,10,2024-05-21,5586.01,2024-06-03,5284.62,-0.05395443259142041,-0.05395443259142041
2024-05-21,46.68,45–54，中性,10,2024-05-22,5532.84,2024-06-04,5313.71,-0.039605338307270754,-0.04603892657672126
2024-05-22,59.15,55–74，偏热,10,2024-05-23,5521.18,2024-06-05,5244.09,-0.0501867354442348,-0.0501867354442348
2024-05-23,44.06,25–44，偏冷,10,2024-05-24,5401.58,2024-06-06,5130.87,-0.050116817671866376,-0.050651109606225764
2024-05-24,38.66,25–44，偏冷,10,2024-05-27,5358.08,2024-06-07,5153.59,-0.03816479037267073,-0.050651109606225764
2024-05-27,49.47,45–54，中性,10,2024-05-28,5390.4,2024-06-11,5198.92,-0.03552241021074498,-0.048146705253784505
2024-05-28,37.38,25–44，偏冷,10,2024-05-29,5336.7,2024-06-12,5216.46,-0.022530777446736705,-0.04189191460278874
2024-05-29,44.5,25–44，偏冷,10,2024-05-30,5334.8,2024-06-13,5180.24,-0.028972032691010008,-0.04189191460278874
2024-05-30,37.51,25–44，偏冷,10,2024-05-31,5334.1,2024-06-14,5180.65,-0.028767739637427292,-0.04189191460278874
2024-05-31,47.49,45–54，中性,10,2024-06-03,5350.64,2024-06-17,5183.97,-0.031149544727359757,-0.04107359119656717
2024-06-03,34.75,25–44，偏冷,10,2024-06-04,5267.36,2024-06-18,5227.25,-0.007614820327450533,-0.03440910399701902
2024-06-04,42.73,25–44，偏冷,10,2024-06-05,5294.3,2024-06-19,5159.99,-0.02536879285269067,-0.03086904784390765
2024-06-05,36.19,25–44，偏冷,10,2024-06-06,5249.95,2024-06-20,5056.14,-0.03691654206230521,-0.03691654206230521
2024-06-06,29.9,25–44，偏冷,10,2024-06-07,5159.17,2024-06-21,5055.33,-0.02012726853350444,-0.03288918647472383
2024-06-07,46.14,45–54，中性,10,2024-06-11,5132.22,2024-06-24,4887.78,-0.04762851163823856,-0.06494236931464925
2024-06-11,41.96,25–44，偏冷,10,2024-06-12,5188.36,2024-06-25,4847.61,-0.06567585903830886,-0.07262709837868864
2024-06-12,51.34,45–54，中性,10,2024-06-13,5214.41,2024-06-26,4986.38,-0.04373073847280895,-0.07262709837868864
2024-06-13,43.99,25–44，偏冷,10,2024-06-14,5164.87,2024-06-27,4864.09,-0.0582357348781285,-0.07262709837868864
2024-06-14,48.05,45–54，中性,10,2024-06-17,5158.98,2024-06-28,4895.99,-0.050977131138325804,-0.07262709837868864
2024-06-17,49.66,45–54，中性,10,2024-06-18,5183.27,2024-07-01,4940.25,-0.04688546033681451,-0.07262709837868864
2024-06-18,66.6,55–74，偏热,10,2024-06-19,5230.49,2024-07-02,4905.65,-0.062105080021183534,-0.07320155473005396
2024-06-19,53.66,45–54，中性,10,2024-06-20,5150.8,2024-07-03,4867.13,-0.05507299836918533,-0.05886270093965995
2024-06-20,42.78,25–44，偏冷,10,2024-06-21,5040.63,2024-07-04,4761.87,-0.055302610983150924,-0.05804962287328419
2024-06-21,46.94,45–54，中性,10,2024-06-24,5025.52,2024-07-05,4810.79,-0.04272791671309639,-0.05246223276397277
2024-06-24,36.39,25–44，偏冷,10,2024-06-25,4885.89,2024-07-08,4693.96,-0.03928250533679645,-0.05864374556291341
2024-06-25,46.83,45–54，中性,10,2024-06-26,4842.0,2024-07-09,4797.06,-0.009281288723667847,-0.05864374556291341
2024-06-26,60.48,55–74，偏热,10,2024-06-27,4964.66,2024-07-10,4777.68,-0.03766219640418467,-0.05452538542417806
2024-06-27,36.2,25–44，偏冷,10,2024-06-28,4855.35,2024-07-11,4893.59,0.007875848291060361,-0.04985375234046863
2024-06-28,46.99,45–54，中性,10,2024-07-01,4894.56,2024-07-12,4878.02,-0.003379261874407513,-0.04985375234046863
2024-07-01,50.5,45–54，中性,10,2024-07-02,4940.7,2024-07-15,4827.6,-0.022891493108263883,-0.04994029186147708
2024-07-02,49.16,45–54，中性,10,2024-07-03,4900.67,2024-07-16,4836.72,-0.013049236124856312,-0.0421799468235976
2024-07-03,39.9,25–44，偏冷,10,2024-07-04,4868.55,2024-07-17,4795.62,-0.014979819453430743,-0.03586077990366743
2024-07-04,35.94,25–44，偏冷,10,2024-07-05,4753.73,2024-07-18,4812.43,0.012348198151767242,-0.0242849926935077
2024-07-05,55.65,55–74，偏热,10,2024-07-08,4801.49,2024-07-19,4821.42,0.0041507948574297515,-0.022395131511260047
2024-07-08,34.61,25–44，偏冷,10,2024-07-09,4689.27,2024-07-22,4826.87,0.029343586528393528,-0.020020067067326952
2024-07-09,54.75,45–54，中性,10,2024-07-10,4783.17,2024-07-23,4694.95,-0.018443835364413186,-0.04059187631166494
2024-07-10,39.01,25–44，偏冷,10,2024-07-11,4846.11,2024-07-24,4631.01,-0.04438611587438157,-0.05365794845910665
2024-07-11,61.13,55–74，偏热,10,2024-07-12,4884.41,2024-07-25,4632.57,-0.051559963229950045,-0.05187934673788641
2024-07-12,43.59,25–44，偏冷,10,2024-07-15,4869.0,2024-07-26,4702.08,-0.034282193468884836,-0.048878619839802795
2024-07-15,38.62,25–44，偏冷,10,2024-07-16,4815.74,2024-07-29,4685.65,-0.027013501559469577,-0.042530888701434066
2024-07-16,50.82,45–54，中性,10,2024-07-17,4834.44,2024-07-30,4702.49,-0.02729375067225981,-0.04207933080149917
2024-07-17,44.58,25–44，偏冷,10,2024-07-18,4763.3,2024-07-31,4889.08,0.0264060630235341,-0.04057701989073659
2024-07-18,44.29,25–44，偏冷,10,2024-07-19,4788.77,2024-08-01,4878.29,0.018693735552135493,-0.04057701989073659
2024-07-19,51.66,45–54，中性,10,2024-07-22,4822.64,2024-08-02,4809.89,-0.002643780170197285,-0.04057701989073659
2024-07-22,47.52,45–54，中性,10,2024-07-23,4825.75,2024-08-05,4678.78,-0.03045536963166351,-0.04301422762564744
2024-07-23,31.13,25–44，偏冷,10,2024-07-24,4682.06,2024-08-06,4749.95,0.014500027765556034,-0.04301422762564744
2024-07-24,26.06,25–44，偏冷,10,2024-07-25,4602.63,2024-08-07,4743.41,0.030586860121278425,-0.04301422762564744
2024-07-25,42.83,25–44，偏冷,10,2024-07-26,4638.31,2024-08-08,4739.49,0.021813979660695315,-0.04301422762564744
2024-07-26,46.81,45–54，中性,10,2024-07-29,4707.28,2024-08-09,4702.75,-0.0009623391852618957,-0.04301422762564744
2024-07-29,41.48,25–44，偏冷,10,2024-07-30,4674.92,2024-08-12,4674.1,-0.0001754040710856275,-0.04397146293372156
2024-07-30,44.96,25–44，偏冷,10,2024-07-31,4698.73,2024-08-13,4697.59,-0.00024261875017284051,-0.04397146293372156
2024-07-31,65.46,55–74，偏热,10,2024-08-01,4894.81,2024-08-14,4649.28,-0.050161293288197184,-0.050161293288197184
2024-08-01,40.25,25–44，偏冷,10,2024-08-02,4844.78,2024-08-15,4691.85,-0.0315659328184148,-0.04035270951415748
2024-08-02,28.99,25–44，偏冷,10,2024-08-05,4776.18,2024-08-16,4655.65,-0.02523564857270888,-0.026569350401366876
2024-08-05,19.03,0–24，极冷,10,2024-08-06,4731.2,2024-08-19,4663.61,-0.01428601623266823,-0.021193907304287385
2024-08-06,48.71,45–54，中性,10,2024-08-07,4741.65,2024-08-20,4579.3,-0.03423913616568064,-0.03459747312587347
2024-08-07,39.45,25–44，偏冷,10,2024-08-08,4728.33,2024-08-21,4548.26,-0.03808321331209952,-0.04034822312105302
2024-08-08,37.26,25–44，偏冷,10,2024-08-09,4760.13,2024-08-22,4491.84,-0.056361906082396884,-0.056361906082396884
2024-08-09,30.83,25–44，偏冷,10,2024-08-12,4696.36,2024-08-23,4495.34,-0.04280336260422957,-0.04379905440874998
2024-08-12,30.91,25–44，偏冷,10,2024-08-13,4671.2,2024-08-26,4512.89,-0.03389064908374706,-0.04379905440874998
2024-08-13,46.74,45–54，中性,10,2024-08-14,4698.0,2024-08-27,4459.68,-0.050727969348658974,-0.050727969348658974
2024-08-14,35.4,25–44，偏冷,10,2024-08-15,4639.08,2024-08-28,4470.55,-0.036328323719358124,-0.0494836791457528
2024-08-15,54.62,45–54，中性,10,2024-08-16,4696.72,2024-08-29,4542.46,-0.03284419765283009,-0.05046926365633886
2024-08-16,31.1,25–44，偏冷,10,2024-08-19,4651.3,2024-08-30,4629.32,-0.004725560595962519,-0.043727927506802544
2024-08-19,36.68,25–44，偏冷,10,2024-08-20,4663.78,2024-09-02,4532.51,-0.028146696456522347,-0.043762784693960555
2024-08-20,27.94,25–44，偏冷,10,2024-08-21,4564.38,2024-09-03,4572.4,0.001757084204207171,-0.0229384932893405
2024-08-21,35.39,25–44，偏冷,10,2024-08-22,4549.3,2024-09-04,4550.77,0.0003231266348668882,-0.020912358618544347
2024-08-22,29.14,25–44，偏冷,10,2024-08-23,4482.65,2024-09-05,4586.78,0.0232295628701773,-0.020912358618544347
2024-08-23,34.14,25–44，偏冷,10,2024-08-26,4492.71,2024-09-06,4508.23,0.0034544851548397038,-0.02615718939282663
2024-08-26,42.82,25–44，偏冷,10,2024-08-27,4500.74,2024-09-09,4475.53,-0.005601301119371516,-0.033220861811237956
2024-08-27,28.23,25–44，偏冷,10,2024-08-28,4449.71,2024-09-10,4487.58,0.008510666987286752,-0.033220861811237956
2024-08-28,39.0,25–44，偏冷,10,2024-08-29,4453.43,2024-09-11,4486.01,0.0073157094643903076,-0.033220861811237956
2024-08-29,51.49,45–54，中性,10,2024-08-30,4539.93,2024-09-12,4468.74,-0.015680858515439766,-0.0346875999066818
2024-08-30,66.45,55–74，偏热,10,2024-09-02,4627.18,2024-09-13,4413.19,-0.04624630984746669,-0.04624630984746669
2024-09-02,24.47,0–24，极冷,10,2024-09-03,4529.94,2024-09-18,4399.13,-0.028876762164620207,-0.0409110530699095
2024-09-03,52.5,45–54，中性,10,2024-09-04,4542.9,2024-09-19,4482.27,-0.013346100508485614,-0.0409110530699095
2024-09-04,40.7,25–44，偏冷,10,2024-09-05,4554.52,2024-09-20,4463.36,-0.020015281522531625,-0.0409110530699095
2024-09-05,52.93,45–54，中性,10,2024-09-06,4588.93,2024-09-23,4469.13,-0.02610630364812716,-0.04136040427724985
2024-09-06,34.64,25–44，偏冷,10,2024-09-09,4490.99,2024-09-24,4642.56,0.03374979681540169,-0.020454287362029255
2024-09-09,36.56,25–44，偏冷,10,2024-09-10,4481.49,2024-09-25,4686.26,0.04569239248553503,-0.01970995503144235
2024-09-10,41.5,25–44，偏冷,10,2024-09-11,4469.01,2024-09-26,4874.13,0.09065094953915964,-0.01936687613268806
2024-09-11,40.37,25–44，偏冷,10,2024-09-12,4490.52,2024-09-27,5136.44,0.14384080240150343,-0.02035176327017818
2024-09-12,44.54,25–44，偏冷,10,2024-09-13,4471.98,2024-09-30,5708.83,0.2765777127804687,-0.016290323301982435
2024-09-13,35.65,25–44，偏冷,10,2024-09-18,4413.9,2024-10-08,6201.99,0.4051043295045198,-0.004218844469431993
2024-09-18,37.4,25–44，偏冷,10,2024-09-19,4418.78,2024-10-09,5727.38,0.2961450898211724,-0.07652543780302767
2024-09-19,66.52,55–74，偏热,10,2024-09-20,4484.18,2024-10-10,5654.53,0.2609953213296521,-0.08827166764215999
2024-09-20,43.77,25–44，偏冷,10,2024-09-23,4462.72,2024-10-11,5416.76,0.21377993689946928,-0.12660936247881727
2024-09-23,48.48,45–54，中性,10,2024-09-24,4489.49,2024-10-14,5615.76,0.25086813869726865,-0.12660936247881727
2024-09-24,73.46,55–74，偏热,10,2024-09-25,4688.39,2024-10-15,5507.18,0.17464204129775895,-0.12660936247881727
2024-09-25,72.95,55–74，偏热,10,2024-09-26,4675.94,2024-10-16,5524.25,0.18142020641838874,-0.12660936247881727
2024-09-26,81.86,75–100，极热,10,2024-09-27,4950.94,2024-10-17,5505.61,0.11203327044965206,-0.12660936247881727
2024-09-27,90.25,75–100，极热,10,2024-09-30,5375.57,2024-10-18,5749.43,0.06954797351722708,-0.12660936247881727
2024-09-30,99.87,75–100，极热,10,2024-10-08,6437.11,2024-10-21,5860.57,-0.08956503772655744,-0.15851057384447365
2024-10-08,99.82,75–100，极热,10,2024-10-09,6052.67,2024-10-22,5888.81,-0.027072349888561553,-0.1050627243844452
2024-10-09,54.11,45–54，中性,10,2024-10-10,5777.9,2024-10-23,5903.58,0.021751847557071047,-0.06250367780681554
2024-10-10,64.29,55–74，偏热,10,2024-10-11,5610.95,2024-10-24,5861.63,0.04467692636719267,-0.034609112538874776
2024-10-11,52.97,45–54，中性,10,2024-10-14,5451.62,2024-10-25,5974.91,0.09598798155410693,-0.019614442212630312
2024-10-14,96.88,75–100，极热,10,2024-10-15,5585.69,2024-10-28,6082.09,0.08886995160848543,-0.01433663522322215
2024-10-15,57.93,55–74，偏热,10,2024-10-16,5425.43,2024-10-29,5983.84,0.10292456081822077,-0.016153986540810794
2024-10-16,66.46,55–74，偏热,10,2024-10-17,5563.46,2024-10-30,6019.35,0.08194361063079447,-0.016153986540810794
2024-10-17,61.79,55–74，偏热,10,2024-10-18,5495.2,2024-10-31,6116.66,0.1130914252438493,-0.016153986540810794
2024-10-18,97.59,75–100，极热,10,2024-10-21,5797.0,2024-11-01,5930.23,0.022982577195100884,-0.0304790522932451
2024-10-21,94.58,75–100，极热,10,2024-10-22,5866.79,2024-11-04,6053.11,0.03175842326042,-0.0304790522932451
2024-10-22,86.32,75–100，极热,10,2024-10-23,5871.32,2024-11-05,6266.54,0.06731365348848306,-0.0304790522932451
2024-10-23,90.13,75–100，极热,10,2024-10-24,5871.29,2024-11-06,6293.19,0.07185814361068865,-0.0304790522932451
2024-10-24,65.61,55–74，偏热,10,2024-10-25,5876.44,2024-11-07,6403.92,0.08976182859009896,-0.0304790522932451
2024-10-25,95.67,75–100，极热,10,2024-10-28,5988.72,2024-11-08,6423.12,0.0725363683725404,-0.0304790522932451
2024-10-28,96.34,75–100，极热,10,2024-10-29,6106.19,2024-11-11,6579.01,0.0774329000571552,-0.0304790522932451
2024-10-29,61.36,55–74，偏热,10,2024-10-30,5960.79,2024-11-12,6491.97,0.08911234920203537,-0.0304790522932451
2024-10-30,64.52,55–74，偏热,10,2024-10-31,6041.01,2024-11-13,6474.39,0.07173965942781102,-0.0304790522932451
2024-10-31,81.2,75–100，极热,10,2024-11-01,6100.79,2024-11-14,6272.19,0.028094722158933383,-0.046636196023413956
2024-11-01,37.99,25–44，偏冷,10,2024-11-04,5912.31,2024-11-15,6125.51,0.036060355427912194,-0.06893134377360732
2024-11-04,81.28,75–100，极热,10,2024-11-05,6057.21,2024-11-18,5974.56,-0.013644895917427236,-0.09187552534499865
2024-11-05,95.91,75–100，极热,10,2024-11-06,6287.29,2024-11-19,6130.28,-0.024972603458723874,-0.09187552534499865
2024-11-06,68.23,55–74，偏热,10,2024-11-07,6238.62,2024-11-20,6250.8,0.0019523548477067276,-0.09187552534499865
2024-11-07,77.03,75–100，极热,10,2024-11-08,6470.07,2024-11-21,6262.16,-0.03213411910535746,-0.09187552534499865
2024-11-08,65.85,55–74，偏热,10,2024-11-11,6416.17,2024-11-22,6030.49,-0.06011062674461565,-0.09187552534499865
2024-11-11,94.63,75–100，极热,10,2024-11-12,6593.82,2024-11-25,6052.13,-0.08215116578857162,-0.09391521151623783
2024-11-12,61.1,55–74，偏热,10,2024-11-13,6453.86,2024-11-26,5981.57,-0.07317946159352695,-0.07720109539277054
2024-11-13,85.86,75–100，极热,10,2024-11-14,6462.01,2024-11-27,6118.66,-0.05313362251064302,-0.07543318564966628
2024-11-14,53.07,45–54，中性,10,2024-11-15,6246.34,2024-11-28,6086.09,-0.02565502358180949,-0.044807223066801294
2024-11-15,52.03,45–54，中性,10,2024-11-18,6154.51,2024-11-29,6189.13,0.005625143187678594,-0.044807223066801294
2024-11-18,43.59,25–44，偏冷,10,2024-11-19,5977.84,2024-12-02,6313.61,0.056169117942266755,-0.044807223066801294
2024-11-19,77.45,75–100，极热,10,2024-11-20,6116.96,2024-12-03,6303.28,0.030459574690695934,-0.044807223066801294
2024-11-20,83.53,75–100，极热,10,2024-11-21,6241.01,2024-12-04,6204.94,-0.0057795132518615455,-0.044807223066801294
2024-11-21,70.64,55–74，偏热,10,2024-11-22,6240.09,2024-12-05,6285.6,0.007293164040903299,-0.04142888964742497
2024-11-22,35.57,25–44，偏冷,10,2024-11-25,6047.94,2024-12-06,6349.62,0.049881447236579834,-0.017212022915574443
2024-11-25,57.08,55–74，偏热,10,2024-11-26,6036.64,2024-12-09,6303.27,0.04416861035277897,-0.017212022915574443
2024-11-26,42.58,25–44，偏冷,10,2024-11-27,5942.53,2024-12-10,6362.02,0.07059114552219348,-0.017212022915574443
2024-11-27,65.51,55–74，偏热,10,2024-11-28,6121.68,2024-12-11,6447.37,0.05320271559441192,-0.017212022915574443
2024-11-28,52.76,45–54，中性,10,2024-11-29,6066.71,2024-12-12,6490.15,0.06979730364563319,-0.017212022915574443
2024-11-29,77.21,75–100，极热,10,2024-12-02,6188.8,2024-12-13,6354.99,0.026853347983453846,-0.02082540465166438
2024-12-02,84.14,75–100，极热,10,2024-12-03,6318.97,2024-12-16,6277.52,-0.006559613354708116,-0.032761954654360714
2024-12-03,58.37,55–74，偏热,10,2024-12-04,6301.05,2024-12-17,6143.94,-0.024933939581498366,-0.05334391346887202
2024-12-04,43.54,25–44，偏冷,10,2024-12-05,6186.12,2024-12-18,6195.87,0.0015761090958468227,-0.05334391346887202
2024-12-05,63.12,55–74，偏热,10,2024-12-06,6291.3,2024-12-19,6207.19,-0.013369255956638626,-0.05334391346887202
2024-12-06,72.03,55–74，偏热,10,2024-12-09,6346.59,2024-12-20,6271.75,-0.011792159254024659,-0.05334391346887202
2024-12-09,42.43,25–44，偏冷,10,2024-12-10,6493.54,2024-12-23,6096.38,-0.0611623244024061,-0.0611623244024061
2024-12-10,69.74,55–74，偏热,10,2024-12-11,6343.78,2024-12-24,6164.36,-0.028282821913748646,-0.06067194132647158
2024-12-11,68.47,55–74，偏热,10,2024-12-12,6454.94,2024-12-25,6094.69,-0.05580996879909028,-0.06093233592443936
2024-12-12,70.62,55–74，偏热,10,2024-12-13,6447.2,2024-12-26,6160.45,-0.04447667204367789,-0.0546764486909046
2024-12-13,38.17,25–44，偏冷,10,2024-12-16,6355.63,2024-12-27,6171.57,-0.028960150291945985,-0.04105651210029537
2024-12-16,47.34,45–54，中性,10,2024-12-17,6262.49,2024-12-30,6145.93,-0.018612404969908014,-0.02823135488500028
2024-12-17,39.01,25–44，偏冷,10,2024-12-18,6156.69,2024-12-31,5957.72,-0.03231769018742203,-0.05007055447044284
2024-12-18,57.82,55–74，偏热,10,2024-12-19,6127.22,2025-01-02,5797.09,-0.05387924703209612,-0.07568222585402795
2024-12-19,52.12,45–54，中性,10,2024-12-20,6195.64,2025-01-03,5625.21,-0.09206958441742907,-0.10308765496073669
2024-12-20,54.71,45–54，中性,10,2024-12-23,6271.76,2025-01-06,5608.03,-0.10582834802352137,-0.10582834802352137
2024-12-23,42.19,25–44，偏冷,10,2024-12-24,6110.77,2025-01-07,5692.04,-0.06852327939032243,-0.09131225927924336
2024-12-24,62.64,55–74，偏热,10,2024-12-25,6158.65,2025-01-08,5661.78,-0.08067839542756938,-0.09131225927924336
2024-12-25,45.74,45–54，中性,10,2024-12-26,6083.89,2025-01-09,5672.78,-0.06757354258541826,-0.09131225927924336
2024-12-26,66.02,55–74，偏热,10,2024-12-27,6164.67,2025-01-10,5544.92,-0.10053255080969459,-0.1015381823425805
2024-12-27,54.92,45–54，中性,10,2024-12-30,6164.91,2025-01-13,5559.47,-0.09820743530724696,-0.10056756708532644
2024-12-30,44.24,25–44，偏冷,10,2024-12-31,6151.03,2025-01-14,5811.05,-0.05527204386907547,-0.09853796843780627
2024-12-31,34.25,25–44，偏冷,10,2025-01-02,5948.68,2025-01-15,5775.57,-0.029100573572624633,-0.06787388126441496
2025-01-02,30.72,25–44，偏冷,10,2025-01-03,5808.54,2025-01-16,5801.31,-0.0012447189827391458,-0.045384898786958505
2025-01-03,21.13,0–24，极冷,10,2025-01-06,5614.03,2025-01-17,5841.57,0.04053059923085556,-0.02584662089514478
2025-01-06,28.57,25–44，偏冷,10,2025-01-07,5610.95,2025-01-20,5879.15,0.047799392259777695,-0.02584662089514478
2025-01-07,44.26,25–44，偏冷,10,2025-01-08,5664.31,2025-01-21,5908.02,0.04302554062189401,-0.022539213577822403
2025-01-08,35.03,25–44，偏冷,10,2025-01-09,5629.9,2025-01-22,5855.74,0.04011438924314814,-0.022539213577822403
2025-01-09,40.59,25–44，偏冷,10,2025-01-10,5662.77,2025-01-23,5829.03,0.029360189447920293,-0.020811369700694193
2025-01-10,22.68,0–24，极冷,10,2025-01-13,5487.12,2025-01-24,5938.13,0.08219430229337066,-0.013369961509947625
2025-01-13,31.36,25–44，偏冷,10,2025-01-14,5580.88,2025-01-27,5846.07,0.047517595791344736,-0.015503197134451474
2025-01-14,53.04,45–54，中性,10,2025-01-15,5805.9,2025-02-05,5881.44,0.013010902702423444,-0.015503197134451474
2025-01-15,34.79,25–44，偏冷,10,2025-01-16,5810.05,2025-02-06,6041.83,0.03989294412268385,-0.015503197134451474
2025-01-16,45.97,45–54，中性,10,2025-01-17,5780.61,2025-02-07,6134.05,0.06114233618943343,-0.015503197134451474
2025-01-17,40.32,25–44，偏冷,10,2025-01-20,5877.97,2025-02-10,6210.55,0.05658075832302645,-0.015503197134451474
2025-01-20,45.45,45–54，中性,10,2025-01-21,5911.4,2025-02-11,6190.17,0.047158033629935536,-0.015503197134451474
2025-01-21,40.33,25–44，偏冷,10,2025-01-22,5879.84,2025-02-12,6284.61,0.06884030857982526,-0.015503197134451474
2025-01-22,33.15,25–44，偏冷,10,2025-01-23,5911.22,2025-02-13,6212.5,0.050967482177959766,-0.015503197134451474
2025-01-23,36.66,25–44，偏冷,10,2025-01-24,5815.46,2025-02-14,6248.83,0.07452033029201477,-0.015503197134451474
2025-01-24,45.92,45–54，中性,10,2025-01-27,5946.73,2025-02-17,6281.57,0.05630657521024163,-0.01692694976903275
2025-01-27,29.79,25–44，偏冷,10,2025-02-05,5900.51,2025-02-18,6142.14,0.04095069748208213,-0.022669664466052675
2025-02-05,41.88,25–44，偏冷,10,2025-02-06,5869.71,2025-02-19,6288.53,0.07135275848380918,-0.022669664466052675
2025-02-06,63.13,55–74，偏热,10,2025-02-07,6046.36,2025-02-20,6334.41,0.047640233132000054,-0.022669664466052675
2025-02-07,72.22,55–74，偏热,10,2025-02-10,6155.05,2025-02-21,6449.23,0.04779490012266341,-0.022669664466052675
2025-02-10,75.28,75–100，极热,10,2025-02-11,6209.52,2025-02-24,6464.02,0.040985454592303405,-0.022669664466052675
2025-02-11,62.81,55–74，偏热,10,2025-02-12,6172.39,2025-02-25,6435.43,0.042615583266773394,-0.022669664466052675
2025-02-12,73.33,55–74，偏热,10,2025-02-13,6290.79,2025-02-26,6524.41,0.03713683019143854,-0.023629782586924608
2025-02-13,55.11,55–74，偏热,10,2025-02-14,6203.48,2025-02-27,6499.53,0.047723213422143695,-0.022196680129330626
2025-02-14,69.21,55–74，偏热,10,2025-02-17,6285.04,2025-02-28,6270.42,-0.0023261586242887544,-0.0389291905321707
2025-02-17,79.89,75–100，极热,10,2025-02-18,6264.28,2025-03-03,6273.67,0.0014989751415965813,-0.0389291905321707
2025-02-18,46.92,45–54，中性,10,2025-02-19,6134.99,2025-03-04,6357.63,0.03629019770203379,-0.0389291905321707
2025-02-19,77.95,75–100，极热,10,2025-02-20,6289.13,2025-03-05,6398.24,0.017348981496645655,-0.0389291905321707
2025-02-20,75.43,75–100，极热,10,2025-02-21,6347.67,2025-03-06,6534.97,0.02950688992969086,-0.0389291905321707
2025-02-21,79.06,75–100，极热,10,2025-02-24,6454.56,2025-03-07,6507.76,0.0082422349470761,-0.0389291905321707
2025-02-24,67.02,55–74，偏热,10,2025-02-25,6369.28,2025-03-10,6520.97,0.02381587871784574,-0.0389291905321707
2025-02-25,58.48,55–74，偏热,10,2025-02-26,6451.4,2025-03-11,6551.73,0.015551663204885768,-0.0389291905321707
2025-02-26,80.34,75–100，极热,10,2025-02-27,6526.81,2025-03-12,6566.97,0.006153082439966928,-0.039282589810336166
2025-02-27,57.41,55–74，偏热,10,2025-02-28,6460.9,2025-03-13,6466.85,0.000920924329427919,-0.02948196071754705
2025-02-28,45.11,45–54，中性,10,2025-03-03,6291.05,2025-03-14,6571.17,0.0445267483170535,-0.01524599625093459
2025-03-03,60.7,55–74，偏热,10,2025-03-04,6218.83,2025-03-17,6589.57,0.059615715496323274,-0.01524599625093459
2025-03-04,67.1,55–74，偏热,10,2025-03-05,6365.43,2025-03-18,6611.93,0.03872479942439089,-0.01524599625093459
2025-03-05,60.46,55–74，偏热,10,2025-03-06,6438.16,2025-03-19,6564.68,0.0196515774693391,-0.01524599625093459
2025-03-06,76.63,75–100，极热,10,2025-03-07,6512.73,2025-03-20,6535.06,0.0034286696976537634,-0.01524599625093459
2025-03-07,50.71,45–54，中性,10,2025-03-10,6519.03,2025-03-21,6405.61,-0.017398293917960217,-0.031204202101353218
2025-03-10,62.95,55–74，偏热,10,2025-03-11,6438.24,2025-03-24,6360.34,-0.012099580009443556,-0.03805091705447583
2025-03-11,62.97,55–74，偏热,10,2025-03-12,6585.6,2025-03-25,6310.76,-0.04173347910592806,-0.04554948403869974
2025-03-12,62.98,55–74，偏热,10,2025-03-13,6558.42,2025-03-26,6334.91,-0.03407985459912599,-0.04554948403869974
2025-03-13,49.48,45–54，中性,10,2025-03-14,6463.92,2025-03-27,6328.77,-0.02090836520253958,-0.04554948403869974
2025-03-14,73.45,55–74，偏热,10,2025-03-17,6585.82,2025-03-28,6268.32,-0.048209638283463585,-0.05196818478114573
2025-03-17,65.45,55–74，偏热,10,2025-03-18,6605.04,2025-03-31,6226.65,-0.05728807092765531,-0.0582704293602625
2025-03-18,66.06,55–74，偏热,10,2025-03-19,6590.56,2025-04-01,6259.48,-0.0502354883348306,-0.05521685562380141
2025-03-19,52.85,45–54，中性,10,2025-03-20,6551.82,2025-04-02,6277.25,-0.041907439459569984,-0.049630484353965776
2025-03-20,55.09,55–74，偏热,10,2025-03-21,6507.95,2025-04-03,6203.26,-0.04681812245023387,-0.04681812245023387
2025-03-21,41.58,25–44，偏冷,10,2025-03-24,6403.57,2025-04-07,5496.44,-0.1416600427573994,-0.1416600427573994
2025-03-24,41.78,25–44，偏冷,10,2025-03-25,6355.81,2025-04-08,5530.02,-0.12992679139244245,-0.13521014630707973
2025-03-25,46.6,45–54，中性,10,2025-03-26,6297.33,2025-04-09,5652.33,-0.10242436080052975,-0.13235705006069542
2025-03-26,56.78,55–74，偏热,10,2025-03-27,6315.1,2025-04-10,5784.59,-0.0840065873857897,-0.1315152865406708
2025-03-27,45.23,45–54，中性,10,2025-03-28,6326.81,2025-04-11,5862.19,-0.07343669242477657,-0.1312462362549216
2025-03-28,39.67,25–44，偏冷,10,2025-03-31,6229.56,2025-04-14,5938.53,-0.046717585190607425,-0.12438727149627626
2025-03-31,37.8,25–44，偏冷,10,2025-04-01,6242.07,2025-04-15,5914.03,-0.05255307934707554,-0.12438727149627626
2025-04-01,49.17,45–54，中性,10,2025-04-02,6252.63,2025-04-16,5835.35,-0.06673671718940666,-0.12438727149627626
2025-04-02,43.53,25–44，偏冷,10,2025-04-03,6208.29,2025-04-17,5839.56,-0.05939316623418034,-0.11466120300437
2025-04-03,37.6,25–44，偏冷,10,2025-04-07,5811.54,2025-04-18,5831.69,0.003467239320386506,-0.05421970768505424
2025-04-07,9.04,0–24，极冷,10,2025-04-08,5475.56,2025-04-21,5952.64,0.08712898771997746,-0.017990984300828683
2025-04-08,30.76,25–44，偏冷,10,2025-04-09,5439.18,2025-04-22,5949.31,0.09378803422574733,-0.017990984300828683
2025-04-09,43.56,25–44，偏冷,10,2025-04-10,5766.51,2025-04-23,5984.58,0.03781663432474747,-0.017990984300828683
2025-04-10,45.96,45–54，中性,10,2025-04-11,5744.8,2025-04-24,5920.48,0.03058069906698213,-0.017990984300828683
2025-04-11,30.23,25–44，偏冷,10,2025-04-14,5933.99,2025-04-25,5939.5,0.0009285489190242746,-0.017990984300828683
2025-04-14,40.02,25–44，偏冷,10,2025-04-15,5938.57,2025-04-28,5877.06,-0.010357712378569084,-0.01799759874852025
2025-04-15,28.51,25–44，偏冷,10,2025-04-16,5897.2,2025-04-29,5903.38,0.0010479549616768669,-0.017966173064776436
2025-04-16,21.91,0–24，极冷,10,2025-04-17,5802.29,2025-04-30,5950.12,0.02547787166791049,-0.017966173064776436
2025-04-17,32.95,25–44，偏冷,10,2025-04-18,5833.11,2025-05-06,6102.92,0.04625491375955537,-0.017966173064776436
2025-04-18,25.76,25–44，偏冷,10,2025-04-21,5826.62,2025-05-07,6111.49,0.04889112384195293,-0.017966173064776436
2025-04-21,40.01,25–44，偏冷,10,2025-04-22,5947.15,2025-05-08,6158.08,0.035467408758817376,-0.017966173064776436
2025-04-22,30.7,25–44，偏冷,10,2025-04-23,5971.47,2025-05-09,6082.08,0.018523077232239338,-0.017966173064776436
2025-04-23,34.24,25–44，偏冷,10,2025-04-24,5979.41,2025-05-12,6167.46,0.03144959118040069,-0.017117073423632
2025-04-24,25.47,25–44，偏冷,10,2025-04-25,5927.32,2025-05-13,6151.01,0.037738809445078125,-0.01234150904177922
2025-04-25,31.44,25–44，偏冷,10,2025-04-28,5933.42,2025-05-14,6160.37,0.03824944130029562,-0.01234150904177922
2025-04-28,21.58,0–24，极冷,10,2025-04-29,5850.83,2025-05-15,6057.04,0.03524457213762844,-0.01790364266651101
2025-04-29,28.55,25–44，偏冷,10,2025-04-30,5907.19,2025-05-16,6068.12,0.027243071578872513,-0.01790364266651101
2025-04-30,35.81,25–44，偏冷,10,2025-05-06,5993.33,2025-05-19,6095.34,0.017020587886867666,-0.01790364266651101
2025-05-06,50.0,45–54，中性,10,2025-05-07,6171.61,2025-05-20,6146.02,-0.00414640588112325,-0.018564037585006132
2025-05-07,66.71,55–74，偏热,10,2025-05-08,6093.56,2025-05-21,6132.18,0.006337838636199411,-0.01790364266651101
2025-05-08,64.46,55–74，偏热,10,2025-05-09,6153.53,2025-05-22,6066.1,-0.014208104941391242,-0.01790364266651101
2025-05-09,50.0,45–54，中性,10,2025-05-12,6122.67,2025-05-23,5989.68,-0.021720915874936852,-0.028825480830033667
2025-05-12,67.57,55–74，偏热,10,2025-05-13,6219.45,2025-05-26,6028.79,-0.030655443809340044,-0.036943781202517845
2025-05-13,59.36,55–74，偏热,10,2025-05-14,6144.25,2025-05-27,6008.46,-0.02210033771412301,-0.0277077513201317
2025-05-14,64.48,55–74，偏热,10,2025-05-15,6146.0,2025-05-28,5984.46,-0.026283761796290217,-0.02628693040374097
2025-05-15,52.2,45–54，中性,10,2025-05-16,6042.22,2025-05-29,6089.58,0.007838178682669561,-0.02628693040374097
2025-05-16,57.88,55–74，偏热,10,2025-05-19,6073.2,2025-05-30,6026.56,-0.007679641704537832,-0.02628693040374097
2025-05-19,65.1,55–74，偏热,10,2025-05-20,6097.36,2025-06-03,6070.04,-0.0044806276814883805,-0.02628693040374097
2025-05-20,67.63,55–74，偏热,10,2025-05-21,6137.1,2025-06-04,6123.17,-0.0022698016978703883,-0.024871682064818934
2025-05-21,57.36,55–74，偏热,10,2025-05-22,6113.21,2025-06-05,6167.01,0.008800613752840247,-0.021060948339742924
2025-05-22,35.06,25–44，偏冷,10,2025-05-23,6060.52,2025-06-06,6152.84,0.015233016308831449,-0.012550078211110649
2025-05-23,36.82,25–44，偏冷,10,2025-05-26,5991.86,2025-06-09,6218.96,0.03790141959258064,-0.01034882537055093
2025-05-26,48.79,45–54，中性,10,2025-05-27,6019.54,2025-06-10,6161.69,0.02361476126082729,-0.01034882537055093
2025-05-27,45.3,45–54，中性,10,2025-05-28,6006.89,2025-06-11,6186.51,0.02990232882573185,-0.01034882537055093
2025-05-28,38.22,25–44，偏冷,10,2025-05-29,5980.86,2025-06-12,6192.22,0.03533939935059527,-0.01034882537055093
2025-05-29,51.72,45–54，中性,10,2025-05-30,6075.45,2025-06-13,6106.01,0.005030080076372956,-0.0181622007538238
2025-05-30,35.47,25–44，偏冷,10,2025-06-03,6009.18,2025-06-16,6147.46,0.023011459134191226,-0.0181622007538238
2025-06-03,48.79,45–54，中性,10,2025-06-04,6067.83,2025-06-17,6141.47,0.012136134334679749,-0.0181622007538238
2025-06-04,50.4,45–54，中性,10,2025-06-05,6125.89,2025-06-18,6135.39,0.001550795068145261,-0.0181622007538238
2025-06-05,53.06,45–54，中性,10,2025-06-06,6164.41,2025-06-19,6048.22,-0.01884851916079555,-0.027454751276740796
2025-06-06,49.08,45–54，中性,10,2025-06-09,6161.14,2025-06-20,5999.59,-0.026220796800592083,-0.035274386714177264
2025-06-09,60.58,55–74，偏热,10,2025-06-10,6220.04,2025-06-23,6078.22,-0.022800496459829844,-0.03544189426434552
2025-06-10,39.44,25–44，偏冷,10,2025-06-11,6162.16,2025-06-24,6194.67,0.005275747465174563,-0.031108390851746215
2025-06-11,60.22,55–74，偏热,10,2025-06-12,6171.56,2025-06-25,6276.16,0.016948713129257387,-0.031108390851746215
2025-06-12,59.91,55–74，偏热,10,2025-06-13,6174.43,2025-06-26,6247.79,0.01188125867488976,-0.02831678389746095
2025-06-13,40.47,25–44，偏冷,10,2025-06-16,6089.96,2025-06-27,6276.94,0.030702993123107536,-0.02405383686921103
2025-06-16,59.14,55–74，偏热,10,2025-06-17,6153.15,2025-06-30,6356.18,0.032996107684681864,-0.02495632318406016
2025-06-17,51.14,45–54，中性,10,2025-06-18,6126.18,2025-07-01,6373.77,0.04041507105569875,-0.022133882279692152
2025-06-18,48.92,45–54，中性,10,2025-06-19,6127.94,2025-07-02,6309.48,0.029624963690897843,-0.02094504841757583
2025-06-19,43.49,25–44，偏冷,10,2025-06-20,6039.99,2025-07-03,6342.64,0.05010769885380606,-0.010086652012859076
2025-06-20,46.96,45–54，中性,10,2025-06-23,5966.5,2025-07-04,6312.2,0.05794016592642248,-0.010086652012859076
2025-06-23,61.59,55–74，偏热,10,2025-06-24,6082.74,2025-07-07,6327.14,0.04017926131973426,-0.010086652012859076
2025-06-24,62.87,55–74，偏热,10,2025-06-25,6196.15,2025-07-08,6407.7,0.03414216892747923,-0.010086652012859076
2025-06-25,66.5,55–74，偏热,10,2025-06-26,6272.44,2025-07-09,6390.47,0.0188172385865788,-0.010086652012859076
2025-06-26,40.94,25–44，偏冷,10,2025-06-27,6265.92,2025-07-10,6406.57,0.022446823451304887,-0.010086652012859076
2025-06-27,60.46,55–74，偏热,10,2025-06-30,6297.08,2025-07-11,6461.1,0.02604699320955106,-0.010086652012859076
2025-06-30,65.42,55–74，偏热,10,2025-07-01,6358.06,2025-07-14,6462.31,0.016396510885395843,-0.010086652012859076
2025-07-01,60.09,55–74，偏热,10,2025-07-02,6358.87,2025-07-15,6442.83,0.013203603784949225,-0.007767103274638476
2025-07-02,41.48,25–44，偏冷,10,2025-07-03,6306.75,2025-07-16,6462.06,0.024625995956712998,-0.004799263398206466
2025-07-03,58.74,55–74，偏热,10,2025-07-04,6338.56,2025-07-17,6535.67,0.03109696839660736,-0.004158673263328083
2025-07-04,37.92,25–44，偏冷,10,2025-07-07,6305.04,2025-07-18,6552.07,0.03917976729727335,-0.003014401970812375
2025-07-07,54.26,45–54，中性,10,2025-07-08,6321.55,2025-07-21,6612.26,0.0459871392300939,-0.003014401970812375
2025-07-08,66.76,55–74，偏热,10,2025-07-09,6412.14,2025-07-22,6637.1,0.035083451078735006,-0.0033795269597981514
2025-07-09,56.34,55–74，偏热,10,2025-07-10,6385.21,2025-07-23,6607.22,0.03476941243905851,-0.004501966220186504
2025-07-10,60.33,55–74，偏热,10,2025-07-11,6411.31,2025-07-24,6701.12,0.04520293044635171,-0.004501966220186504
2025-07-11,62.74,55–74，偏热,10,2025-07-14,6465.51,2025-07-25,6706.61,0.03729017509832944,-0.004501966220186504
2025-07-14,57.51,55–74，偏热,10,2025-07-15,6452.0,2025-07-28,6729.98,0.04308431494110354,-0.004501966220186504
2025-07-15,52.07,45–54，中性,10,2025-07-16,6440.52,2025-07-29,6773.88,0.05175979579288614,-0.004501966220186504
2025-07-16,53.89,45–54，中性,10,2025-07-17,6458.41,2025-07-30,6718.48,0.04026842520062979,-0.00817847378459624
2025-07-17,61.89,55–74，偏热,10,2025-07-18,6546.36,2025-07-31,6661.19,0.017541045710898873,-0.016635960483504353
2025-07-18,59.19,55–74，偏热,10,2025-07-21,6557.25,2025-08-01,6670.47,0.01726638453620044,-0.016635960483504353
2025-07-21,69.24,55–74，偏热,10,2025-07-22,6607.83,2025-08-04,6739.69,0.01995511385734794,-0.016635960483504353
2025-07-22,64.0,55–74，偏热,10,2025-07-23,6634.12,2025-08-05,6787.48,0.023116856493400784,-0.016635960483504353
2025-07-23,37.1,25–44，偏冷,10,2025-07-24,6602.17,2025-08-06,6861.31,0.0392507311989847,-0.016635960483504353
2025-07-24,69.69,55–74，偏热,10,2025-07-25,6708.08,2025-08-07,6862.15,0.022967823878069282,-0.016635960483504353
2025-07-25,43.7,25–44，偏冷,10,2025-07-28,6713.82,2025-08-08,6838.13,0.018515539588490615,-0.016635960483504353
2025-07-28,59.56,55–74，偏热,10,2025-07-29,6724.32,2025-08-11,6943.94,0.03266055155019387,-0.016635960483504353
2025-07-29,57.82,55–74，偏热,10,2025-07-30,6758.33,2025-08-12,6963.61,0.03037436763224055,-0.014373373303759984
2025-07-30,43.34,25–44，偏冷,10,2025-07-31,6701.16,2025-08-13,7064.33,0.05419509458063976,-0.005964638958031232
2025-07-31,37.28,25–44，偏冷,10,2025-08-01,6665.64,2025-08-14,6976.49,0.04663468174098795,-0.012434300209644866
2025-08-01,50.4,45–54，中性,10,2025-08-04,6637.84,2025-08-15,7117.5,0.07226145854675625,-0.012434300209644866
2025-08-04,57.74,55–74，偏热,10,2025-08-05,6753.53,2025-08-18,7237.6,0.07167658987225956,-0.012434300209644866
2025-08-05,57.8,55–74，偏热,10,2025-08-06,6784.17,2025-08-19,7242.85,0.06761033405707706,-0.012434300209644866
2025-08-06,58.56,55–74，偏热,10,2025-08-07,6864.45,2025-08-20,7305.46,0.06424549672588475,-0.012434300209644866
2025-08-07,44.04,25–44，偏冷,10,2025-08-08,6844.44,2025-08-21,7253.34,0.059741921910339,-0.012434300209644866
2025-08-08,46.77,45–54，中性,10,2025-08-11,6850.57,2025-08-22,7362.94,0.07479231655176144,-0.012434300209644866
2025-08-11,66.67,55–74，偏热,10,2025-08-12,6943.67,2025-08-25,7477.73,0.07691321736200019,-0.012434300209644866
2025-08-12,57.93,55–74，偏热,10,2025-08-13,6966.27,2025-08-26,7476.47,0.0732386198065822,-0.012434300209644866
2025-08-13,66.05,55–74，偏热,10,2025-08-14,7072.9,2025-08-27,7336.5,0.03726901271048666,-0.018886747716218677
2025-08-14,34.49,25–44，偏冷,10,2025-08-15,6956.51,2025-08-28,7447.11,0.07052386900902885,-0.018886747716218677
2025-08-15,72.33,55–74，偏热,10,2025-08-18,7158.53,2025-08-29,7438.68,0.039135129698415705,-0.018886747716218677
2025-08-18,73.93,55–74，偏热,10,2025-08-19,7231.93,2025-09-01,7501.15,0.03722657713777644,-0.018886747716218677
2025-08-19,67.32,55–74，偏热,10,2025-08-20,7212.97,2025-09-02,7313.88,0.013990076209938529,-0.02496550528918895
2025-08-20,66.92,55–74，偏热,10,2025-08-21,7318.76,2025-09-03,7206.88,-0.01528674256294782,-0.03922998473567385
2025-08-21,60.55,55–74，偏热,10,2025-08-22,7250.19,2025-09-04,7041.15,-0.02883234784191857,-0.06132393033068262
2025-08-22,70.83,55–74，偏热,10,2025-08-25,7418.35,2025-09-05,7245.67,-0.02327741344099432,-0.06132393033068262
2025-08-25,74.35,55–74，偏热,10,2025-08-26,7457.77,2025-09-08,7311.03,-0.019676123023370296,-0.06132393033068262
2025-08-26,70.69,55–74，偏热,10,2025-08-27,7488.93,2025-09-09,7226.03,-0.03510514853256752,-0.06132393033068262
2025-08-27,43.31,25–44，偏冷,10,2025-08-28,7331.19,2025-09-10,7230.17,-0.013779481912213343,-0.06132393033068262
2025-08-28,76.31,75–100，极热,10,2025-08-29,7449.86,2025-09-11,7399.89,-0.00670750859747693,-0.06132393033068262
2025-08-29,67.25,55–74，偏热,10,2025-09-01,7475.0,2025-09-12,7422.88,-0.006972575250836055,-0.06132393033068262
2025-09-01,76.55,75–100，极热,10,2025-09-02,7498.44,2025-09-15,7415.57,-0.011051632072804463,-0.060984684814441414
2025-09-02,46.13,45–54，中性,10,2025-09-03,7336.39,2025-09-16,7483.63,0.02006981635381977,-0.04024322589175344
2025-09-03,46.47,45–54，中性,10,2025-09-04,7214.72,2025-09-17,7554.81,0.04713835048345616,-0.024057759691297864
2025-09-04,49.61,45–54，中性,10,2025-09-05,7046.96,2025-09-18,7476.4,0.06093975274444574,-0.011626268802070294
2025-09-05,83.35,75–100，极热,10,2025-09-08,7257.33,2025-09-19,7438.19,0.024921010895191387,-0.015436523221629805
2025-09-08,78.4,75–100，极热,10,2025-09-09,7287.4,2025-09-22,7489.48,0.027730054614814703,-0.015436523221629805
2025-09-09,62.01,55–74，偏热,10,2025-09-10,7214.23,2025-09-23,7408.07,0.0268691183951717,-0.019423387219533073
2025-09-10,69.94,55–74，偏热,10,2025-09-11,7215.93,2025-09-24,7534.22,0.04410935250203374,-0.019423387219533073
2025-09-11,84.75,75–100，极热,10,2025-09-12,7402.42,2025-09-25,7506.51,0.014061617687188832,-0.019423387219533073
2025-09-12,64.69,55–74，偏热,10,2025-09-15,7445.5,2025-09-26,7397.59,-0.006434759250554034,-0.020810582926638843
2025-09-15,71.74,55–74，偏热,10,2025-09-16,7426.41,2025-09-29,7497.83,0.00961702895477079,-0.020810582926638843
2025-09-16,84.87,75–100，极热,10,2025-09-17,7478.41,2025-09-30,7574.96,0.0129104983545969,-0.020810582926638843
2025-09-17,80.01,75–100，极热,10,2025-09-18,7552.23,2025-10-09,7648.05,0.012687643252390357,-0.02047607130609097
2025-09-18,57.86,55–74，偏热,10,2025-09-19,7473.02,2025-10-10,7533.82,0.008135934334445594,-0.018134591238376352
2025-09-19,64.7,55–74，偏热,10,2025-09-22,7457.89,2025-10-13,7519.76,0.008295912114552495,-0.018134591238376352
2025-09-22,69.04,55–74，偏热,10,2025-09-23,7500.62,2025-10-14,7373.15,-0.01699459511347068,-0.03594380266865416
2025-09-23,58.86,55–74，偏热,10,2025-09-24,7375.91,2025-10-15,7483.45,0.0145798959043697,-0.03594380266865416
2025-09-24,78.38,75–100，极热,10,2025-09-25,7521.32,2025-10-16,7401.84,-0.015885509458446023,-0.03594380266865416
2025-09-25,67.05,55–74，偏热,10,2025-09-26,7476.94,2025-10-17,7185.48,-0.038981187491139435,-0.060482083668386144
2025-09-26,60.87,55–74，偏热,10,2025-09-29,7415.13,2025-10-20,7239.18,-0.023728511839981148,-0.060482083668386144
2025-09-29,74.87,55–74，偏热,10,2025-09-30,7525.62,2025-10-21,7344.05,-0.02412691578899806,-0.060482083668386144
2025-09-30,70.49,55–74，偏热,10,2025-10-09,7623.3,2025-10-22,7312.21,-0.0408077866540737,-0.060482083668386144
2025-10-09,72.55,55–74，偏热,10,2025-10-10,7608.29,2025-10-23,7308.1,-0.03945564640674837,-0.05557227708197243
2025-10-10,63.92,55–74，偏热,10,2025-10-13,7250.58,2025-10-24,7419.24,0.02326158734887418,-0.0444535463897785
2025-10-13,61.72,55–74，偏热,10,2025-10-14,7580.39,2025-10-27,7495.38,-0.011214462580421358,-0.05209626417638158
2025-10-14,47.61,45–54，中性,10,2025-10-15,7384.01,2025-10-28,7479.22,0.012894077879092691,-0.039817196613861294
2025-10-15,66.1,55–74，偏热,10,2025-10-16,7460.76,2025-10-29,7569.12,0.014523989513132607,-0.0368970453412254
2025-10-16,51.0,45–54，中性,10,2025-10-17,7395.87,2025-10-30,7485.08,0.012062137382079507,-0.02844695755874571
2025-10-17,34.01,25–44，偏冷,10,2025-10-20,7259.49,2025-10-31,7506.67,0.03404922384354836,-0.011103008011499327
2025-10-20,55.4,55–74，偏热,10,2025-10-21,7257.11,2025-11-03,7538.12,0.038722025709958974,-0.011103008011499327
2025-10-21,66.53,55–74，偏热,10,2025-10-22,7304.96,2025-11-04,7435.73,0.01790153539512862,-0.01762292049802361
2025-10-22,51.0,45–54，中性,10,2025-10-23,7292.39,2025-11-05,7464.86,0.02365068242373214,-0.01762292049802361
2025-10-23,54.58,45–54，中性,10,2025-10-24,7340.67,2025-11-06,7551.83,0.028765766612584454,-0.01762292049802361
2025-10-24,58.18,55–74，偏热,10,2025-10-27,7483.3,2025-11-07,7541.88,0.007828097229831688,-0.01762292049802361
2025-10-27,66.48,55–74，偏热,10,2025-10-28,7462.91,2025-11-10,7563.25,0.013445157451985823,-0.01762292049802361
2025-10-28,62.44,55–74，偏热,10,2025-10-29,7481.24,2025-11-11,7540.79,0.007959910389186753,-0.01762292049802361
2025-10-29,65.53,55–74，偏热,10,2025-10-30,7560.6,2025-11-12,7486.38,-0.009816681215776613,-0.016515884982673423
2025-10-30,50.97,45–54，中性,10,2025-10-31,7480.66,2025-11-13,7590.58,0.014693890646012564,-0.013582962330130122
2025-10-31,56.51,55–74，偏热,10,2025-11-03,7507.37,2025-11-14,7502.76,-0.0006140632471823837,-0.013582962330130122
2025-11-03,58.94,55–74，偏热,10,2025-11-04,7523.64,2025-11-17,7523.08,-7.443205682355902e-05,-0.011684503777427024
2025-11-04,44.0,25–44，偏冷,10,2025-11-05,7332.1,2025-11-18,7448.1,0.015820842596254714,-0.018770634128090324
2025-11-05,55.9,55–74，偏热,10,2025-11-06,7482.91,2025-11-19,7387.21,-0.012789142192008218,-0.02679241902463314
2025-11-06,55.5,55–74，偏热,10,2025-11-07,7519.75,2025-11-20,7340.41,-0.023849197114265808,-0.03295795578203509
2025-11-07,51.86,45–54，中性,10,2025-11-10,7568.75,2025-11-21,7067.7,-0.06619983484723369,-0.06888538161774205
2025-11-10,59.62,55–74，偏热,10,2025-11-11,7579.91,2025-11-24,7156.41,-0.055871375781506694,-0.06888538161774205
2025-11-11,55.98,55–74，偏热,10,2025-11-12,7520.18,2025-11-25,7249.95,-0.035933980303663016,-0.06888538161774205
2025-11-12,48.24,45–54，中性,10,2025-11-13,7483.66,2025-11-26,7248.45,-0.031429808409254356,-0.06888538161774205
2025-11-13,70.63,55–74，偏热,10,2025-11-14,7527.83,2025-11-27,7257.45,-0.03591738920777965,-0.06112385641014739
2025-11-14,47.91,45–54，中性,10,2025-11-17,7514.84,2025-11-28,7334.21,-0.0240364398975893,-0.06053105908750145
2025-11-17,58.29,55–74，偏热,10,2025-11-18,7508.53,2025-12-01,7386.68,-0.01622820978274031,-0.058710559856589795
2025-11-18,44.9,25–44，偏冷,10,2025-11-19,7438.14,2025-12-02,7313.18,-0.0167998988994561,-0.04980277327396376
2025-11-19,43.09,25–44，偏冷,10,2025-11-20,7429.7,2025-12-03,7248.27,-0.024419559336177676,-0.048723367026932474
2025-11-20,38.64,25–44，偏冷,10,2025-11-21,7235.33,2025-12-04,7248.66,0.0018423485867264944,-0.02316825908424358
2025-11-21,22.17,0–24，极冷,10,2025-11-24,7105.64,2025-12-05,7342.49,0.033332676578042175,-0.01873778206176524
2025-11-24,38.79,25–44，偏冷,10,2025-11-25,7195.1,2025-12-08,7423.05,0.03168128309543983,-0.01873778206176524
2025-11-25,47.77,45–54，中性,10,2025-11-26,7236.66,2025-12-09,7380.58,0.019887627717759315,-0.01873778206176524
2025-11-26,40.02,25–44，偏冷,10,2025-11-27,7243.71,2025-12-10,7408.24,0.02271349902191,-0.01873778206176524
2025-11-27,41.68,25–44，偏冷,10,2025-11-28,7257.17,2025-12-11,7312.0,0.007555286702667807,-0.01873778206176524
2025-11-28,53.39,45–54，中性,10,2025-12-01,7356.51,2025-12-12,7370.94,0.0019615279527926965,-0.01873778206176524
2025-12-01,54.47,45–54，中性,10,2025-12-02,7364.2,2025-12-15,7309.08,-0.0074848591836180756,-0.015742375274978904
2025-12-02,44.35,25–44，偏冷,10,2025-12-03,7312.67,2025-12-16,7181.62,-0.017920950897551857,-0.03252436666868741
2025-12-03,39.81,25–44，偏冷,10,2025-12-04,7246.86,2025-12-17,7288.74,0.005779054652635729,-0.03252436666868741
2025-12-04,40.34,25–44，偏冷,10,2025-12-05,7244.28,2025-12-18,7272.4,0.00388168320385196,-0.03252436666868741
2025-12-05,59.18,55–74，偏热,10,2025-12-08,7359.49,2025-12-19,7329.81,-0.004032888148499336,-0.03252436666868741
2025-12-08,60.24,55–74，偏热,10,2025-12-09,7400.93,2025-12-22,7408.35,0.0010025767031980326,-0.03059026165459
2025-12-09,48.55,45–54，中性,10,2025-12-10,7367.49,2025-12-23,7392.42,0.0033837847082249795,-0.03059026165459
2025-12-10,56.2,55–74，偏热,10,2025-12-11,7421.79,2025-12-24,7506.38,0.011397520005281825,-0.03236011797693006
2025-12-11,40.26,25–44，偏冷,10,2025-12-12,7312.87,2025-12-25,7579.38,0.03644396796333038,-0.025684648091016893
2025-12-12,51.23,45–54，中性,10,2025-12-15,7324.48,2025-12-26,7605.53,0.038371324653763805,-0.019504456289047067
2025-12-15,47.62,45–54，中性,10,2025-12-16,7302.16,2025-12-29,7594.16,0.039988167884571046,-0.01650744437262397
2025-12-16,37.09,25–44，偏冷,10,2025-12-17,7178.31,2025-12-30,7597.3,0.058368891842230264,-0.0022418140858365687
2025-12-17,52.57,45–54，中性,10,2025-12-18,7244.64,2025-12-31,7595.28,0.04839992049294373,-0.0021502763773310063
2025-12-18,50.76,45–54，中性,10,2025-12-19,7295.67,2026-01-05,7753.88,0.06280574642219294,-0.0021502763773310063
2025-12-19,59.76,55–74，偏热,10,2025-12-22,7363.06,2026-01-06,7864.9,0.06815644582551261,-0.0021502763773310063
2025-12-22,61.57,55–74，偏热,10,2025-12-23,7410.22,2026-01-07,7906.42,0.06696157469009023,-0.0024020879272140805
2025-12-23,54.41,45–54，中性,10,2025-12-24,7391.56,2026-01-08,7971.59,0.07847193285314602,-0.0014949648479462008
2025-12-24,69.39,55–74，偏热,10,2025-12-25,7507.3,2026-01-09,8129.18,0.08283670560654288,-0.0014949648479462008
2025-12-25,68.66,55–74，偏热,10,2025-12-26,7575.93,2026-01-12,8357.01,0.10310021343914211,-0.0014949648479462008
2025-12-26,64.22,55–74，偏热,10,2025-12-29,7606.44,2026-01-13,8203.13,0.07844536997596774,-0.018413284176996392
2025-12-29,54.41,45–54，中性,10,2025-12-30,7556.54,2026-01-14,8257.17,0.092718360519497,-0.018413284176996392
2025-12-30,58.54,55–74，偏热,10,2025-12-31,7606.65,2026-01-15,8240.78,0.08336521333307045,-0.018413284176996392
2025-12-31,53.85,45–54，中性,10,2026-01-05,7639.54,2026-01-16,8232.73,0.07764734525900763,-0.018413284176996392
2026-01-05,76.7,75–100，极热,10,2026-01-06,7756.16,2026-01-19,8265.65,0.0656884334516048,-0.018413284176996392
2026-01-06,77.56,75–100，极热,10,2026-01-07,7881.84,2026-01-20,8182.75,0.038177633648995624,-0.02085195542424867
2026-01-07,70.61,55–74，偏热,10,2026-01-08,7886.81,2026-01-21,8247.68,0.04575614221719548,-0.02085195542424867
2026-01-08,58.41,55–74，偏热,10,2026-01-09,7969.19,2026-01-22,8309.35,0.042684388250248784,-0.02085195542424867
2026-01-09,78.64,75–100，极热,10,2026-01-12,8196.09,2026-01-23,8470.74,0.033509880931029246,-0.02085195542424867
2026-01-12,80.16,75–100，极热,10,2026-01-13,8381.04,2026-01-26,8365.43,-0.0018625373462005657,-0.02365935492492588
2026-01-13,44.55,25–44，偏冷,10,2026-01-14,8204.28,2026-01-27,8382.15,0.02168014743524105,-0.012432207811832185
2026-01-14,71.86,55–74，偏热,10,2026-01-15,8197.06,2026-01-28,8399.79,0.024732038072186935,-0.012432207811832185
2026-01-15,64.8,55–74，偏热,10,2026-01-16,8276.61,2026-01-29,8332.21,0.006717726218826048,-0.016353943102963897
2026-01-16,49.04,45–54，中性,10,2026-01-19,8204.63,2026-01-30,8254.86,0.006122152979476381,-0.025485376720333686
2026-01-19,64.62,55–74，偏热,10,2026-01-20,8271.78,2026-02-02,7975.43,-0.035826629818491385,-0.058473049580083813
2026-01-20,48.78,45–54，中性,10,2026-01-21,8138.68,2026-02-03,8209.1,0.008652508760634392,-0.058473049580083813
2026-01-21,65.36,55–74，偏热,10,2026-01-22,8272.47,2026-02-04,8207.12,-0.007899696221321917,-0.058473049580083813
2026-01-22,70.41,55–74，偏热,10,2026-01-23,8331.77,2026-02-05,8068.08,-0.031648737303118124,-0.058473049580083813
2026-01-23,77.73,75–100，极热,10,2026-01-26,8513.22,2026-02-06,8051.57,-0.05422742511059264,-0.06317116202799866
2026-01-26,42.76,25–44，偏冷,10,2026-01-27,8325.43,2026-02-09,8233.78,-0.011008440404879916,-0.05052031062681339
2026-01-27,57.47,55–74，偏热,10,2026-01-28,8392.75,2026-02-10,8250.3,-0.016972982633820966,-0.05052031062681339
2026-01-28,54.23,45–54，中性,10,2026-01-29,8380.61,2026-02-11,8239.51,-0.01683648326315157,-0.048347316006830066
2026-01-29,40.6,25–44，偏冷,10,2026-01-30,8255.33,2026-02-12,8314.83,0.007207464753074655,-0.033905367804800024
2026-01-30,38.56,25–44，偏冷,10,2026-02-02,8166.74,2026-02-13,8204.83,0.004664039751479887,-0.023425503934250358
2026-02-02,36.78,25–44，偏冷,10,2026-02-03,8058.76,2026-02-24,8299.77,0.029906586124912593,-0.019189679745648225
2026-02-03,60.03,55–74，偏热,10,2026-02-04,8184.2,2026-02-25,8426.33,0.02958505412868706,-0.01895305539580283
2026-02-04,55.92,55–74，偏热,10,2026-02-05,8121.51,2026-02-26,8490.62,0.04544844493203848,-0.013229374503146762
2026-02-05,41.91,25–44，偏冷,10,2026-02-06,7980.47,2026-02-27,8560.84,0.07272378694487913,-0.013229374503146762
2026-02-06,46.71,45–54，中性,10,2026-02-09,8177.29,2026-03-02,8476.97,0.0366478380979518,-0.013229374503146762
2026-02-09,58.21,55–74，偏热,10,2026-02-10,8246.22,2026-03-03,8142.45,-0.012583947554152042,-0.04887254054508672
2026-02-10,47.17,45–54，中性,10,2026-02-11,8239.17,2026-03-04,8094.52,-0.017556380072264566,-0.05447129020049435
2026-02-11,41.49,25–44，偏冷,10,2026-02-12,8252.19,2026-03-05,8171.12,-0.009824058825596671,-0.05447129020049435
2026-02-12,42.03,25–44，偏冷,10,2026-02-13,8272.88,2026-03-06,8248.86,-0.002903462881124641,-0.05447129020049435
2026-02-13,32.76,25–44，偏冷,10,2026-02-24,8319.69,2026-03-09,8203.87,-0.013921191775174258,-0.05447129020049435
2026-02-24,47.58,45–54，中性,10,2026-02-25,8320.61,2026-03-10,8350.09,0.0035430094668540413,-0.05447129020049435
2026-02-25,54.59,45–54，中性,10,2026-02-26,8447.78,2026-03-11,8363.53,-0.00997303433564789,-0.05447129020049435
2026-02-26,52.55,45–54，中性,10,2026-02-27,8434.1,2026-03-12,8335.91,-0.011642024638076398,-0.05447129020049435
2026-02-27,55.6,55–74，偏热,10,2026-03-02,8464.27,2026-03-13,8214.29,-0.029533556939936867,-0.0451163564339615
2026-03-02,36.05,25–44，偏冷,10,2026-03-03,8495.95,2026-03-16,8211.35,-0.03349831390250657,-0.04724957185482492
2026-03-03,21.1,0–24，极冷,10,2026-03-04,8039.59,2026-03-17,8019.86,-0.002454105246660676,-0.041091500837565076
2026-03-04,32.91,25–44，偏冷,10,2026-03-05,8235.37,2026-03-18,8096.59,-0.016851701866461455,-0.041091500837565076
2026-03-05,49.18,45–54，中性,10,2026-03-06,8120.49,2026-03-19,7909.23,-0.02601567146810113,-0.05431916905899792
2026-03-06,51.55,45–54，中性,10,2026-03-09,8131.74,2026-03-20,7783.43,-0.042833391131541276,-0.0693606646954098
2026-03-09,35.76,25–44，偏冷,10,2026-03-10,8272.94,2026-03-23,7409.11,-0.10441632599777118,-0.11411688605170311
2026-03-10,57.2,55–74，偏热,10,2026-03-11,8356.09,2026-03-24,7600.86,-0.09038078814373718,-0.11411688605170311
2026-03-11,51.92,45–54，中性,10,2026-03-12,8357.35,2026-03-25,7751.18,-0.072531364607202,-0.11346180308351339
2026-03-12,47.45,45–54，中性,10,2026-03-13,8297.91,2026-03-26,7639.38,-0.07936094751569966,-0.10711130875123975
2026-03-13,39.78,25–44，偏冷,10,2026-03-16,8212.27,2026-03-27,7746.31,-0.056739488594505505,-0.09779999926938598
2026-03-16,50.49,45–54，中性,10,2026-03-17,8219.5,2026-03-30,7767.93,-0.05493886489445832,-0.09859358841778698
2026-03-17,35.33,25–44，偏冷,10,2026-03-18,8050.71,2026-03-31,7619.85,-0.05351826112231095,-0.08490982006004999
2026-03-18,50.4,45–54，中性,10,2026-03-19,7988.87,2026-04-01,7764.15,-0.02812913465859379,-0.07257096435415777
2026-03-19,32.04,25–44，偏冷,10,2026-03-20,7943.41,2026-04-02,7623.42,-0.04028370687148208,-0.0672633037952215
2026-03-20,28.69,25–44，偏冷,10,2026-03-23,7632.97,2026-04-03,7536.6,-0.01262549178104988,-0.029780134475980047
2026-03-23,16.91,0–24，极冷,10,2026-03-24,7538.7,2026-04-07,7606.02,0.008929921604520663,-0.029780134475980047
2026-03-24,44.48,25–44，偏冷,10,2026-03-25,7654.78,2026-04-08,7955.77,0.039320529133430426,-0.029780134475980047
2026-03-25,50.07,45–54，中性,10,2026-03-26,7733.7,2026-04-09,7921.45,0.024276866183069012,-0.029780134475980047
2026-03-26,28.27,25–44，偏冷,10,2026-03-27,7526.59,2026-04-10,7998.23,0.06266317150263268,-0.029780134475980047
2026-03-27,45.92,45–54，中性,10,2026-03-30,7664.64,2026-04-13,8025.57,0.047090274298597024,-0.029780134475980047
2026-03-30,37.8,25–44，偏冷,10,2026-03-31,7741.96,2026-04-14,8144.76,0.05202816857746617,-0.029307779988794525
2026-03-31,27.07,25–44，偏冷,10,2026-04-01,7767.88,2026-04-15,8106.16,0.043548561512278816,-0.029773889400969034
2026-04-01,43.21,25–44，偏冷,10,2026-04-02,7733.75,2026-04-16,8232.98,0.06455212542427669,-0.02549216098270568
2026-04-02,25.54,25–44，偏冷,10,2026-04-03,7658.82,2026-04-17,8307.44,0.08468928633914885,-0.015958071870079138
2026-04-03,21.77,0–24，极冷,10,2026-04-07,7556.28,2026-04-20,8357.81,0.10607468225105476,-0.004739243390842751
2026-04-07,38.48,25–44，偏冷,10,2026-04-08,7765.55,2026-04-21,8351.16,0.07541127157767313,-0.004739243390842751
2026-04-08,55.27,55–74，偏热,10,2026-04-09,7881.8,2026-04-22,8481.24,0.07605369331878498,-0.004739243390842751
2026-04-09,35.82,25–44，偏冷,10,2026-04-10,7981.62,2026-04-23,8362.74,0.047749704947116056,-0.013972013526323934
2026-04-10,52.1,45–54，中性,10,2026-04-13,7947.22,2026-04-24,8304.14,0.04491130231703644,-0.02088138055284372
2026-04-13,55.95,55–74，偏热,10,2026-04-14,8088.05,2026-04-27,8338.73,0.03099387367783324,-0.02088138055284372
2026-04-14,64.71,55–74，偏热,10,2026-04-15,8186.07,2026-04-28,8226.69,0.004962088034917933,-0.030013299941989535
2026-04-15,54.3,45–54，中性,10,2026-04-16,8120.36,2026-04-29,8343.07,0.02742612396494737,-0.030013299941989535
2026-04-16,72.19,55–74，偏热,10,2026-04-17,8225.73,2026-04-30,8381.95,0.0189916274908124,-0.030013299941989535
2026-04-17,65.11,55–74，偏热,10,2026-04-20,8308.06,2026-05-06,8574.56,0.03207728398687548,-0.030013299941989535
2026-04-20,71.35,55–74，偏热,10,2026-04-21,8331.59,2026-05-07,8714.51,0.04596001483510359,-0.030013299941989535
2026-04-21,65.45,55–74，偏热,10,2026-04-22,8317.28,2026-05-08,8741.15,0.05096257430313744,-0.030013299941989535
2026-04-22,69.52,55–74，偏热,10,2026-04-23,8489.0,2026-05-11,8866.78,0.04450229709035236,-0.030899988220049468
2026-04-23,59.46,55–74，偏热,10,2026-04-24,8318.6,2026-05-12,8821.89,0.060501767124275574,-0.013436098782428352
2026-04-24,61.1,55–74，偏热,10,2026-04-27,8292.81,2026-05-13,8955.45,0.07990536380310198,-0.013436098782428352
2026-04-27,66.5,55–74，偏热,10,2026-04-28,8307.69,2026-05-14,8778.71,0.05669686760098158,-0.01973546834609108
2026-04-28,55.15,55–74，偏热,10,2026-04-29,8163.35,2026-05-15,8682.65,0.06361359000900357,-0.03046189750375483
2026-04-29,70.88,55–74，偏热,10,2026-04-30,8345.25,2026-05-18,8720.21,0.04493094874329695,-0.03046189750375483
2026-04-30,64.17,55–74，偏热,10,2026-05-06,8462.02,2026-05-19,8808.64,0.040961850716495496,-0.03046189750375483
2026-05-06,61.97,55–74，偏热,10,2026-05-07,8602.15,2026-05-20,8808.91,0.024035851502240746,-0.03046189750375483
2026-05-07,76.51,75–100，极热,10,2026-05-08,8655.13,2026-05-21,8510.5,-0.016710320931054623,-0.049684828791406455
2026-05-08,64.84,55–74，偏热,10,2026-05-11,8807.91,2026-05-22,8692.67,-0.013083694088608988,-0.049684828791406455
2026-05-11,79.22,75–100，极热,10,2026-05-12,8880.41,2026-05-25,8799.31,-0.009132461226452393,-0.049684828791406455
2026-05-12,56.33,55–74，偏热,10,2026-05-13,8764.02,2026-05-26,8687.25,-0.008759678777547353,-0.049684828791406455
2026-05-13,77.42,75–100，极热,10,2026-05-14,8989.49,2026-05-27,8546.51,-0.049277545222253916,-0.05328333420472131
2026-05-14,51.87,45–54，中性,10,2026-05-15,8786.38,2026-05-28,8637.74,-0.016917092135782852,-0.033875927895732794
2026-05-15,53.51,45–54，中性,10,2026-05-18,8645.76,2026-05-29,8408.74,-0.027414593974387502,-0.04542786792009457
2026-05-18,59.23,55–74，偏热,10,2026-05-19,8691.38,2026-06-01,8345.13,-0.03983832256787756,-0.05264896564955268
2026-05-19,66.79,55–74，偏热,10,2026-05-20,8769.1,2026-06-02,8384.78,-0.04382661846711744,-0.05264896564955268
2026-05-20,55.89,55–74，偏热,10,2026-05-21,8852.43,2026-06-03,8432.68,-0.04741635912399189,-0.05730629894842443
2026-05-21,40.13,25–44，偏冷,10,2026-05-22,8578.9,2026-06-04,8420.09,-0.01851169730385005,-0.05161541075379783
2026-05-22,58.32,55–74，偏热,10,2026-05-25,8756.46,2026-06-05,8340.96,-0.04745068212496828,-0.05208931154829188
2026-05-25,64.42,55–74，偏热,10,2026-05-26,8755.91,2026-06-08,8081.26,-0.07705081482107512,-0.07705081482107512
2026-05-26,57.63,55–74，偏热,10,2026-05-27,8679.54,2026-06-09,8318.7,-0.041573631782329534,-0.06892992024922984
2026-05-27,49.34,45–54，中性,10,2026-05-28,8527.91,2026-06-10,8198.72,-0.03860148617891146,-0.06442425912333549
2026-05-28,67.27,55–74，偏热,10,2026-05-29,8673.8,2026-06-11,8159.45,-0.059299269063155635,-0.06831377251031834
2026-05-29,44.46,25–44，偏冷,10,2026-06-01,8393.52,2026-06-12,8202.8,-0.022722290528884304,-0.041673584198617775
2026-06-01,58.32,55–74，偏热,10,2026-06-02,8360.81,2026-06-15,8521.23,0.019187136174605213,-0.041673584198617775
2026-06-02,54.28,45–54，中性,10,2026-06-03,8386.86,2026-06-16,8646.4,0.03094602747631403,-0.041673584198617775
2026-06-03,63.54,55–74，偏热,10,2026-06-04,8338.85,2026-06-17,8704.47,0.04384537436217206,-0.040240662510733216
2026-06-04,46.56,45–54，中性,10,2026-06-05,8380.85,2026-06-18,8771.02,0.04655494371096003,-0.03574697077265432
2026-06-05,47.32,45–54，中性,10,2026-06-08,8069.48,2026-06-22,8865.68,0.09866806783088888,-0.0191436161900298
2026-06-08,29.67,25–44，偏冷,10,2026-06-09,8178.82,2026-06-23,8680.04,0.06128267891945316,-0.02093917217855812
2026-06-09,55.95,55–74，偏热,10,2026-06-10,8232.02,2026-06-24,8793.49,0.06820561660443003,-0.02093917217855812
2026-06-10,29.4,25–44，偏冷,10,2026-06-11,8158.46,2026-06-25,8825.92,0.08181200863888538,-0.02093917217855812
2026-06-11,29.34,25–44，偏冷,10,2026-06-12,8294.9,2026-06-26,8601.41,0.03695162087547765,-0.029808204221221657
2026-06-12,53.74,45–54，中性,10,2026-06-15,8269.4,2026-06-29,8597.89,0.03972355914576631,-0.030205240883948048
2026-06-15,61.45,55–74，偏热,10,2026-06-16,8534.27,2026-06-30,8809.79,0.032283956331355945,-0.030205240883948048
2026-06-16,63.44,55–74，偏热,10,2026-06-17,8581.65,2026-07-01,8876.63,0.03437334312166063,-0.030205240883948048
2026-06-17,58.62,55–74，偏热,10,2026-06-18,8666.64,2026-07-02,8625.33,-0.004766553127855677,-0.030205240883948048
2026-06-18,64.82,55–74，偏热,10,2026-06-22,8813.72,2026-07-03,8620.79,-0.021889735548667133,-0.030205240883948048
2026-06-22,74.44,55–74，偏热,10,2026-06-23,8838.76,2026-07-06,8472.6,-0.041426625454249244,-0.04551614745686128
2026-06-23,47.51,45–54，中性,10,2026-06-24,8650.82,2026-07-07,8301.8,-0.040345308306033445,-0.0647576839408649
2026-06-24,60.28,55–74，偏热,10,2026-06-25,8806.07,2026-07-08,8117.86,-0.07815177485529867,-0.08547951193189307
2026-06-25,63.48,55–74，偏热,10,2026-06-26,8771.6,2026-07-09,8300.08,-0.053755301199325145,-0.08547951193189307
2026-06-26,40.39,25–44，偏冷,10,2026-06-29,8616.42,2026-07-10,8198.31,-0.048524793359655205,-0.08547951193189307
2026-06-29,46.22,45–54，中性,10,2026-06-30,8574.25,2026-07-13,7787.85,-0.09171647665976612,-0.12265690920991401
2026-06-30,71.18,55–74，偏热,10,2026-07-01,8827.47,2026-07-14,7925.12,-0.10222068157694097,-0.12265690920991401
2026-07-01,64.08,55–74，偏热,10,2026-07-02,8688.29,2026-07-15,7817.83,-0.10018772393647091,-0.10363834540513728
2026-07-02,45.64,45–54，中性,10,2026-07-03,8627.38,2026-07-16,7631.76,-0.11540235853758607,-0.11540235853758607
2026-07-03,64.46,55–74，偏热,10,2026-07-06,8669.12,2026-07-17,7168.0,-0.17315713705658708,-0.17315713705658708
2026-07-06,44.6,25–44，偏冷,10,2026-07-07,8436.39,2026-07-20,6965.38,-0.17436486459255673,-0.17436486459255673
2026-07-07,36.71,25–44，偏冷,10,2026-07-08,8315.96,2026-07-21,7259.86,-0.1269967628511921,-0.16240818859157558
2026-07-08,45.81,45–54，中性,10,2026-07-09,8161.86,2026-07-22,7158.76,-0.12290090739120729,-0.1608056789814074
2026-07-09,51.51,45–54，中性,10,2026-07-10,8312.49,2026-07-23,7195.5,-0.1343748984961185,-0.16205854082230475
2026-07-10,53.65,45–54，中性,10,2026-07-13,8124.36,2026-07-24,6995.69,-0.13892417371952992,-0.14265492912672506
2026-07-13,23.09,0–24，极冷,10,2026-07-14,7799.81,2026-07-28,7026.28,-0.09917292857133708,-0.12110100541064361
2026-07-14,44.35,25–44，偏冷,10,2026-07-15,7959.37,2026-07-29,7095.19,-0.10857391979515973,-0.12488299953388271
2026-07-15,29.51,25–44，偏冷,10,2026-07-16,7713.14,2026-07-30,6900.66,-0.10533712599537937,-0.10533712599537937
2026-07-16,24.25,0–24，极冷,10,2026-07-17,7599.39,2026-07-31,7075.51,-0.06893711205767827,-0.09194553773394976
2026-07-17,9.39,0–24，极冷,10,2026-07-20,7256.27,2026-08-03,7079.78,-0.024322413581633673,-0.04947753813434419
2026-07-20,10.15,0–24，极冷,10,2026-07-21,6975.89,2026-08-04,7279.19,0.043478323196036506,-0.04947753813434419
2026-07-21,34.09,25–44，偏冷,10,2026-07-22,7196.86,2026-08-05,7493.05,0.04115544834830742,-0.04115683784317048
2026-07-22,19.9,0–24，极冷,10,2026-07-23,7169.54,2026-08-06,7530.43,0.05033656273624243,-0.0409756097560976
2026-07-23,35.37,25–44，偏冷,10,2026-07-24,7109.25,2026-08-07,7679.53,0.08021661919330447,-0.02934064774765277
2026-07-24,16.63,0–24，极冷,10,2026-07-28,7135.73,2026-08-10,7733.9,0.083827443022648,-0.0329426701963218
2026-07-28,20.97,0–24，极冷,10,2026-07-29,7020.22,2026-08-11,7698.05,0.09655395414958501,-0.027417165713673586
2026-07-29,33.97,25–44，偏冷,10,2026-07-30,7053.09,2026-08-12,7793.72,0.10500787598059858,-0.021611804187951722
2026-07-30,19.53,0–24，极冷,10,2026-07-31,7082.75,2026-08-13,7715.89,0.08939183226853986,-0.009986245335988464
2026-07-31,41.67,25–44，偏冷,10,2026-08-03,7055.27,2026-08-14,7769.82,0.1012789021539926,-0.009986245335988464
2026-08-03,33.69,25–44，偏冷,10,2026-08-04,7128.49,2026-08-17,7968.38,0.11782158633876194,-0.009986245335988464
2026-08-04,36.59,25–44，偏冷,10,2026-08-05,7253.22,2026-08-18,7945.96,0.09550792613487524,-0.009986245335988464
2026-08-05,40.26,25–44，偏冷,10,2026-08-06,7440.01,2026-08-19,7517.77,0.010451598855377942,-0.056549762938012504
2026-08-06,31.08,25–44，偏冷,10,2026-08-07,7534.24,2026-08-20,7589.78,0.007371679160738109,-0.056549762938012504
2026-08-07,38.9,25–44，偏冷,10,2026-08-10,7723.38,2026-08-21,7601.8,-0.015741812522496623,-0.056549762938012504
2026-08-10,43.29,25–44，偏冷,10,2026-08-11,7686.04,2026-08-24,7491.49,-0.02531212431889507,-0.05984779842326804
2026-08-11,33.64,25–44，偏冷,10,2026-08-12,7704.96,2026-08-25,7527.5,-0.023031917102749433,-0.05984779842326804
2026-08-12,50.99,45–54，中性,10,2026-08-13,7847.24,2026-08-26,7544.67,-0.03855750556883686,-0.05984779842326804
2026-08-13,41.94,25–44，偏冷,10,2026-08-14,7750.99,2026-08-27,7732.95,-0.002327444623203001,-0.05984779842326804
2026-08-14,37.25,25–44，偏冷,10,2026-08-17,7797.18,2026-08-28,7705.03,-0.011818375361348665,-0.05984779842326804
2026-08-17,64.24,55–74，偏热,10,2026-08-18,7969.37,2026-08-31,7770.42,-0.02496433218686045,-0.05996458942174854
2026-08-18,53.95,45–54，中性,10,2026-08-19,7795.26,2026-09-01,7691.37,-0.013327329684962419,-0.038968552684580215
2026-08-19,31.49,25–44，偏冷,10,2026-08-20,7602.5,2026-09-02,7583.76,-0.002464978625452141,-0.02402186754383928
2026-08-20,41.29,25–44，偏冷,10,2026-08-21,7555.55,2026-09-03,7600.1,0.005896327864947093,-0.02402186754383928
2026-08-21,41.8,25–44，偏冷,10,2026-08-24,7614.89,2026-09-04,7508.09,-0.01402515335086918,-0.03376007989272134
2026-08-24,32.44,25–44，偏冷,10,2026-08-25,7420.77,2026-09-07,7639.36,0.02945651192531229,-0.03376007989272134
2026-08-25,48.7,45–54，中性,10,2026-08-26,7536.37,2026-09-08,7659.61,0.016352700305319434,-0.03376007989272134
2026-08-26,43.39,25–44，偏冷,10,2026-08-27,7551.44,2026-09-09,7648.8,0.012892905194241244,-0.03376007989272134
2026-08-27,56.94,55–74，偏热,10,2026-08-28,7734.19,2026-09-10,7587.75,-0.018934109454254333,-0.03376007989272134
2026-08-28,56.93,55–74，偏热,10,2026-08-31,7607.23,2026-09-11,7427.24,-0.023660386237828956,-0.04416492287418183
2026-08-31,57.79,55–74，偏热,10,2026-09-01,7773.06,2026-09-14,7468.3,-0.039207210545139315,-0.04448955752303474
2026-09-01,53.1,45–54，中性,10,2026-09-02,7616.23,2026-09-15,7437.7,-0.0234407311753978,-0.030337053714223017
2026-09-02,46.33,45–54，中性,10,2026-09-03,7629.65,2026-09-16,7587.43,-0.0055336745460145,-0.030337053714223017
2026-09-03,41.0,25–44，偏冷,10,2026-09-04,7655.97,2026-09-17,7548.82,-0.013995613880409707,-0.030337053714223017
2026-09-04,36.19,25–44，偏冷,10,2026-09-07,7551.02,2026-09-18,7687.59,0.01808629827493502,-0.030337053714223017
2022-07-22,46.51,45–54，中性,20,2022-07-25,7037.76,2022-08-19,7234.41,0.027942129313872632,-0.03673585917317157
2022-07-25,41.81,25–44，偏冷,20,2022-07-26,6949.19,2022-08-22,7288.58,0.048838785527521855,-0.03673585917317157
2022-07-26,56.28,55–74，偏热,20,2022-07-27,7018.22,2022-08-23,7306.02,0.04100754892266134,-0.03673585917317157
2022-07-27,56.97,55–74，偏热,20,2022-07-28,7138.32,2022-08-24,7039.41,-0.013856201459166884,-0.04244474551924515
2022-07-28,62.89,55–74，偏热,20,2022-07-29,7152.33,2022-08-25,7016.31,-0.01901757888688016,-0.045586987039273885
2022-07-29,40.97,25–44，偏冷,20,2022-08-01,7100.71,2022-08-26,6980.18,-0.016974358902137943,-0.05050167042103304
2022-08-01,54.0,45–54，中性,20,2022-08-02,7098.18,2022-08-29,7021.31,-0.010829536585434507,-0.05050167042103304
2022-08-02,23.52,0–24，极冷,20,2022-08-03,6968.29,2022-08-30,6976.72,0.001209765954057529,-0.050972326510180244
2022-08-03,30.14,25–44，偏冷,20,2022-08-04,6953.98,2022-08-31,6750.74,-0.02922642860635205,-0.08171188229788995
2022-08-04,51.3,45–54，中性,20,2022-08-05,6975.89,2022-09-01,6717.1,-0.03709777533762715,-0.08628785652878879
2022-08-05,52.06,45–54，中性,20,2022-08-08,7082.54,2022-09-02,6776.83,-0.04316389317956548,-0.08628785652878879
2022-08-08,56.04,55–74，偏热,20,2022-08-09,7168.96,2022-09-05,6791.09,-0.05270917957416421,-0.08628785652878879
2022-08-09,53.07,45–54，中性,20,2022-08-10,7183.18,2022-09-06,6919.65,-0.0366870940168561,-0.08628785652878879
2022-08-10,53.4,45–54，中性,20,2022-08-11,7241.73,2022-09-07,6963.52,-0.03841761568023094,-0.08628785652878879
2022-08-11,60.33,55–74，偏热,20,2022-08-12,7287.65,2022-09-08,6897.1,-0.05359066365700871,-0.08628785652878879
2022-08-12,44.2,25–44，偏冷,20,2022-08-15,7218.09,2022-09-09,6913.58,-0.04218706056588384,-0.08628785652878879
2022-08-15,51.33,45–54，中性,20,2022-08-16,7290.24,2022-09-13,6904.08,-0.05296944956544636,-0.08628785652878879
2022-08-16,57.4,55–74，偏热,20,2022-08-17,7330.48,2022-09-14,6829.56,-0.06833386081129733,-0.08628785652878879
2022-08-17,58.65,55–74，偏热,20,2022-08-18,7315.41,2022-09-15,6619.19,-0.09517169919389346,-0.09960633562948207
2022-08-18,50.57,45–54，中性,20,2022-08-19,7353.43,2022-09-16,6481.24,-0.11860995481020431,-0.11860995481020431
2022-08-19,35.77,25–44，偏冷,20,2022-08-22,7214.48,2022-09-19,6399.8,-0.11292289950211232,-0.12403743761993535
2022-08-22,50.12,45–54，中性,20,2022-08-23,7275.38,2022-09-20,6482.13,-0.10903210553950449,-0.12403743761993535
2022-08-23,51.01,45–54，中性,20,2022-08-24,7312.55,2022-09-21,6480.6,-0.11377016225530079,-0.12481965935275652
2022-08-24,27.01,25–44，偏冷,20,2022-08-25,7065.34,2022-09-22,6487.27,-0.08181771860943698,-0.09419787299691162
2022-08-25,39.38,25–44，偏冷,20,2022-08-26,7032.66,2022-09-23,6363.68,-0.09512474653971603,-0.09512474653971603
2022-08-26,36.34,25–44，偏冷,20,2022-08-29,6884.73,2022-09-26,6283.59,-0.08731497095746665,-0.10506871224885383
2022-08-29,46.1,45–54，中性,20,2022-08-30,7018.72,2022-09-27,6409.78,-0.08675940912303104,-0.10473847083228849
2022-08-30,39.27,25–44，偏冷,20,2022-08-31,6954.51,2022-09-28,6211.11,-0.10689466260024083,-0.10805023895960675
2022-08-31,30.49,25–44，偏冷,20,2022-09-01,6757.01,2022-09-29,6228.78,-0.07817510999687738,-0.10805023895960675
2022-09-01,35.45,25–44，偏冷,20,2022-09-02,6731.67,2022-09-30,6124.86,-0.09014256492074035,-0.12043621616653655
2022-09-02,46.17,45–54，中性,20,2022-09-05,6774.19,2022-10-10,5984.5,-0.11657334677651487,-0.14059268875511244
2022-09-05,42.27,25–44，偏冷,20,2022-09-06,6808.87,2022-10-11,6017.72,-0.11619402338420315,-0.14059268875511244
2022-09-06,53.26,45–54，中性,20,2022-09-07,6894.71,2022-10-12,6192.65,-0.10182589260462016,-0.14059268875511244
2022-09-07,45.51,45–54，中性,20,2022-09-08,6965.56,2022-10-13,6252.22,-0.10240956936699996,-0.1408443829354712
2022-09-08,37.58,25–44，偏冷,20,2022-09-09,6908.71,2022-10-14,6406.46,-0.07269808690768609,-0.13438479051374252
2022-09-09,43.36,25–44，偏冷,20,2022-09-13,6935.59,2022-10-17,6472.45,-0.06677730373335222,-0.13713180854116236
2022-09-13,46.78,45–54，中性,20,2022-09-14,6800.93,2022-10-18,6508.5,-0.042998531083248914,-0.12373564329180797
2022-09-14,40.04,25–44，偏冷,20,2022-09-15,6859.25,2022-10-19,6461.15,-0.0580384152786384,-0.12752851988191127
2022-09-15,31.34,25–44，偏冷,20,2022-09-16,6599.27,2022-10-20,6429.7,-0.02569526629460539,-0.09315727345600355
2022-09-16,27.43,25–44，偏冷,20,2022-09-19,6468.39,2022-10-21,6432.33,-0.005574803003529527,-0.07750101352340821
2022-09-19,31.38,25–44，偏冷,20,2022-09-20,6441.1,2022-10-24,6378.43,-0.009729704553570029,-0.07750101352340821
2022-09-20,52.48,45–54，中性,20,2022-09-21,6461.25,2022-10-25,6355.78,-0.016323466821435484,-0.07750101352340821
2022-09-21,44.85,25–44，偏冷,20,2022-09-22,6438.29,2022-10-26,6491.69,0.008294127788589734,-0.07750101352340821
2022-09-22,39.93,25–44，偏冷,20,2022-09-23,6486.79,2022-10-27,6461.61,-0.003881735033814948,-0.07743275179248899
2022-09-23,32.51,25–44，偏冷,20,2022-09-26,6318.3,2022-10-28,6239.93,-0.012403652881312954,-0.06634861102877165
2022-09-26,35.17,25–44，偏冷,20,2022-09-27,6302.89,2022-10-31,6292.62,-0.001629411270068215,-0.06634861102877165
2022-09-27,55.88,55–74，偏热,20,2022-09-28,6397.84,2022-11-01,6439.82,0.006561589536468571,-0.06460617958561021
2022-09-28,26.73,25–44，偏冷,20,2022-09-29,6270.91,2022-11-02,6524.51,0.04044070158876467,-0.04567279709005545
2022-09-29,32.71,25–44，偏冷,20,2022-09-30,6221.83,2022-11-03,6566.84,0.055451531141159416,-0.04126450026887907
2022-09-30,28.56,25–44，偏冷,20,2022-10-10,6136.71,2022-11-04,6709.64,0.09336110065491132,-0.04126450026887907
2022-10-10,24.29,0–24，极冷,20,2022-10-11,5994.76,2022-11-07,6713.64,0.11991806177394926,-0.04126450026887907
2022-10-11,40.68,25–44，偏冷,20,2022-10-12,6017.67,2022-11-08,6694.96,0.11255020630908641,-0.04126450026887907
2022-10-12,49.59,45–54，中性,20,2022-10-13,6162.71,2022-11-09,6676.01,0.0832912793235443,-0.04126450026887907
2022-10-13,46.86,45–54，中性,20,2022-10-14,6296.35,2022-11-10,6603.31,0.04875205476188582,-0.04126450026887907
2022-10-14,52.81,45–54，中性,20,2022-10-17,6380.21,2022-11-11,6643.48,0.04126353207809763,-0.04126450026887907
2022-10-17,54.44,45–54，中性,20,2022-10-18,6490.6,2022-11-14,6599.67,0.016804301605398475,-0.04126450026887907
2022-10-18,46.64,45–54，中性,20,2022-10-19,6492.6,2022-11-15,6752.51,0.04003172842928859,-0.038916612759141156
2022-10-19,36.5,25–44，偏冷,20,2022-10-20,6431.99,2022-11-16,6702.04,0.04198545084802685,-0.03878188884558553
2022-10-20,36.28,25–44，偏冷,20,2022-10-21,6433.33,2022-11-17,6714.5,0.043705203992333796,-0.03878188884558553
2022-10-21,37.65,25–44，偏冷,20,2022-10-24,6448.87,2022-11-18,6658.4,0.03249096353314607,-0.03878188884558553
2022-10-24,28.08,25–44，偏冷,20,2022-10-25,6346.15,2022-11-21,6689.33,0.054076881258716014,-0.03878188884558553
2022-10-25,31.5,25–44，偏冷,20,2022-10-26,6358.06,2022-11-22,6583.23,0.03541489070565529,-0.03878188884558553
2022-10-26,54.31,45–54，中性,20,2022-10-27,6497.52,2022-11-23,6567.99,0.010845676504266155,-0.039644356616062804
2022-10-27,34.29,25–44，偏冷,20,2022-10-28,6412.61,2022-11-24,6586.86,0.02717302315281911,-0.027326135022384346
2022-10-28,18.97,0–24，极冷,20,2022-10-31,6201.75,2022-11-25,6512.16,0.050052001451203365,-0.03559417164876477
2022-10-31,38.14,25–44，偏冷,20,2022-11-01,6299.03,2022-11-28,6492.71,0.030747591295802845,-0.03847458204430654
2022-11-01,57.48,55–74，偏热,20,2022-11-02,6434.95,2022-11-29,6594.32,0.024766315200584366,-0.03847458204430654
2022-11-02,64.32,55–74，偏热,20,2022-11-03,6467.23,2022-11-30,6590.31,0.019031331806662388,-0.03847458204430654
2022-11-03,49.77,45–54，中性,20,2022-11-04,6569.19,2022-12-01,6658.43,0.013584627632934998,-0.03847458204430654
2022-11-04,72.94,55–74，偏热,20,2022-11-07,6713.73,2022-12-02,6680.54,-0.004943600651202806,-0.03847458204430654
2022-11-07,70.13,55–74，偏热,20,2022-11-08,6707.01,2022-12-05,6714.37,0.0010973593300143136,-0.03847458204430654
2022-11-08,59.53,55–74，偏热,20,2022-11-09,6694.4,2022-12-06,6703.55,0.0013668140535374462,-0.03847458204430654
2022-11-09,59.19,55–74，偏热,20,2022-11-10,6638.52,2022-12-07,6705.29,0.01005796472707754,-0.03847458204430654
2022-11-10,50.55,45–54，中性,20,2022-11-11,6749.07,2022-12-08,6662.34,-0.012850659424187283,-0.03847458204430654
2022-11-11,68.21,55–74，偏热,20,2022-11-14,6639.02,2022-12-09,6680.38,0.006229835126268624,-0.03847458204430654
2022-11-14,43.3,25–44，偏冷,20,2022-11-15,6593.63,2022-12-12,6655.67,0.009409081188965773,-0.03847458204430654
2022-11-15,76.41,75–100，极热,20,2022-11-16,6749.96,2022-12-13,6593.67,-0.02315421128421502,-0.03811133695607083
2022-11-16,45.44,45–54，中性,20,2022-11-17,6685.94,2022-12-14,6570.02,-0.0173378761999059,-0.033031498994712916
2022-11-17,65.14,55–74，偏热,20,2022-11-18,6711.89,2022-12-15,6597.55,-0.01703544009213498,-0.03265548154096687
2022-11-18,42.11,25–44，偏冷,20,2022-11-21,6622.6,2022-12-16,6519.44,-0.015576963730257076,-0.02939307823055526
2022-11-21,54.89,45–54，中性,20,2022-11-22,6682.05,2022-12-19,6390.77,-0.04359141281492951,-0.048195139678033794
2022-11-22,38.46,25–44，偏冷,20,2022-11-23,6572.16,2022-12-20,6341.58,-0.03508435582822089,-0.055521217925136646
2022-11-23,44.33,25–44，偏冷,20,2022-11-24,6573.47,2022-12-21,6289.14,-0.043254171693184906,-0.06333133264922841
2022-11-24,54.66,45–54，中性,20,2022-11-25,6573.02,2022-12-22,6186.93,-0.05873860113007412,-0.07855390751477798
2022-11-25,40.88,25–44，偏冷,20,2022-11-28,6426.93,2022-12-23,6160.75,-0.041416352753180785,-0.08245300750479945
2022-11-28,44.14,25–44，偏冷,20,2022-11-29,6505.9,2022-12-26,6275.52,-0.03541093469005041,-0.08245300750479945
2022-11-29,73.49,55–74，偏热,20,2022-11-30,6591.68,2022-12-27,6325.63,-0.04036148599446576,-0.08245300750479945
2022-11-30,62.31,55–74，偏热,20,2022-12-01,6645.47,2022-12-28,6268.47,-0.056730374224847946,-0.08245300750479945
2022-12-01,69.88,55–74，偏热,20,2022-12-02,6644.44,2022-12-29,6261.83,-0.05758348333343366,-0.08245300750479945
2022-12-02,53.81,45–54，中性,20,2022-12-05,6710.73,2022-12-30,6281.62,-0.06394386303725519,-0.08245300750479945
2022-12-05,70.11,55–74，偏热,20,2022-12-06,6690.92,2023-01-03,6423.7,-0.039937706623304425,-0.08121050692811194
2022-12-06,55.48,55–74，偏热,20,2022-12-07,6684.61,2023-01-04,6421.28,-0.039393472468850055,-0.08121050692811194
2022-12-07,62.02,55–74，偏热,20,2022-12-08,6694.84,2023-01-05,6485.47,-0.03127333886993566,-0.07977636508116703
2022-12-08,47.73,45–54，中性,20,2022-12-09,6661.9,2023-01-06,6500.32,-0.024254341854425876,-0.07778449728907644
2022-12-09,58.16,55–74，偏热,20,2022-12-12,6669.17,2023-01-09,6535.75,-0.02000548793927881,-0.07623437399256583
2022-12-12,50.01,45–54，中性,20,2022-12-13,6654.67,2023-01-10,6540.2,-0.01720145401650275,-0.07422156170027971
2022-12-13,49.15,45–54，中性,20,2022-12-14,6600.41,2023-01-11,6486.9,-0.017197416524125098,-0.06661101355824861
2022-12-14,42.88,25–44，偏冷,20,2022-12-15,6557.9,2023-01-12,6489.57,-0.01041949404534992,-0.066206394798069
2022-12-15,52.91,45–54，中性,20,2022-12-16,6569.06,2023-01-13,6517.51,-0.00784739369103038,-0.06215653381153474
2022-12-16,40.43,25–44，偏冷,20,2022-12-19,6518.38,2023-01-16,6591.81,0.011265068928169253,-0.05486485906007321
2022-12-19,33.56,25–44，偏冷,20,2022-12-20,6380.22,2023-01-17,6597.49,0.03405368466918057,-0.03439850036519121
2022-12-20,41.05,25–44，偏冷,20,2022-12-21,6341.22,2023-01-18,6613.01,0.04286083750445502,-0.028459823188597855
2022-12-21,38.68,25–44，偏冷,20,2022-12-22,6314.55,2023-01-19,6676.08,0.05725348599662672,-0.024356446619315686
2022-12-22,33.64,25–44，偏冷,20,2022-12-23,6154.66,2023-01-20,6736.85,0.09459336502747528,-0.010085951913090141
2022-12-23,38.57,25–44，偏冷,20,2022-12-26,6161.94,2023-01-30,6786.45,0.10134957497151875,-0.010085951913090141
2022-12-26,49.29,45–54，中性,20,2022-12-27,6288.61,2023-01-31,6805.28,0.08215965054280683,-0.010085951913090141
2022-12-27,42.42,25–44，偏冷,20,2022-12-28,6304.59,2023-02-01,6916.72,0.09709275305769283,-0.008149597871624725
2022-12-28,32.99,25–44，偏冷,20,2022-12-29,6253.79,2023-02-02,6933.23,0.1086445179643063,-0.008149597871624725
2022-12-29,38.24,25–44，偏冷,20,2022-12-30,6283.5,2023-02-03,6925.08,0.10210551444258775,-0.008149597871624725
2022-12-30,51.37,45–54，中性,20,2023-01-03,6286.81,2023-02-06,6891.41,0.09616959952662785,-0.008149597871624725
2023-01-03,59.24,55–74，偏热,20,2023-01-04,6423.43,2023-02-07,6924.32,0.07797858776385813,-0.008149597871624725
2023-01-04,52.66,45–54，中性,20,2023-01-05,6427.45,2023-02-08,6877.72,0.07005422056958821,-0.008149597871624725
2023-01-05,52.15,45–54，中性,20,2023-01-06,6482.88,2023-02-09,6999.18,0.07964053013475492,-0.008149597871624725
2023-01-06,46.14,45–54，中性,20,2023-01-09,6523.14,2023-02-10,6975.39,0.06933010789282457,-0.008149597871624725
2023-01-09,56.65,55–74，偏热,20,2023-01-10,6541.82,2023-02-13,7052.18,0.07801498665508988,-0.008395217233124752
2023-01-10,50.48,45–54，中性,20,2023-01-11,6544.57,2023-02-14,7061.45,0.07897845083787014,-0.008811885272829278
2023-01-11,42.46,25–44，偏冷,20,2023-01-12,6495.16,2023-02-15,7063.6,0.0875174745502807,-0.008006369325696538
2023-01-12,44.11,25–44，偏冷,20,2023-01-13,6505.24,2023-02-16,6925.2,0.06455718774403407,-0.01959340846027524
2023-01-13,44.06,25–44，偏冷,20,2023-01-16,6521.45,2023-02-17,6868.55,0.053224359613276206,-0.027613398267172573
2023-01-16,45.94,45–54，中性,20,2023-01-17,6600.25,2023-02-20,6959.36,0.05440854513086624,-0.027613398267172573
2023-01-17,38.11,25–44，偏冷,20,2023-01-18,6613.74,2023-02-21,6990.48,0.05696323109163637,-0.027613398267172573
2023-01-18,42.34,25–44，偏冷,20,2023-01-19,6605.45,2023-02-22,6998.43,0.059493297201553386,-0.027613398267172573
2023-01-19,39.86,25–44，偏冷,20,2023-01-20,6690.14,2023-02-23,6966.79,0.041351899960240024,-0.027613398267172573
2023-01-20,40.86,25–44，偏冷,20,2023-01-30,6815.14,2023-02-24,6944.82,0.019028222457645683,-0.027613398267172573
2023-01-30,56.38,55–74，偏热,20,2023-01-31,6763.4,2023-02-27,6894.3,0.01935417097909342,-0.027613398267172573
2023-01-31,38.5,25–44，偏冷,20,2023-02-01,6815.06,2023-02-28,6955.57,0.02061757343295567,-0.027613398267172573
2023-02-01,61.28,55–74，偏热,20,2023-02-02,6926.58,2023-03-01,7002.77,0.01099965639608591,-0.027613398267172573
2023-02-02,37.65,25–44，偏冷,20,2023-02-03,6922.79,2023-03-02,6972.31,0.007153185348681701,-0.027613398267172573
2023-02-03,38.59,25–44，偏冷,20,2023-02-06,6902.49,2023-03-03,6967.94,0.00948208545032303,-0.027613398267172573
2023-02-06,40.46,25–44，偏冷,20,2023-02-07,6900.23,2023-03-06,6997.04,0.014029967117038078,-0.027613398267172573
2023-02-07,52.26,45–54，中性,20,2023-02-08,6927.33,2023-03-07,6855.34,-0.010392171298321262,-0.02948354946486209
2023-02-08,40.64,25–44，偏冷,20,2023-02-09,6864.03,2023-03-08,6891.46,0.003996194655326413,-0.02948354946486209
2023-02-09,60.14,55–74，偏热,20,2023-02-10,6991.23,2023-03-09,6892.86,-0.014070485451057935,-0.02948354946486209
2023-02-10,35.97,25–44，偏冷,20,2023-02-13,6976.33,2023-03-10,6798.3,-0.025519148320105267,-0.03755875191120672
2023-02-13,62.33,55–74，偏热,20,2023-02-14,7064.53,2023-03-13,6832.62,-0.03282737846679107,-0.03768545111989041
2023-02-14,43.7,25–44，偏冷,20,2023-02-15,7062.36,2023-03-14,6769.85,-0.041418166165417714,-0.041586443173452614
2023-02-15,48.3,45–54，中性,20,2023-02-16,7063.93,2023-03-15,6803.47,-0.03687182630631958,-0.041631216617378675
2023-02-16,30.04,25–44，偏冷,20,2023-02-17,6931.99,2023-03-16,6689.78,-0.03494090441561515,-0.04469517062533834
2023-02-17,42.61,25–44，偏冷,20,2023-02-20,6871.86,2023-03-17,6736.37,-0.019716641491532072,-0.04469517062533834
2023-02-20,65.51,55–74，偏热,20,2023-02-21,6969.35,2023-03-20,6721.45,-0.035570031638531674,-0.04469517062533834
2023-02-21,59.01,55–74，偏热,20,2023-02-22,6961.15,2023-03-21,6809.39,-0.021800995525164568,-0.04469517062533834
2023-02-22,57.88,55–74，偏热,20,2023-02-23,6997.78,2023-03-22,6840.33,-0.022499992854876805,-0.04469517062533834
2023-02-23,53.68,45–54，中性,20,2023-02-24,6971.65,2023-03-23,6868.83,-0.01474830205188149,-0.04469517062533834
2023-02-24,50.12,45–54，中性,20,2023-02-27,6928.03,2023-03-24,6867.95,-0.008672017875211324,-0.04469517062533834
2023-02-27,51.06,45–54，中性,20,2023-02-28,6911.36,2023-03-27,6886.69,-0.003569485600518618,-0.04469517062533834
2023-02-28,63.74,55–74，偏热,20,2023-03-01,6955.48,2023-03-28,6825.38,-0.018704676025234734,-0.04469517062533834
2023-03-01,68.89,55–74，偏热,20,2023-03-02,6999.23,2023-03-29,6806.28,-0.027567318119278816,-0.044212006177822394
2023-03-02,50.02,45–54，中性,20,2023-03-03,6970.21,2023-03-30,6807.64,-0.02332354405390935,-0.043912854578507465
2023-03-03,59.84,55–74，偏热,20,2023-03-06,6973.52,2023-03-31,6875.81,-0.01401157521595986,-0.043912854578507465
2023-03-06,56.11,55–74，偏热,20,2023-03-07,6991.56,2023-04-03,6962.2,-0.004199348929280533,-0.04316347138549914
2023-03-07,50.42,45–54，中性,20,2023-03-08,6838.63,2023-04-04,6953.36,0.01677675206876228,-0.029462371207307214
2023-03-08,63.35,55–74，偏热,20,2023-03-09,6898.24,2023-04-06,6983.03,0.012291541030755582,-0.030219302314793306
2023-03-09,59.25,55–74，偏热,20,2023-03-10,6854.41,2023-04-07,7042.89,0.027497625616209165,-0.02401811388580488
2023-03-10,44.18,25–44，偏冷,20,2023-03-13,6780.02,2023-04-10,6968.57,0.027809652478901103,-0.02090559697451344
2023-03-13,57.14,55–74，偏热,20,2023-03-14,6824.25,2023-04-11,6984.14,0.023429680917316897,-0.01970472945744961
2023-03-14,45.53,45–54，中性,20,2023-03-15,6797.82,2023-04-12,7021.02,0.032834055623714775,-0.016710590331110553
2023-03-15,60.13,55–74，偏热,20,2023-03-16,6769.61,2023-04-13,6966.82,0.029131663419310616,-0.011792407538986693
2023-03-16,44.83,25–44，偏冷,20,2023-03-17,6726.96,2023-04-14,7020.09,0.04357540404580962,-0.011676146305409363
2023-03-17,63.68,55–74，偏热,20,2023-03-20,6745.95,2023-04-17,7012.77,0.03955262046116559,-0.011676146305409363
2023-03-20,41.88,25–44，偏冷,20,2023-03-21,6726.8,2023-04-18,6997.07,0.04017809359576607,-0.011676146305409363
2023-03-21,62.56,55–74，偏热,20,2023-03-22,6830.19,2023-04-19,6965.58,0.019822288984640224,-0.011676146305409363
2023-03-22,67.65,55–74，偏热,20,2023-03-23,6827.68,2023-04-20,6963.9,0.019951140065146422,-0.011676146305409363
2023-03-23,64.8,55–74，偏热,20,2023-03-24,6874.54,2023-04-21,6773.51,-0.014696256040404143,-0.03824850310028982
2023-03-24,68.01,55–74，偏热,20,2023-03-27,6874.39,2023-04-24,6725.27,-0.02169210649963127,-0.04509796404600952
2023-03-27,67.65,55–74，偏热,20,2023-03-28,6881.11,2023-04-25,6603.24,-0.04038156634612733,-0.06242465805940467
2023-03-28,45.57,45–54，中性,20,2023-03-29,6825.13,2023-04-26,6624.4,-0.029410428812345013,-0.06242465805940467
2023-03-29,55.02,55–74，偏热,20,2023-03-30,6802.07,2023-04-27,6633.49,-0.024783632041422643,-0.06242465805940467
2023-03-30,56.76,55–74，偏热,20,2023-03-31,6806.61,2023-04-28,6723.3,-0.01223957300330114,-0.06242465805940467
2023-03-31,67.52,55–74，偏热,20,2023-04-03,6878.09,2023-05-04,6733.97,-0.020953491448934214,-0.06242465805940467
2023-04-03,75.29,75–100，极热,20,2023-04-04,6960.91,2023-05-05,6653.65,-0.04414078044393621,-0.06242465805940467
2023-04-04,45.31,45–54，中性,20,2023-04-06,6926.19,2023-05-08,6702.5,-0.03229625522834334,-0.06242465805940467
2023-04-06,57.18,55–74，偏热,20,2023-04-07,6987.01,2023-05-09,6611.64,-0.05372398207530826,-0.06242465805940467
2023-04-07,63.48,55–74，偏热,20,2023-04-10,7050.24,2023-05-10,6627.31,-0.05998802877632525,-0.06340209694989107
2023-04-10,32.37,25–44，偏冷,20,2023-04-11,6967.03,2023-05-11,6622.52,-0.04944861727307037,-0.05950417460710844
2023-04-11,49.77,45–54，中性,20,2023-04-12,6989.69,2023-05-12,6535.94,-0.06491704210057958,-0.06908967642878117
2023-04-12,59.5,55–74，偏热,20,2023-04-13,7011.66,2023-05-15,6585.91,-0.0607202859237328,-0.06896635228323289
2023-04-13,40.09,25–44，偏冷,20,2023-04-14,6978.59,2023-05-16,6516.29,-0.0662454736558531,-0.07176546169636
2023-04-14,53.98,45–54，中性,20,2023-04-17,7009.47,2023-05-17,6554.98,-0.06483942437873347,-0.07079656113062316
2023-04-17,47.83,45–54，中性,20,2023-04-18,7002.26,2023-05-18,6583.74,-0.05976927449137859,-0.06940187882198035
2023-04-18,39.97,25–44，偏冷,20,2023-04-19,6988.65,2023-05-19,6602.32,-0.05527963197470187,-0.06758959169510559
2023-04-19,39.13,25–44，偏冷,20,2023-04-20,6956.37,2023-05-22,6595.98,-0.05180719254438737,-0.06427576501672905
2023-04-20,39.88,25–44，偏冷,20,2023-04-21,6954.1,2023-05-23,6528.45,-0.061208495707568256,-0.06295710444198388
2023-04-21,31.91,25–44，偏冷,20,2023-04-24,6766.52,2023-05-24,6513.18,-0.03744022037916095,-0.03744022037916095
2023-04-24,49.55,45–54，中性,20,2023-04-25,6708.28,2023-05-25,6501.0,-0.03089912764523839,-0.034596233722455016
2023-04-25,38.25,25–44，偏冷,20,2023-04-26,6577.36,2023-05-26,6546.41,-0.00470553535156959,-0.034596233722455016
2023-04-26,55.59,55–74，偏热,20,2023-04-27,6597.73,2023-05-29,6534.12,-0.009641194774566375,-0.034596233722455016
2023-04-27,46.72,45–54，中性,20,2023-04-28,6617.32,2023-05-30,6564.47,-0.007986616938579272,-0.034596233722455016
2023-04-28,58.39,55–74，偏热,20,2023-05-04,6701.49,2023-05-31,6561.65,-0.020867001219131875,-0.034596233722455016
2023-05-04,47.56,45–54，中性,20,2023-05-05,6723.16,2023-06-01,6574.76,-0.022072953789586958,-0.0330439852688319
2023-05-05,42.79,25–44，偏冷,20,2023-05-08,6660.92,2023-06-02,6626.28,-0.005200482816187568,-0.030063409175680733
2023-05-08,60.2,55–74，偏热,20,2023-05-09,6696.67,2023-06-05,6632.96,-0.009513683666658168,-0.029218999890990638
2023-05-09,37.55,25–44，偏冷,20,2023-05-10,6599.79,2023-06-06,6489.81,-0.016664166587118667,-0.02158161665380154
2023-05-10,54.83,45–54，中性,20,2023-05-11,6634.16,2023-06-07,6488.56,-0.021947013638501267,-0.021947013638501267
2023-05-11,55.31,55–74，偏热,20,2023-05-12,6608.83,2023-06-08,6442.48,-0.025170869881658398,-0.028717194133539237
2023-05-12,43.18,25–44，偏冷,20,2023-05-15,6537.4,2023-06-09,6495.56,-0.006400097898246915,-0.028717194133539237
2023-05-15,58.0,55–74，偏热,20,2023-05-16,6586.72,2023-06-12,6530.16,-0.008586975004250985,-0.028717194133539237
2023-05-16,42.97,25–44，偏冷,20,2023-05-17,6500.44,2023-06-13,6554.96,0.008387124563875803,-0.028717194133539237
2023-05-17,55.53,55–74，偏热,20,2023-05-18,6557.37,2023-06-14,6578.12,0.003164378401706802,-0.028717194133539237
2023-05-18,57.71,55–74，偏热,20,2023-05-19,6571.09,2023-06-15,6613.95,0.006522509964100198,-0.028717194133539237
2023-05-19,53.47,45–54，中性,20,2023-05-22,6589.35,2023-06-16,6669.01,0.012089204549765808,-0.028717194133539237
2023-05-22,55.05,55–74，偏热,20,2023-05-23,6591.56,2023-06-19,6693.3,0.01543488946470939,-0.028717194133539237
2023-05-23,42.45,25–44，偏冷,20,2023-05-24,6507.06,2023-06-20,6693.91,0.02871496497650239,-0.028717194133539237
2023-05-24,49.6,45–54，中性,20,2023-05-25,6502.23,2023-06-21,6548.41,0.0071021787909686385,-0.028717194133539237
2023-05-25,47.0,45–54，中性,20,2023-05-26,6495.35,2023-06-26,6420.97,-0.011451268984735252,-0.04077437551446006
2023-05-26,47.75,45–54，中性,20,2023-05-29,6560.16,2023-06-27,6507.27,-0.008062303358454592,-0.04077437551446006
2023-05-29,45.06,45–54，中性,20,2023-05-30,6517.71,2023-06-28,6475.51,-0.006474666715763688,-0.04077437551446006
2023-05-30,55.61,55–74，偏热,20,2023-05-31,6556.52,2023-06-29,6520.04,-0.005563927205285757,-0.04077437551446006
2023-05-31,47.79,45–54，中性,20,2023-06-01,6539.26,2023-06-30,6602.04,0.00960047467144598,-0.04077437551446006
2023-06-01,55.1,55–74，偏热,20,2023-06-02,6585.73,2023-07-03,6612.88,0.004122549816041765,-0.04077437551446006
2023-06-02,57.87,55–74，偏热,20,2023-06-05,6631.22,2023-07-04,6638.45,0.0010902971097324077,-0.04077437551446006
2023-06-05,53.04,45–54，中性,20,2023-06-06,6625.09,2023-07-05,6584.42,-0.00613878452971961,-0.04077437551446006
2023-06-06,38.59,25–44，偏冷,20,2023-06-07,6487.2,2023-07-06,6567.08,0.01231347885065981,-0.04077437551446006
2023-06-07,56.26,55–74，偏热,20,2023-06-08,6477.94,2023-07-07,6521.43,0.006713554000191468,-0.04077437551446006
2023-06-08,42.97,25–44，偏冷,20,2023-06-09,6446.62,2023-07-10,6526.85,0.012445281403278052,-0.04077437551446006
2023-06-09,55.66,55–74，偏热,20,2023-06-12,6488.2,2023-07-11,6579.37,0.014051663019019056,-0.04077437551446006
2023-06-12,54.48,45–54，中性,20,2023-06-13,6525.05,2023-07-12,6482.99,-0.0064459276174129165,-0.04077437551446006
2023-06-13,54.65,45–54，中性,20,2023-06-14,6556.03,2023-07-13,6548.31,-0.0011775418965439544,-0.04077437551446006
2023-06-14,56.35,55–74，偏热,20,2023-06-15,6579.46,2023-07-14,6544.46,-0.005319585497898016,-0.04077437551446006
2023-06-15,52.92,45–54，中性,20,2023-06-16,6613.1,2023-07-17,6516.56,-0.014598297318957787,-0.04077437551446006
2023-06-16,54.14,45–54，中性,20,2023-06-19,6674.12,2023-07-18,6510.03,-0.024586012837647497,-0.04077437551446006
2023-06-19,46.37,45–54，中性,20,2023-06-20,6683.92,2023-07-19,6492.35,-0.028661324492214146,-0.04077437551446006
2023-06-20,45.43,45–54，中性,20,2023-06-21,6679.15,2023-07-20,6408.76,-0.04048269615145628,-0.04048269615145628
2023-06-21,35.48,25–44，偏冷,20,2023-06-26,6504.97,2023-07-21,6401.42,-0.0159185976261228,-0.03570562405380773
2023-06-26,30.9,25–44，偏冷,20,2023-06-27,6425.84,2023-07-24,6393.79,-0.004987674763143879,-0.03685498873984139
2023-06-27,52.83,45–54，中性,20,2023-06-28,6504.5,2023-07-25,6498.27,-0.0009577984472287637,-0.03685498873984139
2023-06-28,36.16,25–44，偏冷,20,2023-06-29,6465.1,2023-07-26,6457.25,-0.0012142116904610978,-0.03685498873984139
2023-06-29,50.08,45–54，中性,20,2023-06-30,6507.5,2023-07-27,6407.55,-0.015359200922013039,-0.03685498873984139
2023-06-30,48.29,45–54，中性,20,2023-07-03,6617.08,2023-07-28,6465.38,-0.022925520017893053,-0.03685498873984139
2023-07-03,49.25,45–54，中性,20,2023-07-04,6610.66,2023-07-31,6515.85,-0.014341987033064663,-0.03685498873984139
2023-07-04,51.74,45–54，中性,20,2023-07-05,6632.37,2023-08-01,6507.41,-0.018840927149721742,-0.0359720582536861
2023-07-05,37.44,25–44，偏冷,20,2023-07-06,6573.58,2023-08-02,6496.02,-0.011798745888845885,-0.028206348024202965
2023-07-06,40.93,25–44，偏冷,20,2023-07-07,6553.56,2023-08-03,6499.54,-0.008242848161915117,-0.028206348024202965
2023-07-07,34.03,25–44，偏冷,20,2023-07-10,6539.08,2023-08-04,6535.32,-0.0005750044348746819,-0.028206348024202965
2023-07-10,42.34,25–44，偏冷,20,2023-07-11,6531.63,2023-08-07,6503.98,-0.004233246524986911,-0.028206348024202965
2023-07-11,51.04,45–54，中性,20,2023-07-12,6576.94,2023-08-08,6471.34,-0.016056099036938054,-0.027847296767189555
2023-07-12,32.67,25–44，偏冷,20,2023-07-13,6497.81,2023-08-09,6420.98,-0.011823983772994429,-0.023596928062355138
2023-07-13,51.23,45–54，中性,20,2023-07-14,6554.53,2023-08-10,6426.81,-0.019485760229947746,-0.024523497489522428
2023-07-14,42.64,25–44，偏冷,20,2023-07-17,6524.61,2023-08-11,6304.64,-0.03371389247786449,-0.03529742996517371
2023-07-17,44.37,25–44，偏冷,20,2023-07-18,6519.76,2023-08-14,6319.41,-0.0307296587604452,-0.03529742996517371
2023-07-18,51.27,45–54，中性,20,2023-07-19,6508.52,2023-08-15,6261.73,-0.03791799057235756,-0.04186329055042448
2023-07-19,46.45,45–54，中性,20,2023-07-20,6497.78,2023-08-16,6186.4,-0.0479209822431661,-0.053389887564801786
2023-07-20,38.56,25–44，偏冷,20,2023-07-21,6397.15,2023-08-17,6247.6,-0.02337759783653648,-0.053389887564801786
2023-07-21,38.41,25–44，偏冷,20,2023-07-24,6397.43,2023-08-18,6117.11,-0.043817595503194307,-0.06399227581816957
2023-07-24,41.1,25–44，偏冷,20,2023-07-25,6448.27,2023-08-21,6057.17,-0.06065192679586928,-0.0731639766683192
2023-07-25,63.99,55–74，偏热,20,2023-07-26,6497.59,2023-08-22,6099.19,-0.061315041423050776,-0.0731639766683192
2023-07-26,42.33,25–44，偏冷,20,2023-07-27,6458.48,2023-08-23,5973.67,-0.07506565012201005,-0.08594070374518759
2023-07-27,32.14,25–44，偏冷,20,2023-07-28,6389.43,2023-08-24,5987.97,-0.06283189580291204,-0.08594070374518759
2023-07-28,59.9,55–74，偏热,20,2023-07-31,6475.83,2023-08-25,5879.03,-0.09215807085732641,-0.10042201453027544
2023-07-31,65.55,55–74，偏热,20,2023-08-01,6513.14,2023-08-28,5922.16,-0.09073657252876499,-0.10042201453027544
2023-08-01,35.64,25–44，偏冷,20,2023-08-02,6499.86,2023-08-29,6108.76,-0.06017052674980683,-0.10042201453027544
2023-08-02,47.7,45–54，中性,20,2023-08-03,6472.11,2023-08-30,6139.63,-0.05137119115713418,-0.10042201453027544
2023-08-03,51.64,45–54，中性,20,2023-08-04,6514.54,2023-08-31,6104.3,-0.06297298044067579,-0.10042201453027544
2023-08-04,59.14,55–74，偏热,20,2023-08-07,6524.3,2023-09-01,6107.2,-0.06393023006299536,-0.0989025642597674
2023-08-07,36.81,25–44，偏冷,20,2023-08-08,6496.59,2023-09-04,6198.76,-0.045844050494182276,-0.09505910023566211
2023-08-08,42.26,25–44，偏冷,20,2023-08-09,6452.98,2023-09-05,6167.64,-0.044218330135844086,-0.08894340289292701
2023-08-09,38.94,25–44，偏冷,20,2023-08-10,6409.22,2023-09-06,6195.38,-0.03336443436174763,-0.08523357622210714
2023-08-10,46.53,45–54，中性,20,2023-08-11,6428.88,2023-09-07,6083.49,-0.05372475454511527,-0.08552811687261241
2023-08-11,34.71,25–44，偏冷,20,2023-08-14,6251.97,2023-09-08,6102.49,-0.023909263800050318,-0.06968688532632006
2023-08-14,48.74,45–54，中性,20,2023-08-15,6318.55,2023-09-11,6182.64,-0.021509681809908865,-0.06956026303503182
2023-08-15,41.75,25–44，偏冷,20,2023-08-16,6240.71,2023-09-12,6184.61,-0.008989361787360761,-0.05899385363979781
2023-08-16,40.57,25–44，偏冷,20,2023-08-17,6167.65,2023-09-13,6103.14,-0.010459413228701253,-0.05899385363979781
2023-08-17,59.11,55–74，偏热,20,2023-08-18,6245.13,2023-09-14,6068.71,-0.028249211785823514,-0.05862167801150664
2023-08-18,36.47,25–44，偏冷,20,2023-08-21,6107.92,2023-09-15,6079.06,-0.004725012770304682,-0.03747429566857463
2023-08-21,38.57,25–44，偏冷,20,2023-08-22,6082.72,2023-09-18,6083.97,0.00020550017097620277,-0.03609659643329688
2023-08-22,46.38,45–54，中性,20,2023-08-23,6084.15,2023-09-19,6031.04,-0.008729239088451135,-0.033713830198137784
2023-08-23,33.61,25–44，偏冷,20,2023-08-24,5989.43,2023-09-20,5982.56,-0.0011470206680769257,-0.03487794333060157
2023-08-24,42.13,25–44，偏冷,20,2023-08-25,5960.59,2023-09-21,5939.66,-0.0035113973616706096,-0.04179868231710859
2023-08-25,31.09,25–44，偏冷,20,2023-08-28,6204.1,2023-09-22,6054.93,-0.024043777501974506,-0.0454441417772119
2023-08-28,58.96,55–74，偏热,20,2023-08-29,5909.46,2023-09-25,6027.39,0.01995613812429564,-0.04179868231710859
2023-08-29,68.96,55–74，偏热,20,2023-08-30,6117.41,2023-09-26,5996.11,-0.019828652975687477,-0.04179868231710859
2023-08-30,61.31,55–74，偏热,20,2023-08-31,6130.64,2023-09-27,6034.06,-0.01575365704070042,-0.04179868231710859
2023-08-31,41.1,25–44，偏冷,20,2023-09-01,6108.13,2023-09-28,6078.94,-0.0047788766774774505,-0.04179868231710859
2023-09-01,45.39,45–54，中性,20,2023-09-04,6129.54,2023-10-09,6059.97,-0.011349954482718028,-0.04179868231710859
2023-09-04,60.62,55–74，偏热,20,2023-09-05,6188.52,2023-10-10,6043.48,-0.023436944536011972,-0.04127591850701651
2023-09-05,47.09,45–54，中性,20,2023-09-06,6146.39,2023-10-11,6059.4,-0.01415302315668232,-0.04127591850701651
2023-09-06,57.13,55–74，偏热,20,2023-09-07,6185.33,2023-10-12,6104.46,-0.013074484303990275,-0.03971817186795212
2023-09-07,34.4,25–44，偏冷,20,2023-09-08,6063.24,2023-10-13,6081.87,0.003072614641676852,-0.0396063777667468
2023-09-08,46.46,45–54，中性,20,2023-09-11,6114.07,2023-10-16,6024.36,-0.014672713920514502,-0.0396063777667468
2023-09-11,59.77,55–74，偏热,20,2023-09-12,6175.63,2023-10-17,6011.37,-0.02659809606469299,-0.0396063777667468
2023-09-12,52.82,45–54，中性,20,2023-09-13,6169.53,2023-10-18,5908.01,-0.04238896642045664,-0.04238896642045664
2023-09-13,48.66,45–54，中性,20,2023-09-14,6101.77,2023-10-19,5842.89,-0.04242703346733823,-0.04284899892865213
2023-09-14,48.55,45–54，中性,20,2023-09-15,6082.19,2023-10-20,5774.32,-0.05061828058643347,-0.054081769722465256
2023-09-15,56.61,55–74，偏热,20,2023-09-18,6058.3,2023-10-23,5638.14,-0.06935278873611406,-0.07639004924268478
2023-09-18,59.82,55–74，偏热,20,2023-09-19,6077.4,2023-10-24,5719.32,-0.05891993286602826,-0.07639004924268478
2023-09-19,44.98,25–44，偏冷,20,2023-09-20,6020.91,2023-10-25,5778.9,-0.040194920701355774,-0.07639004924268478
2023-09-20,44.08,25–44，偏冷,20,2023-09-21,5968.35,2023-10-26,5811.69,-0.026248460629822445,-0.07639004924268478
2023-09-21,48.91,45–54，中性,20,2023-09-22,5934.27,2023-10-27,5916.68,-0.0029641388073006203,-0.07639004924268478
2023-09-22,66.94,55–74，偏热,20,2023-09-25,6051.82,2023-10-30,6006.56,-0.007478741932179012,-0.07639004924268478
2023-09-25,53.01,45–54，中性,20,2023-09-26,6017.3,2023-10-31,5969.34,-0.007970352151297044,-0.07639004924268478
2023-09-26,49.4,45–54，中性,20,2023-09-27,5989.8,2023-11-01,5958.42,-0.005238906140438759,-0.07639004924268478
2023-09-27,59.33,55–74，偏热,20,2023-09-28,6048.83,2023-11-02,5885.25,-0.027043246379878427,-0.07639004924268478
2023-09-28,61.28,55–74，偏热,20,2023-10-09,6073.28,2023-11-03,5973.17,-0.01648367932978545,-0.07639004924268478
2023-10-09,51.59,45–54，中性,20,2023-10-10,6069.91,2023-11-06,6096.57,0.004392157379598638,-0.07639004924268478
2023-10-10,49.15,45–54，中性,20,2023-10-11,6056.03,2023-11-07,6116.76,0.01002802165775285,-0.07639004924268478
2023-10-11,64.35,55–74，偏热,20,2023-10-12,6088.55,2023-11-08,6138.94,0.008276190554401097,-0.07639004924268478
2023-10-12,72.31,55–74，偏热,20,2023-10-13,6080.33,2023-11-09,6100.69,0.0033485024661490392,-0.07295946805834386
2023-10-13,54.78,45–54，中性,20,2023-10-16,6089.42,2023-11-10,6088.56,-0.0001412285570711047,-0.0741088642268064
2023-10-16,46.39,45–54，中性,20,2023-10-17,6027.91,2023-11-13,6144.63,0.019363261893425854,-0.06466088577964824
2023-10-17,55.1,55–74，偏热,20,2023-10-18,5992.51,2023-11-14,6181.98,0.031617802890608226,-0.059135487466854486
2023-10-18,49.2,45–54，中性,20,2023-10-19,5879.81,2023-11-15,6207.27,0.05569227577081581,-0.041101668251185
2023-10-19,47.07,45–54，中性,20,2023-10-20,5816.72,2023-11-16,6145.15,0.05646309260201621,-0.03070115116423
2023-10-20,47.98,45–54，中性,20,2023-10-23,5754.18,2023-11-17,6199.23,0.07734377443875573,-0.02019625209770659
2023-10-23,45.4,45–54，中性,20,2023-10-24,5654.93,2023-11-20,6253.28,0.10581032833297654,-0.02019625209770659
2023-10-24,71.51,55–74，偏热,20,2023-10-25,5753.68,2023-11-21,6212.13,0.07967943994104631,-0.02019625209770659
2023-10-25,73.9,55–74，偏热,20,2023-10-26,5745.53,2023-11-22,6132.97,0.0674332916197462,-0.02019625209770659
2023-10-26,64.97,55–74，偏热,20,2023-10-27,5792.61,2023-11-23,6197.53,0.06990285898757209,-0.02019625209770659
2023-10-27,76.03,75–100，极热,20,2023-10-30,5899.38,2023-11-24,6115.41,0.03661910234634824,-0.022047629404088664
2023-10-30,76.14,75–100，极热,20,2023-10-31,6003.37,2023-11-27,6111.36,0.017988229944181366,-0.02269528951206412
2023-10-31,46.41,45–54，中性,20,2023-11-01,5969.81,2023-11-28,6143.3,0.029061226404190288,-0.02269528951206412
2023-11-01,57.01,55–74，偏热,20,2023-11-02,5958.48,2023-11-29,6113.37,0.025994884601441948,-0.02269528951206412
2023-11-02,45.8,45–54，中性,20,2023-11-03,5895.6,2023-11-30,6080.55,0.03137085283940566,-0.027622303814957894
2023-11-03,68.52,55–74，偏热,20,2023-11-06,6007.43,2023-12-01,6130.05,0.02041139056135477,-0.027622303814957894
2023-11-06,80.47,75–100，极热,20,2023-11-07,6088.51,2023-12-04,6114.39,0.0042506294643516185,-0.027622303814957894
2023-11-07,69.9,55–74，偏热,20,2023-11-08,6114.99,2023-12-05,5992.6,-0.02001475063736813,-0.04168692270296537
2023-11-08,73.42,55–74，偏热,20,2023-11-09,6135.07,2023-12-06,6023.8,-0.01813671237654979,-0.04168692270296537
2023-11-09,43.34,25–44，偏冷,20,2023-11-10,6079.47,2023-12-07,6020.83,-0.009645577657262927,-0.04168692270296537
2023-11-10,53.97,45–54，中性,20,2023-11-13,6107.27,2023-12-08,6003.14,-0.017050171353157784,-0.04168692270296537
2023-11-13,70.03,55–74，偏热,20,2023-11-14,6143.48,2023-12-11,6075.08,-0.011133754809977359,-0.04168692270296537
2023-11-14,74.82,55–74，偏热,20,2023-11-15,6226.2,2023-12-12,6078.99,-0.023643634961935,-0.04168692270296537
2023-11-15,77.92,75–100，极热,20,2023-11-16,6188.83,2023-12-13,6019.55,-0.027352504431370717,-0.04168692270296537
2023-11-16,46.25,45–54，中性,20,2023-11-17,6135.83,2023-12-14,5991.86,-0.023463818260936242,-0.041805260599237504
2023-11-17,69.27,55–74，偏热,20,2023-11-20,6211.34,2023-12-15,5951.6,-0.041817063628782125,-0.04824348182074034
2023-11-20,75.57,75–100，极热,20,2023-11-21,6258.74,2023-12-18,5857.01,-0.06418704084208637,-0.06418704084208637
2023-11-21,45.08,45–54，中性,20,2023-11-22,6193.36,2023-12-19,5863.54,-0.05325380730330542,-0.05494446981297385
2023-11-22,42.41,25–44，偏冷,20,2023-11-23,6123.59,2023-12-20,5761.31,-0.05916137429187773,-0.07038610543232537
2023-11-23,64.82,55–74，偏热,20,2023-11-24,6194.02,2023-12-21,5798.91,-0.06378894482097253,-0.06985931592083983
2023-11-24,42.35,25–44，偏冷,20,2023-11-27,6107.56,2023-12-22,5733.91,-0.061178277413566184,-0.0666400794361337
2023-11-27,54.56,45–54，中性,20,2023-11-28,6099.51,2023-12-25,5735.73,-0.0596408563966615,-0.0666400794361337
2023-11-28,54.66,45–54，中性,20,2023-11-29,6138.76,2023-12-26,5651.59,-0.07935967524386034,-0.07935967524386034
2023-11-29,43.92,25–44，偏冷,20,2023-11-30,6104.77,2023-12-27,5696.16,-0.06693290656322848,-0.07805156564791482
2023-11-30,45.31,45–54，中性,20,2023-12-01,6078.64,2023-12-28,5805.53,-0.04492945790505776,-0.07805156564791482
2023-12-01,53.38,45–54，中性,20,2023-12-04,6131.59,2023-12-29,5887.24,-0.039851001126950836,-0.07828312069137044
2023-12-04,51.75,45–54，中性,20,2023-12-05,6098.12,2024-01-02,5854.75,-0.03990902114094175,-0.07322420680472008
2023-12-05,48.5,45–54，中性,20,2023-12-06,5977.61,2024-01-03,5824.04,-0.025690869762329704,-0.07030773204101337
2023-12-06,55.71,55–74，偏热,20,2023-12-07,6019.96,2024-01-04,5783.02,-0.03935906550874091,-0.07030773204101337
2023-12-07,48.28,45–54，中性,20,2023-12-08,6021.92,2024-01-05,5675.81,-0.05747502457687903,-0.07030773204101337
2023-12-08,53.06,45–54，中性,20,2023-12-11,5984.68,2024-01-08,5543.57,-0.07370653067499022,-0.08807713123397143
2023-12-11,68.45,55–74，偏热,20,2023-12-12,6070.88,2024-01-09,5553.3,-0.08525617373428562,-0.08807713123397143
2023-12-12,64.17,55–74，偏热,20,2023-12-13,6067.78,2024-01-10,5512.07,-0.09158374232421085,-0.09158374232421085
2023-12-13,55.18,55–74，偏热,20,2023-12-14,6038.92,2024-01-11,5611.11,-0.07084213733581513,-0.08724242083021472
2023-12-14,50.98,45–54，中性,20,2023-12-15,6000.26,2024-01-12,5574.49,-0.0709585917943556,-0.08136147433611218
2023-12-15,52.95,45–54，中性,20,2023-12-18,5939.43,2024-01-15,5559.38,-0.06398762170780703,-0.07195303253005769
2023-12-18,47.48,45–54，中性,20,2023-12-19,5853.19,2024-01-16,5539.47,-0.05359812341646164,-0.06372595647536028
2023-12-19,54.46,45–54，中性,20,2023-12-20,5869.56,2024-01-17,5389.12,-0.08185281349879725,-0.08461010592399831
2023-12-20,47.39,45–54，中性,20,2023-12-21,5739.02,2024-01-18,5373.42,-0.06370425612735287,-0.08727689035948927
2023-12-21,57.4,55–74，偏热,20,2023-12-22,5797.61,2024-01-19,5306.99,-0.0846245263134291,-0.0985606158403598
2023-12-22,43.08,25–44，偏冷,20,2023-12-25,5726.56,2024-01-22,5000.83,-0.1267305328155124,-0.15056461092124662
2023-12-25,50.04,45–54，中性,20,2023-12-26,5734.15,2024-01-23,5079.63,-0.1141442062031861,-0.15056461092124662
2023-12-26,44.71,25–44，偏冷,20,2023-12-27,5658.19,2024-01-24,5143.41,-0.09097962422612171,-0.15056461092124662
2023-12-27,56.37,55–74，偏热,20,2023-12-28,5687.75,2024-01-25,5316.2,-0.06532460111643446,-0.15056461092124662
2023-12-28,63.66,55–74，偏热,20,2023-12-29,5797.58,2024-01-26,5269.76,-0.09104143452957958,-0.15056461092124662
2023-12-29,62.31,55–74，偏热,20,2024-01-02,5891.17,2024-01-29,5131.25,-0.1289930523138867,-0.15113126934038568
2024-01-02,56.33,55–74，偏热,20,2024-01-03,5838.55,2024-01-30,4984.66,-0.14625035325551727,-0.14625035325551727
2024-01-03,45.06,45–54，中性,20,2024-01-04,5814.94,2024-01-31,4785.03,-0.1771144672172026,-0.1771144672172026
2024-01-04,44.55,25–44，偏冷,20,2024-01-05,5779.76,2024-02-01,4750.44,-0.17809043974144267,-0.17809043974144267
2024-01-05,34.28,25–44，偏冷,20,2024-01-08,5664.45,2024-02-02,4574.67,-0.1923893758440801,-0.1923893758440801
2024-01-08,32.18,25–44，偏冷,20,2024-01-09,5553.18,2024-02-05,4293.07,-0.22691682963635262,-0.23489826433629002
2024-01-09,45.65,45–54，中性,20,2024-01-10,5540.66,2024-02-06,4592.44,-0.17113845642937853,-0.23489826433629002
2024-01-10,35.15,25–44，偏冷,20,2024-01-11,5507.8,2024-02-07,4797.85,-0.12889901594102904,-0.23489826433629002
2024-01-11,56.01,55–74，偏热,20,2024-01-12,5601.1,2024-02-08,4993.1,-0.10855010622913353,-0.23353091357054878
2024-01-12,32.58,25–44，偏冷,20,2024-01-15,5558.15,2024-02-19,5029.59,-0.09509638998587655,-0.22777899693850756
2024-01-15,37.67,25–44，偏冷,20,2024-01-16,5555.0,2024-02-20,5046.01,-0.09162736273627359,-0.2271701170117012
2024-01-16,41.81,25–44，偏冷,20,2024-01-17,5529.89,2024-02-21,5073.48,-0.08253509563481387,-0.22366086848020494
2024-01-17,28.12,25–44，偏冷,20,2024-01-18,5360.21,2024-02-22,5151.53,-0.03893131052701304,-0.20105444949399087
2024-01-18,40.69,25–44，偏冷,20,2024-01-19,5364.81,2024-02-23,5225.67,-0.02593568085356246,-0.19977221933302403
2024-01-19,26.62,25–44，偏冷,20,2024-01-22,5298.31,2024-02-26,5255.4,-0.008098808865468543,-0.19245513712802376
2024-01-22,16.69,0–24，极冷,20,2024-01-23,4992.79,2024-02-27,5394.03,0.0803638847217687,-0.19245513712802376
2024-01-23,31.87,25–44，偏冷,20,2024-01-24,5102.82,2024-02-28,5152.05,0.009647606617517512,-0.19245513712802376
2024-01-24,46.2,45–54，中性,20,2024-01-25,5143.29,2024-02-29,5344.61,0.03914226108191454,-0.19245513712802376
2024-01-25,54.4,45–54，中性,20,2024-01-26,5303.96,2024-03-01,5401.94,0.018472989992383004,-0.1905915580057166
2024-01-26,31.16,25–44，偏冷,20,2024-01-29,5282.82,2024-03-04,5428.34,0.027545894049011865,-0.18735258820099876
2024-01-29,20.19,0–24，极冷,20,2024-01-30,5099.59,2024-03-05,5375.13,0.05403179471290831,-0.15815389080298625
2024-01-30,17.08,0–24，极冷,20,2024-01-31,4949.19,2024-03-06,5381.46,0.0873415649833611,-0.13257118841669036
2024-01-31,11.16,0–24，极冷,20,2024-02-01,4753.64,2024-03-07,5303.28,0.11562507888691598,-0.09688785856732962
2024-02-01,19.28,0–24，极冷,20,2024-02-02,4753.67,2024-03-08,5370.37,0.129731344413895,-0.09689355802990118
2024-02-02,7.5,0–24，极冷,20,2024-02-05,4534.75,2024-03-11,5466.65,0.20550195710899155,-0.053295109984012434
2024-02-05,5.47,0–24，极冷,20,2024-02-06,4229.79,2024-03-12,5496.36,0.2994403977502429,-0.04486070711508827
2024-02-06,44.82,25–44，偏冷,20,2024-02-07,4604.12,2024-03-13,5521.78,0.1993127894146982,-0.04486070711508827
2024-02-07,40.61,25–44，偏冷,20,2024-02-08,4826.14,2024-03-14,5486.65,0.13686092819520357,-0.04486070711508827
2024-02-08,61.26,55–74，偏热,20,2024-02-19,5062.68,2024-03-15,5555.64,0.09737135272227349,-0.04486070711508827
2024-02-19,68.79,55–74，偏热,20,2024-02-20,5004.42,2024-03-18,5648.01,0.12860431378661263,-0.04486070711508827
2024-02-20,61.76,55–74，偏热,20,2024-02-21,5001.66,2024-03-19,5607.48,0.12112378690274817,-0.04486070711508827
2024-02-21,75.22,75–100，极热,20,2024-02-22,5075.43,2024-03-20,5659.15,0.11500897460904769,-0.04486070711508827
2024-02-22,72.94,55–74，偏热,20,2024-02-23,5169.01,2024-03-21,5658.28,0.0946544889640375,-0.04486070711508827
2024-02-23,74.87,55–74，偏热,20,2024-02-26,5234.81,2024-03-22,5595.88,0.06897480519827837,-0.04486070711508827
2024-02-26,65.71,55–74，偏热,20,2024-02-27,5237.11,2024-03-25,5466.06,0.043716859107408634,-0.04486070711508827
2024-02-27,76.89,75–100，极热,20,2024-02-28,5403.5,2024-03-26,5447.75,0.008189136670676334,-0.046534653465346465
2024-02-28,30.83,25–44，偏冷,20,2024-02-29,5122.18,2024-03-27,5266.23,0.02812279146769514,-0.06943092160483466
2024-02-29,79.33,75–100，极热,20,2024-03-01,5354.73,2024-03-28,5382.24,0.005137513936277038,-0.06943092160483466
2024-03-01,75.22,75–100，极热,20,2024-03-04,5412.91,2024-03-29,5441.26,0.005237478546659791,-0.06943092160483466
2024-03-04,70.25,55–74，偏热,20,2024-03-05,5392.88,2024-04-01,5559.06,0.030814703831718804,-0.06943092160483466
2024-03-05,47.22,45–54，中性,20,2024-03-06,5346.08,2024-04-02,5531.05,0.034599182952743,-0.06943092160483466
2024-03-06,64.5,55–74，偏热,20,2024-03-07,5389.99,2024-04-03,5500.93,0.020582598483485315,-0.06943092160483466
2024-03-07,46.69,45–54，中性,20,2024-03-08,5309.59,2024-04-08,5399.91,0.01701072964202499,-0.06943092160483466
2024-03-08,71.36,55–74，偏热,20,2024-03-11,5358.84,2024-04-09,5468.91,0.02053989296190961,-0.06943092160483466
2024-03-11,85.57,75–100，极热,20,2024-03-12,5477.13,2024-04-10,5367.05,-0.020098117079565325,-0.06943092160483466
2024-03-12,87.34,75–100，极热,20,2024-03-13,5501.59,2024-04-11,5379.92,-0.022115424813553886,-0.06943092160483466
2024-03-13,64.98,55–74，偏热,20,2024-03-14,5521.72,2024-04-12,5338.77,-0.033132791956129615,-0.06943092160483466
2024-03-14,59.84,55–74，偏热,20,2024-03-15,5472.89,2024-04-15,5287.51,-0.03387241475710279,-0.06943092160483466
2024-03-15,86.59,75–100，极热,20,2024-03-18,5573.93,2024-04-16,5066.66,-0.09100760145893483,-0.10469593490188456
2024-03-18,94.67,75–100，极热,20,2024-03-19,5633.5,2024-04-17,5287.46,-0.06142540161533683,-0.10469593490188456
2024-03-19,65.34,55–74，偏热,20,2024-03-20,5600.12,2024-04-18,5286.72,-0.05596308650528914,-0.10469593490188456
2024-03-20,89.69,75–100，极热,20,2024-03-21,5674.5,2024-04-19,5264.39,-0.07227244691162216,-0.10711780773636448
2024-03-21,66.03,55–74，偏热,20,2024-03-22,5649.08,2024-04-22,5246.08,-0.07133904989839057,-0.10309997380104374
2024-03-22,52.58,45–54，中性,20,2024-03-25,5581.35,2024-04-23,5218.43,-0.06502369498418847,-0.0922160409219992
2024-03-25,45.95,45–54，中性,20,2024-03-26,5454.65,2024-04-24,5305.61,-0.02732347630003762,-0.08857612617960597
2024-03-26,67.58,55–74，偏热,20,2024-03-27,5435.97,2024-04-25,5313.99,-0.02243941743607869,-0.08857612617960597
2024-03-27,45.97,45–54，中性,20,2024-03-28,5262.22,2024-04-26,5415.94,0.029212005579394074,-0.08857612617960597
2024-03-28,72.05,55–74，偏热,20,2024-03-29,5383.74,2024-04-29,5545.23,0.029995876472489247,-0.08857612617960597
2024-03-29,68.29,55–74，偏热,20,2024-04-01,5461.59,2024-04-30,5497.43,0.006562191596220179,-0.08857612617960597
2024-04-01,80.22,75–100，极热,20,2024-04-02,5556.52,2024-05-06,5606.84,0.00905602787356119,-0.08815949551157931
2024-04-02,57.83,55–74，偏热,20,2024-04-03,5518.91,2024-05-07,5625.34,0.019284605112241504,-0.08194552909904307
2024-04-03,51.13,45–54，中性,20,2024-04-08,5487.63,2024-05-08,5536.66,0.00893464027275881,-0.07671253346162188
2024-04-08,45.83,45–54，中性,20,2024-04-09,5392.99,2024-05-09,5626.83,0.043359991396238584,-0.07355213378900005
2024-04-09,63.98,55–74，偏热,20,2024-04-10,5456.97,2024-05-10,5574.23,0.021488115199460367,-0.07152504045285213
2024-04-10,38.8,25–44，偏冷,20,2024-04-11,5330.68,2024-05-13,5520.8,0.035665243458620655,-0.058227631637645216
2024-04-11,46.38,45–54，中性,20,2024-04-12,5379.17,2024-05-14,5551.68,0.032070003364831345,-0.05809632341048898
2024-04-12,39.66,25–44，偏冷,20,2024-04-15,5320.81,2024-05-15,5497.23,0.03315660585512337,-0.04776528385715717
2024-04-15,46.18,45–54，中性,20,2024-04-16,5255.21,2024-05-16,5488.95,0.044477765874246566,-0.03587868039526487
2024-04-16,26.21,25–44，偏冷,20,2024-04-17,5109.08,2024-05-17,5563.23,0.08889075919735046,-0.024504028022883206
2024-04-17,61.7,55–74，偏热,20,2024-04-18,5276.47,2024-05-20,5596.78,0.06070535793816689,-0.024504028022883206
2024-04-18,46.22,45–54，中性,20,2024-04-19,5257.01,2024-05-21,5536.74,0.05321085560042671,-0.024504028022883206
2024-04-19,38.6,25–44，偏冷,20,2024-04-22,5231.56,2024-05-22,5539.66,0.058892567417749175,-0.024504028022883206
2024-04-22,37.24,25–44，偏冷,20,2024-04-23,5234.43,2024-05-23,5412.82,0.03408011951635603,-0.03803384854349612
2024-04-23,42.4,25–44，偏冷,20,2024-04-24,5219.26,2024-05-24,5350.11,0.02507060387871074,-0.04917866720693542
2024-04-24,54.08,45–54，中性,20,2024-04-25,5285.14,2024-05-27,5404.62,0.022606780520478154,-0.04917866720693542
2024-04-25,43.69,25–44，偏冷,20,2024-04-26,5303.15,2024-05-28,5348.03,0.008462894694662548,-0.04954832472280135
2024-04-26,64.89,55–74，偏热,20,2024-04-29,5422.41,2024-05-29,5351.25,-0.013123316016310116,-0.04954832472280135
2024-04-29,73.61,55–74，偏热,20,2024-04-30,5530.94,2024-05-30,5334.3,-0.035552727022892916,-0.05198841976743562
2024-04-30,41.06,25–44，偏冷,20,2024-05-06,5558.92,2024-05-31,5355.21,-0.03664560742014633,-0.05198841976743562
2024-05-06,67.5,55–74，偏热,20,2024-05-07,5604.27,2024-06-03,5284.62,-0.05703686653212647,-0.060817547357926216
2024-05-07,62.49,55–74，偏热,20,2024-05-08,5605.59,2024-06-04,5313.71,-0.05206945210049252,-0.060817547357926216
2024-05-08,51.21,45–54，中性,20,2024-05-09,5533.51,2024-06-05,5244.09,-0.05230314935727953,-0.06802053731852564
2024-05-09,68.1,55–74，偏热,20,2024-05-10,5632.76,2024-06-06,5130.87,-0.08910196777423507,-0.08910196777423507
2024-05-10,50.22,45–54，中性,20,2024-05-13,5537.93,2024-06-07,5153.59,-0.06940138282715747,-0.083246080782164
2024-05-13,47.46,45–54，中性,20,2024-05-14,5524.43,2024-06-11,5198.92,-0.05892191592616802,-0.083246080782164
2024-05-14,58.49,55–74，偏热,20,2024-05-15,5541.81,2024-06-12,5216.46,-0.058708255966913425,-0.083246080782164
2024-05-15,45.93,45–54，中性,20,2024-05-16,5508.95,2024-06-13,5180.24,-0.05966835785403757,-0.083246080782164
2024-05-16,60.48,55–74，偏热,20,2024-05-17,5489.42,2024-06-14,5180.65,-0.056248201084996285,-0.083246080782164
2024-05-17,66.98,55–74，偏热,20,2024-05-20,5563.65,2024-06-17,5183.97,-0.0682429699927205,-0.083246080782164
2024-05-20,59.6,55–74，偏热,20,2024-05-21,5586.01,2024-06-18,5227.25,-0.06422473285941133,-0.08147855087978728
2024-05-21,46.68,45–54，中性,20,2024-05-22,5532.84,2024-06-19,5159.99,-0.06738853825521796,-0.07379333749724715
2024-05-22,59.15,55–74，偏热,20,2024-05-23,5521.18,2024-06-20,5056.14,-0.0842283714713159,-0.0842283714713159
2024-05-23,44.06,25–44，偏冷,20,2024-05-24,5401.58,2024-06-21,5055.33,-0.06410161471273224,-0.06462804045427795
2024-05-24,38.66,25–44，偏冷,20,2024-05-27,5358.08,2024-06-24,4887.78,-0.08777397873865267,-0.09562929493655437
2024-05-27,49.47,45–54，中性,20,2024-05-28,5390.4,2024-06-25,4847.61,-0.10069568121104189,-0.10069568121104189
2024-05-28,37.38,25–44，偏冷,20,2024-05-29,5336.7,2024-06-26,4986.38,-0.0656435625011711,-0.09478619886054895
2024-05-29,44.5,25–44，偏冷,20,2024-05-30,5334.8,2024-06-27,4864.09,-0.08823386068831074,-0.09478619886054895
2024-05-30,37.51,25–44，偏冷,20,2024-05-31,5334.1,2024-06-28,4895.99,-0.08213381826362476,-0.09478619886054895
2024-05-31,47.49,45–54，中性,20,2024-06-03,5350.64,2024-07-01,4940.25,-0.07669923597924744,-0.09401305264416981
2024-06-03,34.75,25–44，偏冷,20,2024-06-04,5267.36,2024-07-02,4905.65,-0.06867007381306767,-0.08771649186726416
2024-06-04,42.73,25–44，偏冷,20,2024-06-05,5294.3,2024-07-03,4867.13,-0.08068488752054093,-0.08437187163553261
2024-06-05,36.19,25–44，偏冷,20,2024-06-06,5249.95,2024-07-04,4761.87,-0.09296850446194727,-0.09296850446194727
2024-06-06,29.9,25–44，偏冷,20,2024-06-07,5159.17,2024-07-05,4810.79,-0.06752636567509895,-0.08902960447654118
2024-06-07,46.14,45–54，中性,20,2024-06-11,5132.22,2024-07-08,4693.96,-0.08539384515862536,-0.10202113922234446
2024-06-11,41.96,25–44，偏冷,20,2024-06-12,5188.36,2024-07-09,4797.06,-0.07541882213261986,-0.10202113922234446
2024-06-12,51.34,45–54，中性,20,2024-06-13,5214.41,2024-07-10,4777.68,-0.08375444201740934,-0.10202113922234446
2024-06-13,43.99,25–44，偏冷,20,2024-06-14,5164.87,2024-07-11,4893.59,-0.052524071273817086,-0.10202113922234446
2024-06-14,48.05,45–54，中性,20,2024-06-17,5158.98,2024-07-12,4878.02,-0.054460377826624495,-0.10202113922234446
2024-06-17,49.66,45–54，中性,20,2024-06-18,5183.27,2024-07-15,4827.6,-0.06861884486048386,-0.10202113922234446
2024-06-18,66.6,55–74，偏热,20,2024-06-19,5230.49,2024-07-16,4836.72,-0.0752835776380415,-0.10257738758701385
2024-06-19,53.66,45–54，中性,20,2024-06-20,5150.8,2024-07-17,4795.62,-0.06895627863632836,-0.08869301856022371
2024-06-20,42.78,25–44，偏冷,20,2024-06-21,5040.63,2024-07-18,4812.43,-0.045272118762932356,-0.07148296945995614
2024-06-21,46.94,45–54，中性,20,2024-06-24,5025.52,2024-07-19,4821.42,-0.04061271271430622,-0.06597526226141781
2024-06-24,36.39,25–44，偏冷,20,2024-06-25,4885.89,2024-07-22,4826.87,-0.012079682514342438,-0.05864374556291341
2024-06-25,46.83,45–54，中性,20,2024-06-26,4842.0,2024-07-23,4694.95,-0.030369681949607652,-0.05864374556291341
2024-06-26,60.48,55–74，偏热,20,2024-06-27,4964.66,2024-07-24,4631.01,-0.06720500497516435,-0.06720500497516435
2024-06-27,36.2,25–44，偏冷,20,2024-06-28,4855.35,2024-07-25,4632.57,-0.04588340696345283,-0.06259602246849849
2024-06-28,46.99,45–54，中性,20,2024-07-01,4894.56,2024-07-26,4702.08,-0.03932529175247634,-0.06259602246849849
2024-07-01,50.5,45–54，中性,20,2024-07-02,4940.7,2024-07-29,4685.65,-0.051622239763596256,-0.06268140142085121
2024-07-02,49.16,45–54，中性,20,2024-07-03,4900.67,2024-07-30,4702.49,-0.04043936849451202,-0.055025129217025404
2024-07-03,39.9,25–44，偏冷,20,2024-07-04,4868.55,2024-07-31,4889.08,0.004216861283133477,-0.05365794845910665
2024-07-04,35.94,25–44，偏冷,20,2024-07-05,4753.73,2024-08-01,4878.29,0.026202581972472272,-0.05365794845910665
2024-07-05,55.65,55–74，偏热,20,2024-07-08,4801.49,2024-08-02,4809.89,0.0017494569394085335,-0.05365794845910665
2024-07-08,34.61,25–44，偏冷,20,2024-07-09,4689.27,2024-08-05,4678.78,-0.002237021967172015,-0.05365794845910665
2024-07-09,54.75,45–54，中性,20,2024-07-10,4783.17,2024-08-06,4749.95,-0.006945184887846345,-0.05365794845910665
2024-07-10,39.01,25–44，偏冷,20,2024-07-11,4846.11,2024-08-07,4743.41,-0.021192255231515578,-0.05365794845910665
2024-07-11,61.13,55–74，偏热,20,2024-07-12,4884.41,2024-08-08,4739.49,-0.02966990895522692,-0.05187934673788641
2024-07-12,43.59,25–44，偏冷,20,2024-07-15,4869.0,2024-08-09,4702.75,-0.03414458821113164,-0.048878619839802795
2024-07-15,38.62,25–44，偏冷,20,2024-07-16,4815.74,2024-08-12,4674.1,-0.029411886854356584,-0.04397146293372156
2024-07-16,50.82,45–54，中性,20,2024-07-17,4834.44,2024-08-13,4697.59,-0.02830731170518186,-0.04397146293372156
2024-07-17,44.58,25–44，偏冷,20,2024-07-18,4763.3,2024-08-14,4649.28,-0.02393718640438358,-0.04904808266585947
2024-07-18,44.29,25–44，偏冷,20,2024-07-19,4788.77,2024-08-15,4691.85,-0.020239017534774084,-0.04904808266585947
2024-07-19,51.66,45–54，中性,20,2024-07-22,4822.64,2024-08-16,4655.65,-0.03462626279382264,-0.04904808266585947
2024-07-22,47.52,45–54，中性,20,2024-07-23,4825.75,2024-08-19,4663.61,-0.033598922447288015,-0.04904808266585947
2024-07-23,31.13,25–44，偏冷,20,2024-07-24,4682.06,2024-08-20,4579.3,-0.021947604259663578,-0.06336161404599638
2024-07-24,26.06,25–44，偏冷,20,2024-07-25,4602.63,2024-08-21,4548.26,-0.011812811370890075,-0.06971045677305332
2024-07-25,42.83,25–44，偏冷,20,2024-07-26,4638.31,2024-08-22,4491.84,-0.03157831192826699,-0.08125046020928273
2024-07-26,46.81,45–54，中性,20,2024-07-29,4707.28,2024-08-23,4495.34,-0.04502387790826112,-0.08125046020928273
2024-07-29,41.48,25–44，偏冷,20,2024-07-30,4674.92,2024-08-26,4512.89,-0.034659416631728446,-0.08125046020928273
2024-07-30,44.96,25–44，偏冷,20,2024-07-31,4698.73,2024-08-27,4459.68,-0.05087544932354049,-0.08782838489040878
2024-07-31,65.46,55–74，偏热,20,2024-08-01,4894.81,2024-08-28,4470.55,-0.08667547872133963,-0.08889619821811268
2024-08-01,40.25,25–44，偏冷,20,2024-08-02,4844.78,2024-08-29,4542.46,-0.062401182303427505,-0.07948761347264466
2024-08-02,28.99,25–44，偏冷,20,2024-08-05,4776.18,2024-08-30,4629.32,-0.030748422379391127,-0.06626634674572562
2024-08-05,19.03,0–24，极冷,20,2024-08-06,4731.2,2024-09-02,4532.51,-0.04199568819749733,-0.06111011694859936
2024-08-06,48.71,45–54，中性,20,2024-08-07,4741.65,2024-09-03,4572.4,-0.035694325814853434,-0.05981561787827738
2024-08-07,39.45,25–44，偏冷,20,2024-08-08,4728.33,2024-09-04,4550.77,-0.03755237049867488,-0.05903799775925245
2024-08-08,37.26,25–44，偏冷,20,2024-08-09,4760.13,2024-09-05,4586.78,-0.03641707264297411,-0.06311802408757738
2024-08-09,30.83,25–44，偏冷,20,2024-08-12,4696.36,2024-09-06,4508.23,-0.040058683746561186,-0.05064511802860616
2024-08-12,30.91,25–44，偏冷,20,2024-08-13,4671.2,2024-09-09,4475.53,-0.04188859393731803,-0.05064511802860616
2024-08-13,46.74,45–54，中性,20,2024-08-14,4698.0,2024-09-10,4487.58,-0.044789272030651306,-0.050727969348658974
2024-08-14,35.4,25–44，偏冷,20,2024-08-15,4639.08,2024-09-11,4486.01,-0.03299576640195889,-0.0494836791457528
2024-08-15,54.62,45–54，中性,20,2024-08-16,4696.72,2024-09-12,4468.74,-0.048540257882096594,-0.05046926365633886
2024-08-16,31.1,25–44，偏冷,20,2024-08-19,4651.3,2024-09-13,4413.19,-0.051192139831875094,-0.05369659984432662
2024-08-19,36.68,25–44，偏冷,20,2024-08-20,4663.78,2024-09-18,4399.13,-0.05674581562595138,-0.05674581562595138
2024-08-20,27.94,25–44，偏冷,20,2024-08-21,4564.38,2024-09-19,4482.27,-0.01798929975155439,-0.04972436556556892
2024-08-21,35.39,25–44，偏冷,20,2024-08-22,4549.3,2024-09-20,4463.36,-0.018890818367661044,-0.04972436556556892
2024-08-22,29.14,25–44，偏冷,20,2024-08-23,4482.65,2024-09-23,4469.13,-0.003016073081770765,-0.04972436556556892
2024-08-23,34.14,25–44，偏冷,20,2024-08-26,4492.71,2024-09-24,4642.56,0.033354033534325644,-0.04972436556556892
2024-08-26,42.82,25–44，偏冷,20,2024-08-27,4500.74,2024-09-25,4686.26,0.04121988828503764,-0.04972436556556892
2024-08-27,28.23,25–44，偏冷,20,2024-08-28,4449.71,2024-09-26,4874.13,0.09538149677169971,-0.04972436556556892
2024-08-28,39.0,25–44，偏冷,20,2024-08-29,4453.43,2024-09-27,5136.44,0.15336717990402882,-0.04972436556556892
2024-08-29,51.49,45–54，中性,20,2024-08-30,4539.93,2024-09-30,5708.83,0.25747093016852673,-0.04972436556556892
2024-08-30,66.45,55–74，偏热,20,2024-09-02,4627.18,2024-10-08,6201.99,0.3403390401929467,-0.049284877614443445
2024-09-02,24.47,0–24，极冷,20,2024-09-03,4529.94,2024-10-09,5727.38,0.2643390420182168,-0.07652543780302767
2024-09-03,52.5,45–54，中性,20,2024-09-04,4542.9,2024-10-10,5654.53,0.24469611921900114,-0.08827166764215999
2024-09-04,40.7,25–44，偏冷,20,2024-09-05,4554.52,2024-10-11,5416.76,0.18931522970587444,-0.12660936247881727
2024-09-05,52.93,45–54，中性,20,2024-09-06,4588.93,2024-10-14,5615.76,0.22376240212860066,-0.12660936247881727
2024-09-06,34.64,25–44，偏冷,20,2024-09-09,4490.99,2024-10-15,5507.18,0.2262730489268514,-0.12660936247881727
2024-09-09,36.56,25–44，偏冷,20,2024-09-10,4481.49,2024-10-16,5524.25,0.23268154118384743,-0.12660936247881727
2024-09-10,41.5,25–44，偏冷,20,2024-09-11,4469.01,2024-10-17,5505.61,0.23195293812276074,-0.12660936247881727
2024-09-11,40.37,25–44，偏冷,20,2024-09-12,4490.52,2024-10-18,5749.43,0.28034837836152593,-0.12660936247881727
2024-09-12,44.54,25–44，偏冷,20,2024-09-13,4471.98,2024-10-21,5860.57,0.310508991542896,-0.12660936247881727
2024-09-13,35.65,25–44，偏冷,20,2024-09-18,4413.9,2024-10-22,5888.81,0.3341512041505246,-0.12660936247881727
2024-09-18,37.4,25–44，偏冷,20,2024-09-19,4418.78,2024-10-23,5903.58,0.33602034950823545,-0.12660936247881727
2024-09-19,66.52,55–74，偏热,20,2024-09-20,4484.18,2024-10-24,5861.63,0.3071799080322377,-0.12660936247881727
2024-09-20,43.77,25–44，偏冷,20,2024-09-23,4462.72,2024-10-25,5974.91,0.33884940126201046,-0.12660936247881727
2024-09-23,48.48,45–54，中性,20,2024-09-24,4489.49,2024-10-28,6082.09,0.3547396252135544,-0.12660936247881727
2024-09-24,73.46,55–74，偏热,20,2024-09-25,4688.39,2024-10-29,5983.84,0.276310204569159,-0.12660936247881727
2024-09-25,72.95,55–74，偏热,20,2024-09-26,4675.94,2024-10-30,6019.35,0.28730265999991467,-0.12660936247881727
2024-09-26,81.86,75–100，极热,20,2024-09-27,4950.94,2024-10-31,6116.66,0.23545427736955005,-0.12660936247881727
2024-09-27,90.25,75–100，极热,20,2024-09-30,5375.57,2024-11-01,5930.23,0.10318161608908438,-0.12660936247881727
2024-09-30,99.87,75–100，极热,20,2024-10-08,6437.11,2024-11-04,6053.11,-0.05965409943281996,-0.15851057384447365
2024-10-08,99.82,75–100，极热,20,2024-10-09,6052.67,2024-11-05,6266.54,0.035334819178973964,-0.1050627243844452
2024-10-09,54.11,45–54，中性,20,2024-10-10,5777.9,2024-11-06,6293.19,0.08918292113051463,-0.06250367780681554
2024-10-10,64.29,55–74，偏热,20,2024-10-11,5610.95,2024-11-07,6403.92,0.14132544399789704,-0.034609112538874776
2024-10-11,52.97,45–54，中性,20,2024-10-14,5451.62,2024-11-08,6423.12,0.17820391003041292,-0.0304790522932451
2024-10-14,96.88,75–100，极热,20,2024-10-15,5585.69,2024-11-11,6579.01,0.17783299825088772,-0.0304790522932451
2024-10-15,57.93,55–74，偏热,20,2024-10-16,5425.43,2024-11-12,6491.97,0.1965816534357645,-0.0304790522932451
2024-10-16,66.46,55–74，偏热,20,2024-10-17,5563.46,2024-11-13,6474.39,0.16373443864070203,-0.0304790522932451
2024-10-17,61.79,55–74，偏热,20,2024-10-18,5495.2,2024-11-14,6272.19,0.14139430775949924,-0.046636196023413956
2024-10-18,97.59,75–100，极热,20,2024-10-21,5797.0,2024-11-15,6125.51,0.056668966706917345,-0.06893134377360732
2024-10-21,94.58,75–100，极热,20,2024-10-22,5866.79,2024-11-18,5974.56,0.01836950018664396,-0.09187552534499865
2024-10-22,86.32,75–100，极热,20,2024-10-23,5871.32,2024-11-19,6130.28,0.0441059250730671,-0.09187552534499865
2024-10-23,90.13,75–100，极热,20,2024-10-24,5871.29,2024-11-20,6250.8,0.06463826518533411,-0.09187552534499865
2024-10-24,65.61,55–74，偏热,20,2024-10-25,5876.44,2024-11-21,6262.16,0.06563837969927366,-0.09187552534499865
2024-10-25,95.67,75–100，极热,20,2024-10-28,5988.72,2024-11-22,6030.49,0.00697477925165968,-0.09187552534499865
2024-10-28,96.34,75–100，极热,20,2024-10-29,6106.19,2024-11-25,6052.13,-0.00885331114819543,-0.09187552534499865
2024-10-29,61.36,55–74，偏热,20,2024-10-30,5960.79,2024-11-26,5981.57,0.003486115095482356,-0.09187552534499865
2024-10-30,64.52,55–74，偏热,20,2024-10-31,6041.01,2024-11-27,6118.66,0.012853810869374538,-0.09187552534499865
2024-10-31,81.2,75–100，极热,20,2024-11-01,6100.79,2024-11-28,6086.09,-0.0024095240124639705,-0.09187552534499865
2024-11-01,37.99,25–44，偏冷,20,2024-11-04,5912.31,2024-11-29,6189.13,0.0468209549228642,-0.09187552534499865
2024-11-04,81.28,75–100，极热,20,2024-11-05,6057.21,2024-12-02,6313.61,0.04232971945829833,-0.09187552534499865
2024-11-05,95.91,75–100，极热,20,2024-11-06,6287.29,2024-12-03,6303.28,0.0025432260958218045,-0.09187552534499865
2024-11-06,68.23,55–74，偏热,20,2024-11-07,6238.62,2024-12-04,6204.94,-0.005398629825185797,-0.09187552534499865
2024-11-07,77.03,75–100，极热,20,2024-11-08,6470.07,2024-12-05,6285.6,-0.028511283494614292,-0.09187552534499865
2024-11-08,65.85,55–74，偏热,20,2024-11-11,6416.17,2024-12-06,6349.62,-0.010372231409080501,-0.09187552534499865
2024-11-11,94.63,75–100，极热,20,2024-11-12,6593.82,2024-12-09,6303.27,-0.044063987188003195,-0.09391521151623783
2024-11-12,61.1,55–74，偏热,20,2024-11-13,6453.86,2024-12-10,6362.02,-0.014230243606151882,-0.07720109539277054
2024-11-13,85.86,75–100，极热,20,2024-11-14,6462.01,2024-12-11,6447.37,-0.002265548954582308,-0.07543318564966628
2024-11-14,53.07,45–54，中性,20,2024-11-15,6246.34,2024-12-12,6490.15,0.03903245740705752,-0.044807223066801294
2024-11-15,52.03,45–54，中性,20,2024-11-18,6154.51,2024-12-13,6354.99,0.03257448602731983,-0.044807223066801294
2024-11-18,43.59,25–44，偏冷,20,2024-11-19,5977.84,2024-12-16,6277.52,0.050131820189232235,-0.044807223066801294
2024-11-19,77.45,75–100，极热,20,2024-11-20,6116.96,2024-12-17,6143.94,0.0044106876618450475,-0.05334391346887202
2024-11-20,83.53,75–100，极热,20,2024-11-21,6241.01,2024-12-18,6195.87,-0.0072328036647915095,-0.05334391346887202
2024-11-21,70.64,55–74，偏热,20,2024-11-22,6240.09,2024-12-19,6207.19,-0.00527235985378427,-0.05334391346887202
2024-11-22,35.57,25–44，偏冷,20,2024-11-25,6047.94,2024-12-20,6271.75,0.03700598881602679,-0.05334391346887202
2024-11-25,57.08,55–74，偏热,20,2024-11-26,6036.64,2024-12-23,6096.38,0.009896233666410348,-0.06067194132647158
2024-11-26,42.58,25–44，偏冷,20,2024-11-27,5942.53,2024-12-24,6164.36,0.03732921836322234,-0.06067194132647158
2024-11-27,65.51,55–74，偏热,20,2024-11-28,6121.68,2024-12-25,6094.69,-0.004408920427072416,-0.06093233592443936
2024-11-28,52.76,45–54，中性,20,2024-11-29,6066.71,2024-12-26,6160.45,0.015451537983519836,-0.06093233592443936
2024-11-29,77.21,75–100，极热,20,2024-12-02,6188.8,2024-12-27,6171.57,-0.0027840615305068095,-0.06093233592443936
2024-12-02,84.14,75–100，极热,20,2024-12-03,6318.97,2024-12-30,6145.93,-0.027384209768364087,-0.06093233592443936
2024-12-03,58.37,55–74，偏热,20,2024-12-04,6301.05,2024-12-31,5957.72,-0.05448774410614099,-0.08203662473132356
2024-12-04,43.54,25–44，偏冷,20,2024-12-05,6186.12,2025-01-02,5797.09,-0.06288756118536332,-0.1067864379097555
2024-12-05,63.12,55–74，偏热,20,2024-12-06,6291.3,2025-01-03,5625.21,-0.10587477945734591,-0.13326964708057587
2024-12-06,72.03,55–74，偏热,20,2024-12-09,6346.59,2025-01-06,5608.03,-0.11637115364313755,-0.13591673536050786
2024-12-09,42.43,25–44，偏冷,20,2024-12-10,6493.54,2025-01-07,5692.04,-0.12343036309932642,-0.13636783634196448
2024-12-10,69.74,55–74，偏热,20,2024-12-11,6343.78,2025-01-08,5661.78,-0.10750688075563786,-0.13591673536050786
2024-12-11,68.47,55–74，偏热,20,2024-12-12,6454.94,2025-01-09,5672.78,-0.12117231143899088,-0.13591673536050786
2024-12-12,70.62,55–74，偏热,20,2024-12-13,6447.2,2025-01-10,5544.92,-0.13994912520163794,-0.13994912520163794
2024-12-13,38.17,25–44，偏冷,20,2024-12-16,6355.63,2025-01-13,5559.47,-0.12526846276450954,-0.12755777161351434
2024-12-16,47.34,45–54，中性,20,2024-12-17,6262.49,2025-01-14,5811.05,-0.07208634265284253,-0.11588950452425562
2024-12-17,39.01,25–44，偏冷,20,2024-12-18,6156.69,2025-01-15,5775.57,-0.061903392894558595,-0.11588950452425562
2024-12-18,57.82,55–74，偏热,20,2024-12-19,6127.22,2025-01-16,5801.31,-0.053190517069731436,-0.11588950452425562
2024-12-19,52.12,45–54，中性,20,2024-12-20,6195.64,2025-01-17,5841.57,-0.05714825264218071,-0.11588950452425562
2024-12-20,54.71,45–54，中性,20,2024-12-23,6271.76,2025-01-20,5879.15,-0.06259965304794834,-0.11589091419314512
2024-12-23,42.19,25–44，偏冷,20,2024-12-24,6110.77,2025-01-21,5908.02,-0.03317912472568918,-0.1015381823425805
2024-12-24,62.64,55–74，偏热,20,2024-12-25,6158.65,2025-01-22,5855.74,-0.04918448036501499,-0.1015381823425805
2024-12-25,45.74,45–54，中性,20,2024-12-26,6083.89,2025-01-23,5829.03,-0.04189096121067282,-0.1015381823425805
2024-12-26,66.02,55–74，偏热,20,2024-12-27,6164.67,2025-01-24,5938.13,-0.036748114659827635,-0.1015381823425805
2024-12-27,54.92,45–54，中性,20,2024-12-30,6164.91,2025-01-27,5846.07,-0.05171851657201809,-0.10056756708532644
2024-12-30,44.24,25–44，偏冷,20,2024-12-31,6151.03,2025-02-05,5881.44,-0.04382843198618769,-0.09853796843780627
2024-12-31,34.25,25–44，偏冷,20,2025-01-02,5948.68,2025-02-06,6041.83,0.0156589361001096,-0.06787388126441496
2025-01-02,30.72,25–44，偏冷,20,2025-01-03,5808.54,2025-02-07,6134.05,0.056039899871568544,-0.045384898786958505
2025-01-03,21.13,0–24，极冷,20,2025-01-06,5614.03,2025-02-10,6210.55,0.10625522129379439,-0.02584662089514478
2025-01-06,28.57,25–44，偏冷,20,2025-01-07,5610.95,2025-02-11,6190.17,0.10323029077072521,-0.02584662089514478
2025-01-07,44.26,25–44，偏冷,20,2025-01-08,5664.31,2025-02-12,6284.61,0.10951024926248731,-0.022539213577822403
2025-01-08,35.03,25–44，偏冷,20,2025-01-09,5629.9,2025-02-13,6212.5,0.10348318797847211,-0.022539213577822403
2025-01-09,40.59,25–44，偏冷,20,2025-01-10,5662.77,2025-02-14,6248.83,0.10349351995578115,-0.020811369700694193
2025-01-10,22.68,0–24，极冷,20,2025-01-13,5487.12,2025-02-17,6281.57,0.1447845135517356,-0.015503197134451474
2025-01-13,31.36,25–44，偏冷,20,2025-01-14,5580.88,2025-02-18,6142.14,0.10056836914608458,-0.022669664466052675
2025-01-14,53.04,45–54，中性,20,2025-01-15,5805.9,2025-02-19,6288.53,0.08312750822439252,-0.022669664466052675
2025-01-15,34.79,25–44，偏冷,20,2025-01-16,5810.05,2025-02-20,6334.41,0.09025051419523056,-0.022669664466052675
2025-01-16,45.97,45–54，中性,20,2025-01-17,5780.61,2025-02-21,6449.23,0.11566599372730568,-0.022669664466052675
2025-01-17,40.32,25–44，偏冷,20,2025-01-20,5877.97,2025-02-24,6464.02,0.09970278854774706,-0.022669664466052675
2025-01-20,45.45,45–54，中性,20,2025-01-21,5911.4,2025-02-25,6435.43,0.08864735933958134,-0.022669664466052675
2025-01-21,40.33,25–44，偏冷,20,2025-01-22,5879.84,2025-02-26,6524.41,0.1096237312579933,-0.022669664466052675
2025-01-22,33.15,25–44，偏冷,20,2025-01-23,5911.22,2025-02-27,6499.53,0.09952429447728206,-0.022669664466052675
2025-01-23,36.66,25–44，偏冷,20,2025-01-24,5815.46,2025-02-28,6270.42,0.07823284830434729,-0.0389291905321707
2025-01-24,45.92,45–54，中性,20,2025-01-27,5946.73,2025-03-03,6273.67,0.05497811402232822,-0.0389291905321707
2025-01-27,29.79,25–44，偏冷,20,2025-02-05,5900.51,2025-03-04,6357.63,0.07747126943264226,-0.0389291905321707
2025-02-05,41.88,25–44，偏冷,20,2025-02-06,5869.71,2025-03-05,6398.24,0.09004363077562605,-0.0389291905321707
2025-02-06,63.13,55–74，偏热,20,2025-02-07,6046.36,2025-03-06,6534.97,0.0808106034043623,-0.0389291905321707
2025-02-07,72.22,55–74，偏热,20,2025-02-10,6155.05,2025-03-07,6507.76,0.05730416487274681,-0.0389291905321707
2025-02-10,75.28,75–100，极热,20,2025-02-11,6209.52,2025-03-10,6520.97,0.050156855924451405,-0.0389291905321707
2025-02-11,62.81,55–74，偏热,20,2025-02-12,6172.39,2025-03-11,6551.73,0.061457555339179626,-0.0389291905321707
2025-02-12,73.33,55–74，偏热,20,2025-02-13,6290.79,2025-03-12,6566.97,0.0439022761847081,-0.0389291905321707
2025-02-13,55.11,55–74，偏热,20,2025-02-14,6203.48,2025-03-13,6466.85,0.04245520256372237,-0.0389291905321707
2025-02-14,69.21,55–74，偏热,20,2025-02-17,6285.04,2025-03-14,6571.17,0.045525565469750395,-0.0389291905321707
2025-02-17,79.89,75–100，极热,20,2025-02-18,6264.28,2025-03-17,6589.57,0.05192775546431516,-0.0389291905321707
2025-02-18,46.92,45–54，中性,20,2025-02-19,6134.99,2025-03-18,6611.93,0.07774095801297154,-0.0389291905321707
2025-02-19,77.95,75–100，极热,20,2025-02-20,6289.13,2025-03-19,6564.68,0.043813691241872954,-0.0389291905321707
2025-02-20,75.43,75–100，极热,20,2025-02-21,6347.67,2025-03-20,6535.06,0.02952106836051649,-0.0389291905321707
2025-02-21,79.06,75–100，极热,20,2025-02-24,6454.56,2025-03-21,6405.61,-0.00758378572668017,-0.0389291905321707
2025-02-24,67.02,55–74，偏热,20,2025-02-25,6369.28,2025-03-24,6360.34,-0.0014036123392282551,-0.0389291905321707
2025-02-25,58.48,55–74，偏热,20,2025-02-26,6451.4,2025-03-25,6310.76,-0.02179991939734005,-0.04554948403869974
2025-02-26,80.34,75–100，极热,20,2025-02-27,6526.81,2025-03-26,6334.91,-0.029401805782610535,-0.04554948403869974
2025-02-27,57.41,55–74，偏热,20,2025-02-28,6460.9,2025-03-27,6328.77,-0.020450711201225658,-0.04554948403869974
2025-02-28,45.11,45–54，中性,20,2025-03-03,6291.05,2025-03-28,6268.32,-0.0036130693604407016,-0.05196818478114573
2025-03-03,60.7,55–74，偏热,20,2025-03-04,6218.83,2025-03-31,6226.65,0.0012574712606712168,-0.0582704293602625
2025-03-04,67.1,55–74，偏热,20,2025-03-05,6365.43,2025-04-01,6259.48,-0.016644594316487793,-0.0582704293602625
2025-03-05,60.46,55–74，偏热,20,2025-03-06,6438.16,2025-04-02,6277.25,-0.02499316574922028,-0.0582704293602625
2025-03-06,76.63,75–100，极热,20,2025-03-07,6512.73,2025-04-03,6203.26,-0.04751770762798391,-0.06180797437359442
2025-03-07,50.71,45–54，中性,20,2025-03-10,6519.03,2025-04-07,5496.44,-0.156862293930232,-0.168708682638806
2025-03-10,62.95,55–74，偏热,20,2025-03-11,6438.24,2025-04-08,5530.02,-0.14106650264668597,-0.168708682638806
2025-03-11,62.97,55–74，偏热,20,2025-03-12,6585.6,2025-04-09,5652.33,-0.14171373906705542,-0.168708682638806
2025-03-12,62.98,55–74，偏热,20,2025-03-13,6558.42,2025-04-10,5784.59,-0.11799030864141058,-0.168708682638806
2025-03-13,49.48,45–54，中性,20,2025-03-14,6463.92,2025-04-11,5862.19,-0.09309057042785185,-0.168708682638806
2025-03-14,73.45,55–74，偏热,20,2025-03-17,6585.82,2025-04-14,5938.53,-0.09828540713229328,-0.168708682638806
2025-03-17,65.45,55–74，偏热,20,2025-03-18,6605.04,2025-04-15,5914.03,-0.10461859428557585,-0.168708682638806
2025-03-18,66.06,55–74，偏热,20,2025-03-19,6590.56,2025-04-16,5835.35,-0.11458965550727096,-0.16601320676846898
2025-03-19,52.85,45–54，中性,20,2025-03-20,6551.82,2025-04-17,5839.56,-0.1087117777960932,-0.16108195890607502
2025-03-20,55.09,55–74，偏热,20,2025-03-21,6507.95,2025-04-18,5831.69,-0.10391290652202312,-0.15542682411512077
2025-03-21,41.58,25–44，偏冷,20,2025-03-24,6403.57,2025-04-21,5952.64,-0.07041853216252802,-0.1416600427573994
2025-03-24,41.78,25–44，偏冷,20,2025-03-25,6355.81,2025-04-22,5949.31,-0.06395722968433604,-0.13521014630707973
2025-03-25,46.6,45–54，中性,20,2025-03-26,6297.33,2025-04-23,5984.58,-0.049663905178861545,-0.13235705006069542
2025-03-26,56.78,55–74，偏热,20,2025-03-27,6315.1,2025-04-24,5920.48,-0.06248832164177931,-0.1315152865406708
2025-03-27,45.23,45–54，中性,20,2025-03-28,6326.81,2025-04-25,5939.5,-0.061217264308553676,-0.1312462362549216
2025-03-28,39.67,25–44，偏冷,20,2025-03-31,6229.56,2025-04-28,5877.06,-0.0565850557663784,-0.12438727149627626
2025-03-31,37.8,25–44，偏冷,20,2025-04-01,6242.07,2025-04-29,5903.38,-0.05425924412895078,-0.12438727149627626
2025-04-01,49.17,45–54，中性,20,2025-04-02,6252.63,2025-04-30,5950.12,-0.04838124117371412,-0.12438727149627626
2025-04-02,43.53,25–44，偏冷,20,2025-04-03,6208.29,2025-05-06,6102.92,-0.016972467458833296,-0.11466120300437
2025-04-03,37.6,25–44，偏冷,20,2025-04-07,5811.54,2025-05-07,6111.49,0.051612825516128114,-0.05421970768505424
2025-04-07,9.04,0–24，极冷,20,2025-04-08,5475.56,2025-05-08,6158.08,0.12464843778535895,-0.017990984300828683
2025-04-08,30.76,25–44，偏冷,20,2025-04-09,5439.18,2025-05-09,6082.08,0.11819796366364033,-0.017990984300828683
2025-04-09,43.56,25–44，偏冷,20,2025-04-10,5766.51,2025-05-12,6167.46,0.06953079072090396,-0.017990984300828683
2025-04-10,45.96,45–54，中性,20,2025-04-11,5744.8,2025-05-13,6151.01,0.07070916306921049,-0.017990984300828683
2025-04-11,30.23,25–44，偏冷,20,2025-04-14,5933.99,2025-05-14,6160.37,0.03814971039722015,-0.017990984300828683
2025-04-14,40.02,25–44，偏冷,20,2025-04-15,5938.57,2025-05-15,6057.04,0.019949247040954354,-0.01799759874852025
2025-04-15,28.51,25–44，偏冷,20,2025-04-16,5897.2,2025-05-16,6068.12,0.028983246286373276,-0.017966173064776436
2025-04-16,21.91,0–24，极冷,20,2025-04-17,5802.29,2025-05-19,6095.34,0.05050592093811246,-0.017966173064776436
2025-04-17,32.95,25–44，偏冷,20,2025-04-18,5833.11,2025-05-20,6146.02,0.053643768075692266,-0.017966173064776436
2025-04-18,25.76,25–44，偏冷,20,2025-04-21,5826.62,2025-05-21,6132.18,0.05244206761381398,-0.017966173064776436
2025-04-21,40.01,25–44，偏冷,20,2025-04-22,5947.15,2025-05-22,6066.1,0.02000117703437798,-0.017966173064776436
2025-04-22,30.7,25–44，偏冷,20,2025-04-23,5971.47,2025-05-23,5989.68,0.0030495003742796456,-0.028825480830033667
2025-04-23,34.24,25–44，偏冷,20,2025-04-24,5979.41,2025-05-26,6028.79,0.008258339869652742,-0.028825480830033667
2025-04-24,25.47,25–44，偏冷,20,2025-04-25,5927.32,2025-05-27,6008.46,0.013689154626374211,-0.028825480830033667
2025-04-25,31.44,25–44，偏冷,20,2025-04-28,5933.42,2025-05-28,5984.46,0.008602121542044872,-0.029671858431185583
2025-04-28,21.58,0–24，极冷,20,2025-04-29,5850.83,2025-05-29,6089.58,0.04080617621773319,-0.029671858431185583
2025-04-29,28.55,25–44，偏冷,20,2025-04-30,5907.19,2025-05-30,6026.56,0.020207577545330535,-0.029671858431185583
2025-04-30,35.81,25–44，偏冷,20,2025-05-06,5993.33,2025-06-03,6070.04,0.01279922847565551,-0.029671858431185583
2025-05-06,50.0,45–54，中性,20,2025-05-07,6171.61,2025-06-04,6123.17,-0.00784884333261493,-0.03032434000204154
2025-05-07,66.71,55–74，偏热,20,2025-05-08,6093.56,2025-06-05,6167.01,0.012053709161803594,-0.029671858431185583
2025-05-08,64.46,55–74，偏热,20,2025-05-09,6153.53,2025-06-06,6152.84,-0.00011213076071781014,-0.029671858431185583
2025-05-09,50.0,45–54，中性,20,2025-05-12,6122.67,2025-06-09,6218.96,0.01572679892922535,-0.029671858431185583
2025-05-12,67.57,55–74，偏热,20,2025-05-13,6219.45,2025-06-10,6161.69,-0.009286994830732698,-0.03778308371319006
2025-05-13,59.36,55–74，偏热,20,2025-05-14,6144.25,2025-06-11,6186.51,0.006877975342800324,-0.0285551030214094
2025-05-14,64.48,55–74，偏热,20,2025-05-15,6146.0,2025-06-12,6192.22,0.007520338431500129,-0.02628693040374097
2025-05-15,52.2,45–54，中性,20,2025-05-16,6042.22,2025-06-13,6106.01,0.010557377917387978,-0.02628693040374097
2025-05-16,57.88,55–74，偏热,20,2025-05-19,6073.2,2025-06-16,6147.46,0.012227491273134383,-0.02628693040374097
2025-05-19,65.1,55–74，偏热,20,2025-05-20,6097.36,2025-06-17,6141.47,0.007234278441817565,-0.02628693040374097
2025-05-20,67.63,55–74，偏热,20,2025-05-21,6137.1,2025-06-18,6135.39,-0.00027863323067900403,-0.024871682064818934
2025-05-21,57.36,55–74，偏热,20,2025-05-22,6113.21,2025-06-19,6048.22,-0.010631075981358373,-0.027454751276740796
2025-05-22,35.06,25–44，偏冷,20,2025-05-23,6060.52,2025-06-20,5999.59,-0.01005359276101725,-0.035274386714177264
2025-05-23,36.82,25–44，偏冷,20,2025-05-26,5991.86,2025-06-23,6078.22,0.0144128868164477,-0.035274386714177264
2025-05-26,48.79,45–54，中性,20,2025-05-27,6019.54,2025-06-24,6194.67,0.02909358522412009,-0.035274386714177264
2025-05-27,45.3,45–54，中性,20,2025-05-28,6006.89,2025-06-25,6276.16,0.0448268571590289,-0.035274386714177264
2025-05-28,38.22,25–44，偏冷,20,2025-05-29,5980.86,2025-06-26,6247.79,0.04463070528318669,-0.035274386714177264
2025-05-29,51.72,45–54，中性,20,2025-05-30,6075.45,2025-06-27,6276.94,0.033164621550666906,-0.035274386714177264
2025-05-30,35.47,25–44，偏冷,20,2025-06-03,6009.18,2025-06-30,6356.18,0.05774498350856527,-0.035274386714177264
2025-06-03,48.79,45–54，中性,20,2025-06-04,6067.83,2025-07-01,6373.77,0.05042000187876061,-0.035274386714177264
2025-06-04,50.4,45–54，中性,20,2025-06-05,6125.89,2025-07-02,6309.48,0.029969522795871173,-0.035274386714177264
2025-06-05,53.06,45–54，中性,20,2025-06-06,6164.41,2025-07-03,6342.64,0.028912742663125934,-0.035274386714177264
2025-06-06,49.08,45–54，中性,20,2025-06-09,6161.14,2025-07-04,6312.2,0.02451818981552112,-0.035274386714177264
2025-06-09,60.58,55–74，偏热,20,2025-06-10,6220.04,2025-07-07,6327.14,0.01721853878753188,-0.03544189426434552
2025-06-10,39.44,25–44，偏冷,20,2025-06-11,6162.16,2025-07-08,6407.7,0.03984641748997109,-0.031108390851746215
2025-06-11,60.22,55–74，偏热,20,2025-06-12,6171.56,2025-07-09,6390.47,0.035470772381699156,-0.031108390851746215
2025-06-12,59.91,55–74，偏热,20,2025-06-13,6174.43,2025-07-10,6406.57,0.03759699275884576,-0.02831678389746095
2025-06-13,40.47,25–44，偏冷,20,2025-06-16,6089.96,2025-07-11,6461.1,0.06094292901759624,-0.02405383686921103
2025-06-16,59.14,55–74，偏热,20,2025-06-17,6153.15,2025-07-14,6462.31,0.05024418387330076,-0.02495632318406016
2025-06-17,51.14,45–54，中性,20,2025-06-18,6126.18,2025-07-15,6442.83,0.051688001331988254,-0.022133882279692152
2025-06-18,48.92,45–54，中性,20,2025-06-19,6127.94,2025-07-16,6462.06,0.05452403254601079,-0.02094504841757583
2025-06-19,43.49,25–44，偏冷,20,2025-06-20,6039.99,2025-07-17,6535.67,0.08206636103702158,-0.010086652012859076
2025-06-20,46.96,45–54，中性,20,2025-06-23,5966.5,2025-07-18,6552.07,0.09814296488728735,-0.010086652012859076
2025-06-23,61.59,55–74，偏热,20,2025-06-24,6082.74,2025-07-21,6612.26,0.08705287419814112,-0.010086652012859076
2025-06-24,62.87,55–74，偏热,20,2025-06-25,6196.15,2025-07-22,6637.1,0.07116515901003062,-0.010086652012859076
2025-06-25,66.5,55–74，偏热,20,2025-06-26,6272.44,2025-07-23,6607.22,0.05337316897411548,-0.010086652012859076
2025-06-26,40.94,25–44，偏冷,20,2025-06-27,6265.92,2025-07-24,6701.12,0.06945508401000966,-0.010086652012859076
2025-06-27,60.46,55–74，偏热,20,2025-06-30,6297.08,2025-07-25,6706.61,0.0650349050671104,-0.010086652012859076
2025-06-30,65.42,55–74，偏热,20,2025-07-01,6358.06,2025-07-28,6729.98,0.05849583048917428,-0.010086652012859076
2025-07-01,60.09,55–74，偏热,20,2025-07-02,6358.87,2025-07-29,6773.88,0.06526474043344188,-0.007767103274638476
2025-07-02,41.48,25–44，偏冷,20,2025-07-03,6306.75,2025-07-30,6718.48,0.06528402108851616,-0.00817847378459624
2025-07-03,58.74,55–74，偏热,20,2025-07-04,6338.56,2025-07-31,6661.19,0.05089957340468487,-0.016635960483504353
2025-07-04,37.92,25–44，偏冷,20,2025-07-07,6305.04,2025-08-01,6670.47,0.05795839518861112,-0.016635960483504353
2025-07-07,54.26,45–54，中性,20,2025-07-08,6321.55,2025-08-04,6739.69,0.06614517009277776,-0.016635960483504353
2025-07-08,66.76,55–74，偏热,20,2025-07-09,6412.14,2025-08-05,6787.48,0.05853583982882449,-0.016635960483504353
2025-07-09,56.34,55–74，偏热,20,2025-07-10,6385.21,2025-08-06,6861.31,0.0745629352832562,-0.016635960483504353
2025-07-10,60.33,55–74，偏热,20,2025-07-11,6411.31,2025-08-07,6862.15,0.07031948228989071,-0.016635960483504353
2025-07-11,62.74,55–74，偏热,20,2025-07-14,6465.51,2025-08-08,6838.13,0.05763195788112618,-0.016635960483504353
2025-07-14,57.51,55–74，偏热,20,2025-07-15,6452.0,2025-08-11,6943.94,0.07624612523248597,-0.016635960483504353
2025-07-15,52.07,45–54，中性,20,2025-07-16,6440.52,2025-08-12,6963.61,0.08121859725612213,-0.016635960483504353
2025-07-16,53.89,45–54，中性,20,2025-07-17,6458.41,2025-08-13,7064.33,0.09381875724830113,-0.016635960483504353
2025-07-17,61.89,55–74，偏热,20,2025-07-18,6546.36,2025-08-14,6976.49,0.06570521633396265,-0.016635960483504353
2025-07-18,59.19,55–74，偏热,20,2025-07-21,6557.25,2025-08-15,7117.5,0.08543978039574518,-0.016635960483504353
2025-07-21,69.24,55–74，偏热,20,2025-07-22,6607.83,2025-08-18,7237.6,0.0953066286511608,-0.016635960483504353
2025-07-22,64.0,55–74，偏热,20,2025-07-23,6634.12,2025-08-19,7242.85,0.09175745991932627,-0.016635960483504353
2025-07-23,37.1,25–44，偏冷,20,2025-07-24,6602.17,2025-08-20,7305.46,0.10652406708703355,-0.016635960483504353
2025-07-24,69.69,55–74，偏热,20,2025-07-25,6708.08,2025-08-21,7253.34,0.08128406339817063,-0.016635960483504353
2025-07-25,43.7,25–44，偏冷,20,2025-07-28,6713.82,2025-08-22,7362.94,0.09668415298593058,-0.016635960483504353
2025-07-28,59.56,55–74，偏热,20,2025-07-29,6724.32,2025-08-25,7477.73,0.11204255597592017,-0.016635960483504353
2025-07-29,57.82,55–74，偏热,20,2025-07-30,6758.33,2025-08-26,7476.47,0.10625997842662316,-0.014373373303759984
2025-07-30,43.34,25–44，偏冷,20,2025-07-31,6701.16,2025-08-27,7336.5,0.0948104507279337,-0.018886747716218677
2025-07-31,37.28,25–44，偏冷,20,2025-08-01,6665.64,2025-08-28,7447.11,0.1172385547374295,-0.018886747716218677
2025-08-01,50.4,45–54，中性,20,2025-08-04,6637.84,2025-08-29,7438.68,0.12064768057078812,-0.018886747716218677
2025-08-04,57.74,55–74，偏热,20,2025-08-05,6753.53,2025-09-01,7501.15,0.1107006261910437,-0.018886747716218677
2025-08-05,57.8,55–74，偏热,20,2025-08-06,6784.17,2025-09-02,7313.88,0.0780802957473059,-0.02496550528918895
2025-08-06,58.56,55–74，偏热,20,2025-08-07,6864.45,2025-09-03,7206.88,0.04988455010962278,-0.03922998473567385
2025-08-07,44.04,25–44，偏冷,20,2025-08-08,6844.44,2025-09-04,7041.15,0.02874011606501048,-0.06132393033068262
2025-08-08,46.77,45–54，中性,20,2025-08-11,6850.57,2025-09-05,7245.67,0.057674032963680455,-0.06132393033068262
2025-08-11,66.67,55–74，偏热,20,2025-08-12,6943.67,2025-09-08,7311.03,0.05290574004813009,-0.06132393033068262
2025-08-12,57.93,55–74，偏热,20,2025-08-13,6966.27,2025-09-09,7226.03,0.03728824751265725,-0.06132393033068262
2025-08-13,66.05,55–74，偏热,20,2025-08-14,7072.9,2025-09-10,7230.17,0.02223557522374131,-0.06132393033068262
2025-08-14,34.49,25–44，偏冷,20,2025-08-15,6956.51,2025-09-11,7399.89,0.06373598255447055,-0.06132393033068262
2025-08-15,72.33,55–74，偏热,20,2025-08-18,7158.53,2025-09-12,7422.88,0.036927972642428086,-0.06132393033068262
2025-08-18,73.93,55–74，偏热,20,2025-08-19,7231.93,2025-09-15,7415.57,0.025392944898526393,-0.06132393033068262
2025-08-19,67.32,55–74，偏热,20,2025-08-20,7212.97,2025-09-16,7483.63,0.03752407122170198,-0.06132393033068262
2025-08-20,66.92,55–74，偏热,20,2025-08-21,7318.76,2025-09-17,7554.81,0.03225273133700246,-0.06132393033068262
2025-08-21,60.55,55–74，偏热,20,2025-08-22,7250.19,2025-09-18,7476.4,0.031200561640453595,-0.06132393033068262
2025-08-22,70.83,55–74，偏热,20,2025-08-25,7418.35,2025-09-19,7438.19,0.002674449169963511,-0.06132393033068262
2025-08-25,74.35,55–74，偏热,20,2025-08-26,7457.77,2025-09-22,7489.48,0.0042519412639434595,-0.06132393033068262
2025-08-26,70.69,55–74，偏热,20,2025-08-27,7488.93,2025-09-23,7408.07,-0.010797270104006884,-0.06132393033068262
2025-08-27,43.31,25–44，偏冷,20,2025-08-28,7331.19,2025-09-24,7534.22,0.0276940032927806,-0.06132393033068262
2025-08-28,76.31,75–100，极热,20,2025-08-29,7449.86,2025-09-25,7506.51,0.0076041697427871036,-0.06132393033068262
2025-08-29,67.25,55–74，偏热,20,2025-09-01,7475.0,2025-09-26,7397.59,-0.010355852842809377,-0.06132393033068262
2025-09-01,76.55,75–100，极热,20,2025-09-02,7498.44,2025-09-29,7497.83,-8.135025418620767e-05,-0.060984684814441414
2025-09-02,46.13,45–54，中性,20,2025-09-03,7336.39,2025-09-30,7574.96,0.032518718334221486,-0.04024322589175344
2025-09-03,46.47,45–54，中性,20,2025-09-04,7214.72,2025-10-09,7648.05,0.06006192894526752,-0.024057759691297864
2025-09-04,49.61,45–54，中性,20,2025-09-05,7046.96,2025-10-10,7533.82,0.06908794714316513,-0.020810582926638843
2025-09-05,83.35,75–100，极热,20,2025-09-08,7257.33,2025-10-13,7519.76,0.03616068168320852,-0.020810582926638843
2025-09-08,78.4,75–100，极热,20,2025-09-09,7287.4,2025-10-14,7373.15,0.011766885308889252,-0.03594380266865416
2025-09-09,62.01,55–74，偏热,20,2025-09-10,7214.23,2025-10-15,7483.45,0.03731791196011214,-0.03594380266865416
2025-09-10,69.94,55–74，偏热,20,2025-09-11,7215.93,2025-10-16,7401.84,0.025763830857560954,-0.03594380266865416
2025-09-11,84.75,75–100，极热,20,2025-09-12,7402.42,2025-10-17,7185.48,-0.02930663215543028,-0.060482083668386144
2025-09-12,64.69,55–74，偏热,20,2025-09-15,7445.5,2025-10-20,7239.18,-0.027710697736888057,-0.060482083668386144
2025-09-15,71.74,55–74，偏热,20,2025-09-16,7426.41,2025-10-21,7344.05,-0.011090149883995037,-0.060482083668386144
2025-09-16,84.87,75–100，极热,20,2025-09-17,7478.41,2025-10-22,7312.21,-0.02222397541723442,-0.060482083668386144
2025-09-17,80.01,75–100，极热,20,2025-09-18,7552.23,2025-10-23,7308.1,-0.0323255515258406,-0.060482083668386144
2025-09-18,57.86,55–74，偏热,20,2025-09-19,7473.02,2025-10-24,7419.24,-0.007196555074120092,-0.060482083668386144
2025-09-19,64.7,55–74，偏热,20,2025-09-22,7457.89,2025-10-27,7495.38,0.00502689098391107,-0.060482083668386144
2025-09-22,69.04,55–74，偏热,20,2025-09-23,7500.62,2025-10-28,7479.22,-0.002853097477275135,-0.060482083668386144
2025-09-23,58.86,55–74，偏热,20,2025-09-24,7375.91,2025-10-29,7569.12,0.02619473393791405,-0.060482083668386144
2025-09-24,78.38,75–100，极热,20,2025-09-25,7521.32,2025-10-30,7485.08,-0.004818303170188165,-0.060482083668386144
2025-09-25,67.05,55–74，偏热,20,2025-09-26,7476.94,2025-10-31,7506.67,0.003976225568213865,-0.060482083668386144
2025-09-26,60.87,55–74，偏热,20,2025-09-29,7415.13,2025-11-03,7538.12,0.016586357892579118,-0.060482083668386144
2025-09-29,74.87,55–74，偏热,20,2025-09-30,7525.62,2025-11-04,7435.73,-0.011944530816065724,-0.060482083668386144
2025-09-30,70.49,55–74，偏热,20,2025-10-09,7623.3,2025-11-05,7464.86,-0.020783650125273945,-0.060482083668386144
2025-10-09,72.55,55–74，偏热,20,2025-10-10,7608.29,2025-11-06,7551.83,-0.007420852780322562,-0.05557227708197243
2025-10-10,63.92,55–74，偏热,20,2025-10-13,7250.58,2025-11-07,7541.88,0.04017609625712715,-0.0444535463897785
2025-10-13,61.72,55–74，偏热,20,2025-10-14,7580.39,2025-11-10,7563.25,-0.002261097384171573,-0.05209626417638158
2025-10-14,47.61,45–54，中性,20,2025-10-15,7384.01,2025-11-11,7540.79,0.021232365611639104,-0.039817196613861294
2025-10-15,66.1,55–74，偏热,20,2025-10-16,7460.76,2025-11-12,7486.38,0.003433966512794928,-0.0368970453412254
2025-10-16,51.0,45–54，中性,20,2025-10-17,7395.87,2025-11-13,7590.58,0.02632685539361823,-0.02844695755874571
2025-10-17,34.01,25–44，偏冷,20,2025-10-20,7259.49,2025-11-14,7502.76,0.03351061851452375,-0.01762292049802361
2025-10-20,55.4,55–74，偏热,20,2025-10-21,7257.11,2025-11-17,7523.08,0.036649575381935806,-0.01762292049802361
2025-10-21,66.53,55–74，偏热,20,2025-10-22,7304.96,2025-11-18,7448.1,0.019594905379358707,-0.018770634128090324
2025-10-22,51.0,45–54，中性,20,2025-10-23,7292.39,2025-11-19,7387.21,0.013002595856776766,-0.02679241902463314
2025-10-23,54.58,45–54，中性,20,2025-10-24,7340.67,2025-11-20,7340.41,-3.541911024473876e-05,-0.03295795578203509
2025-10-24,58.18,55–74，偏热,20,2025-10-27,7483.3,2025-11-21,7067.7,-0.05553699571044868,-0.06888538161774205
2025-10-27,66.48,55–74，偏热,20,2025-10-28,7462.91,2025-11-24,7156.41,-0.041069770371075065,-0.06888538161774205
2025-10-28,62.44,55–74，偏热,20,2025-10-29,7481.24,2025-11-25,7249.95,-0.03091599788270394,-0.06888538161774205
2025-10-29,65.53,55–74，偏热,20,2025-10-30,7560.6,2025-11-26,7248.45,-0.04128640584080634,-0.06888538161774205
2025-10-30,50.97,45–54，中性,20,2025-10-31,7480.66,2025-11-27,7257.45,-0.029838276301823674,-0.06888538161774205
2025-10-31,56.51,55–74，偏热,20,2025-11-03,7507.37,2025-11-28,7334.21,-0.023065334464666076,-0.06888538161774205
2025-11-03,58.94,55–74，偏热,20,2025-11-04,7523.64,2025-12-01,7386.68,-0.018203954468847483,-0.06888538161774205
2025-11-04,44.0,25–44，偏冷,20,2025-11-05,7332.1,2025-12-02,7313.18,-0.0025804339820788558,-0.06888538161774205
2025-11-05,55.9,55–74，偏热,20,2025-11-06,7482.91,2025-12-03,7248.27,-0.03135678499407313,-0.06888538161774205
2025-11-06,55.5,55–74，偏热,20,2025-11-07,7519.75,2025-12-04,7248.66,-0.03605040061172249,-0.06888538161774205
2025-11-07,51.86,45–54，中性,20,2025-11-10,7568.75,2025-12-05,7342.49,-0.02989397192402976,-0.06888538161774205
2025-11-10,59.62,55–74，偏热,20,2025-11-11,7579.91,2025-12-08,7423.05,-0.020694177107643763,-0.06888538161774205
2025-11-11,55.98,55–74，偏热,20,2025-11-12,7520.18,2025-12-09,7380.58,-0.01856338545088021,-0.06888538161774205
2025-11-12,48.24,45–54，中性,20,2025-11-13,7483.66,2025-12-10,7408.24,-0.010077956507911878,-0.06888538161774205
2025-11-13,70.63,55–74，偏热,20,2025-11-14,7527.83,2025-12-11,7312.0,-0.02867094501337042,-0.06112385641014739
2025-11-14,47.91,45–54，中性,20,2025-11-17,7514.84,2025-12-12,7370.94,-0.019148777618685275,-0.06053105908750145
2025-11-17,58.29,55–74，偏热,20,2025-11-18,7508.53,2025-12-15,7309.08,-0.026563122209007584,-0.058710559856589795
2025-11-18,44.9,25–44，偏冷,20,2025-11-19,7438.14,2025-12-16,7181.62,-0.0344871164027567,-0.04980277327396376
2025-11-19,43.09,25–44，偏冷,20,2025-11-20,7429.7,2025-12-17,7288.74,-0.01897250225446523,-0.048723367026932474
2025-11-20,38.64,25–44，偏冷,20,2025-11-21,7235.33,2025-12-18,7272.4,0.005123470525877805,-0.03252436666868741
2025-11-21,22.17,0–24，极冷,20,2025-11-24,7105.64,2025-12-19,7329.81,0.03154817862993342,-0.03252436666868741
2025-11-24,38.79,25–44，偏冷,20,2025-11-25,7195.1,2025-12-22,7408.35,0.029638226014926827,-0.03252436666868741
2025-11-25,47.77,45–54，中性,20,2025-11-26,7236.66,2025-12-23,7392.42,0.021523741615607328,-0.03252436666868741
2025-11-26,40.02,25–44，偏冷,20,2025-11-27,7243.71,2025-12-24,7506.38,0.03626180506950161,-0.03252436666868741
2025-11-27,41.68,25–44，偏冷,20,2025-11-28,7257.17,2025-12-25,7579.38,0.04439884968934171,-0.03252436666868741
2025-11-28,53.39,45–54，中性,20,2025-12-01,7356.51,2025-12-26,7605.53,0.03385029042304022,-0.03252436666868741
2025-12-01,54.47,45–54，中性,20,2025-12-02,7364.2,2025-12-29,7594.16,0.03122674560712646,-0.03252436666868741
2025-12-02,44.35,25–44，偏冷,20,2025-12-03,7312.67,2025-12-30,7597.3,0.038922855810531676,-0.03252436666868741
2025-12-03,39.81,25–44，偏冷,20,2025-12-04,7246.86,2025-12-31,7595.28,0.048078754108676014,-0.03252436666868741
2025-12-04,40.34,25–44，偏冷,20,2025-12-05,7244.28,2026-01-05,7753.88,0.07034515507407235,-0.03252436666868741
2025-12-05,59.18,55–74，偏热,20,2025-12-08,7359.49,2026-01-06,7864.9,0.06867459565812295,-0.03252436666868741
2025-12-08,60.24,55–74，偏热,20,2025-12-09,7400.93,2026-01-07,7906.42,0.0683008757007566,-0.03059026165459
2025-12-09,48.55,45–54，中性,20,2025-12-10,7367.49,2026-01-08,7971.59,0.08199536069950564,-0.03059026165459
2025-12-10,56.2,55–74，偏热,20,2025-12-11,7421.79,2026-01-09,8129.18,0.09531258631677808,-0.03236011797693006
2025-12-11,40.26,25–44，偏冷,20,2025-12-12,7312.87,2026-01-12,8357.01,0.1427811515861761,-0.025684648091016893
2025-12-12,51.23,45–54，中性,20,2025-12-15,7324.48,2026-01-13,8203.13,0.11996073441391064,-0.019504456289047067
2025-12-15,47.62,45–54，中性,20,2025-12-16,7302.16,2026-01-14,8257.17,0.13078458976522023,-0.018413284176996392
2025-12-16,37.09,25–44，偏冷,20,2025-12-17,7178.31,2026-01-15,8240.78,0.14801116140149984,-0.018413284176996392
2025-12-17,52.57,45–54，中性,20,2025-12-18,7244.64,2026-01-16,8232.73,0.13638910974182283,-0.018413284176996392
2025-12-18,50.76,45–54，中性,20,2025-12-19,7295.67,2026-01-19,8265.65,0.13295283366709287,-0.018413284176996392
2025-12-19,59.76,55–74，偏热,20,2025-12-22,7363.06,2026-01-20,8182.75,0.11132463948412741,-0.02085195542424867
2025-12-22,61.57,55–74，偏热,20,2025-12-23,7410.22,2026-01-21,8247.68,0.11301418851262168,-0.02085195542424867
2025-12-23,54.41,45–54，中性,20,2025-12-24,7391.56,2026-01-22,8309.35,0.12416729350773048,-0.02085195542424867
2025-12-24,69.39,55–74，偏热,20,2025-12-25,7507.3,2026-01-23,8470.74,0.12833375514499212,-0.02085195542424867
2025-12-25,68.66,55–74，偏热,20,2025-12-26,7575.93,2026-01-26,8365.43,0.1042116281433434,-0.02085195542424867
2025-12-26,64.22,55–74，偏热,20,2025-12-29,7606.44,2026-01-27,8382.15,0.10198069004685495,-0.02085195542424867
2025-12-29,54.41,45–54，中性,20,2025-12-30,7556.54,2026-01-28,8399.79,0.11159207785573844,-0.02085195542424867
2025-12-30,58.54,55–74，偏热,20,2025-12-31,7606.65,2026-01-29,8332.21,0.0953849592133198,-0.02085195542424867
2025-12-31,53.85,45–54，中性,20,2026-01-05,7639.54,2026-01-30,8254.86,0.08054411653057647,-0.025485376720333686
2026-01-05,76.7,75–100，极热,20,2026-01-06,7756.16,2026-02-02,7975.43,0.028270432791484446,-0.058473049580083813
2026-01-06,77.56,75–100，极热,20,2026-01-07,7881.84,2026-02-03,8209.1,0.041520761649564086,-0.058473049580083813
2026-01-07,70.61,55–74，偏热,20,2026-01-08,7886.81,2026-02-04,8207.12,0.04061337853961233,-0.058473049580083813
2026-01-08,58.41,55–74，偏热,20,2026-01-09,7969.19,2026-02-05,8068.08,0.012409040316519127,-0.058473049580083813
2026-01-09,78.64,75–100，极热,20,2026-01-12,8196.09,2026-02-06,8051.57,-0.017632798078108025,-0.058473049580083813
2026-01-12,80.16,75–100，极热,20,2026-01-13,8381.04,2026-02-09,8233.78,-0.017570611761786203,-0.058473049580083813
2026-01-13,44.55,25–44，偏冷,20,2026-01-14,8204.28,2026-02-10,8250.3,0.005609267358013037,-0.058473049580083813
2026-01-14,71.86,55–74，偏热,20,2026-01-15,8197.06,2026-02-11,8239.51,0.005178686016693801,-0.058473049580083813
2026-01-15,64.8,55–74，偏热,20,2026-01-16,8276.61,2026-02-12,8314.83,0.004617832663373012,-0.058473049580083813
2026-01-16,49.04,45–54，中性,20,2026-01-19,8204.63,2026-02-13,8204.83,2.4376480109555843e-05,-0.058473049580083813
2026-01-19,64.62,55–74，偏热,20,2026-01-20,8271.78,2026-02-24,8299.77,0.00338379405641831,-0.058473049580083813
2026-01-20,48.78,45–54，中性,20,2026-01-21,8138.68,2026-02-25,8426.33,0.035343569227442195,-0.058473049580083813
2026-01-21,65.36,55–74，偏热,20,2026-01-22,8272.47,2026-02-26,8490.62,0.02637060031647165,-0.058473049580083813
2026-01-22,70.41,55–74，偏热,20,2026-01-23,8331.77,2026-02-27,8560.84,0.027493557791441692,-0.058473049580083813
2026-01-23,77.73,75–100，极热,20,2026-01-26,8513.22,2026-03-02,8476.97,-0.004258083310427763,-0.06317116202799866
2026-01-26,42.76,25–44，偏冷,20,2026-01-27,8325.43,2026-03-03,8142.45,-0.02197844435662788,-0.05052031062681339
2026-01-27,57.47,55–74，偏热,20,2026-01-28,8392.75,2026-03-04,8094.52,-0.035534240862649225,-0.05447129020049435
2026-01-28,54.23,45–54，中性,20,2026-01-29,8380.61,2026-03-05,8171.12,-0.02499698709282505,-0.05447129020049435
2026-01-29,40.6,25–44，偏冷,20,2026-01-30,8255.33,2026-03-06,8248.86,-0.000783736083233455,-0.05447129020049435
2026-01-30,38.56,25–44，偏冷,20,2026-02-02,8166.74,2026-03-09,8203.87,0.004546489786622532,-0.05447129020049435
2026-02-02,36.78,25–44，偏冷,20,2026-02-03,8058.76,2026-03-10,8350.09,0.03615072294000554,-0.05447129020049435
2026-02-03,60.03,55–74，偏热,20,2026-02-04,8184.2,2026-03-11,8363.53,0.021911732362356773,-0.05447129020049435
2026-02-04,55.92,55–74，偏热,20,2026-02-05,8121.51,2026-03-12,8335.91,0.02639903170715785,-0.05447129020049435
2026-02-05,41.91,25–44，偏冷,20,2026-02-06,7980.47,2026-03-13,8214.29,0.029299026247827653,-0.05447129020049435
2026-02-06,46.71,45–54，中性,20,2026-02-09,8177.29,2026-03-16,8211.35,0.004165194092419444,-0.05447129020049435
2026-02-09,58.21,55–74，偏热,20,2026-02-10,8246.22,2026-03-17,8019.86,-0.027450152918549353,-0.06319239700777035
2026-02-10,47.17,45–54，中性,20,2026-02-11,8239.17,2026-03-18,8096.59,-0.0173051411732007,-0.06319239700777035
2026-02-11,41.49,25–44，偏冷,20,2026-02-12,8252.19,2026-03-19,7909.23,-0.041559876832695464,-0.07611519430336278
2026-02-12,42.03,25–44，偏冷,20,2026-02-13,8272.88,2026-03-20,7783.43,-0.05916319347071386,-0.09081001397059163
2026-02-13,32.76,25–44，偏冷,20,2026-02-24,8319.69,2026-03-23,7409.11,-0.10944878955826487,-0.1345346951934624
2026-02-24,47.58,45–54，中性,20,2026-02-25,8320.61,2026-03-24,7600.86,-0.0865020713625565,-0.1345346951934624
2026-02-25,54.59,45–54，中性,20,2026-02-26,8447.78,2026-03-25,7751.18,-0.08245953374732773,-0.1345346951934624
2026-02-26,52.55,45–54，中性,20,2026-02-27,8434.1,2026-03-26,7639.38,-0.09422700703098141,-0.1345346951934624
2026-02-27,55.6,55–74，偏热,20,2026-03-02,8464.27,2026-03-27,7746.31,-0.08482243595726502,-0.12597189797769714
2026-03-02,36.05,25–44，偏冷,20,2026-03-03,8495.95,2026-03-30,7767.93,-0.0856902406440716,-0.1279244816647933
2026-03-03,21.1,0–24，极冷,20,2026-03-04,8039.59,2026-03-31,7619.85,-0.05220913006757799,-0.11411688605170311
2026-03-04,32.91,25–44，偏冷,20,2026-03-05,8235.37,2026-04-01,7764.15,-0.05721904419595003,-0.11411688605170311
2026-03-05,49.18,45–54，中性,20,2026-03-06,8120.49,2026-04-02,7623.42,-0.06121182342444853,-0.11411688605170311
2026-03-06,51.55,45–54，中性,20,2026-03-09,8131.74,2026-04-03,7536.6,-0.073187288329435,-0.11411688605170311
2026-03-09,35.76,25–44，偏冷,20,2026-03-10,8272.94,2026-04-07,7606.02,-0.0806146303490658,-0.11411688605170311
2026-03-10,57.2,55–74，偏热,20,2026-03-11,8356.09,2026-04-08,7955.77,-0.04790757399692913,-0.11411688605170311
2026-03-11,51.92,45–54，中性,20,2026-03-12,8357.35,2026-04-09,7921.45,-0.052157681561739166,-0.11346180308351339
2026-03-12,47.45,45–54，中性,20,2026-03-13,8297.91,2026-04-10,7998.23,-0.036115118144207425,-0.10711130875123975
2026-03-13,39.78,25–44，偏冷,20,2026-03-16,8212.27,2026-04-13,8025.57,-0.022734274445433522,-0.09779999926938598
2026-03-16,50.49,45–54，中性,20,2026-03-17,8219.5,2026-04-14,8144.76,-0.009093010523754441,-0.09859358841778698
2026-03-17,35.33,25–44，偏冷,20,2026-03-18,8050.71,2026-04-15,8106.16,0.006887591280769101,-0.08490982006004999
2026-03-18,50.4,45–54，中性,20,2026-03-19,7988.87,2026-04-16,8232.98,0.03055626139867096,-0.07257096435415777
2026-03-19,32.04,25–44，偏冷,20,2026-03-20,7943.41,2026-04-17,8307.44,0.045827925286495486,-0.0672633037952215
2026-03-20,28.69,25–44，偏冷,20,2026-03-23,7632.97,2026-04-20,8357.81,0.09496172525242463,-0.029780134475980047
2026-03-23,16.91,0–24，极冷,20,2026-03-24,7538.7,2026-04-21,8351.16,0.10777189701142098,-0.029780134475980047
2026-03-24,44.48,25–44，偏冷,20,2026-03-25,7654.78,2026-04-22,8481.24,0.10796652549126162,-0.029780134475980047
2026-03-25,50.07,45–54，中性,20,2026-03-26,7733.7,2026-04-23,8362.74,0.08133752278986761,-0.029780134475980047
2026-03-26,28.27,25–44，偏冷,20,2026-03-27,7526.59,2026-04-24,8304.14,0.10330707531564753,-0.029780134475980047
2026-03-27,45.92,45–54，中性,20,2026-03-30,7664.64,2026-04-27,8338.73,0.08794803147962571,-0.029780134475980047
2026-03-30,37.8,25–44，偏冷,20,2026-03-31,7741.96,2026-04-28,8226.69,0.06261076006592647,-0.030013299941989535
2026-03-31,27.07,25–44，偏冷,20,2026-04-01,7767.88,2026-04-29,8343.07,0.0740472303897588,-0.030013299941989535
2026-04-01,43.21,25–44，偏冷,20,2026-04-02,7733.75,2026-04-30,8381.95,0.08381444965249729,-0.030013299941989535
2026-04-02,25.54,25–44，偏冷,20,2026-04-03,7658.82,2026-05-06,8574.56,0.11956672176653838,-0.030013299941989535
2026-04-03,21.77,0–24，极冷,20,2026-04-07,7556.28,2026-05-07,8714.51,0.1532804501686016,-0.030013299941989535
2026-04-07,38.48,25–44，偏冷,20,2026-04-08,7765.55,2026-05-08,8741.15,0.12563179684632764,-0.030013299941989535
2026-04-08,55.27,55–74，偏热,20,2026-04-09,7881.8,2026-05-11,8866.78,0.12496891572990942,-0.030013299941989535
2026-04-09,35.82,25–44，偏冷,20,2026-04-10,7981.62,2026-05-12,8821.89,0.10527562073864694,-0.030013299941989535
2026-04-10,52.1,45–54，中性,20,2026-04-13,7947.22,2026-05-13,8955.45,0.1268657467642773,-0.030013299941989535
2026-04-13,55.95,55–74，偏热,20,2026-04-14,8088.05,2026-05-14,8778.71,0.0853926471770079,-0.030013299941989535
2026-04-14,64.71,55–74，偏热,20,2026-04-15,8186.07,2026-05-15,8682.65,0.06066158730624105,-0.03046189750375483
2026-04-15,54.3,45–54，中性,20,2026-04-16,8120.36,2026-05-18,8720.21,0.07386987769015163,-0.03046189750375483
2026-04-16,72.19,55–74，偏热,20,2026-04-17,8225.73,2026-05-19,8808.64,0.07086422724791608,-0.03046189750375483
2026-04-17,65.11,55–74，偏热,20,2026-04-20,8308.06,2026-05-20,8808.91,0.060284831837998265,-0.03046189750375483
2026-04-20,71.35,55–74，偏热,20,2026-04-21,8331.59,2026-05-21,8510.5,0.02147369229642848,-0.049684828791406455
2026-04-21,65.45,55–74，偏热,20,2026-04-22,8317.28,2026-05-22,8692.67,0.04513374564761552,-0.049684828791406455
2026-04-22,69.52,55–74，偏热,20,2026-04-23,8489.0,2026-05-25,8799.31,0.036554364471669265,-0.049684828791406455
2026-04-23,59.46,55–74，偏热,20,2026-04-24,8318.6,2026-05-26,8687.25,0.04431635130911449,-0.049684828791406455
2026-04-24,61.1,55–74，偏热,20,2026-04-27,8292.81,2026-05-27,8546.51,0.030592766504960345,-0.049684828791406455
2026-04-27,66.5,55–74，偏热,20,2026-04-28,8307.69,2026-05-28,8637.74,0.039728251776366186,-0.049684828791406455
2026-04-28,55.15,55–74，偏热,20,2026-04-29,8163.35,2026-05-29,8408.74,0.030059963127882394,-0.061047741877851
2026-04-29,70.88,55–74，偏热,20,2026-04-30,8345.25,2026-06-01,8345.13,-1.437943740456582e-05,-0.06815067919535045
2026-04-30,64.17,55–74，偏热,20,2026-05-06,8462.02,2026-06-02,8384.78,-0.009127844179049438,-0.06815067919535045
2026-05-06,61.97,55–74，偏热,20,2026-05-07,8602.15,2026-06-03,8432.68,-0.019700888731305488,-0.06815067919535045
2026-05-07,76.51,75–100，极热,20,2026-05-08,8655.13,2026-06-04,8420.09,-0.0271561490122042,-0.06815067919535045
2026-05-08,64.84,55–74，偏热,20,2026-05-11,8807.91,2026-06-05,8340.96,-0.05301484688195046,-0.06861631743798491
2026-05-11,79.22,75–100，极热,20,2026-05-12,8880.41,2026-06-08,8081.26,-0.08999021441577582,-0.09761541854401512
2026-05-12,56.33,55–74，偏热,20,2026-05-13,8764.02,2026-06-09,8318.7,-0.05081229846577251,-0.09761541854401512
2026-05-13,77.42,75–100，极热,20,2026-05-14,8989.49,2026-06-10,8198.72,-0.08796605814122938,-0.10103242786854427
2026-05-14,51.87,45–54，中性,20,2026-05-15,8786.38,2026-06-11,8159.45,-0.07135247963325053,-0.082603863588117
2026-05-15,53.51,45–54，中性,20,2026-05-18,8645.76,2026-06-12,8202.8,-0.05123436227700062,-0.082603863588117
2026-05-18,59.23,55–74，偏热,20,2026-05-19,8691.38,2026-06-15,8521.23,-0.019576868115305013,-0.082603863588117
2026-05-19,66.79,55–74，偏热,20,2026-05-20,8769.1,2026-06-16,8646.4,-0.013992313920470845,-0.082603863588117
2026-05-20,55.89,55–74，偏热,20,2026-05-21,8852.43,2026-06-17,8704.47,-0.016714054784957466,-0.08711393368826414
2026-05-21,40.13,25–44，偏冷,20,2026-05-22,8578.9,2026-06-18,8771.02,0.022394479478721196,-0.0816029893252993
2026-05-22,58.32,55–74，偏热,20,2026-05-25,8756.46,2026-06-22,8865.68,0.012473077019709011,-0.0816029893252993
2026-05-25,64.42,55–74，偏热,20,2026-05-26,8755.91,2026-06-23,8680.04,-0.008665004551211553,-0.07705081482107512
2026-05-26,57.63,55–74，偏热,20,2026-05-27,8679.54,2026-06-24,8793.49,0.013128575938356146,-0.06892992024922984
2026-05-27,49.34,45–54，中性,20,2026-05-28,8527.91,2026-06-25,8825.92,0.034945256223388954,-0.06442425912333549
2026-05-28,67.27,55–74，偏热,20,2026-05-29,8673.8,2026-06-26,8601.41,-0.00834582305333298,-0.06831377251031834
2026-05-29,44.46,25–44，偏冷,20,2026-06-01,8393.52,2026-06-29,8597.89,0.024348545068100025,-0.041673584198617775
2026-06-01,58.32,55–74，偏热,20,2026-06-02,8360.81,2026-06-30,8809.79,0.053700538584180446,-0.041673584198617775
2026-06-02,54.28,45–54，中性,20,2026-06-03,8386.86,2026-07-01,8876.63,0.05839730244692265,-0.041673584198617775
2026-06-03,63.54,55–74，偏热,20,2026-06-04,8338.85,2026-07-02,8625.33,0.03435485708460995,-0.040240662510733216
2026-06-04,46.56,45–54，中性,20,2026-06-05,8380.85,2026-07-03,8620.79,0.028629554281486946,-0.03574697077265432
2026-06-05,47.32,45–54，中性,20,2026-06-08,8069.48,2026-07-06,8472.6,0.04995613100224561,-0.04551614745686128
2026-06-08,29.67,25–44，偏冷,20,2026-06-09,8178.82,2026-07-07,8301.8,0.015036398893727876,-0.0647576839408649
2026-06-09,55.95,55–74，偏热,20,2026-06-10,8232.02,2026-07-08,8117.86,-0.013867799155007021,-0.08547951193189307
2026-06-10,29.4,25–44，偏冷,20,2026-06-11,8158.46,2026-07-09,8300.08,0.017358668180024184,-0.08547951193189307
2026-06-11,29.34,25–44，偏冷,20,2026-06-12,8294.9,2026-07-10,8198.31,-0.011644504454544347,-0.08547951193189307
2026-06-12,53.74,45–54，中性,20,2026-06-15,8269.4,2026-07-13,7787.85,-0.058232761748131634,-0.12265690920991401
2026-06-15,61.45,55–74，偏热,20,2026-06-16,8534.27,2026-07-14,7925.12,-0.07137693089157016,-0.12265690920991401
2026-06-16,63.44,55–74，偏热,20,2026-06-17,8581.65,2026-07-15,7817.83,-0.08900619344764693,-0.12265690920991401
2026-06-17,58.62,55–74，偏热,20,2026-06-18,8666.64,2026-07-16,7631.76,-0.11940959818337893,-0.14024128526253754
2026-06-18,64.82,55–74，偏热,20,2026-06-22,8813.72,2026-07-17,7168.0,-0.18672251898176928,-0.19248633772050872
2026-06-22,74.44,55–74，偏热,20,2026-06-23,8838.76,2026-07-20,6965.38,-0.21195054509908628,-0.21531256794526743
2026-06-23,47.51,45–54，中性,20,2026-06-24,8650.82,2026-07-21,7259.86,-0.16078938181582791,-0.21531256794526743
2026-06-24,60.28,55–74，偏热,20,2026-06-25,8806.07,2026-07-22,7158.76,-0.1870652856495576,-0.21531256794526743
2026-06-25,63.48,55–74，偏热,20,2026-06-26,8771.6,2026-07-23,7195.5,-0.17968215604906745,-0.21531256794526743
2026-06-26,40.39,25–44，偏冷,20,2026-06-29,8616.42,2026-07-24,6995.69,-0.1880978410987394,-0.21531256794526743
2026-06-29,46.22,45–54，中性,20,2026-06-30,8574.25,2026-07-28,7026.28,-0.18053707321340062,-0.21531256794526743
2026-06-30,71.18,55–74，偏热,20,2026-07-01,8827.47,2026-07-29,7095.19,-0.19623742703175429,-0.21531256794526743
2026-07-01,64.08,55–74，偏热,20,2026-07-02,8688.29,2026-07-30,6900.66,-0.20575164963416281,-0.20575164963416281
2026-07-02,45.64,45–54，中性,20,2026-07-03,8627.38,2026-07-31,7075.51,-0.17987732080886654,-0.20014419209539858
2026-07-03,64.46,55–74，偏热,20,2026-07-06,8669.12,2026-08-03,7079.78,-0.18333348713594932,-0.20399533055258212
2026-07-06,44.6,25–44，偏冷,20,2026-07-07,8436.39,2026-08-04,7279.19,-0.13716767479929215,-0.18203639234317048
2026-07-07,36.71,25–44，偏冷,20,2026-07-08,8315.96,2026-08-05,7493.05,-0.098955502431469,-0.1701908138086281
2026-07-08,45.81,45–54，中性,20,2026-07-09,8161.86,2026-08-06,7530.43,-0.07736349312534141,-0.16860319418608016
2026-07-09,51.51,45–54，中性,20,2026-07-10,8312.49,2026-08-07,7679.53,-0.07614565551357055,-0.1698444148504239
2026-07-10,53.65,45–54，中性,20,2026-07-13,8124.36,2026-08-10,7733.9,-0.04806040106543774,-0.1506210950770276
2026-07-13,23.09,0–24，极冷,20,2026-07-14,7799.81,2026-08-11,7698.05,-0.0130464716448222,-0.12926744326899786
2026-07-14,44.35,25–44，偏冷,20,2026-07-15,7959.37,2026-08-12,7793.72,-0.020811948684380743,-0.1330142963576263
2026-07-15,29.51,25–44，偏冷,20,2026-07-16,7713.14,2026-08-13,7715.89,0.0003565344334472975,-0.10533712599537937
2026-07-16,24.25,0–24，极冷,20,2026-07-17,7599.39,2026-08-14,7769.82,0.022426800045793005,-0.09194553773394976
2026-07-17,9.39,0–24，极冷,20,2026-07-20,7256.27,2026-08-17,7968.38,0.0981371972101368,-0.04947753813434419
2026-07-20,10.15,0–24，极冷,20,2026-07-21,6975.89,2026-08-18,7945.96,0.1390603922940299,-0.04947753813434419
2026-07-21,34.09,25–44，偏冷,20,2026-07-22,7196.86,2026-08-19,7517.77,0.044590279649736164,-0.056549762938012504
2026-07-22,19.9,0–24，极冷,20,2026-07-23,7169.54,2026-08-20,7589.78,0.058614639153976356,-0.056549762938012504
2026-07-23,35.37,25–44，偏冷,20,2026-07-24,7109.25,2026-08-21,7601.8,0.06928297640398084,-0.056549762938012504
2026-07-24,16.63,0–24，极冷,20,2026-07-28,7135.73,2026-08-24,7491.49,0.04985614646294079,-0.05984779842326804
2026-07-28,20.97,0–24，极冷,20,2026-07-29,7020.22,2026-08-25,7527.5,0.07225984370860172,-0.05984779842326804
2026-07-29,33.97,25–44，偏冷,20,2026-07-30,7053.09,2026-08-26,7544.67,0.06969711147879853,-0.05984779842326804
2026-07-30,19.53,0–24，极冷,20,2026-07-31,7082.75,2026-08-27,7732.95,0.09180050121774741,-0.05984779842326804
2026-07-31,41.67,25–44，偏冷,20,2026-08-03,7055.27,2026-08-28,7705.03,0.0920956958415482,-0.05984779842326804
2026-08-03,33.69,25–44，偏冷,20,2026-08-04,7128.49,2026-08-31,7770.42,0.09005132924364068,-0.05984779842326804
2026-08-04,36.59,25–44，偏冷,20,2026-08-05,7253.22,2026-09-01,7691.37,0.06040765342840837,-0.05984779842326804
2026-08-05,40.26,25–44，偏冷,20,2026-08-06,7440.01,2026-09-02,7583.76,0.019321210589770654,-0.05984779842326804
2026-08-06,31.08,25–44，偏冷,20,2026-08-07,7534.24,2026-09-03,7600.1,0.008741425810699033,-0.05984779842326804
2026-08-07,38.9,25–44，偏冷,20,2026-08-10,7723.38,2026-09-04,7508.09,-0.02787510131574522,-0.05984779842326804
2026-08-10,43.29,25–44，偏冷,20,2026-08-11,7686.04,2026-09-07,7639.36,-0.00607334856441033,-0.05984779842326804
2026-08-11,33.64,25–44，偏冷,20,2026-08-12,7704.96,2026-09-08,7659.61,-0.005885819004900816,-0.05984779842326804
2026-08-12,50.99,45–54，中性,20,2026-08-13,7847.24,2026-09-09,7648.8,-0.025287871914201676,-0.05984779842326804
2026-08-13,41.94,25–44，偏冷,20,2026-08-14,7750.99,2026-09-10,7587.75,-0.021060535492885446,-0.05984779842326804
2026-08-14,37.25,25–44，偏冷,20,2026-08-17,7797.18,2026-09-11,7427.24,-0.047445358450106334,-0.06791091790301174
2026-08-17,64.24,55–74，偏热,20,2026-08-18,7969.37,2026-09-14,7468.3,-0.06287448066785706,-0.06802670725540416
2026-08-18,53.95,45–54，中性,20,2026-08-19,7795.26,2026-09-15,7437.7,-0.045868899818607756,-0.04721074088612831
2026-08-19,31.49,25–44，偏冷,20,2026-08-20,7602.5,2026-09-16,7587.43,-0.001982242683327806,-0.04416492287418183
2026-08-20,41.29,25–44，偏冷,20,2026-08-21,7555.55,2026-09-17,7548.82,-0.0008907359490706312,-0.04416492287418183
2026-08-21,41.8,25–44，偏冷,20,2026-08-24,7614.89,2026-09-18,7687.59,0.009547084724795818,-0.04416492287418183
