date,close,prior_return_1d,prior_return_5d,prior_return_20d,prior_return_60d,drawdown_from_20d_high,trailing_max_drawdown_20d,drawdown_from_60d_high,trailing_max_drawdown_60d,fear_greed_index,fear_band
2022-07-22,7034.6,-0.00575100101903947,0.026526305958714858,0.01485216362626507,0.29512244067596916,-0.010618697346028938,-0.0423971569497098,-0.010618697346028938,-0.0423971569497098,46.51,45–54，中性
2022-07-25,6948.91,-0.012181218548318329,-0.0007218939506150601,-0.007713914033126157,0.3194425192963135,-0.022670567221276805,-0.0423971569497098,-0.022670567221276805,-0.0423971569497098,41.81,25–44，偏冷
2022-07-26,7027.42,0.011298174821662732,0.002582276169442954,-0.0073872978027379466,0.268322528480053,-0.011628528431386398,-0.0423971569497098,-0.011628528431386398,-0.0423971569497098,56.28,55–74，偏热
2022-07-27,7099.43,0.010247003879090721,-0.0015006821282401717,0.0287552945302052,0.2922363125715566,-0.0015006821282401717,-0.04193705202704223,-0.0015006821282401717,-0.0423971569497098,56.97,55–74，偏热
2022-07-28,7150.2,0.007151278342063971,0.010587551888332492,0.022109832993354228,0.24687635692101662,0.0,-0.04193705202704223,0.0,-0.0423971569497098,62.89,55–74，偏热
2022-07-29,7117.43,-0.004583088584934614,0.011774656696898145,0.017575237686753953,0.21937902287675204,-0.004583088584934614,-0.04193705202704223,-0.004583088584934614,-0.0423971569497098,40.97,25–44，偏冷
2022-08-01,7180.45,0.008854319606936611,0.03332033369262222,0.014715275736540967,0.24559169703834893,0.0,-0.04193705202704223,0.0,-0.0423971569497098,54.0,45–54，中性
2022-08-02,6957.98,-0.030982737850691833,-0.009881293561506244,-0.011088686753837451,0.19125338775426326,-0.030982737850691833,-0.03725004863764869,-0.030982737850691833,-0.0423971569497098,23.52,0–24，极冷
2022-08-03,6916.67,-0.005937067942132557,-0.02574291175488741,-0.005365272836562629,0.16233466147509445,-0.03673585917317157,-0.03725004863764869,-0.03673585917317157,-0.0423971569497098,30.14,25–44，偏冷
2022-08-04,6960.31,0.006309394549689484,-0.026557299096528708,-0.011582150763930543,0.15946613626785155,-0.03065824565312747,-0.03725004863764869,-0.03065824565312747,-0.0423971569497098,51.3,45–54，中性
2022-08-05,7090.0,0.018632790780870323,-0.003853919181502352,0.012742847592914552,0.17489730005617643,-0.012596703549220378,-0.03673585917317157,-0.012596703549220378,-0.0423971569497098,52.06,45–54，中性
2022-08-08,7176.11,0.01214527503526086,-0.0006044189431024805,0.04097695988905703,0.18190053148474794,-0.0006044189431024805,-0.03673585917317157,-0.0006044189431024805,-0.0423971569497098,56.04,55–74，偏热
2022-08-09,7207.4,0.00436030105447105,0.03584661065424166,0.06310734029937026,0.18486637908359183,0.0,-0.03673585917317157,0.0,-0.0423971569497098,53.07,45–54，中性
2022-08-10,7212.08,0.0006493326303522728,0.04270985893500767,0.05518442113271593,0.1787410557558602,0.0,-0.03673585917317157,0.0,-0.0423971569497098,53.4,45–54，中性
2022-08-11,7294.49,0.011426661933866544,0.04801222934035976,0.053984542405795866,0.1903929632168151,0.0,-0.03673585917317157,0.0,-0.0423971569497098,60.33,55–74，偏热
2022-08-12,7228.83,-0.009001314690951667,0.01958110014104375,0.05486938223972038,0.16967763127023616,-0.009001314690951667,-0.03673585917317157,-0.009001314690951667,-0.0423971569497098,44.2,25–44，偏冷
2022-08-15,7283.5,0.0075627729521927645,0.014964932254383001,0.047393344482903776,0.16285938717382153,-0.00150661663803775,-0.03673585917317157,-0.00150661663803775,-0.0423971569497098,51.33,45–54，中性
2022-08-16,7324.62,0.005645637399601888,0.016263839942281644,0.04498296553731329,0.1546708662608951,0.0,-0.03673585917317157,0.0,-0.0423971569497098,57.4,55–74，偏热
2022-08-17,7328.67,0.0005529297082988993,0.016165932712892905,0.030740777204258718,0.20504830933761276,0.0,-0.03673585917317157,0.0,-0.0423971569497098,58.65,55–74，偏热
2022-08-18,7351.44,0.003106975754127328,0.0078072627421519325,0.03903020229559484,0.18796367967137817,0.0,-0.03673585917317157,0.0,-0.0423971569497098,50.57,45–54，中性
2022-08-19,7234.41,-0.015919330090431227,0.0007719091471234396,0.028403889346942268,0.16176229705641454,-0.015919330090431227,-0.03673585917317157,-0.015919330090431227,-0.0423971569497098,35.77,25–44，偏冷
2022-08-22,7288.58,0.007487825544861382,0.0006974668771881909,0.0488810475311956,0.17366737036017188,-0.008550705712078166,-0.03673585917317157,-0.008550705712078166,-0.0423971569497098,50.12,45–54，中性
2022-08-23,7306.02,0.002392784328360431,-0.0025393808825576736,0.03964470602297854,0.1629419517506161,-0.006178381378342035,-0.03673585917317157,-0.006178381378342035,-0.0423971569497098,51.01,45–54，中性
2022-08-24,7039.41,-0.03649182455016553,-0.0394696445603363,-0.008454199844212917,0.10798397695703832,-0.04244474551924515,-0.04244474551924515,-0.04244474551924515,-0.04244474551924515,27.01,25–44，偏冷
2022-08-25,7016.31,-0.003281525014170117,-0.045586987039273885,-0.018725350339850566,0.1008877633635219,-0.045586987039273885,-0.045586987039273885,-0.045586987039273885,-0.045586987039273885,39.38,25–44，偏冷
2022-08-26,6980.18,-0.00514943039859983,-0.035141773828135214,-0.019283645922755777,0.0833859750144732,-0.05050167042103304,-0.05050167042103304,-0.05050167042103304,-0.05050167042103304,36.34,25–44，偏冷
2022-08-29,7021.31,0.005892398190304515,-0.036669694233993355,-0.02216295636067367,0.06303274196136877,-0.04490684818212476,-0.05050167042103304,-0.04490684818212476,-0.05050167042103304,46.1,45–54，中性
2022-08-30,6976.72,-0.006350666755918777,-0.045072419730578406,0.002693310414804362,0.05742645688051984,-0.050972326510180244,-0.050972326510180244,-0.050972326510180244,-0.050972326510180244,39.27,25–44，偏冷
2022-08-31,6750.74,-0.0323905789540071,-0.041007698088334155,-0.023989867956690225,0.021463513540095125,-0.08171188229788995,-0.08171188229788995,-0.08171188229788995,-0.08171188229788995,30.49,25–44，偏冷
2022-09-01,6717.1,-0.00498315740200328,-0.04264492304359413,-0.03494240917430402,0.034931698914393294,-0.08628785652878879,-0.08628785652878879,-0.08628785652878879,-0.08628785652878879,35.45,25–44，偏冷
2022-09-02,6776.83,0.008892230277947277,-0.029132486554788062,-0.04417066290550076,0.022493304665987646,-0.07816291774128603,-0.08628785652878879,-0.07816291774128603,-0.08628785652878879,46.17,45–54，中性
2022-09-05,6791.09,0.0021042286732881887,-0.03278875309593232,-0.053653023713404524,0.01742224486126931,-0.07622316172069687,-0.08628785652878879,-0.07622316172069687,-0.08628785652878879,42.27,25–44，偏冷
2022-09-06,6919.65,0.01893068712091872,-0.008180061690880591,-0.03992424452645893,0.03816811072352877,-0.05873543142567983,-0.08628785652878879,-0.05873543142567983,-0.08628785652878879,53.26,45–54，中性
2022-09-07,6963.52,0.006339916036215865,0.03151950749103061,-0.03446439862009287,0.046554128793343974,-0.05276789309305374,-0.08628785652878879,-0.05276789309305374,-0.08628785652878879,45.51,45–54，中性
2022-09-08,6897.1,-0.009538279490832191,0.026797278587485707,-0.05447810607732673,0.02991595935945135,-0.06180285767142213,-0.08628785652878879,-0.06180285767142213,-0.08628785652878879,37.58,25–44，偏冷
2022-09-09,6913.58,0.0023894100419015185,0.020179051267332992,-0.04361010011301969,0.020493775406879022,-0.05956111999825875,-0.08628785652878879,-0.05956111999825875,-0.08628785652878879,43.36,25–44，偏冷
2022-09-13,6904.08,-0.0013741071919324277,0.016637977114130287,-0.05209308711471139,0.0080788465048367,-0.06085338382684202,-0.08628785652878879,-0.06085338382684202,-0.08628785652878879,46.78,45–54，中性
2022-09-14,6829.56,-0.010793617686932877,-0.013019444625089305,-0.06758848923220584,0.007437521573532946,-0.07099017335379176,-0.08628785652878879,-0.07099017335379176,-0.08628785652878879,40.04,25–44，偏冷
2022-09-15,6619.19,-0.03080286284914413,-0.049447693120720726,-0.09680883434511312,-0.010852071412667197,-0.09960633562948207,-0.09960633562948207,-0.09960633562948207,-0.09960633562948207,31.34,25–44，偏冷
2022-09-16,6481.24,-0.02084091860182291,-0.06029490655492897,-0.11837136669822512,-0.05320468340284423,-0.11837136669822512,-0.11837136669822512,-0.11837136669822512,-0.11837136669822512,27.43,25–44，偏冷
2022-09-19,6399.8,-0.0125654967259351,-0.07431460979695026,-0.1153666988738542,-0.07672776323097663,-0.12403743761993535,-0.12403743761993535,-0.12944946840346916,-0.12944946840346916,31.38,25–44，偏冷
2022-09-20,6482.13,0.012864464514516172,-0.06111603573539126,-0.11064569504622301,-0.07436887131529235,-0.11276864832015243,-0.12403743761993535,-0.11825030198165254,-0.12944946840346916,52.48,45–54，中性
2022-09-21,6480.6,-0.00023603352601686556,-0.051095531776571224,-0.11297806466448213,-0.08462481567067626,-0.11297806466448213,-0.12403743761993535,-0.1184584244719401,-0.12944946840346916,44.85,25–44，偏冷
2022-09-22,6487.27,0.0010292256889794515,-0.019929931003642265,-0.0784355507066643,-0.05995081865065732,-0.0784355507066643,-0.09086130797893566,-0.11755111923650319,-0.12944946840346916,39.93,25–44，偏冷
2022-09-23,6363.68,-0.019051157112313866,-0.01813850436027664,-0.09301612956098004,-0.09032196273906334,-0.09366200894135146,-0.09366200894135146,-0.13436279150751407,-0.13436279150751407,32.51,25–44，偏冷
2022-09-26,6283.59,-0.01258548512810198,-0.018158379949373415,-0.09979542074846204,-0.10163843019515328,-0.10506871224885383,-0.10506871224885383,-0.14525725572132797,-0.14525725572132797,35.17,25–44，偏冷
2022-09-27,6409.78,0.02008246877978981,-0.011161454645309599,-0.08709628260253433,-0.09419302688403008,-0.08709628260253433,-0.10506871224885383,-0.12809191124459973,-0.14525725572132797,55.88,55–74，偏热
2022-09-28,6211.11,-0.030994823535285154,-0.04158411258216843,-0.10973781375775449,-0.11723848777714618,-0.10973781375775449,-0.10973781375775449,-0.15511654859456103,-0.15511654859456103,26.73,25–44，偏冷
2022-09-29,6228.78,0.0028449021189449475,-0.03984572863469549,-0.07731893096164277,-0.10428560335232484,-0.10551272919443044,-0.10805023895960675,-0.15271293787339624,-0.15511654859456103,32.71,25–44，偏冷
2022-09-30,6124.86,-0.016683844990511787,-0.03752859980388712,-0.08816900150362517,-0.13022251191799905,-0.12043621616653655,-0.12043621616653655,-0.16684894388038263,-0.16684894388038263,28.56,25–44，偏冷
2022-10-10,5984.5,-0.022916442171739382,-0.047598586158549505,-0.1169174968237362,-0.14516790247957734,-0.14059268875511244,-0.14059268875511244,-0.18594180187827147,-0.18594180187827147,24.29,0–24，极冷
2022-10-11,6017.72,0.005551006767482658,-0.061165905850122715,-0.11388009877648508,-0.12706077929915005,-0.13582211295436797,-0.14059268875511244,-0.18142295931137298,-0.18594180187827147,40.68,25–44，偏冷
2022-10-12,6192.65,0.029069149112952886,-0.002972093554936217,-0.10506311735420149,-0.08657051490067214,-0.11070119709572179,-0.14059268875511244,-0.1576276212551555,-0.18594180187827147,49.59,45–54，中性
2022-10-13,6252.22,0.00961946824057569,0.0037631767376598013,-0.1021466155048022,-0.0852506986203162,-0.1021466155048022,-0.14059268875511244,-0.14952444691108124,-0.18594180187827147,46.86,45–54，中性
2022-10-14,6406.46,0.024669637344814976,0.04597656109690673,-0.0711371445970046,-0.07432736057749967,-0.07335128833397453,-0.13438479051374252,-0.1285435234457466,-0.18594180187827147,52.81,45–54，中性
2022-10-17,6472.45,0.010300540392041757,0.08153563372044448,-0.06380630585022518,-0.05550561666583975,-0.06380630585022518,-0.13438479051374252,-0.11956705080909313,-0.18594180187827147,54.44,45–54，中性
2022-10-18,6508.5,0.005569761064202927,0.081555805188676,-0.057296555080474154,-0.06405442677737627,-0.057296555080474154,-0.13319370575080236,-0.11466324964904828,-0.18594180187827147,46.64,45–54，中性
2022-10-19,6461.15,-0.007275101789967042,0.04335785164671013,-0.05394344584424193,-0.07820587446428473,-0.05394344584424193,-0.12373564329180797,-0.12110416462625007,-0.18594180187827147,36.5,25–44，偏冷
2022-10-20,6429.7,-0.00486755453750487,0.028386717038108022,-0.028627369814131276,-0.0956948566124246,-0.028627369814131276,-0.09588635467481665,-0.12538223803771775,-0.18594180187827147,36.28,25–44，偏冷
2022-10-21,6432.33,0.00040903930198932237,0.004038111531173172,-0.007546395442847298,-0.0908740136446704,-0.01170315740954142,-0.07750101352340821,-0.12502448499885732,-0.18594180187827147,37.65,25–44，偏冷
2022-10-24,6378.43,-0.008379545203682004,-0.014526184057041647,-0.003339166848963959,-0.09327751400221762,-0.019984635476684276,-0.07750101352340821,-0.1323563818789243,-0.18594180187827147,28.08,25–44，偏冷
2022-10-25,6355.78,-0.003551030582761072,-0.023464700007682304,-0.01949204968120055,-0.0853558327852858,-0.023464700007682304,-0.07750101352340821,-0.13543741090180972,-0.18594180187827147,31.5,25–44，偏冷
2022-10-26,6491.69,0.02138368540131963,0.004726712736896621,0.0017112613029657275,-0.07623423674691432,-0.0025827763693632155,-0.07750101352340821,-0.11694987648678357,-0.18594180187827147,54.31,45–54，中性
2022-10-27,6461.61,-0.004633616207798008,0.004962906511967846,-0.003955438882611739,-0.08984101540546219,-0.0072044249827150075,-0.07750101352340821,-0.1210415918513924,-0.18594180187827147,34.29,25–44，偏冷
2022-10-28,6239.93,-0.034307239217470475,-0.029911400689952128,-0.019446295225404198,-0.127306928477525,-0.04126450026887907,-0.06634861102877165,-0.15119622822195367,-0.18594180187827147,18.97,0–24，极冷
2022-10-31,6292.62,0.008444004980824982,-0.01345315383252621,0.00143707657565173,-0.11588593073623488,-0.0331689329338557,-0.06634861102877165,-0.14402892494531683,-0.18594180187827147,38.14,25–44，偏冷
2022-11-01,6439.82,0.02339248198683541,0.013222609970766852,0.004686588307242889,-0.10314534604377168,-0.010552354613198145,-0.06634861102877165,-0.12400563699084799,-0.18594180187827147,57.48,55–74，偏热
2022-11-02,6524.51,0.013150988692230525,0.005055694279918033,0.050457969670477665,-0.06229825322866689,0.0,-0.04126450026887907,-0.11248544502845692,-0.18594180187827147,64.32,55–74，偏热
2022-11-03,6566.84,0.006487843531544968,0.016285414935287124,0.05427387064561606,-0.05057780695045444,0.0,-0.04126450026887907,-0.10672738946383287,-0.18594180187827147,49.77,45–54，中性
2022-11-04,6709.64,0.021745618897369257,0.07527488289131457,0.09547646803355514,-0.03601420051693105,0.0,-0.04126450026887907,-0.08730262370365527,-0.18594180187827147,72.94,55–74，偏热
2022-11-07,6713.64,0.0005961571708765767,0.0669069481392488,0.12183808171108712,-0.05308321579689701,0.0,-0.04126450026887907,-0.08675851261793599,-0.18594180187827147,70.13,55–74，偏热
2022-11-08,6694.96,-0.002782395243117075,0.03961911978906252,0.1125409623578364,-0.06704886073374006,-0.002782395243117075,-0.04126450026887907,-0.08929951138824499,-0.18594180187827147,59.53,55–74，偏热
2022-11-09,6676.01,-0.002830487411425886,0.023220134538838977,0.0780538218694744,-0.07372839026556033,-0.005605007119833694,-0.04126450026887907,-0.09187723765683997,-0.18594180187827147,59.19,55–74，偏热
2022-11-10,6603.31,-0.010889738032147878,0.00555366051251438,0.05615445393796126,-0.08440976805581735,-0.01643370809277822,-0.04126450026887907,-0.10176645663978745,-0.18594180187827147,50.55,45–54，中性
2022-11-11,6643.48,0.006083312762841464,-0.0098604396062979,0.03699703112171138,-0.08924681506177956,-0.01045036671611832,-0.04126450026887907,-0.09630222106145192,-0.18594180187827147,68.21,55–74，偏热
2022-11-14,6599.67,-0.006594435446482749,-0.01697588789389959,0.019655617270121883,-0.08703483136275159,-0.01697588789389959,-0.04126450026887907,-0.10226159772779209,-0.18594180187827147,43.3,25–44，偏冷
2022-11-15,6752.51,0.02315873369426047,0.008596018497496694,0.037490973342552136,-0.07290313722798103,0.0,-0.04126450026887907,-0.08147111314245914,-0.18594180187827147,76.41,75–100，极热
2022-11-16,6702.04,-0.007474257720462507,0.003899035501744308,0.03728283664672705,-0.0849982661216554,-0.007474257720462507,-0.03878188884558553,-0.08833643476652187,-0.18594180187827147,45.44,45–54，中性
2022-11-17,6714.5,0.0018591354274219984,0.016838524921592324,0.044294446086131645,-0.08380374610945784,-0.005629017950362192,-0.03878188884558553,-0.08664152873450637,-0.18594180187827147,65.14,55–74，偏热
2022-11-18,6658.4,-0.008355052498324578,0.0022458109304159812,0.03514589581069383,-0.09427268671171907,-0.013937039708197485,-0.03878188884558553,-0.09427268671171907,-0.18594180187827147,42.11,25–44，偏冷
2022-11-21,6689.33,0.004645260122551953,0.013585527761236449,0.04874240212716918,-0.07534546701113154,-0.009356520760428366,-0.03878188884558553,-0.08440847410765373,-0.18088097212983267,54.89,45–54，中性
2022-11-22,6583.23,-0.015861080257664084,-0.025069196491378842,0.03578632362982992,-0.09677468039041903,-0.025069196491378842,-0.03878188884558553,-0.0989307447830694,-0.18088097212983267,38.46,25–44，偏冷
2022-11-23,6567.99,-0.0023149730451464956,-0.02000137271636704,0.01175348792071107,-0.10101669582070683,-0.027326135022384346,-0.03878188884558553,-0.10101669582070683,-0.18088097212983267,44.33,25–44，偏冷
2022-11-24,6586.86,0.0028730250807325053,-0.019009606076401897,0.019383713966024008,-0.064288058232153,-0.024531618612930628,-0.034307239217470475,-0.064288058232153,-0.1498577295540393,54.66,45–54，中性
2022-11-25,6512.16,-0.011340760240843073,-0.021963234410669163,0.04362709197058301,-0.07185400873108516,-0.03559417164876477,-0.03559417164876477,-0.07251495803489671,-0.14766617625485845,40.88,25–44，偏冷
2022-11-28,6492.71,-0.0029867202280041694,-0.02939307823055526,0.03179756603767592,-0.06983630794621343,-0.03847458204430654,-0.03847458204430654,-0.07528509637090519,-0.14766617625485845,44.14,25–44，偏冷
2022-11-29,6594.32,0.015649859611780004,0.0016845834035876806,0.02399135379560291,-0.060813437948189275,-0.023426844240141853,-0.03847458204430654,-0.060813437948189275,-0.14766617625485845,73.49,55–74，偏热
2022-11-30,6590.31,-0.000608099091339076,0.0033982999365103073,0.010085048532380236,-0.05538562533683444,-0.02402069748878566,-0.03847458204430654,-0.05538562533683444,-0.1422186930248025,62.31,55–74，偏热
2022-12-01,6658.43,0.01033638781787194,0.010865571759533399,0.01394734758270344,-0.013674056473808704,-0.0139325969158135,-0.03847458204430654,-0.04381261201231568,-0.14059268875511244,69.88,55–74，偏热
2022-12-02,6680.54,0.0033206026045178305,0.025856244318321453,-0.004337043418126796,-0.005442825028658227,-0.010658258928902042,-0.03847458204430654,-0.04063749368135661,-0.14059268875511244,53.81,45–54，中性
2022-12-05,6714.37,0.005063961895295899,0.034139827591252336,0.00010873386121379447,-0.009216698662944167,-0.00564827005069235,-0.03847458204430654,-0.03577931850558347,-0.14059268875511244,70.11,55–74，偏热
2022-12-06,6703.55,-0.0016114691326214459,0.016564255298499475,0.0012830547157862693,-0.012890419652809793,-0.007250637170474361,-0.03847458204430654,-0.037333130370846956,-0.14059268875511244,55.48,55–74，偏热
2022-12-07,6705.29,0.00025956396237813983,0.017446827235744644,0.004385853226702707,-0.030978445441604663,-0.006992955212209995,-0.03847458204430654,-0.03708325674371593,-0.14059268875511244,62.02,55–74，偏热
2022-12-08,6662.34,-0.006405390370886277,0.0005872255171264218,0.008939456121248135,-0.04325111437893481,-0.013353552975115979,-0.03847458204430654,-0.04325111437893481,-0.14059268875511244,47.73,45–54，中性
2022-12-09,6680.38,0.002707757334510008,-2.395015971756731e-05,0.005554317917717988,-0.03142190195879435,-0.010681953821615964,-0.03847458204430654,-0.033730715490382646,-0.13438479051374252,58.16,55–74，偏热
2022-12-12,6655.67,-0.003698891380430447,-0.008742443445922676,0.008485272748485873,-0.037304840618029966,-0.014341333815129476,-0.03847458204430654,-0.037304840618029966,-0.13438479051374252,50.01,45–54，中性
2022-12-13,6593.67,-0.009315365695715117,-0.016391315049488764,-0.02352310474179231,-0.04496037125873398,-0.02352310474179231,-0.03847458204430654,-0.04496037125873398,-0.13319370575080236,49.15,45–54，中性
2022-12-14,6570.02,-0.0035867733750702957,-0.02017362410872603,-0.01969847986583184,-0.03800244818114196,-0.021517611140069892,-0.033031498994712916,-0.03800244818114196,-0.12373564329180797,42.88,25–44，偏冷
2022-12-15,6597.55,0.004190245996206876,-0.009724811402600286,-0.017417529227790607,-0.0032692821931383786,-0.017417529227790607,-0.033031498994712916,-0.022948503593478553,-0.09588635467481665,52.91,45–54，中性
2022-12-16,6519.44,-0.011839243355488138,-0.024091443899898035,-0.020869878649525386,0.0058939338768506655,-0.029031763218291595,-0.02939307823055526,-0.03451605403027924,-0.07750101352340821,40.43,25–44，偏冷
2022-12-19,6390.77,-0.019736357723976194,-0.03980065117411169,-0.044632272589332445,-0.001410981593174765,-0.048195139678033794,-0.048195139678033794,-0.05357119056469373,-0.07750101352340821,33.56,25–44，偏冷
2022-12-20,6341.58,-0.007697038072094653,-0.03823212262670106,-0.03670690527294351,-0.021682687635082964,-0.055521217925136646,-0.055521217925136646,-0.06085588914344453,-0.07750101352340821,41.05,25–44，偏冷
2022-12-21,6289.14,-0.008269232588723918,-0.04275177244513717,-0.04245591116917036,-0.029543560781409184,-0.06333133264922841,-0.06333133264922841,-0.06862189023044762,-0.07750101352340821,38.68,25–44，偏冷
2022-12-22,6186.93,-0.016251824573789153,-0.06223825510985137,-0.060716335249268893,-0.04629682439608651,-0.07855390751477798,-0.07855390751477798,-0.08375848388228968,-0.08375848388228968,33.64,25–44，偏冷
2022-12-23,6160.75,-0.004231500922105225,-0.05501852919882688,-0.05396212623768459,-0.031888781334070915,-0.08245300750479945,-0.08245300750479945,-0.0876355607026128,-0.0876355607026128,38.57,25–44，偏冷
2022-12-26,6275.52,0.018629225337824185,-0.01803382065071968,-0.03345136314420316,-0.0012842976705991216,-0.06535981782356337,-0.08245300750479945,-0.07063891797272415,-0.0876355607026128,49.29,45–54，中性
2022-12-27,6325.63,0.00798499566569788,-0.0025151460676992032,-0.040745672032901026,-0.013128375700881989,-0.05789672001989754,-0.08245300750479945,-0.06321797376086824,-0.0876355607026128,42.42,25–44，偏冷
2022-12-28,6268.47,-0.009036254096429941,-0.0032866178841621796,-0.04883533551532482,0.009235064263875659,-0.06640980464287782,-0.08245300750479945,-0.07168297418293346,-0.0876355607026128,32.99,25–44，偏冷
2022-12-29,6261.83,-0.0010592696463411766,0.012106165739712571,-0.05956359081645379,0.005306014982067175,-0.06739872839894134,-0.08245300750479945,-0.07266631223056319,-0.0876355607026128,38.24,25–44，偏冷
2022-12-30,6281.62,0.0031604179608837324,0.01961936452542301,-0.05971373571597505,0.02559405439471263,-0.06445131858983044,-0.08245300750479945,-0.06973555018800426,-0.0876355607026128,51.37,45–54，中性
2023-01-03,6423.7,0.022618369146812478,0.023612385905869004,-0.043290733158881656,0.07338958977358168,-0.043290733158881656,-0.08245300750479945,-0.04869448545800015,-0.0876355607026128,59.24,55–74，偏热
2023-01-04,6421.28,-0.00037672992200754596,0.015121023518605892,-0.04210754003475781,0.06706194372619523,-0.04235610987742522,-0.08121050692811194,-0.04905287071029896,-0.0876355607026128,52.66,45–54，中性
2023-01-05,6485.47,0.009996449306057364,0.03461769777952206,-0.03278307127655922,0.04728508796718711,-0.03278307127655922,-0.08121050692811194,-0.03954677593961353,-0.0876355607026128,52.15,45–54，中性
2023-01-06,6500.32,0.0022897338203706763,0.038086310231992826,-0.024318782890095703,0.03968190498734847,-0.026953556534209167,-0.07778449728907644,-0.03734759370959839,-0.0876355607026128,46.14,45–54，中性
2023-01-09,6535.75,0.005450500898417365,0.04045612437555923,-0.021649966019897104,0.020181192109214763,-0.021649966019897104,-0.07778449728907644,-0.03210065590424893,-0.0876355607026128,56.65,55–74，偏热
2023-01-10,6540.2,0.0006808705963354811,0.018135965253669895,-0.017349117369100386,0.010467442776691982,-0.017349117369100386,-0.07436065790521462,-0.03144164170064179,-0.0876355607026128,50.48,45–54，中性
2023-01-11,6486.9,-0.008149597871624725,0.01021914633842469,-0.01619280309751636,-0.003318737036183461,-0.01677137725367761,-0.066206394798069,-0.03933500283598257,-0.0876355607026128,42.46,25–44，偏冷
2023-01-12,6489.57,0.0004115987605790572,0.0006321824015838029,-0.012245015996907305,0.004398597772842239,-0.016366681571189368,-0.066206394798069,-0.038939594313818215,-0.0876355607026128,44.11,25–44，偏冷
2023-01-13,6517.51,0.004305370001402409,0.0026444851945750525,-0.012131776189646115,0.013656935782385027,-0.012131776189646115,-0.066206394798069,-0.034801873673641404,-0.0876355607026128,44.06,25–44，偏冷
2023-01-16,6591.81,0.011400059225072257,0.008577439467543968,0.011100646681310167,0.02479350406462366,0.0,-0.05501852919882688,-0.023798557869592174,-0.0876355607026128,45.94,45–54，中性
2023-01-17,6597.49,0.000861675321345734,0.008759670958074617,0.03234664993420178,0.03434387458982835,0.0,-0.03599253298115879,-0.022957389178246412,-0.0876355607026128,38.11,25–44，偏冷
2023-01-18,6613.01,0.002352409780083109,0.019440718987497885,0.04280163618530408,0.04047182249857628,0.0,-0.028514975763137884,-0.02065898458499138,-0.0876355607026128,42.34,25–44，偏冷
2023-01-19,6676.08,0.009537260642279444,0.02873996274021251,0.06152510518131238,0.028404005736564875,0.0,-0.02041455588522445,-0.01131875406330396,-0.0876355607026128,39.86,25–44，偏冷
2023-01-20,6736.85,0.00910264706234809,0.033653956802521146,0.08888414771138509,0.042596195065935705,0.0,-0.010085951913090141,-0.0023191376243796302,-0.0876355607026128,40.86,25–44，偏冷
2023-01-30,6786.45,0.007362491372080449,0.02952755009625574,0.10156230978371128,0.08758431584969695,0.0,-0.010085951913090141,0.0,-0.0876355607026128,56.38,55–74，偏热
2023-01-31,6805.28,0.0027746465383227115,0.031495311095583345,0.0844169088776705,0.08147003950659659,0.0,-0.010085951913090141,0.0,-0.0876355607026128,38.5,25–44，偏冷
2023-02-01,6916.72,0.01637552018432764,0.045926136509698345,0.09344365699542978,0.0740548648875281,0.0,-0.010085951913090141,0.0,-0.0876355607026128,61.28,55–74，偏热
2023-02-02,6933.23,0.0023869695462588325,0.03851811242525538,0.10604820634062206,0.06264378474398824,0.0,-0.008149597871624725,0.0,-0.0876355607026128,37.65,25–44，偏冷
2023-02-03,6925.08,-0.0011754982886763576,0.02794035788239313,0.105919515540984,0.05455287474645343,-0.0011754982886763576,-0.008149597871624725,-0.0011754982886763576,-0.0876355607026128,38.59,25–44，偏冷
2023-02-06,6891.41,-0.004862037694871368,0.015466112621473682,0.09707527675981664,0.027090872237556685,-0.006031820666557941,-0.008149597871624725,-0.006031820666557941,-0.0876355607026128,40.46,25–44，偏冷
2023-02-07,6924.32,0.004775510381765047,0.017492300096395796,0.07793327832868902,0.03138089024731738,-0.0012851153070069232,-0.008149597871624725,-0.0012851153070069232,-0.0876355607026128,52.26,45–54，中性
2023-02-08,6877.72,-0.006729902719689318,-0.005638510739194302,0.07108240101661978,0.027298146665551526,-0.008006369325696538,-0.008149597871624725,-0.008006369325696538,-0.0876355607026128,40.64,25–44，偏冷
2023-02-09,6999.18,0.01765992218351431,0.009512160998553343,0.0792093711018631,0.048407656669178234,0.0,-0.008149597871624725,0.0,-0.0876355607026128,60.14,55–74，偏热
2023-02-10,6975.39,-0.0033989695935809916,0.007264898022838695,0.07308409432151053,0.056347498451534195,-0.0033989695935809916,-0.008149597871624725,-0.0033989695935809916,-0.0876355607026128,35.97,25–44，偏冷
2023-02-13,7052.18,0.011008703456007574,0.02332904296798488,0.07901618023945223,0.06151896295315118,0.0,-0.008149597871624725,0.0,-0.0876355607026128,62.33,55–74，偏热
2023-02-14,7061.45,0.0013144871514907397,0.019804110728562474,0.07969939757193978,0.06997016517492538,0.0,-0.008149597871624725,0.0,-0.0876355607026128,43.7,25–44，偏冷
2023-02-15,7063.6,0.00030447004510403275,0.02702639828315201,0.0889022491482836,0.046070276089928086,0.0,-0.008006369325696538,0.0,-0.0876355607026128,48.3,45–54，中性
2023-02-16,6925.2,-0.01959340846027524,-0.010569809606268188,0.06712771416287988,0.03329732439675093,-0.01959340846027524,-0.01959340846027524,-0.01959340846027524,-0.08247077220939758,30.04,25–44，偏冷
2023-02-17,6868.55,-0.008180269161901399,-0.015316706306027328,0.05386106043565708,0.022942884801548935,-0.027613398267172573,-0.027613398267172573,-0.027613398267172573,-0.08247077220939758,42.61,25–44，偏冷
2023-02-20,6959.36,0.013221131097538752,-0.01316188752981351,0.05575858527475752,0.04520004805959399,-0.014757347528172704,-0.027613398267172573,-0.014757347528172704,-0.08245300750479945,65.51,55–74，偏热
2023-02-21,6990.48,0.004471675556372956,-0.01005034376792302,0.05956659274966691,0.045019456358110554,-0.010351662042018317,-0.027613398267172573,-0.010351662042018317,-0.08245300750479945,59.01,55–74，偏热
2023-02-22,6998.43,0.001137260960620834,-0.009226173622515432,0.05828208334782503,0.06306934437958289,-0.009226173622515432,-0.027613398267172573,-0.009226173622515432,-0.08245300750479945,57.88,55–74，偏热
2023-02-23,6966.79,-0.004521013998854073,0.00600560272627515,0.04354501443961123,0.06071872825628555,-0.013705475961266256,-0.027613398267172573,-0.013705475961266256,-0.08245300750479945,53.68,45–54，中性
2023-02-24,6944.82,-0.0031535326886558135,0.011104235974113807,0.030870510698620235,0.05434455871234545,-0.016815787983464614,-0.027613398267172573,-0.016815787983464614,-0.08245300750479945,50.12,45–54，中性
2023-02-27,6894.3,-0.007274486595764795,-0.009348560787198701,0.01589196118736602,0.058680990639050634,-0.023967948354946533,-0.027613398267172573,-0.023967948354946533,-0.08245300750479945,51.06,45–54，中性
2023-02-28,6955.57,0.008887051622354702,-0.00499393460820996,0.022084322761150244,0.07128918433135012,-0.015293901126904208,-0.027613398267172573,-0.015293901126904208,-0.08245300750479945,63.74,55–74，偏热
2023-03-01,7002.77,0.006785928399829277,0.0006201390883384672,0.012440867925837651,0.06193966929114758,-0.008611756045076135,-0.027613398267172573,-0.008611756045076135,-0.08245300750479945,68.89,55–74，偏热
2023-03-02,6972.31,-0.004349707330099428,0.0007923304707047052,0.005636622468892627,0.057963889407326885,-0.012924004756781238,-0.027613398267172573,-0.012924004756781238,-0.08245300750479945,50.02,45–54，中性
2023-03-03,6967.94,-0.0006267650176198236,0.0033290999622739292,0.006189098176483165,0.04648393089662273,-0.013542669460332002,-0.027613398267172573,-0.013542669460332002,-0.08245300750479945,59.84,55–74，偏热
2023-03-06,6997.04,0.0041762701745422515,0.014902165557054259,0.01532777762460813,0.0473764096914322,-0.009422957132340537,-0.027613398267172573,-0.009422957132340537,-0.08245300750479945,56.11,55–74，偏热
2023-03-07,6855.34,-0.020251420600711167,-0.014410033972772851,-0.009961989047299835,0.020995268357269614,-0.02948354946486209,-0.02948354946486209,-0.02948354946486209,-0.08245300750479945,50.42,45–54，中性
2023-03-08,6891.46,0.005268885277754265,-0.015895138637996187,0.0019977550699941116,0.028031416189929104,-0.024370009626819233,-0.02948354946486209,-0.024370009626819233,-0.08121050692811194,63.35,55–74，偏热
2023-03-09,6892.86,0.00020314998563430997,-0.011395075663589327,-0.015190350869673352,0.027973435899118382,-0.02417181040829053,-0.02948354946486209,-0.02417181040829053,-0.08121050692811194,59.25,55–74，偏热
2023-03-10,6798.3,-0.013718543536354932,-0.02434578942987442,-0.025387827777371585,0.02040724430155172,-0.03755875191120672,-0.03755875191120672,-0.03755875191120672,-0.07778449728907644,44.18,25–44，偏冷
2023-03-13,6832.62,0.005048320903755288,-0.023498507940500568,-0.031133635273064564,0.022789122774452997,-0.0327000396398438,-0.03755875191120672,-0.0327000396398438,-0.07778449728907644,57.14,55–74，偏热
2023-03-14,6769.85,-0.009186812672152045,-0.012470570387464353,-0.04129463495457719,0.017155297663495883,-0.041586443173452614,-0.041586443173452614,-0.041586443173452614,-0.07436065790521462,45.53,45–54，中性
2023-03-15,6803.47,0.004966136620456751,-0.012767976597121589,-0.03682683051135405,0.031818395521765686,-0.03682683051135405,-0.041586443173452614,-0.03682683051135405,-0.066206394798069,60.13,55–74，偏热
2023-03-16,6689.78,-0.016710590331110553,-0.029462371207307214,-0.03399468607404843,0.018228255012922245,-0.04469517062533834,-0.04469517062533834,-0.05292202276459601,-0.066206394798069,44.83,25–44，偏冷
2023-03-17,6736.37,0.006964354582661869,-0.009109630348763664,-0.01924423641088735,0.021041144061052952,-0.03804208905904383,-0.04469517062533834,-0.046326235913698444,-0.066206394798069,63.68,55–74，偏热
2023-03-20,6721.45,-0.002214842712024434,-0.016270478967072677,-0.034185614769174144,0.030985790190568574,-0.040172674527365726,-0.04469517062533834,-0.04843847329973394,-0.05501852919882688,41.88,25–44，偏冷
2023-03-21,6809.39,0.013083486450096382,0.005840602081286894,-0.025905231114315308,0.06550384382476593,-0.027614786720112194,-0.04469517062533834,-0.03598873095871791,-0.05292202276459601,62.56,55–74，偏热
2023-03-22,6840.33,0.0045437256494340605,0.005417823551805201,-0.022590781075184085,0.07864759255579834,-0.02319653508540198,-0.04469517062533834,-0.03160852822923166,-0.05292202276459601,67.65,55–74，偏热
2023-03-23,6868.83,0.0041664656529729616,0.02676470676165743,-0.014060995092431416,0.09217317471069175,-0.019126716999130378,-0.04469517062533834,-0.027573758423466876,-0.05292202276459601,64.8,55–74，偏热
2023-03-24,6867.95,-0.000128114977368754,0.019532775070252972,-0.011068681405709602,0.11007397853216361,-0.019252381557583687,-0.04469517062533834,-0.027698340789399256,-0.05292202276459601,68.01,55–74，偏热
2023-03-27,6886.69,0.002728616253758309,0.024583981135023025,-0.001103810394093796,0.11783305604025474,-0.016576297665066964,-0.04469517062533834,-0.02504530267852101,-0.05292202276459601,67.65,55–74，偏热
2023-03-28,6825.38,-0.008902680387820494,0.0023482279616822144,-0.0187173732706305,0.08761983070725599,-0.02533140457276195,-0.04469517062533834,-0.0337250127413784,-0.05292202276459601,45.57,45–54，中性
2023-03-29,6806.28,-0.0027983789913529344,-0.0049778300169729395,-0.028058896693736957,0.07598452644242548,-0.028058896693736957,-0.04469517062533834,-0.036429016365592704,-0.05292202276459601,55.02,55–74，偏热
2023-03-30,6807.64,0.0001998154645417305,-0.008908358483176837,-0.02361771062961915,0.0860130143400224,-0.027068589003349963,-0.043912854578507465,-0.036236479981878955,-0.05292202276459601,56.76,55–74，偏热
2023-03-31,6875.81,0.010013749258186433,0.0011444463049381515,-0.013221985263937253,0.09805120867222539,-0.01732589780821603,-0.043912854578507465,-0.02658559374823033,-0.05292202276459601,67.52,55–74，偏热
2023-04-03,6962.2,0.012564337874374054,0.010964628871054094,-0.004979248367881328,0.10834466268255638,-0.004979248367881328,-0.043912854578507465,-0.014355286256300004,-0.05292202276459601,75.29,75–100，极热
2023-04-04,6953.36,-0.0012697135962770334,0.01875060436195497,0.014298342605910008,0.08245403739277979,-0.0012697135962770334,-0.029462371207307214,-0.01560677275043898,-0.05292202276459601,45.31,45–54，中性
2023-04-06,6983.03,0.004267001852341856,0.025968664233619432,0.013287460131815365,0.08748255799466764,0.0,-0.029462371207307214,-0.011406365026332299,-0.05292202276459601,57.18,55–74，偏热
2023-04-07,7042.89,0.008572210057811613,0.0345567626960297,0.02176600134051765,0.08594905226606553,0.0,-0.029462371207307214,-0.0029319327255223904,-0.05292202276459601,63.48,55–74，偏热
2023-04-10,6968.57,-0.01055248626629135,0.013490774177878473,0.02504596737419651,0.0720349152041746,-0.01055248626629135,-0.02090559697451344,-0.013453479811993962,-0.05292202276459601,32.37,25–44，偏冷
2023-04-11,6984.14,0.0022343178012131926,0.003151302749131002,0.02217597349186695,0.06860574532379604,-0.008341746072989875,-0.02090559697451344,-0.011249221360212891,-0.05292202276459601,49.77,45–54，中性
2023-04-12,7021.02,0.005280535613547244,0.009730547533854272,0.037101265168356656,0.07351762943029283,-0.003105259346660283,-0.016710590331110553,-0.006028087660682968,-0.05292202276459601,59.5,55–74，偏热
2023-04-13,6966.82,-0.007719676058464575,-0.0023213418816759868,0.024009806760373564,0.07398295025358803,-0.010800963808891062,-0.016710590331110553,-0.01370122883515501,-0.05292202276459601,40.09,25–44，偏冷
2023-04-14,7020.09,0.007646243192733548,-0.0032373074121561096,0.049375315780190165,0.08174963826570947,-0.0032373074121561096,-0.011676146305409363,-0.006159748570134238,-0.05292202276459601,53.98,45–54，中性
2023-04-17,7012.77,-0.0010427216745083623,0.006342764727914174,0.04103100037557317,0.0759891430929911,-0.004276653476058767,-0.011676146305409363,-0.007196047341299083,-0.05292202276459601,47.83,45–54，中性
2023-04-18,6997.07,-0.002238772981289938,0.0018513374588711162,0.04100603292444327,0.06147932055080463,-0.006505852001096213,-0.011676146305409363,-0.00941871000622918,-0.05292202276459601,39.97,25–44，偏冷
2023-04-19,6965.58,-0.004500455190529773,-0.007896288573455257,0.022937443735782548,0.05579243015146673,-0.010977027896218794,-0.011676146305409363,-0.013876776714423333,-0.05292202276459601,39.13,25–44，偏冷
2023-04-20,6963.9,-0.00024118594575039953,-0.00041912953112033247,0.0180649179206267,0.0530605579002601,-0.011215566337114513,-0.011676146305409363,-0.014114615776657846,-0.05292202276459601,39.88,25–44，偏冷
2023-04-21,6773.51,-0.027339565473369687,-0.03512490580605088,-0.013877181412263795,0.014593893422487403,-0.03824850310028982,-0.03824850310028982,-0.04106829378787025,-0.05292202276459601,31.91,25–44，偏冷
2023-04-24,6725.27,-0.007121861486880432,-0.04099663898858796,-0.020774758115594816,-0.0017189042356591244,-0.04509796404600952,-0.04509796404600952,-0.04789767257489097,-0.05292202276459601,49.55,45–54，中性
2023-04-25,6603.24,-0.018144996409066194,-0.05628498785920388,-0.041159105462856616,-0.026996441438454588,-0.06242465805940467,-0.06242465805940467,-0.06517356588708312,-0.06517356588708312,38.25,25–44，偏冷
2023-04-26,6624.4,0.003204487494018027,-0.048980845816141705,-0.029445979564507785,-0.026579361907224985,-0.05942020960145633,-0.06242465805940467,-0.062177926269890826,-0.06517356588708312,55.59,55–74，偏热
2023-04-27,6633.49,0.0013721997463922442,-0.047446114964315944,-0.025386848616277935,-0.040948599914410355,-0.05812954625160982,-0.06242465805940467,-0.0608910470581574,-0.06517356588708312,46.72,45–54，中性
2023-04-28,6723.3,0.013538876217496387,-0.007412700357717017,-0.01238902174615586,-0.03027881665544041,-0.045377678765393226,-0.06242465805940467,-0.04817656718953511,-0.06517356588708312,58.39,55–74，偏热
2023-05-04,6733.97,0.0015870182797137478,0.0012936283599023213,-0.020628842274582948,-0.027596793105639117,-0.043862675691371034,-0.06242465805940467,-0.046666006002604954,-0.06517356588708312,47.56,45–54，中性
2023-05-05,6653.65,-0.011927585064976598,0.00763413112350908,-0.044317888023900465,-0.03450092216251832,-0.0552670849608613,-0.06242465805940467,-0.0580369783113428,-0.06517356588708312,42.79,25–44，偏冷
2023-05-08,6702.5,0.007341834932706126,0.011789746995954475,-0.0360775222338553,-0.032034914619774923,-0.048331011843149696,-0.06242465805940467,-0.05112124129339157,-0.06517356588708312,60.2,55–74，偏热
2023-05-09,6611.64,-0.013556135770234956,-0.0032938920538057026,-0.05318464907067555,-0.03868723937583962,-0.061231965854926074,-0.06242465805940467,-0.06398437057591033,-0.06517356588708312,37.55,25–44，偏冷
2023-05-10,6627.31,0.002370062495840708,-0.01427721505808155,-0.05900702694490467,-0.05313050957397869,-0.05900702694490467,-0.06242465805940467,-0.06176595503709159,-0.06517356588708312,54.83,45–54，中性
2023-05-11,6622.52,-0.0007227668541233134,-0.01655041528251533,-0.04965868176684729,-0.05058785243549102,-0.05675813485789816,-0.05950417460710844,-0.06244407950620079,-0.06517356588708312,55.31,55–74，偏热
2023-05-12,6535.94,-0.013073573201742072,-0.017691041759034576,-0.06417397131214453,-0.07320289612573705,-0.06908967642878117,-0.06908967642878117,-0.07470128546350319,-0.07470128546350319,43.18,25–44，偏冷
2023-05-15,6585.91,0.007645419021594435,-0.01739500186497578,-0.06197247693355101,-0.06734310941803734,-0.06197247693355101,-0.06908967642878117,-0.06762698907072884,-0.07470128546350319,58.0,55–74，偏热
2023-05-16,6516.29,-0.010571052443777651,-0.014421535352802106,-0.06466795467659558,-0.07748315306642506,-0.07176546169636,-0.07176546169636,-0.07748315306642506,-0.07748315306642506,42.97,25–44，偏冷
2023-05-17,6554.98,0.0059374275853283365,-0.010913930388046,-0.06625413634298138,-0.05345982787500725,-0.06625413634298138,-0.07176546169636,-0.0692769587484684,-0.07477044224742968,55.53,55–74，偏热
2023-05-18,6583.74,0.0043875038520331255,-0.0058557769549960614,-0.06117839313138751,-0.041465811561392174,-0.06117839313138751,-0.07079656113062316,-0.06519340781980132,-0.07477044224742968,57.71,55–74，偏热
2023-05-19,6602.32,0.0028221041535660962,0.010156151984259454,-0.056416471465913554,-0.05130356814419712,-0.056416471465913554,-0.06871161786290547,-0.06255528625322848,-0.07477044224742968,53.47,45–54，中性
2023-05-22,6595.98,-0.0009602685116747445,0.0015290218056425164,-0.05306090806508579,-0.056433892951556985,-0.05306090806508579,-0.06450144855130513,-0.06345548489327546,-0.07477044224742968,55.05,55–74，偏热
2023-05-23,6528.45,-0.010238054087489568,0.0018660925158333619,-0.06252961702494286,-0.06715506192103093,-0.06252961702494286,-0.06427576501672905,-0.07304387829427983,-0.07477044224742968,42.45,25–44，偏冷
2023-05-24,6513.18,-0.0023389931760218197,-0.0063768310505903925,-0.038433544794353236,-0.06511033058266424,-0.038433544794353236,-0.038433544794353236,-0.07521202233742119,-0.07521202233742119,49.6,45–54，中性
2023-05-25,6501.0,-0.0018700542592098301,-0.012567324955116699,-0.03334736003164196,-0.06390662392977786,-0.034596233722455016,-0.034596233722455016,-0.07694142603391507,-0.07694142603391507,47.0,45–54，中性
2023-05-26,6546.41,0.0069850792185817134,-0.008468235408159552,-0.008606381109879435,-0.05046052536153056,-0.027852811937089217,-0.034596233722455016,-0.07049378877137091,-0.07694142603391507,47.75,45–54，中性
2023-05-29,6534.12,-0.0018773648457703906,-0.009378439595026045,-0.013628404081879042,-0.06059172720567829,-0.029677886892873095,-0.034596233722455016,-0.07223881105625685,-0.07694142603391507,45.06,45–54，中性
2023-05-30,6564.47,0.004644848885542396,0.005517389273104634,-0.010404779384607377,-0.06258951814781866,-0.025170887307190304,-0.034596233722455016,-0.06792950053174196,-0.07694142603391507,55.61,55–74，偏热
2023-05-31,6561.65,-0.0004295853282900719,0.007441833328727165,-0.024043252569422857,-0.058898700717552877,-0.025589659591593206,-0.034596233722455016,-0.0683299043432456,-0.07694142603391507,47.79,45–54，中性
2023-06-01,6574.76,0.0019979730707977428,0.011345946777418847,-0.023642813971550214,-0.05642700712118642,-0.023642813971550214,-0.034596233722455016,-0.06646845258125567,-0.07694142603391507,55.1,55–74，偏热
2023-06-02,6626.28,0.007836027474767082,0.012200580165312003,-0.004113531670586812,-0.05298812069103509,-0.011371876165609862,-0.030063409175680733,-0.05915327372712065,-0.07694142603391507,57.87,55–74，偏热
2023-06-05,6632.96,0.001008107112890011,0.015126750044382353,-0.010375233121969418,-0.03243894540606307,-0.010375233121969418,-0.030063409175680733,-0.05820479945022572,-0.07694142603391507,53.04,45–54，中性
2023-06-06,6489.81,-0.02158161665380154,-0.011373347734089712,-0.018426593099442834,-0.05828227980718159,-0.02158161665380154,-0.02158161665380154,-0.07853026243488115,-0.07853026243488115,38.59,25–44，偏冷
2023-06-07,6488.56,-0.00019260964496647937,-0.011138966570908071,-0.02093609624417747,-0.058654897966881614,-0.0217700694712466,-0.0217700694712466,-0.0787077463938809,-0.0787077463938809,56.26,55–74，偏热
2023-06-08,6442.48,-0.0071017298137030505,-0.020119365573800563,-0.027186025863266683,-0.05233955547710467,-0.028717194133539237,-0.028717194133539237,-0.08525051505844916,-0.08525051505844916,42.97,25–44，偏冷
2023-06-09,6495.56,0.008239063217891474,-0.01972750925104272,-0.006178147290213709,-0.04933100333400653,-0.020714733693554588,-0.028717194133539237,-0.07771383622348216,-0.08525051505844916,55.66,55–74，偏热
2023-06-12,6530.16,0.005326715479496702,-0.015498359706677012,-0.008465041277515128,-0.03540551120039592,-0.015498359706677012,-0.028717194133539237,-0.07280108023836807,-0.08525051505844916,54.48,45–54，中性
2023-06-13,6554.96,0.0037977629950873837,0.010038814695653597,0.005934358354216851,-0.036526948748212384,-0.011759455808568076,-0.028717194133539237,-0.06927979849181232,-0.08525051505844916,54.65,45–54，中性
2023-06-14,6578.12,0.0035332023383818356,0.01380275438618117,0.003530140442838947,-0.016691131845890328,-0.0082678020069471,-0.028717194133539237,-0.06599137569946434,-0.08525051505844916,56.35,55–74，偏热
2023-06-15,6613.95,0.0054468449952265185,0.026615526939936185,0.004588577313198838,-0.01817299227922453,-0.002865990447703637,-0.028717194133539237,-0.06090397549869453,-0.08525051505844916,52.92,45–54，中性
2023-06-16,6669.01,0.008324828582012334,0.026702855488980104,0.010100994801827357,-0.007801887985479317,0.0,-0.028717194133539237,-0.053086162072671916,-0.08525051505844916,54.14,45–54，中性
2023-06-19,6693.3,0.003642219759754539,0.024982542541071018,0.014754441341544577,-0.017048516827498528,0.0,-0.028717194133539237,-0.04963729378138804,-0.08525051505844916,46.37,45–54，中性
2023-06-20,6693.91,9.113591203147031e-05,0.02119768846796921,0.025344453890280283,-0.02140540003186986,0.0,-0.028717194133539237,-0.04955068160939624,-0.08525051505844916,45.43,45–54，中性
2023-06-21,6548.41,-0.021736175120370627,-0.004516487993530105,0.005409032147123183,-0.04664841028239164,-0.021736175120370627,-0.028717194133539237,-0.07020981443697127,-0.08525051505844916,35.48,25–44，偏冷
2023-06-26,6420.97,-0.01946121272186674,-0.029177722843384046,-0.012310413782494978,-0.06508201137166103,-0.04077437551446006,-0.04077437551446006,-0.08830465902491735,-0.08830465902491735,30.9,25–44，偏冷
2023-06-27,6507.27,0.013440336896138882,-0.02425247525494789,-0.005978849476277803,-0.055094682641443016,-0.027882059961965355,-0.04077437551446006,-0.07605116649557209,-0.08830465902491735,52.83,45–54，中性
2023-06-28,6475.51,-0.004880694976541644,-0.032538508657911636,-0.008969838325589286,-0.05126014961804326,-0.032626671108515026,-0.04077437551446006,-0.08056067892583874,-0.08830465902491735,36.16,25–44，偏冷
2023-06-29,6520.04,0.006876678439227124,-0.02597435579504359,-0.006768253948909897,-0.04205527836057288,-0.02597435579504359,-0.04077437551446006,-0.07423799037043033,-0.08830465902491735,50.08,45–54，中性
2023-06-30,6602.04,0.012576609959448204,0.008189774311626818,0.00615546394580635,-0.030201361999165677,-0.013724415177377658,-0.04077437551446006,-0.06259504266004445,-0.08830465902491735,48.29,45–54，中性
2023-07-03,6612.88,0.0016419167408860957,0.02988800757517951,0.005797930266656204,-0.038239858285787465,-0.012105032783530034,-0.04077437551446006,-0.06105590176759823,-0.08830465902491735,49.25,45–54，中性
2023-07-04,6638.45,0.003866696507421885,0.020158991404997773,0.001836626282016418,-0.0465011059722501,-0.008285142764094533,-0.04077437551446006,-0.05742528990229867,-0.08830465902491735,51.74,45–54，中性
2023-07-05,6584.42,-0.008138948097824006,0.016818752499803136,-0.0073179998070243,-0.05305924042477306,-0.016356658514978473,-0.04077437551446006,-0.06509685654610542,-0.08830465902491735,37.44,25–44，偏冷
2023-07-06,6567.08,-0.002633489358212282,0.007214679664542034,0.01190635781324878,-0.059565833169841764,-0.018947072787055652,-0.04077437551446006,-0.06755891402535041,-0.08830465902491735,40.93,25–44，偏冷
2023-07-07,6521.43,-0.006951339103528409,-0.012209862406165284,0.005065838953481228,-0.0740406282080226,-0.025766704362622073,-0.04077437551446006,-0.0740406282080226,-0.08830465902491735,34.03,25–44，偏冷
2023-07-10,6526.85,0.0008311060610939336,-0.013009460325909439,0.013095888539817135,-0.06338746686909935,-0.024957013165698316,-0.04077437551446006,-0.07038436010722093,-0.0854647900162655,42.34,25–44，偏冷
2023-07-11,6579.37,0.008046760688540378,-0.008899667844150305,0.012902659662908045,-0.05795559653729743,-0.01711107558960312,-0.04077437551446006,-0.06290396552067945,-0.0854647900162655,51.04,45–54，中性
2023-07-12,6482.99,-0.014648818959870025,-0.015404545882553133,-0.007223406470898142,-0.07663131567777914,-0.03150923750095236,-0.04077437551446006,-0.07663131567777914,-0.0854647900162655,32.67,25–44，偏冷
2023-07-13,6548.31,0.0100755978337157,-0.002858195727781565,-0.0010144989443108265,-0.060071883585337216,-0.021751114072343314,-0.04077437551446006,-0.06720426661196643,-0.08534363519556021,51.23,45–54，中性
2023-07-14,6544.46,-0.0005879379565110199,0.003531434056640803,-0.005116963509330885,-0.06775269262929684,-0.022326263723294715,-0.04077437551446006,-0.06775269262929684,-0.08534363519556021,42.64,25–44，偏冷
2023-07-17,6516.56,-0.00426314776161818,-0.0015765644989542693,-0.0147249374428291,-0.07075805993922513,-0.02649423132369566,-0.04077437551446006,-0.07075805993922513,-0.0843889076641613,44.37,25–44，偏冷
2023-07-18,6510.03,-0.001002062437850726,-0.010539002974448985,-0.02383862072481535,-0.06960627805638642,-0.02746974488751719,-0.04077437551446006,-0.06960627805638642,-0.08233446285373724,51.27,45–54，中性
2023-07-19,6492.35,-0.002715809297345717,0.0014437782566378843,-0.030022559873306154,-0.06793834827824807,-0.030110951596301616,-0.04077437551446006,-0.06793834827824807,-0.0781858797113808,46.45,45–54，中性
2023-07-20,6408.76,-0.012875153064760836,-0.021310842034051536,-0.04259842155033455,-0.07971682534212143,-0.04259842155033455,-0.04259842155033455,-0.07971682534212143,-0.07971682534212143,38.56,25–44，偏冷
2023-07-21,6401.42,-0.0011453073605502961,-0.021856654330532965,-0.02244667026041436,-0.05493311444140481,-0.03570562405380773,-0.03570562405380773,-0.05493311444140481,-0.05493311444140481,38.41,25–44，偏冷
2023-07-24,6393.79,-0.0011919230420750493,-0.018839694562775566,-0.004233005293592718,-0.049288727441426206,-0.03685498873984139,-0.03685498873984139,-0.050517005570265394,-0.050517005570265394,41.1,25–44，偏冷
2023-07-25,6498.27,0.01634085573658206,-0.0018064432882797243,-0.0013830684757202283,-0.015896741599578323,-0.02111637505743047,-0.03685498873984139,-0.035001640933951306,-0.050517005570265394,63.99,55–74，偏热
2023-07-26,6457.25,-0.0063124493134326665,-0.005406362873227821,-0.0028198551156588536,-0.025232473884427176,-0.027295528323629692,-0.03685498873984139,-0.04109314416310139,-0.050517005570265394,42.33,25–44，偏冷
2023-07-27,6407.55,-0.007696774942893669,-0.0001888040744231212,-0.01725296163827217,-0.034060502088644085,-0.034782215728068944,-0.03685498873984139,-0.048473634423675804,-0.050517005570265394,32.14,25–44，偏冷
2023-07-28,6465.38,0.009025290477639558,0.009991533128587138,-0.02069966252855171,-0.038362113842904555,-0.02607084485083111,-0.03685498873984139,-0.039885832577216784,-0.050517005570265394,59.9,55–74，偏热
2023-07-31,6515.85,0.00780619236610991,0.019090398652442442,-0.014672880802312993,-0.03239099669288692,-0.018468166514773676,-0.03685498873984139,-0.03239099669288692,-0.050517005570265394,65.55,55–74，偏热
2023-08-01,6507.41,-0.0012953029919351433,0.001406528199043633,-0.019739547635366672,-0.021978913829251545,-0.019739547635366672,-0.03685498873984139,-0.029107049608355084,-0.046058933233868005,35.64,25–44，偏冷
2023-08-02,6496.02,-0.0017503123362442308,0.006004103914205139,-0.013425632022258549,-0.03080641551659824,-0.013425632022258549,-0.02895167683713984,-0.03080641551659824,-0.046058933233868005,47.7,45–54，中性
2023-08-03,6499.54,0.000541870252862342,0.014356501314854997,-0.010284631830280722,-0.01695494612531845,-0.012133380551633377,-0.028206348024202965,-0.02903684094946002,-0.04483478266065721,51.64,45–54，中性
2023-08-04,6535.32,0.005505004969582394,0.010817616288601783,0.002129900957305253,-0.01388044319641013,-0.006695169902285469,-0.028206348024202965,-0.023691683933605323,-0.04483478266065721,59.14,55–74，偏热
2023-08-07,6503.98,-0.004795480557952758,-0.001821711672306936,-0.003503987375227058,-0.017899530692244148,-0.011458543903139717,-0.028206348024202965,-0.028373551481869375,-0.04483478266065721,36.81,25–44，偏冷
2023-08-08,6471.34,-0.005018465616437817,-0.005542911849721999,-0.01641950521098523,-0.009883811662897646,-0.01641950521098523,-0.028206348024202965,-0.03324962540577925,-0.04483478266065721,42.26,25–44，偏冷
2023-08-09,6420.98,-0.007782004963423406,-0.01155168857238753,-0.009565030950225206,-0.025042856643956668,-0.019444711688970218,-0.023596928062355138,-0.04077288161926296,-0.04483478266065721,38.94,25–44，偏冷
2023-08-10,6426.81,0.0009079610900517565,-0.011190022678527978,-0.01855440564053934,-0.013731739993155578,-0.01855440564053934,-0.023596928062355138,-0.039901940719250684,-0.04483478266065721,46.53,45–54，中性
2023-08-11,6304.64,-0.01900943080626316,-0.03529742996517371,-0.03664473463051188,-0.038190810650833296,-0.03664473463051188,-0.03664473463051188,-0.05815285834437567,-0.05815285834437567,34.71,25–44，偏冷
2023-08-14,6319.41,0.002342719013298078,-0.02837800854246164,-0.030253692132045207,-0.04014891232035289,-0.03303740291217572,-0.03529742996517371,-0.055946375137998605,-0.05815285834437567,48.74,45–54，中性
2023-08-15,6261.73,-0.00912743436491703,-0.032390509538982704,-0.038141145278900446,-0.05158641204909786,-0.04186329055042448,-0.04186329055042448,-0.06456316263588846,-0.06456316263588846,41.75,25–44，偏冷
2023-08-16,6186.4,-0.012030221679951048,-0.03653336406592145,-0.047124692907806964,-0.062095397499689176,-0.053389887564801786,-0.053389887564801786,-0.0758166751569711,-0.0758166751569711,40.57,25–44，偏冷
2023-08-17,6247.6,0.009892667787404719,-0.02788475153303116,-0.025146830276059573,-0.04301939970437074,-0.0440253881982825,-0.053389887564801786,-0.06667403654963977,-0.0758166751569711,59.11,55–74，偏热
2023-08-18,6117.11,-0.020886420385428095,-0.02974475941528787,-0.04441358323621958,-0.06081054108745665,-0.06399227581816957,-0.06399227581816957,-0.08616787497889877,-0.08616787497889877,36.47,25–44，偏冷
2023-08-21,6057.17,-0.0097987448321184,-0.04149754486573898,-0.052647959973661895,-0.06827103522534994,-0.0731639766683192,-0.0731639766683192,-0.09512228279137303,-0.09512228279137303,38.57,25–44，偏冷
2023-08-22,6099.19,0.0069372330642856195,-0.025957682621256417,-0.061413268454527215,-0.06831530564080168,-0.0667342991620915,-0.0731639766683192,-0.08884493517241798,-0.09512228279137303,46.38,45–54，中性
2023-08-23,5973.67,-0.020579781905466055,-0.03438671925514025,-0.07488946532966823,-0.08577283551572357,-0.08594070374518759,-0.08594070374518759,-0.10759630768863038,-0.10759630768863038,33.61,25–44，偏冷
2023-08-24,5987.97,0.0023938382937123137,-0.04155675779499324,-0.06548212655383101,-0.08782125594297785,-0.08375259359908915,-0.08594070374518759,-0.10546003755652522,-0.10759630768863038,42.13,25–44，偏冷
2023-08-25,5879.03,-0.01819314392022675,-0.038920339833679596,-0.09069072506179066,-0.10403176030419181,-0.10042201453027544,-0.10042201453027544,-0.12173453183565364,-0.12173453183565364,31.09,25–44，偏冷
2023-08-28,5922.16,0.007336244244373624,-0.022289286911214345,-0.09111474327984848,-0.09925837597113818,-0.09382249071200799,-0.10042201453027544,-0.11529136184980082,-0.12173453183565364,58.96,55–74，偏热
2023-08-29,6108.76,0.031508773825766445,0.0015690608097140846,-0.06126093176855307,-0.07810113668604401,-0.06526994852585633,-0.10042201453027544,-0.08741527746862443,-0.12173453183565364,68.96,55–74，偏热
2023-08-30,6139.63,0.00505339872576438,0.02778191630940441,-0.054862823698202945,-0.07437554274411418,-0.06054638487480335,-0.10042201453027544,-0.0828036229946324,-0.12173453183565364,61.31,55–74，偏热
2023-08-31,6104.3,-0.0057544184258659925,0.01942728503983826,-0.06081045735544355,-0.05940235538482641,-0.06595239406792619,-0.10042201453027544,-0.08808155472660961,-0.12173453183565364,41.1,25–44，偏冷
2023-09-01,6107.2,0.0004750749471682525,0.03881082423461013,-0.06550865145088536,-0.05877421184361409,-0.06550865145088536,-0.10042201453027544,-0.08764832511939957,-0.12173453183565364,45.39,45–54，中性
2023-09-04,6198.76,0.0149921404244171,0.04670593161954417,-0.04692818858606562,-0.03783015236368592,-0.04692818858606562,-0.09608731884169386,-0.07397022069313741,-0.12173453183565364,60.62,55–74，偏热
2023-09-05,6167.64,-0.005020358910491796,0.00963861732986726,-0.04693000213247944,-0.050483715029958964,-0.04693000213247944,-0.09152818427095477,-0.07861922254706133,-0.12173453183565364,47.09,45–54，中性
2023-09-06,6195.38,0.004497668476110661,0.009080351747580817,-0.03513482365620191,-0.051266737721587186,-0.03601008898660463,-0.08523357622210714,-0.0744751572698169,-0.12173453183565364,57.13,55–74，偏热
2023-09-07,6083.49,-0.018060231979313723,-0.0034090722933015627,-0.053419970405224504,-0.07192568680815747,-0.053419970405224504,-0.08523357622210714,-0.09119035063214176,-0.12173453183565364,34.4,25–44，偏冷
2023-09-08,6102.49,0.003123207237950565,-0.0007712208540738841,-0.03206368642777391,-0.07230485305832068,-0.034325989293304326,-0.06968688532632006,-0.08835194975731675,-0.12173453183565364,46.46,45–54，中性
2023-09-11,6182.64,0.013133983013491335,-0.002600520104020787,-0.021642843240112564,-0.06521216519628958,-0.021642843240112564,-0.06968688532632006,-0.07637837975114692,-0.12173453183565364,59.77,55–74，偏热
2023-09-12,6184.61,0.00031863411099464223,0.0027514576077720676,-0.01231608517135041,-0.07263446898415216,-0.01231608517135041,-0.06111729506063024,-0.07608408239728348,-0.12173453183565364,52.82,45–54，中性
2023-09-13,6103.14,-0.013173021419297104,-0.014888513698917527,-0.013458554248027776,-0.0881717538433956,-0.023122479031948306,-0.05899385363979781,-0.08825484656949367,-0.12173453183565364,48.66,45–54，中性
2023-09-14,6068.71,-0.005641358382734163,-0.002429526472468857,-0.028633395223765956,-0.09339832773371615,-0.028633395223765956,-0.05899385363979781,-0.09339832773371615,-0.12173453183565364,48.55,45–54，中性
2023-09-15,6079.06,0.0017054695314160373,-0.0038394163693835637,-0.006220257605306978,-0.07167388724896573,-0.01931031367563829,-0.038920339833679596,-0.08426515225692732,-0.1143971860901265,56.61,55–74，偏热
2023-09-18,6083.97,0.0008076906627010327,-0.015959201894336417,0.0044245084750800245,-0.052484281969858104,-0.018518219772986844,-0.03609659643329688,-0.08352552177089523,-0.1143971860901265,59.82,55–74，偏热
2023-09-19,6031.04,-0.008699911406532257,-0.02483099176827641,-0.011173614857054703,-0.07318430002136078,-0.02705702430808743,-0.03609659643329688,-0.09149876853783634,-0.1143971860901265,44.98,25–44，偏冷
2023-09-20,5982.56,-0.008038414601793331,-0.019757043095849025,0.0014881973728044784,-0.07612527816341874,-0.03487794333060157,-0.03487794333060157,-0.09880167810256901,-0.1143971860901265,44.08,25–44，偏冷
2023-09-21,5939.66,-0.007170843251049774,-0.02126481575161776,-0.008067842691262705,-0.08901479132029866,-0.04179868231710859,-0.04179868231710859,-0.10526403000700468,-0.1143971860901265,48.91,45–54，中性
2023-09-22,6054.93,0.019406834734648104,-0.003969363684517058,0.029919901752500033,-0.08286984023120125,-0.023203027702314638,-0.04179868231710859,-0.0879000369062054,-0.1143971860901265,66.94,55–74，偏热
2023-09-25,6027.39,-0.004548359766339161,-0.009299848618582907,0.01776885460710287,-0.08853782315723246,-0.02764585175099532,-0.04179868231710859,-0.0920485956812207,-0.1143971860901265,53.01,45–54，中性
2023-09-26,5996.11,-0.00518964261479693,-0.0057917042500132965,-0.01844073101578725,-0.09676053898123815,-0.032692022275422894,-0.04179868231710859,-0.09676053898123815,-0.1143971860901265,49.4,45–54，中性
2023-09-27,6034.06,0.006329103368684086,0.008608354951726405,-0.017194847246495226,-0.08358519049513846,-0.026569830095051206,-0.04179868231710859,-0.08358519049513846,-0.10713016484367643,59.33,55–74，偏热
2023-09-28,6078.94,0.007437778212347812,0.02344915365525968,-0.0041544485035139855,-0.07433136188382061,-0.01932967238609018,-0.04179868231710859,-0.07606047387515835,-0.10644484198335102,61.28,55–74，偏热
2023-10-09,6059.97,-0.0031206098431633134,0.0008323795650817534,-0.007733494891275838,-0.07076055405026194,-0.022389961863340413,-0.04179868231710859,-0.0789437286548712,-0.10644484198335102,51.59,45–54，中性
2023-10-10,6043.48,-0.002721135583179546,0.0026694804882376744,-0.025050171324587645,-0.07405869600189996,-0.025050171324587645,-0.04179868231710859,-0.08145004764893904,-0.10644484198335102,49.15,45–54，中性
2023-10-11,6059.4,0.0026342438462607642,0.010555176606166228,-0.017549662431659563,-0.0790303630894752,-0.021948613321539634,-0.04127591850701651,-0.0790303630894752,-0.10644484198335102,64.35,55–74，偏热
2023-10-12,6104.46,0.007436379839588225,0.011667103078192742,-0.014675451707562792,-0.05838818199627016,-0.014675451707562792,-0.04127591850701651,-0.06778084727204425,-0.10220652351522763,72.31,55–74，偏热
2023-10-13,6081.87,-0.003700573023658116,0.00048199192622400133,-0.00026629451186732656,-0.07123059232076678,-0.016612203518087565,-0.0396063777667468,-0.07123059232076678,-0.10220652351522763,54.78,45–54，中性
2023-10-16,6024.36,-0.009455973245071081,-0.005876266714191725,-0.012802970590693352,-0.0794717975203455,-0.025911092211149955,-0.0396063777667468,-0.0794717975203455,-0.1016783661295203,46.39,45–54，中性
2023-10-17,6011.37,-0.0021562456426906795,-0.005313163938657772,-0.027701758472109095,-0.07752403108388484,-0.02801146717416292,-0.0396063777667468,-0.08017204972365544,-0.10042201453027544,55.1,55–74，偏热
2023-10-18,5908.01,-0.01719408387771837,-0.02498432188005406,-0.04472391953575072,-0.09247576432059446,-0.04472391953575072,-0.04472391953575072,-0.09598764865377662,-0.10042201453027544,49.2,45–54，中性
2023-10-19,5842.89,-0.011022323929715694,-0.04284899892865213,-0.04264198429005395,-0.10003465617226426,-0.04284899892865213,-0.04284899892865213,-0.10595196562677867,-0.10595196562677867,47.07,45–54，中性
2023-10-20,5774.32,-0.011735630826526067,-0.05056832849107262,-0.048509485541408326,-0.09899574956777912,-0.054081769722465256,-0.054081769722465256,-0.11644418329936412,-0.11644418329936412,47.98,45–54，中性
2023-10-23,5638.14,-0.023583729339558546,-0.0641097145588908,-0.07253095050879577,-0.11923604450262593,-0.07639004924268478,-0.07639004924268478,-0.1372817245368244,-0.1372817245368244,45.4,45–54，中性
2023-10-24,5719.32,0.014398365418382575,-0.04858293533753544,-0.059936192979255454,-0.10548829411037897,-0.06309157566762669,-0.07639004924268478,-0.12485999155358884,-0.1372817245368244,71.51,55–74，偏热
2023-10-25,5778.9,0.010417322339019375,-0.02185338210328025,-0.04180705152013586,-0.11070177139454052,-0.0533314986092136,-0.07639004924268478,-0.11574337599383044,-0.1372817245368244,73.9,55–74，偏热
2023-10-26,5811.69,0.005674090224783157,-0.005339823272387578,-0.02856135166216478,-0.0999744473266484,-0.04796001611936196,-0.07639004924268478,-0.11072602412735721,-0.1372817245368244,64.97,55–74，偏热
2023-10-27,5916.68,0.018065313187730414,0.02465398523116158,-0.0038689083213516717,-0.07660806392458896,-0.030761115643316517,-0.07639004924268478,-0.09466101124351978,-0.1372817245368244,76.03,75–100，极热
2023-10-30,6006.56,0.015190951682362508,0.06534424473319222,-0.00798853165932556,-0.0709656663645446,-0.016037454582387256,-0.07639004924268478,-0.08090805040916116,-0.1372817245368244,76.14,75–100，极热
2023-10-31,5969.34,-0.006196558429450549,0.04371498709636823,-0.009631034328291377,-0.08387393816616406,-0.02213463598745835,-0.07639004924268478,-0.08660325737683838,-0.1372817245368244,46.41,45–54，中性
2023-11-01,5958.42,-0.0018293479681170677,0.03106473550329647,-0.006285741922679833,-0.08436382523922725,-0.023923492004206737,-0.07639004924268478,-0.08827417785204084,-0.1372817245368244,57.01,55–74，偏热
2023-11-02,5885.25,-0.012280101100627383,0.01265724771968224,-0.024661670583322026,-0.09402218589228484,-0.03590981020434236,-0.07639004924268478,-0.09947026312407037,-0.1372817245368244,45.8,45–54，中性
2023-11-03,5973.17,0.014939042521558088,0.00954758411812029,-0.017399415029593857,-0.0809857312979072,-0.02150722586436804,-0.07639004924268478,-0.08601721109295335,-0.1372817245368244,68.52,55–74，偏热
2023-11-06,6096.57,0.020659047038674494,0.014985282757518315,0.006039633859573401,-0.0671351976643837,-0.0012924976164968571,-0.07639004924268478,-0.0671351976643837,-0.1372817245368244,80.47,75–100，极热
2023-11-07,6116.76,0.0033116982171943476,0.024696197569580525,0.01212546413655713,-0.059535853431283536,0.0,-0.07639004924268478,-0.059535853431283536,-0.13312464060467577,69.9,55–74，偏热
2023-11-08,6138.94,0.0036261027079693697,0.030296622258920936,0.013126712215731029,-0.051364941418624355,0.0,-0.07639004924268478,-0.051364941418624355,-0.1287523140493313,73.42,55–74，偏热
2023-11-09,6100.69,-0.00623071735511338,0.03660677116520117,-0.000617581243877452,-0.04988179374488011,-0.00623071735511338,-0.07639004924268478,-0.050743681546521646,-0.12271562408099823,43.34,25–44，偏冷
2023-11-10,6088.56,-0.001988299684133943,0.0193180505493733,0.0010999906278825744,-0.05263108758466484,-0.008206628505898261,-0.07295946805834386,-0.05263108758466484,-0.12271562408099823,53.97,45–54，中性
2023-11-13,6144.63,0.009209074066774292,0.007883121164851792,0.0199639463777066,-0.02537972033296121,0.0,-0.0641097145588908,-0.027657645254857588,-0.1078059502390254,70.03,55–74，偏热
2023-11-14,6181.98,0.006078478281035471,0.010662507602063664,0.028381217592661878,-0.021747283369808357,0.0,-0.0620873444822061,-0.021747283369808357,-0.1078059502390254,74.82,55–74，偏热
2023-11-15,6207.27,0.004090922325856949,0.011130586062088943,0.05065326565120909,-0.008697276950618948,0.0,-0.04567866337396176,-0.008697276950618948,-0.0995874941909024,77.92,75–100，极热
2023-11-16,6145.15,-0.010007620097079895,0.007287700243743034,0.0517312494330715,-0.006667852062588908,-0.010007620097079895,-0.03504259022504275,-0.016398296946027346,-0.09755105960688903,46.25,45–54，中性
2023-11-17,6199.23,0.00880043611628678,0.018176711734794404,0.07358615386746825,-0.00774217299443003,-0.0012952554021334883,-0.023583729339558546,-0.00774217299443003,-0.09755105960688903,69.27,55–74，偏热
2023-11-20,6253.28,0.008718824757268262,0.01768210616424426,0.1091033567807822,0.02226051190840117,0.0,-0.02019625209770659,0.0,-0.0904406687789171,75.57,75–100，极热
2023-11-21,6212.13,-0.006580546529181386,0.0048770782176585925,0.08616583789681309,0.025582904227551717,-0.006580546529181386,-0.02019625209770659,-0.006580546529181386,-0.0904406687789171,45.08,45–54，中性
2023-11-22,6132.97,-0.012742811241876706,-0.011969835370460813,0.061269445742269335,0.005538440350276064,-0.01923950310876843,-0.02019625209770659,-0.01923950310876843,-0.0904406687789171,42.41,25–44，偏冷
2023-11-23,6197.53,0.01052671054970089,0.008523795188075223,0.06639032708213954,0.037474450379749724,-0.00891532123941352,-0.02019625209770659,-0.00891532123941352,-0.0904406687789171,64.82,55–74，偏热
2023-11-24,6115.41,-0.013250440094682903,-0.013521034063907922,0.03358809332260648,0.021282671756872373,-0.022047629404088664,-0.022047629404088664,-0.022047629404088664,-0.0904406687789171,42.35,25–44，偏冷
2023-11-27,6111.36,-0.0006622614019338169,-0.02269528951206412,0.01744759063423973,0.03951842395769378,-0.02269528951206412,-0.02269528951206412,-0.02269528951206412,-0.0904406687789171,54.56,45–54，中性
2023-11-28,6143.3,0.0052263326002723876,-0.011079935545457054,0.029142250232018885,0.03734110527240064,-0.017587570043241185,-0.02269528951206412,-0.017587570043241185,-0.0904406687789171,54.66,45–54，中性
2023-11-29,6113.37,-0.00487197434603559,-0.0031958414927841794,0.026005216147904964,0.000754653972328212,-0.022373858199217,-0.02269528951206412,-0.022373858199217,-0.0904406687789171,43.92,25–44，偏冷
2023-11-30,6080.55,-0.005368561039164943,-0.018875261596151938,0.03318465655664582,-0.009622729708467781,-0.027622303814957894,-0.027622303814957894,-0.027622303814957894,-0.0904406687789171,45.31,45–54，中性
2023-12-01,6130.05,0.008140710955423458,0.0023939523269904672,0.02626411101642856,0.004218337892960777,-0.019706458050814835,-0.027622303814957894,-0.019706458050814835,-0.0904406687789171,53.38,45–54，中性
2023-12-04,6114.39,-0.0025546284288056054,0.000495797989318314,0.002922955038652919,0.0011772989258580502,-0.022210743801652777,-0.027622303814957894,-0.022210743801652777,-0.0904406687789171,51.75,45–54，中性
2023-12-05,5992.6,-0.01991858550076131,-0.024530789640746842,-0.02029832787292618,-0.03325826455613701,-0.04168692270296537,-0.04168692270296537,-0.04168692270296537,-0.0904406687789171,48.5,45–54，中性
2023-12-06,6023.8,0.0052064212528786236,-0.014651493366179325,-0.01875568094817659,-0.023321724354858575,-0.03669754113041468,-0.04168692270296537,-0.03669754113041468,-0.08994444247164823,55.71,55–74，偏热
2023-12-07,6020.83,-0.0004930442577775196,-0.009821479964805868,-0.013090322570069923,-0.02817422014468851,-0.03717249187626326,-0.04168692270296537,-0.03717249187626326,-0.08994444247164823,48.28,45–54，中性
2023-12-08,6003.14,-0.002938133114537278,-0.020702930644937667,-0.014029589919455465,-0.013207879029964564,-0.04000140726146906,-0.04168692270296537,-0.04000140726146906,-0.08835965404447477,53.06,45–54，中性
2023-12-11,6075.08,0.011983728515410297,-0.0064290959523354285,-0.011318826357323397,-0.004491609162817101,-0.028497044750914746,-0.04168692270296537,-0.028497044750914746,-0.08835965404447477,68.45,55–74，偏热
2023-12-12,6078.99,0.0006436129236158106,0.014416113206287662,-0.016659710966389407,-0.01676468304801837,-0.027871772893585445,-0.04168692270296537,-0.027871772893585445,-0.08835965404447477,64.17,55–74，偏热
2023-12-13,6019.55,-0.00977794008544175,-0.0007055347123078315,-0.03024195821995823,-0.026688829206692022,-0.03737718445359872,-0.04168692270296537,-0.03737718445359872,-0.08835965404447477,55.18,55–74，偏热
2023-12-14,5991.86,-0.004600011628776324,-0.004811628961455483,-0.024944875226804886,-0.018233237317184403,-0.041805260599237504,-0.041805260599237504,-0.041805260599237504,-0.07639004924268478,50.98,45–54，中性
2023-12-15,5951.6,-0.006719115600164138,-0.00858550691804627,-0.039945283527147546,-0.019297346553056482,-0.04824348182074034,-0.04824348182074034,-0.04824348182074034,-0.07639004924268478,52.95,45–54，中性
2023-12-18,5857.01,-0.015893205188520776,-0.03589582359409249,-0.06336994345367541,-0.03652702884985515,-0.06336994345367541,-0.06336994345367541,-0.06336994345367541,-0.07639004924268478,47.48,45–54，中性
2023-12-19,5863.54,0.0011149033380513096,-0.0354417427895094,-0.05611440842351978,-0.03623127661707737,-0.05611440842351978,-0.05716557766820718,-0.062325691477112755,-0.07639004924268478,54.46,45–54，中性
2023-12-20,5761.31,-0.017434860169795008,-0.04290021679361411,-0.06060032904123125,-0.044723629755398675,-0.07038610543232537,-0.07038610543232537,-0.07867391193101847,-0.07867391193101847,47.39,45–54，中性
2023-12-21,5798.91,0.006526293499221403,-0.0322020207414726,-0.06431917231542239,-0.030697560910379562,-0.06431917231542239,-0.07038610543232537,-0.0726610674717908,-0.07867391193101847,57.4,55–74，偏热
2023-12-22,5733.91,-0.011209003071266821,-0.03657671886551528,-0.062383388848826216,-0.03464002990070136,-0.0666400794361337,-0.0666400794361337,-0.0830556124146048,-0.0830556124146048,43.08,25–44，偏冷
2023-12-25,5735.73,0.0003174099349310122,-0.020706811154497018,-0.06146422400251339,-0.05271737245517305,-0.06634382172448039,-0.0666400794361337,-0.082764565156206,-0.0830556124146048,50.04,45–54，中性
2023-12-26,5651.59,-0.014669449224422926,-0.036147105673364543,-0.08004004362476191,-0.06234871146549337,-0.08004004362476191,-0.08004004362476191,-0.09621990379448864,-0.09621990379448864,44.71,25–44，偏冷
2023-12-27,5696.16,0.007886276251461988,-0.011308192060486388,-0.06824550125380924,-0.050024098957490715,-0.07078082560501142,-0.07805156564791482,-0.0890924442852391,-0.09621990379448864,56.37,55–74，偏热
2023-12-28,5805.53,0.019200654475997947,0.0011415938512582269,-0.04522946115071835,-0.03787333901220746,-0.052939209304981305,-0.07805156564791482,-0.07160242304838416,-0.09621990379448864,63.66,55–74，偏热
2023-12-29,5887.24,0.014074511715554072,0.026740915012617883,-0.03960979111100238,-0.03153510315943242,-0.03960979111100238,-0.07805156564791482,-0.058535680474886775,-0.09621990379448864,62.31,55–74，偏热
2024-01-02,5854.75,-0.005518715051535117,0.020750628080471012,-0.0424637617162138,-0.03386485411643958,-0.0424637617162138,-0.07569029780566827,-0.0637313537855333,-0.09621990379448864,56.33,55–74，偏热
2024-01-03,5824.04,-0.005245313634228643,0.0305135368984657,-0.028128024563628506,-0.03631020537835805,-0.04193953271842854,-0.07030773204101337,-0.06864237648082283,-0.09621990379448864,45.06,45–54，中性
2024-01-04,5783.02,-0.007043220856999488,0.015248869413780675,-0.03997144659517249,-0.045611776743571864,-0.04868736418385278,-0.07030773204101337,-0.07520213392011865,-0.09621990379448864,44.55,25–44，偏冷
2024-01-05,5675.81,-0.01853875656663817,-0.022344213189837814,-0.05730439158720635,-0.07021915124351696,-0.06632351755801524,-0.07030773204101337,-0.09234673643271996,-0.09621990379448864,34.28,25–44，偏冷
2024-01-08,5543.57,-0.023298877164669163,-0.058375401716254105,-0.07655493625002929,-0.0885089618817897,-0.08807713123397143,-0.08807713123397143,-0.1134940383286851,-0.1134940383286851,32.18,25–44，偏冷
2024-01-09,5553.3,0.0017551866396565696,-0.05148810794653913,-0.08588858089111584,-0.0781925382945241,-0.0864765363983161,-0.08807713123397143,-0.11193805490878384,-0.1134940383286851,45.65,45–54，中性
2024-01-10,5512.07,-0.007424414312210859,-0.0535659095747969,-0.09325891307602086,-0.08305926935124608,-0.09325891307602086,-0.09325891307602086,-0.11853139472404883,-0.11853139472404883,35.15,25–44，偏冷
2024-01-11,5611.11,0.01796784148241959,-0.02972668259836564,-0.06785224809163481,-0.050253807965795705,-0.06785224809163481,-0.08430530521384494,-0.10269330655272113,-0.11853139472404883,56.01,55–74，偏热
2024-01-12,5574.49,-0.006526337926007542,-0.017851196569300343,-0.0696561668663821,-0.04593617199707689,-0.0696561668663821,-0.08007363322908079,-0.1085494332574265,-0.11853139472404883,32.58,25–44，偏冷
2024-01-15,5559.38,-0.0027105618630582917,0.00285195280297712,-0.06590160629074537,-0.037223430637720045,-0.06590160629074537,-0.07385072921567315,-0.11096576516644063,-0.11853139472404883,37.67,25–44，偏冷
2024-01-16,5539.47,-0.003581334609254916,-0.002490411106909396,-0.05421537610487259,-0.017500452276814737,-0.059071823129344114,-0.06372595647536028,-0.11414969424046251,-0.11853139472404883,41.81,25–44，偏冷
2024-01-17,5389.12,-0.02714158574737302,-0.022305594812838003,-0.08091016689576602,-0.05773413622598489,-0.08461010592399831,-0.08461010592399831,-0.13819307627357158,-0.13819307627357158,28.12,25–44，偏冷
2024-01-18,5373.42,-0.002913277121311064,-0.04236060244764395,-0.06732670173970856,-0.07016560245029324,-0.08727689035948927,-0.08727689035948927,-0.14070375866745133,-0.14070375866745133,40.69,25–44，偏冷
2024-01-19,5306.99,-0.012362703827357713,-0.04798645257234291,-0.08482973524334747,-0.08684220940896703,-0.0985606158403598,-0.0985606158403598,-0.1513269835990072,-0.1513269835990072,26.62,25–44，偏冷
2024-01-22,5000.83,-0.05768995230818219,-0.10046983656450903,-0.12784993137318168,-0.15479120047053418,-0.15056461092124662,-0.15056461092124662,-0.2002868894404216,-0.2002868894404216,16.69,0–24，极冷
2024-01-23,5079.63,0.015757384274210473,-0.08301155164663765,-0.11438822957147554,-0.15431961055912202,-0.13717973107941916,-0.15056461092124662,-0.18768550264821016,-0.2002868894404216,31.87,25–44，偏冷
2024-01-24,5143.41,0.012556032624423397,-0.045593714743780045,-0.08991805845788536,-0.13836202997316294,-0.12634613163383857,-0.15056461092124662,-0.17748605531816897,-0.2002868894404216,46.2,45–54，中性
2024-01-25,5316.2,0.0335944441528091,-0.010648711621276674,-0.06670458694980475,-0.10778360706361756,-0.09699621554412596,-0.15056461092124662,-0.14985415653864853,-0.2002868894404216,54.4,45–54，中性
2024-01-26,5269.76,-0.00873556299612499,-0.007015276079283983,-0.09228614786246903,-0.10458179346671759,-0.1048844619889795,-0.15056461092124662,-0.15728065911009892,-0.2002868894404216,31.16,25–44，偏冷
2024-01-29,5131.25,-0.02628392943891189,0.026079670774651342,-0.1284116156297348,-0.14095028268072063,-0.1284116156297348,-0.15056461092124662,-0.17943063480285548,-0.2002868894404216,20.19,0–24，极冷
2024-01-30,4984.66,-0.0285680876979294,-0.01869624362404354,-0.14861266493018488,-0.18238288086579835,-0.14861266493018488,-0.14861266493018488,-0.20287273239004167,-0.20287273239004167,17.08,0–24，极冷
2024-01-31,4785.03,-0.04004886993295431,-0.06967750966771069,-0.17840021703147646,-0.21771820375492912,-0.17840021703147646,-0.17840021703147646,-0.23479677865056414,-0.23479677865056414,11.16,0–24，极冷
2024-02-01,4750.44,-0.007228794803794347,-0.10642188029043309,-0.178553766025364,-0.22617911235490162,-0.178553766025364,-0.178553766025364,-0.24032827572090165,-0.24032827572090165,19.28,0–24，极冷
2024-02-02,4574.67,-0.03700078308535626,-0.13190164257954828,-0.19400578948202996,-0.2501389187124734,-0.19400578948202996,-0.19400578948202996,-0.26843672440703115,-0.26843672440703115,7.5,0–24，极冷
2024-02-05,4293.07,-0.06155635269866466,-0.16334811205846533,-0.22557665908430846,-0.29489567319694654,-0.23489826433629002,-0.23489826433629002,-0.31346909142082235,-0.31346909142082235,5.47,0–24，极冷
2024-02-06,4592.44,0.06973331438807184,-0.07868540682814884,-0.173025048169557,-0.25260918883643124,-0.18154518446439294,-0.23489826433629002,-0.26559501573574196,-0.31346909142082235,44.82,25–44，偏冷
2024-02-07,4797.85,0.044727857086864775,0.002679189054196174,-0.12957382616693902,-0.22389752150605458,-0.14493745444306017,-0.23489826433629002,-0.2327466545556891,-0.31346909142082235,40.61,25–44，偏冷
2024-02-08,4993.1,0.040695311441583115,0.05108158402169072,-0.11014041784958761,-0.19560450890649195,-0.11014041784958761,-0.23489826433629002,-0.20152304070823623,-0.31346909142082235,61.26,55–74，偏热
2024-02-19,5029.59,0.007308085157517352,0.09944323852868076,-0.09774885236138187,-0.1815350316916592,-0.09774885236138187,-0.22987214973925874,-0.19568770309341654,-0.31346909142082235,68.79,55–74，偏热
2024-02-20,5046.01,0.0032646796259734323,0.17538498091109633,-0.09234303105742003,-0.18602632907635297,-0.09234303105742003,-0.22777899693850756,-0.19306188112478562,-0.31346909142082235,61.76,55–74，偏热
2024-02-21,5073.48,0.005443905184492115,0.10474606091750793,-0.08412176616174483,-0.1886689865158765,-0.08412176616174483,-0.22500347506169371,-0.1886689865158765,-0.31346909142082235,75.22,75–100，极热
2024-02-22,5151.53,0.015383917941925507,0.07371635211605176,-0.04408697523900007,-0.17073049018613584,-0.04408697523900007,-0.20338199928745326,-0.17073049018613584,-0.3089214166477521,72.94,55–74，偏热
2024-02-23,5225.67,0.014391840870576322,0.04657827802367254,-0.027496454771821277,-0.14793811155117342,-0.027496454771821277,-0.20105444949399087,-0.15681408561152588,-0.3072933894632217,74.87,55–74，偏热
2024-02-26,5255.4,0.005689222625998136,0.0448963036748522,-0.009721141362618035,-0.15201701322946404,-0.011436740528949274,-0.19245513712802376,-0.15201701322946404,-0.3072933894632217,65.71,55–74，偏热
2024-02-27,5394.03,0.026378582029912057,0.06896934409563182,0.07862694792664415,-0.11796101978444617,0.0,-0.19245513712802376,-0.12196539319258382,-0.3011785196881156,76.89,75–100，极热
2024-02-28,5152.05,-0.04486070711508827,0.015486411693748758,0.014256943911269193,-0.15697160697455226,-0.04486070711508827,-0.19245513712802376,-0.16135464652548304,-0.3011785196881156,30.83,25–44，偏冷
2024-02-29,5344.61,0.037375413670286406,0.03748012726316263,0.03911801703539086,-0.1300099295167093,-0.009161980930769809,-0.19245513712802376,-0.1300099295167093,-0.3011785196881156,79.33,75–100，极热
2024-03-01,5401.94,0.010726694744799037,0.03373155978085096,0.016128061397238547,-0.11637280256225291,0.0,-0.19245513712802376,-0.11877717147494726,-0.29966802880890053,75.22,75–100，极热
2024-03-04,5428.34,0.004887133141056932,0.03290710507287753,0.030092452028175787,-0.10726167863104485,0.0,-0.185338611246053,-0.11447051818500664,-0.29966802880890053,70.25,55–74，偏热
2024-03-05,5375.13,-0.009802259991083861,-0.0035038737270648435,0.04752838002436066,-0.123150708395527,-0.009802259991083861,-0.16334811205846533,-0.123150708395527,-0.29966802880890053,47.22,45–54，中性
2024-03-06,5381.46,0.0011776459360053337,0.04452790636736825,0.07960422576464588,-0.11986968446566215,-0.008636157646720766,-0.1387436655659564,-0.11986968446566215,-0.2978743586850038,64.5,55–74，偏热
2024-03-07,5303.28,-0.014527656063596184,-0.007733024486351603,0.10830653099353604,-0.11502853519340528,-0.023038350582314404,-0.10281231256648338,-0.12760507913321129,-0.2937856453127905,46.69,45–54，中性
2024-03-08,5370.37,0.012650661477425329,-0.005844196714513639,0.13049949057350485,-0.10847471695607425,-0.01067913947910415,-0.09627950253029194,-0.11656870631470029,-0.2937856453127905,71.36,55–74，偏热
2024-03-11,5466.65,0.017928001236413804,0.007057406131524502,0.19498237031304977,-0.09204378798272006,0.0,-0.06155635269866466,-0.10073054898922351,-0.2937856453127905,85.57,75–100，极热
2024-03-12,5496.36,0.005434772666989884,0.022553873115626955,0.28028660142974604,-0.0844191539760859,0.0,-0.04486070711508827,-0.09584322395661127,-0.2937856453127905,87.34,75–100，极热
2024-03-13,5521.78,0.0046248790108363025,0.026074708350521947,0.2023630139969168,-0.0910769899326429,0.0,-0.04486070711508827,-0.09166160826058278,-0.2937856453127905,64.98,55–74，偏热
2024-03-14,5486.65,-0.006362078894849188,0.03457671478782931,0.14356430484487825,-0.09744052877204934,-0.006362078894849188,-0.04486070711508827,-0.09744052877204934,-0.2937856453127905,59.84,55–74，偏热
2024-03-15,5555.64,0.012574157272652764,0.03449855410334868,0.11266347559632295,-0.07706722263292098,0.0,-0.04486070711508827,-0.07706722263292098,-0.2868121371198844,86.59,75–100，极热
2024-03-18,5648.01,0.016626347279521392,0.0331757109015578,0.1229563443541124,-0.05738618726071698,0.0,-0.04486070711508827,-0.05738618726071698,-0.283516303785469,94.67,75–100，极热
2024-03-19,5607.48,-0.00717597879607168,0.020217016352640726,0.11127009260782272,-0.057819745950668855,-0.00717597879607168,-0.04486070711508827,-0.057819745950668855,-0.2786696014517106,65.34,55–74，偏热
2024-03-20,5659.15,0.00921447780464657,0.024877847360814886,0.11543753005826374,-0.03378174187853544,0.0,-0.04486070711508827,-0.038743112222365705,-0.2707839327087056,89.69,75–100，极热
2024-03-21,5658.28,-0.00015373333451129678,0.03128138299326544,0.09836883411336039,-0.03500615669032703,-0.00015373333451129678,-0.04486070711508827,-0.03889088944904573,-0.2707839327087056,66.03,55–74，偏热
2024-03-22,5595.88,-0.011028086273567217,0.007243089905033306,0.07084450414970722,-0.028713955680218617,-0.011180124223602372,-0.04486070711508827,-0.04949008363851304,-0.2707839327087056,52.58,45–54，中性
2024-03-25,5466.06,-0.023199210847980933,-0.03221488630508795,0.04008448453019775,-0.05739871803494101,-0.034119965012413433,-0.04486070711508827,-0.07154116360127993,-0.2707839327087056,45.95,45–54，中性
2024-03-26,5447.75,-0.0033497619857814076,-0.028485166242233517,0.009959158551213099,-0.04990660823068371,-0.03735543323644008,-0.04486070711508827,-0.07465127971681129,-0.2707839327087056,67.58,55–74，偏热
2024-03-27,5266.23,-0.03332017805516052,-0.06943092160483466,0.0221620519987189,-0.0818553174574117,-0.06943092160483466,-0.06943092160483466,-0.10548406383976194,-0.2707839327087056,45.97,45–54，中性
2024-03-28,5382.24,0.022029041648389924,-0.048785143188389446,0.0070407382390857975,-0.0476591543264816,-0.04893137662016378,-0.06943092160483466,-0.08577873502693967,-0.2707839327087056,72.05,55–74，偏热
2024-03-29,5441.26,0.010965694580695073,-0.027631042838659803,0.0072788664813012716,-0.04474944524030222,-0.038502248570898345,-0.06943092160483466,-0.0757536638560683,-0.2707839327087056,68.29,55–74，偏热
2024-04-01,5559.06,0.021649397382224045,0.017014083270216585,0.02408102661218714,-0.042454349559816085,-0.017686401668094875,-0.06943092160483466,-0.05574428764582373,-0.2707839327087056,80.22,75–100，极热
2024-04-02,5531.05,-0.005038621637471152,0.015290716350787159,0.029007670512155137,-0.060502034909397207,-0.022635908219432177,-0.06943092160483466,-0.060502034909397207,-0.2707839327087056,57.83,55–74，偏热
2024-04-03,5500.93,-0.005445620632610448,0.044566986250125895,0.02220029508720689,-0.06043298176694134,-0.02795826228320497,-0.06943092160483466,-0.06043298176694134,-0.2667372646142022,51.13,45–54，中性
2024-04-08,5399.91,-0.018364167513493235,0.003283019709266144,0.018220799203511717,-0.07282401906580316,-0.04580899958474327,-0.06943092160483466,-0.07282401906580316,-0.26287079072259123,45.83,45–54，中性
2024-04-09,5468.91,0.012777990744290202,0.005081543613060235,0.01834882885164335,-0.05431591106376954,-0.03361635581315214,-0.06943092160483466,-0.05431591106376954,-0.25764220078782374,63.98,55–74，偏热
2024-04-10,5367.05,-0.018625283648844082,-0.034540012160329314,-0.018219567742584486,-0.05439928397885063,-0.05161552529973579,-0.06943092160483466,-0.05439928397885063,-0.24361985337775582,38.8,25–44，偏冷
2024-04-11,5379.92,0.0023979653627224096,-0.02732392583686649,-0.021184929662540264,-0.029520687932144796,-0.04934133217886072,-0.06943092160483466,-0.04934133217886072,-0.23489826433629002,46.38,45–54，中性
2024-04-12,5338.77,-0.0076488126217489905,-0.029478651791606136,-0.03314329799448712,-0.038631084220193346,-0.05661274219626611,-0.06943092160483466,-0.05661274219626611,-0.23489826433629002,39.66,25–44，偏冷
2024-04-15,5287.51,-0.009601462509154723,-0.020815161734176968,-0.03629537149262285,-0.04073968581676202,-0.06567063958368291,-0.06943092160483466,-0.06567063958368291,-0.23489826433629002,46.18,45–54，中性
2024-04-16,5066.66,-0.04176824251869038,-0.07355213378900005,-0.08801506217105504,-0.09703071228330928,-0.10469593490188456,-0.10469593490188456,-0.10469593490188456,-0.23489826433629002,26.21,25–44，偏冷
2024-04-17,5287.46,0.04357900470921683,-0.014829375541498657,-0.0638366433487193,-0.05148991208164333,-0.0656794748327928,-0.10469593490188456,-0.0656794748327928,-0.22987214973925874,61.7,55–74，偏热
2024-04-18,5286.72,-0.00013995377742803683,-0.017323677675504467,-0.05720216567870051,-0.04904503739625643,-0.06581023651961859,-0.10469593490188456,-0.06581023651961859,-0.22777899693850756,46.22,45–54，中性
2024-04-19,5264.39,-0.004223790932752269,-0.01393204801855108,-0.06975605877207691,-0.04965818029522684,-0.06975605877207691,-0.10469593490188456,-0.06975605877207691,-0.22500347506169371,38.6,25–44，偏冷
2024-04-22,5246.08,-0.003478085780118989,-0.00783544617409715,-0.07284899298019887,-0.026542366842824072,-0.07284899298019887,-0.10455827565974107,-0.07299152699610356,-0.20338199928745326,37.24,25–44，偏冷
2024-04-23,5218.43,-0.005270602049530226,0.029954644677164133,-0.06745141068071503,-0.028843827580944725,-0.06745141068071503,-0.09457315024625268,-0.07787741975384987,-0.20105444949399087,42.4,25–44，偏冷
2024-04-24,5305.61,0.01670617407917696,0.0034326500815136107,-0.029353867319422133,-0.0002600344074513705,-0.04559224041474652,-0.08857612617960597,-0.06247227940591782,-0.19245513712802376,54.08,45–54，中性
2024-04-25,5313.99,0.001579460231716956,0.005158207735609155,-0.024553255931347828,0.06262160481360102,-0.044084791313639515,-0.08857612617960597,-0.0609914916551072,-0.19245513712802376,43.69,25–44，偏冷
2024-04-26,5415.94,0.01918520734890361,0.028787760785200067,0.02842830639755567,0.06620757811100408,-0.025745359827021308,-0.08857612617960597,-0.04297641872012581,-0.19245513712802376,64.89,55–74，偏热
2024-04-29,5545.23,0.023872125614390116,0.05702352994998172,0.030282930527066654,0.07812326841531192,-0.0024878306764094527,-0.08857612617960597,-0.02013023157187921,-0.19245513712802376,73.61,55–74，偏热
2024-04-30,5497.43,-0.008620021171348968,0.05346435613776568,0.010322976663493355,0.034090139573379474,-0.011086406694656992,-0.08857612617960597,-0.02857672972089431,-0.19245513712802376,41.06,25–44，偏冷
2024-05-06,5606.84,0.019902026947137053,0.056775752458247064,0.008594978287696176,0.06396496235122662,0.0,-0.08857612617960597,-0.009243437618723593,-0.185338611246053,67.5,55–74，偏热
2024-05-07,5625.34,0.003299541274585982,0.05859062587622499,0.01704739606403849,0.09629037758830705,0.0,-0.08396054998598823,-0.005974395448079539,-0.16334811205846533,62.49,55–74，偏热
2024-05-08,5536.66,-0.015764380464114214,0.022289759487734484,0.006495265346041501,0.11073974955162447,-0.015764380464114214,-0.07894483296460786,-0.021644593269307233,-0.1387436655659564,51.21,45–54，中性
2024-05-09,5626.83,0.01628599191570368,0.014715349949416145,0.042022922604265656,0.17592366192061504,0.0,-0.07355213378900005,-0.0057111050246061446,-0.10469593490188456,68.1,55–74，偏热
2024-05-10,5574.23,-0.00934806987237935,0.013970164240381333,0.019257950853095007,0.1734134101262199,-0.00934806987237935,-0.07355213378900005,-0.015005787088166911,-0.10469593490188456,50.22,45–54，中性
2024-05-13,5520.8,-0.009585180374688362,-0.015345542230561282,0.02864702210711667,0.20681928969739904,-0.018843647311185818,-0.058227631637645216,-0.02444713428695111,-0.10469593490188456,47.46,45–54，中性
2024-05-14,5551.68,0.00559339226199107,-0.013094319632235507,0.031926125295543395,0.2931724849583166,-0.013355654960252816,-0.058227631637645216,-0.018990484436708588,-0.10469593490188456,58.49,55–74，偏热
2024-05-15,5497.23,-0.009807841950544849,-0.007121622060953792,0.029680993936805455,0.19701727186419427,-0.023032506757801552,-0.05096866881322859,-0.02861207071733385,-0.10469593490188456,45.93,45–54，中性
2024-05-16,5488.95,-0.001506213129157774,-0.024504028022883206,0.03809732747550343,0.14404368623445896,-0.024504028022883206,-0.04176824251869038,-0.03007518796992481,-0.10469593490188456,60.48,55–74，偏热
2024-05-17,5563.23,0.013532642855190735,-0.0019733667250902975,0.09800736579916558,0.11418357333119689,-0.01130298942743968,-0.024504028022883206,-0.016949541892333664,-0.10469593490188456,66.98,55–74，偏热
2024-05-20,5596.78,0.006030669233520802,0.013762498188668149,0.05850067896494715,0.11277062345042044,-0.005340484784505661,-0.024504028022883206,-0.011021089739625234,-0.10469593490188456,59.6,55–74，偏热
2024-05-21,5536.74,-0.010727596939668849,-0.002691077295521427,0.04729208280370423,0.09725109541994548,-0.01601079115594395,-0.024504028022883206,-0.021630456870731396,-0.10469593490188456,46.68,45–54，中性
2024-05-22,5539.66,0.0005273861514176748,0.007718432737942704,0.052289059131257254,0.09188564850950431,-0.015491848874055192,-0.024504028022883206,-0.02111447832271629,-0.10469593490188456,59.15,55–74，偏热
2024-05-23,5412.82,-0.022896712072582148,-0.013869683637125485,0.03178373185311689,0.05072085380459779,-0.03803384854349612,-0.03803384854349612,-0.04352773826458034,-0.10469593490188456,44.06,25–44，偏冷
2024-05-24,5350.11,-0.011585458226950118,-0.038308680388910776,0.025233643068892198,0.023813214382079062,-0.04917866720693542,-0.04917866720693542,-0.05460890769815252,-0.10469593490188456,38.66,25–44，偏冷
2024-05-27,5404.62,0.010188575561997926,-0.03433402778025929,0.018661379181658777,0.02839365224340673,-0.03949115221181376,-0.04917866720693542,-0.044976719118595465,-0.10469593490188456,49.47,45–54，中性
2024-05-28,5348.03,-0.010470671388552732,-0.0340832330938422,0.006405732792120311,-0.008527946637300832,-0.04954832472280135,-0.04954832472280135,-0.05497645406112228,-0.10469593490188456,37.38,25–44，偏冷
2024-05-29,5351.25,0.0006020908633646016,-0.03401111259535783,-0.011944371614161065,0.03866422103822753,-0.04897606645304731,-0.04954832472280135,-0.05440746401844798,-0.10469593490188456,44.5,25–44，偏冷
2024-05-30,5334.3,-0.0031674842326558927,-0.014506301705949909,-0.03803809760821453,-0.001929046272786894,-0.05198841976743562,-0.05198841976743562,-0.057402613466686625,-0.10469593490188456,37.51,25–44，偏冷
2024-05-31,5355.21,0.003919914515494005,0.0009532514284753546,-0.025870270289935493,-0.008650595897029545,-0.04827229541322553,-0.05198841976743562,-0.053707712288947884,-0.10469593490188456,47.49,45–54，中性
2024-06-03,5284.62,-0.013181555905370734,-0.02220322612875647,-0.05746909132416833,-0.026475865550057653,-0.060817547357926216,-0.060817547357926216,-0.06618131698223229,-0.10469593490188456,34.75,25–44，偏冷
2024-06-04,5313.71,0.005504653125484982,-0.006417316282818053,-0.055397540415334956,-0.011426700377479282,-0.05564767373458945,-0.060817547357926216,-0.06104096905012235,-0.10469593490188456,42.73,25–44，偏冷
2024-06-05,5244.09,-0.01310195701308503,-0.02002522775052551,-0.05284232732369332,-0.025526529975136825,-0.06802053731852564,-0.06802053731852564,-0.07334316991067558,-0.10469593490188456,36.19,25–44，偏冷
2024-06-06,5130.87,-0.02159001847794384,-0.03813621281142798,-0.08814199113888277,-0.032510069240168304,-0.08814199113888277,-0.08814199113888277,-0.09334970799501685,-0.10469593490188456,29.9,25–44，偏冷
2024-06-07,5153.59,0.004428098938386693,-0.037649317206981614,-0.07546154356745227,-0.040365933818340194,-0.07918660372571362,-0.083246080782164,-0.08933497079950159,-0.10469593490188456,46.14,45–54，中性
2024-06-11,5198.92,0.008795810299228268,-0.016216870844071973,-0.05830314447181573,-0.04897514931447955,-0.07108730377109684,-0.083246080782164,-0.08132493395651286,-0.10469593490188456,41.96,25–44，偏冷
2024-06-12,5216.46,0.0033737776307387612,-0.018301713868464797,-0.06038172228946914,-0.05092461192498299,-0.06795335889565068,-0.083246080782164,-0.07822552856877796,-0.10469593490188456,51.34,45–54，中性
2024-06-13,5180.24,-0.006943406064649271,-0.012175611021168709,-0.05766358693378293,-0.061853242975996814,-0.0744249371960306,-0.083246080782164,-0.0846257830239523,-0.10469593490188456,43.99,25–44，偏冷
2024-06-14,5180.65,7.914691211219349e-05,0.00970205832539106,-0.05616739084888733,-0.05577173685217751,-0.07435168078788168,-0.083246080782164,-0.08455333398125164,-0.10469593490188456,48.05,45–54，中性
2024-06-17,5183.97,0.0006408462258598036,0.005894919851986646,-0.06817262633398213,-0.06689958312633648,-0.07375848255604112,-0.083246080782164,-0.08396667344035758,-0.10469593490188456,49.66,45–54，中性
2024-06-18,5227.25,0.008348813746993144,0.005449208681803208,-0.06602546464216918,-0.07449703523896034,-0.06602546464216918,-0.083246080782164,-0.07631888181087265,-0.10469593490188456,66.6,55–74，偏热
2024-06-19,5159.99,-0.01286718637907125,-0.010825348991461703,-0.06804545635157155,-0.07980233545193205,-0.06853669719802302,-0.07379333749724715,-0.08820405891344107,-0.10469593490188456,53.66,45–54，中性
2024-06-20,5056.14,-0.020126007996139395,-0.023956419007613472,-0.08728333507832597,-0.10655487131459662,-0.08728333507832597,-0.08728333507832597,-0.10655487131459662,-0.10655487131459662,42.78,25–44，偏冷
2024-06-21,5055.33,-0.00016020126024995918,-0.024190014766486745,-0.0660450559966893,-0.10656065093986156,-0.0660450559966893,-0.0660450559966893,-0.10656065093986156,-0.10656065093986156,46.94,45–54，中性
2024-06-24,4887.78,-0.03314323694002175,-0.05713574731335258,-0.08641504567195812,-0.12653952550805236,-0.09562929493655437,-0.09562929493655437,-0.13134393610612016,-0.13134393610612016,36.39,25–44，偏冷
2024-06-25,4847.61,-0.008218455004112335,-0.07262709837868864,-0.10306182488315552,-0.11314365374694035,-0.10306182488315552,-0.10306182488315552,-0.13848294688128138,-0.13848294688128138,46.83,45–54，中性
2024-06-26,4986.38,0.028626477790086424,-0.03364541404150001,-0.06762303128441682,-0.08469000963700613,-0.06887311608695079,-0.09478619886054895,-0.11382074809439768,-0.13848294688128138,60.48,55–74，偏热
2024-06-27,4864.09,-0.02452480557037373,-0.03798352102592095,-0.09103667367437507,-0.07636202748455712,-0.09170882187626628,-0.09478619886054895,-0.13555412194788186,-0.13848294688128138,36.2,25–44，偏冷
2024-06-28,4895.99,0.006558266808385449,-0.031519208439409474,-0.08216823200794865,-0.09034342578554655,-0.08575200599042809,-0.09478619886054895,-0.12988485523820692,-0.13848294688128138,46.99,45–54，中性
2024-07-01,4940.25,0.009040051143895278,0.010734934878411151,-0.07748715736637779,-0.09207610002095101,-0.07748715736637779,-0.09478619886054895,-0.12201896982848248,-0.13848294688128138,50.5,45–54，中性
2024-07-02,4905.65,-0.007003694145033212,0.011972910362013423,-0.07171187332296369,-0.11753965598500482,-0.07679380319964779,-0.08771649186726416,-0.1281680804289449,-0.13848294688128138,49.16,45–54，中性
2024-07-03,4867.13,-0.007852170456514318,-0.023915144854583903,-0.08404297562343443,-0.12003507471456598,-0.08404297562343443,-0.08771649186726416,-0.13501385327084692,-0.13848294688128138,39.9,25–44，偏冷
2024-07-04,4761.87,-0.021626708142170048,-0.021015236149002248,-0.09195494356504186,-0.13435182778184784,-0.09195494356504186,-0.09195494356504186,-0.15372065621317865,-0.15372065621317865,35.94,25–44，偏冷
2024-07-05,4810.79,0.010273274994907489,-0.01740199632760686,-0.06238318257917275,-0.10909811459820629,-0.07967095509110911,-0.08902960447654118,-0.14502659579194677,-0.15372065621317865,55.65,55–74，偏热
2024-07-08,4693.96,-0.0242849926935077,-0.04985375234046863,-0.08918637299435928,-0.14170099709082795,-0.10202113922234446,-0.10202113922234446,-0.16578961866628272,-0.16578961866628272,34.61,25–44，偏冷
2024-07-09,4797.06,0.021964396799291075,-0.022135700671674363,-0.077296823186354,-0.1062017309322626,-0.08229757520684866,-0.10202113922234446,-0.14746669083658104,-0.16578961866628272,54.75,45–54，中性
2024-07-10,4777.68,-0.004039974484371656,-0.018378387263130347,-0.08411451444082763,-0.11194218501390352,-0.08600506958725906,-0.10202113922234446,-0.15091090365267823,-0.16578961866628272,39.01,25–44，偏冷
2024-07-11,4893.59,0.024260729056780672,0.027661401928234186,-0.055335274041357074,-0.08338624814329898,-0.06383088622124444,-0.10202113922234446,-0.1303113831411291,-0.16578961866628272,61.13,55–74，偏热
2024-07-12,4878.02,-0.003181713220764215,0.013974835733840063,-0.058415449798770225,-0.07744477079003154,-0.06680950786742545,-0.10202113922234446,-0.13307848291133717,-0.16578961866628272,43.59,25–44，偏冷
2024-07-15,4827.6,-0.010336160983349774,0.028470630341971503,-0.0687446107905717,-0.04718295681967988,-0.07645511502223912,-0.10202113922234446,-0.1420391232718955,-0.16578961866628272,38.62,25–44，偏冷
2024-07-16,4836.72,0.0018891374596072819,0.008267563882878193,-0.07471041178439897,-0.08524698059181535,-0.07471041178439897,-0.10202113922234446,-0.1404183172407909,-0.16578961866628272,50.82,45–54，中性
2024-07-17,4795.62,-0.00849749416960266,0.003754960566634713,-0.07061447793503473,-0.09289313600871629,-0.07061447793503473,-0.09031606650400481,-0.14772260757833455,-0.16578961866628272,44.58,25–44，偏冷
2024-07-18,4812.43,0.003505281903069868,-0.016584961143046306,-0.048200801401859894,-0.08585230197610738,-0.048200801401859894,-0.07163171905841215,-0.14473513505828317,-0.16578961866628272,44.29,25–44，偏冷
2024-07-19,4821.42,0.0018680791201117763,-0.011603068458103993,-0.04626997644070707,-0.08094806026595092,-0.04626997644070707,-0.07148296945995614,-0.14313743262192036,-0.16578961866628272,51.66,45–54，中性
2024-07-22,4826.87,0.0011303723799211962,-0.0001512138536747809,-0.012461690174271345,-0.07503406196882978,-0.03198913841303719,-0.05864374556291341,-0.14216885884236774,-0.16578961866628272,47.52,45–54，中性
2024-07-23,4694.95,-0.027330340365495642,-0.02931118609305483,-0.03149180730298018,-0.11509703879478517,-0.058445204737705536,-0.05864374556291341,-0.16561367590632736,-0.16578961866628272,31.13,25–44，偏冷
2024-07-24,4631.01,-0.013618888380067862,-0.03432507162786036,-0.07126813439810042,-0.12852489372392484,-0.07126813439810042,-0.07126813439810042,-0.17697709012001428,-0.17697709012001428,26.06,25–44，偏冷
2024-07-25,4632.57,0.0003368595619528403,-0.03737405011605377,-0.047597803494590085,-0.14464155806748225,-0.062280248975254304,-0.06259602246849849,-0.17669984698311492,-0.17697709012001428,42.83,25–44，偏冷
2024-07-26,4702.08,0.015004630259229712,-0.024752044003633844,-0.03960588154796063,-0.15204959938541773,-0.048210110824351005,-0.06259602246849849,-0.1643465325947292,-0.17697709012001428,46.81,45–54，中性
2024-07-29,4685.65,-0.0034941983122362963,-0.02925705477876972,-0.05153585344871214,-0.14766536363355254,-0.05153585344871214,-0.06259602246849849,-0.16726647153015117,-0.17697709012001428,41.48,25–44，偏冷
2024-07-30,4702.49,0.0035939517462892923,0.0016059808943651444,-0.0414134722208066,-0.1612940622525345,-0.0414134722208066,-0.055984426120901265,-0.16427366741131333,-0.17697709012001428,44.96,25–44，偏冷
2024-07-31,4889.08,0.03967897858368663,0.055726504585392744,0.004509844610684377,-0.1308827555312213,-0.0009216137845631245,-0.05365794845910665,-0.13111290015870392,-0.17697709012001428,65.46,55–74，偏热
2024-08-01,4878.29,-0.0022069591825046864,0.053041832071614836,0.024448378473162835,-0.11891104023003041,-0.0031265390030632556,-0.05365794845910665,-0.13303049852225857,-0.17697709012001428,40.25,25–44，偏冷
2024-08-02,4809.89,-0.014021306646386233,0.022928150945964454,-0.00018707946096163663,-0.14518654375554252,-0.01710400748734564,-0.05365794845910665,-0.14518654375554252,-0.17697709012001428,28.99,25–44，偏冷
2024-08-05,4678.78,-0.027258419631218334,-0.0014661786518412878,-0.003233943195084854,-0.16064102127109936,-0.04389619890509844,-0.05365794845910665,-0.16402288458720904,-0.17255814950739523,19.03,0–24，极冷
2024-08-06,4749.95,0.015211230277978549,0.010092525449283185,-0.009820598449884033,-0.1396265034053037,-0.029352683816993297,-0.05365794845910665,-0.1513066441775449,-0.17255814950739523,48.71,45–54，中性
2024-08-07,4743.41,-0.0013768565984905168,-0.029794971651108226,-0.007172937492674336,-0.14559016369819588,-0.030689125979087017,-0.05365794845910665,-0.15247517322460413,-0.17255814950739523,39.45,25–44，偏冷
2024-08-08,4739.49,-0.0008264096926051678,-0.028452593019275274,-0.03149017388052544,-0.13784033049372135,-0.03149017388052544,-0.05365794845910665,-0.15317557595617481,-0.17255814950739523,37.26,25–44，偏冷
2024-08-09,4702.75,-0.0077518889163179505,-0.022274937680487605,-0.03593056199031586,-0.14323322311188835,-0.038111464733651346,-0.05063734876035775,-0.15974006482298742,-0.17255814950739523,30.83,25–44，偏冷
2024-08-12,4674.1,-0.006092180107383882,-0.0010002607517343165,-0.031796337724749324,-0.15982262103130718,-0.04397146293372156,-0.04397146293372156,-0.1648590796851045,-0.17255814950739523,30.91,25–44，偏冷
2024-08-13,4697.59,0.005025566419203598,-0.011023273929199218,-0.02876536165004384,-0.16066202352066716,-0.039166878022040885,-0.04397146293372156,-0.16066202352066716,-0.17255814950739523,46.74,45–54，中性
2024-08-14,4649.28,-0.010283996687663333,-0.019844373562479367,-0.030515345252542958,-0.16028565545790485,-0.04904808266585947,-0.04904808266585947,-0.16072827574255466,-0.1640263120841351,35.4,25–44，偏冷
2024-08-15,4691.85,0.0091562564526122,-0.01005171442496966,-0.02505594886574969,-0.1530436886018275,-0.04034092303664483,-0.04904808266585947,-0.1530436886018275,-0.1640263120841351,54.62,45–54，中性
2024-08-16,4655.65,-0.007715506676471029,-0.010015416511615638,-0.034381987049458496,-0.13988457033487167,-0.047745179052091635,-0.04904808266585947,-0.13988457033487167,-0.14443672614274994,31.1,25–44，偏冷
2024-08-19,4663.61,0.0017097505181875583,-0.002244282321730573,-0.03382316076463632,-0.1283151187545677,-0.04611706087852929,-0.04904808266585947,-0.1371067716139155,-0.14313864804556098,36.68,25–44，偏冷
2024-08-20,4579.3,-0.01807826983817251,-0.025180997064452204,-0.024632850190097755,-0.15270638823821092,-0.06336161404599638,-0.06336161404599638,-0.15270638823821092,-0.15270638823821092,27.94,25–44，偏冷
2024-08-21,4548.26,-0.006778328565501313,-0.021728095533071645,-0.01786867227667399,-0.14954478565004303,-0.06971045677305332,-0.06971045677305332,-0.15068503382687137,-0.15068503382687137,35.39,25–44，偏冷
2024-08-22,4491.84,-0.012404743792131523,-0.04262924006521951,-0.030378386079433106,-0.16059985984583036,-0.08125046020928273,-0.08125046020928273,-0.1612205683810719,-0.1612205683810719,29.14,25–44，偏冷
2024-08-23,4495.34,0.0007791907102656648,-0.03443343034807156,-0.04396777596297807,-0.15727649363552854,-0.0805345791028168,-0.08125046020928273,-0.1605669992399924,-0.1612205683810719,34.14,25–44，偏冷
2024-08-26,4512.89,0.0039040428532659543,-0.032318311351077655,-0.03687001803378387,-0.1572898168325798,-0.07694494669753815,-0.08125046020928273,-0.1572898168325798,-0.1612205683810719,42.82,25–44，偏冷
2024-08-27,4459.68,-0.011790670723195174,-0.026121896359705632,-0.05163434690982849,-0.1561020470724479,-0.08782838489040878,-0.08782838489040878,-0.16072198144046246,-0.16072198144046246,28.23,25–44，偏冷
2024-08-28,4470.55,0.0024373946112725697,-0.017085654733898226,-0.08560506271118484,-0.15867632972066592,-0.08560506271118484,-0.08782838489040878,-0.15867632972066592,-0.16072198144046246,39.0,25–44，偏冷
2024-08-29,4542.46,0.016085269150328152,0.01126932392961466,-0.06884174577567137,-0.1337944238180504,-0.06884174577567137,-0.0858108066556108,-0.1337944238180504,-0.14957981270344323,51.49,45–54，中性
2024-08-30,4629.32,0.01912179744015341,0.029804197235359098,-0.03754139907565468,-0.09775145345721103,-0.03754139907565468,-0.07281039691136393,-0.11438710603089586,-0.14684011669615948,66.45,55–74，偏热
2024-09-02,4532.51,-0.020912358618544347,0.004347546694025262,-0.03126242311029792,-0.12051404942962085,-0.04577732397183121,-0.06111011694859936,-0.13290736046678464,-0.14684011669615948,24.47,0–24，极冷
2024-09-03,4572.4,0.008800863097930156,0.025275356079359712,-0.0373793408351667,-0.12050964431074151,-0.0373793408351667,-0.06111011694859936,-0.12527619685302982,-0.14684011669615948,52.5,45–54，中性
2024-09-04,4550.77,-0.004730557256582779,0.01794410083770459,-0.040612133465165234,-0.12761336231850706,-0.040612133465165234,-0.05981561787827738,-0.1294141278875125,-0.14684011669615948,40.7,25–44，偏冷
2024-09-05,4586.78,0.00791294660024544,0.009756827798153456,-0.03222076636937732,-0.11456225966364497,-0.03222076636937732,-0.05903799775925245,-0.12252522837055824,-0.14684011669615948,52.93,45–54，中性
2024-09-06,4508.23,-0.01712530358988229,-0.02615718939282663,-0.041363032268353694,-0.12979452385318446,-0.041363032268353694,-0.051686779012280026,-0.137552250227175,-0.14684011669615948,34.64,25–44，偏冷
2024-09-09,4475.53,-0.0072534010021670925,-0.01257140083529884,-0.04248304486425203,-0.13665974147226945,-0.047271047494566454,-0.05064511802860616,-0.1438079295996939,-0.14684011669615948,36.56,25–44，偏冷
2024-09-10,4487.58,0.0026924185515457832,-0.01855043303298043,-0.0447059023882459,-0.14150270218566174,-0.0447059023882459,-0.05064511802860616,-0.14150270218566174,-0.14684011669615948,41.5,25–44，偏冷
2024-09-11,4486.01,-0.00034985448727364865,-0.014230558784557368,-0.0351172654690618,-0.13061653220258174,-0.04387182028410974,-0.0494836791457528,-0.13061653220258174,-0.1357192552698745,40.37,25–44，偏冷
2024-09-12,4468.74,-0.003849746210998317,-0.025734829226603417,-0.04755267112119965,-0.116175580581234,-0.04755267112119965,-0.0494836791457528,-0.116175580581234,-0.11796746134402925,44.54,25–44，偏冷
2024-09-13,4413.19,-0.01243079704793748,-0.021081444380610548,-0.05207865711554782,-0.12702237044861564,-0.05369659984432662,-0.05369659984432662,-0.12702237044861564,-0.12702237044861564,35.65,25–44，偏冷
2024-09-18,4399.13,-0.0031859040739237177,-0.01707060392847315,-0.05671143170205051,-0.09997381224195845,-0.05671143170205051,-0.05671143170205051,-0.1177708076801206,-0.1177708076801206,37.4,25–44，偏冷
2024-09-19,4482.27,0.018899191431033024,-0.0011832658136455843,-0.0211888279868101,-0.075364973667436,-0.03176492443814627,-0.04972436556556892,-0.1010973892884216,-0.1177708076801206,66.52,55–74，偏热
2024-09-20,4463.36,-0.004218844469431993,-0.005049030207244454,-0.01866647904913099,-0.1048897195961801,-0.035849757631790435,-0.04972436556556892,-0.1048897195961801,-0.1177708076801206,43.77,25–44，偏冷
2024-09-23,4469.13,0.0012927480642386247,8.727292256893726e-05,-0.005055834580038443,-0.08119915544325862,-0.03460335427233363,-0.04972436556556892,-0.0953635949597692,-0.10953291837457613,48.48,45–54，中性
2024-09-24,4642.56,0.03880621060474865,0.051973742349638474,0.032749469450586766,-0.0517627691233028,0.0,-0.04972436556556892,-0.06025808410505529,-0.10953291837457613,73.46,55–74，偏热
2024-09-25,4686.26,0.009412910118555162,0.06526972378629403,0.038416624380385844,-0.05141237791609732,0.0,-0.04972436556556892,-0.05141237791609732,-0.10953291837457613,72.95,55–74，偏热
2024-09-26,4874.13,0.04008953835254547,0.08742445234222829,0.09293267678398442,-0.006425244361093707,0.0,-0.04972436556556892,-0.006425244361093707,-0.10325237226463357,81.86,75–100，极热
2024-09-27,5136.44,0.05381678371319598,0.15080119013478632,0.14895035286485991,0.05533240328489253,0.0,-0.04972436556556892,0.0,-0.10104238401664223,90.25,75–100，极热
2024-09-30,5708.83,0.11143710429791853,0.27739179661365854,0.2567705604452213,0.1988630517002774,0.0,-0.04972436556556892,0.0,-0.10104238401664223,99.87,75–100，极热
2024-10-08,6201.99,0.08638547653372064,0.33589872828784095,0.3397194404361763,0.28918327343326156,0.0,-0.04972436556556892,0.0,-0.10104238401664223,99.82,75–100，极热
2024-10-09,5727.38,-0.07652543780302767,0.2221643698813125,0.2636221431392318,0.2201595241544454,-0.07652543780302767,-0.07652543780302767,-0.07652543780302767,-0.10104238401664223,54.11,45–54，中性
2024-10-10,5654.53,-0.012719603029657578,0.16011062487048955,0.23666564605021434,0.1787490671369545,-0.08827166764215999,-0.08827166764215999,-0.08827166764215999,-0.10104238401664223,64.29,55–74，偏热
2024-10-11,5416.76,-0.04204947183939245,0.05457476384421911,0.19029526871276725,0.1337636677215719,-0.12660936247881727,-0.12660936247881727,-0.12660936247881727,-0.12660936247881727,52.97,45–54，中性
2024-10-14,5615.76,0.03673782851741625,-0.016302815112728797,0.2243360265807386,0.14757468443412702,-0.09452288700884715,-0.12660936247881727,-0.09452288700884715,-0.12660936247881727,96.88,75–100，极热
2024-10-15,5507.18,-0.019334871860620773,-0.11203017096125589,0.22158363703715223,0.12897856097350968,-0.11203017096125589,-0.12660936247881727,-0.11203017096125589,-0.12660936247881727,57.93,55–74，偏热
2024-10-16,5524.25,0.003099589989794982,-0.0354664785643698,0.23432308575744099,0.14430565912668802,-0.10927782856792734,-0.12660936247881727,-0.10927782856792734,-0.12660936247881727,66.46,55–74，偏热
2024-10-17,5505.61,-0.0033742136941666834,-0.02633640638567658,0.22685500871293662,0.13829413321424422,-0.1122833155164713,-0.12660936247881727,-0.1122833155164713,-0.12660936247881727,61.79,55–74，偏热
2024-10-18,5749.43,0.04428573763851795,0.06141494177331097,0.2816355737058098,0.1988919055304632,-0.07297012733009878,-0.12660936247881727,-0.07297012733009878,-0.12660936247881727,97.59,75–100，极热
2024-10-21,5860.57,0.01933061190413654,0.0435933871817884,0.31145915851000505,0.21779849265339957,-0.0550500726379759,-0.12660936247881727,-0.0550500726379759,-0.12660936247881727,94.58,75–100，极热
2024-10-22,5888.81,0.004818643920301291,0.06929680889311762,0.33436584420793136,0.2213849861659014,-0.05049669541550361,-0.12660936247881727,-0.05049669541550361,-0.12660936247881727,86.32,75–100，极热
2024-10-23,5903.58,0.002508146807249645,0.0686663347965788,0.34198807491481276,0.22306587913078246,-0.048115201733637036,-0.12660936247881727,-0.048115201733637036,-0.12660936247881727,90.13,75–100，极热
2024-10-24,5861.63,-0.007105857801537385,0.06466495084105128,0.30773692794053,0.2484967891031855,-0.054879159753562945,-0.12660936247881727,-0.054879159753562945,-0.12660936247881727,65.61,55–74，偏热
2024-10-25,5974.91,0.019325682446691417,0.039217800721114804,0.33865742400344145,0.29019587519785084,-0.03661405452121014,-0.12660936247881727,-0.03661405452121014,-0.12660936247881727,95.67,75–100，极热
2024-10-28,6082.09,0.01793834551482787,0.03779837114819906,0.3609114078131539,0.3128975924810635,-0.019332504567082465,-0.12660936247881727,-0.019332504567082465,-0.12660936247881727,96.34,75–100，极热
2024-10-29,5983.84,-0.016153986540810794,0.016137385991397135,0.2889095671353734,0.2725942561589765,-0.035174194089316435,-0.12660936247881727,-0.035174194089316435,-0.12660936247881727,61.36,55–74，偏热
2024-10-30,6019.35,0.005934316425572961,0.019610134867317885,0.28446778454460486,0.28463500261436536,-0.029448612461484003,-0.12660936247881727,-0.029448612461484003,-0.12660936247881727,64.52,55–74，偏热
2024-10-31,6116.66,0.01616619734688962,0.043508375656600595,0.2549234427477314,0.30072791223373163,-0.013758487195238978,-0.12660936247881727,-0.013758487195238978,-0.12660936247881727,81.2,75–100，极热
2024-11-01,5930.23,-0.0304790522932451,-0.007477936906162608,0.15454088824166146,0.2129541754276878,-0.0438181938377844,-0.12660936247881727,-0.0438181938377844,-0.12660936247881727,37.99,25–44，偏冷
2024-11-04,6053.11,0.0207209501149197,-0.004764809465167441,0.06030657770506376,0.24082619114484793,-0.024005198331503275,-0.12660936247881727,-0.024005198331503275,-0.12660936247881727,81.28,75–100，极热
2024-11-05,6266.54,0.03525956078776038,0.047243910264980205,0.010407949706465303,0.30284476360166224,0.0,-0.12660936247881727,0.0,-0.12660936247881727,95.91,75–100，极热
2024-11-06,6293.19,0.004252745534218283,0.04549328415858844,0.0987903718628762,0.34504935047170404,0.0,-0.05423422227964614,0.0,-0.12660936247881727,68.23,55–74，偏热
2024-11-07,6403.92,0.01759521006039866,0.04696353892483818,0.13252914035295604,0.34820787587237767,0.0,-0.04204947183939245,0.0,-0.12660936247881727,77.03,75–100，极热
2024-11-08,6423.12,0.0029981636247797816,0.08311482016717742,0.18578633722003546,0.3541144450932978,0.0,-0.0304790522932451,0.0,-0.12660936247881727,65.85,55–74，偏热
2024-11-11,6579.01,0.02427013663141908,0.08688095871378532,0.17152620482356795,0.38812614859404704,0.0,-0.0304790522932451,0.0,-0.12660936247881727,94.63,75–100，极热
2024-11-12,6491.97,-0.013229954050837378,0.03597359946637213,0.1788192868219307,0.3804624953484663,-0.013229954050837378,-0.0304790522932451,-0.013229954050837378,-0.12660936247881727,61.1,55–74，偏热
2024-11-13,6474.39,-0.0027079607576744325,0.02879302865478417,0.17199438837851289,0.3851629190646326,-0.015902088612116394,-0.0304790522932451,-0.015902088612116394,-0.12660936247881727,85.86,75–100，极热
2024-11-14,6272.19,-0.03123074142892235,-0.020570213244387903,0.13923616093402913,0.3351931522333791,-0.046636196023413956,-0.046636196023413956,-0.046636196023413956,-0.12660936247881727,53.07,45–54，中性
2024-11-15,6125.51,-0.02338577115808027,-0.046334180273761016,0.06541170168173194,0.3175179812788218,-0.06893134377360732,-0.06893134377360732,-0.06893134377360732,-0.12660936247881727,52.03,45–54，中性
2024-11-18,5974.56,-0.024642846065062285,-0.09187552534499865,0.019450326504077298,0.27339109306563514,-0.09187552534499865,-0.09187552534499865,-0.09187552534499865,-0.12660936247881727,43.59,25–44，偏冷
2024-11-19,6130.28,0.026063844032029104,-0.055713442914862576,0.04100488893341758,0.3167398752053956,-0.06820631067592242,-0.09187552534499865,-0.06820631067592242,-0.12660936247881727,77.45,75–100，极热
2024-11-20,6250.8,0.01965978715490979,-0.03453452757711539,0.05881515961501327,0.3403350623229646,-0.04988744507152287,-0.09187552534499865,-0.04988744507152287,-0.12660936247881727,83.53,75–100，极热
2024-11-21,6262.16,0.001817367376975687,-0.0015991224755627087,0.0683308226551318,0.3674928482519162,-0.04816074150974092,-0.09187552534499865,-0.04816074150974092,-0.12660936247881727,70.64,55–74，偏热
2024-11-22,6030.49,-0.036995222095890234,-0.015512177761525248,0.009302232167513802,0.32588946102465544,-0.08337424627717549,-0.09187552534499865,-0.08337424627717549,-0.12660936247881727,35.57,25–44，偏冷
2024-11-25,6052.13,0.0035884314541605455,0.012983382876730731,-0.004925938287660969,0.3473609923772887,-0.08008499759082299,-0.09187552534499865,-0.08008499759082299,-0.12660936247881727,57.08,55–74，偏热
2024-11-26,5981.57,-0.011658705282272641,-0.02425827205282627,-0.00037935506296971067,0.3306157042626363,-0.09081001548865264,-0.09187552534499865,-0.09081001548865264,-0.12660936247881727,42.58,25–44，偏冷
2024-11-27,6118.66,0.022918732038578415,-0.02113969411915284,0.01649845913595316,0.355818555293836,-0.06997253386147773,-0.09187552534499865,-0.06997253386147773,-0.12660936247881727,65.51,55–74，偏热
2024-11-28,6086.09,-0.00532306093164181,-0.028116496544323355,-0.00499782561070905,0.36469208553080046,-0.07492312673183354,-0.09187552534499865,-0.07492312673183354,-0.12660936247881727,52.76,45–54，中性
2024-11-29,6189.13,0.016930410164818444,0.026306320050277998,0.043657665891542186,0.38442249835031483,-0.059261195833415714,-0.09187552534499865,-0.059261195833415714,-0.12660936247881727,77.21,75–100，极热
2024-12-02,6313.61,0.020112681426953216,0.0432046238266528,0.043035728741093404,0.3899098726240846,-0.040340415959240095,-0.09187552534499865,-0.040340415959240095,-0.12660936247881727,84.14,75–100，极热
2024-12-03,6303.28,-0.0016361479407185353,0.05378353843556116,0.005862884462558338,0.36159954377748793,-0.04191056101145929,-0.09187552534499865,-0.04191056101145929,-0.12660936247881727,58.37,55–74，偏热
2024-12-04,6204.94,-0.01560140117526121,0.014101126717287693,-0.014023094805655001,0.36898539661247276,-0.05685809871090042,-0.09187552534499865,-0.05685809871090042,-0.12660936247881727,43.54,25–44，偏冷
2024-12-05,6285.6,0.012999319896727535,0.032781309510703904,-0.01847618333770562,0.37468287988802396,-0.044597895428035494,-0.09187552534499865,-0.044597895428035494,-0.12660936247881727,63.12,55–74，偏热
2024-12-06,6349.62,0.010185185185185075,0.025930946675865485,-0.011443037028733727,0.39528475400866214,-0.03486694806665447,-0.09187552534499865,-0.03486694806665447,-0.12660936247881727,72.03,55–74，偏热
2024-12-09,6303.27,-0.007299649427839672,-0.0016377318206223235,-0.04191208099698884,0.37422549152128526,-0.04191208099698884,-0.09187552534499865,-0.04191208099698884,-0.12660936247881727,42.43,25–44，偏冷
2024-12-10,6362.02,0.009320559011433804,0.009318957748981616,-0.020017036431160262,0.4112012918595549,-0.020017036431160262,-0.07969999861367194,-0.032982166009779545,-0.12660936247881727,69.74,55–74，偏热
2024-12-11,6447.37,0.013415550406946197,0.03907048255099976,-0.004173366139512802,0.44058245615603076,-0.004173366139512802,-0.07720109539277054,-0.020009089513467915,-0.12660936247881727,68.47,55–74，偏热
2024-12-12,6490.15,0.006635263681159964,0.032542637138856856,0.034750222808939135,0.446247197821543,0.0,-0.04745232526438126,-0.013506591417249747,-0.12660936247881727,70.62,55–74，偏热
2024-12-13,6354.99,-0.02082540465166438,0.0008457199013485184,0.03746300308055983,0.41662412700818763,-0.02082540465166438,-0.044807223066801294,-0.03405071583718533,-0.12660936247881727,38.17,25–44，偏冷
2024-12-16,6277.52,-0.012190420441259397,-0.0040851811837347984,0.05070833668086028,0.40476286380501003,-0.032761954654360714,-0.044807223066801294,-0.04582604373606358,-0.12660936247881727,47.34,45–54，中性
2024-12-17,6143.94,-0.02127910384992815,-0.03427842100464962,0.0022282832105549044,0.3921766341353987,-0.05334391346887202,-0.05334391346887202,-0.06613001044230071,-0.12660936247881727,39.01,25–44，偏冷
2024-12-18,6195.87,0.008452230978818198,-0.03900815371228894,-0.008787675177577281,0.4084307578998574,-0.04534255756800687,-0.05334391346887202,-0.058236725586372495,-0.12660936247881727,57.82,55–74，偏热
2024-12-19,6207.19,0.0018270234849988576,-0.04359837600055472,-0.008778121287223661,0.3848317928192633,-0.04359837600055472,-0.05334391346887202,-0.05651610196670942,-0.12660936247881727,52.12,45–54，中性
2024-12-20,6271.75,0.010400841604655264,-0.013098368368793634,0.04000669928977585,0.4051633746773733,-0.033650994198901385,-0.05334391346887202,-0.04670307538672236,-0.12660936247881727,54.71,45–54，中性
2024-12-23,6096.38,-0.027961892613704298,-0.028855344148644768,0.007311475464010231,0.36410889815243674,-0.06067194132647158,-0.06067194132647158,-0.07335906162173333,-0.12660936247881727,42.19,25–44，偏冷
2024-12-24,6164.36,0.011150879702380712,0.0033236001653662584,0.030558866652066197,0.32779328646264116,-0.05019760714313226,-0.06067194132647158,-0.06302619999057613,-0.12660936247881727,62.64,55–74，偏热
2024-12-25,6094.69,-0.011302065421227803,-0.01633023288093527,-0.0039175244252827035,0.3005445707237753,-0.06093233592443936,-0.06093233592443936,-0.07361593917625908,-0.12660936247881727,45.74,45–54，中性
2024-12-26,6160.45,0.010789720231874078,-0.007529977332738302,0.01221802503742131,0.26390761017863684,-0.05080005855026459,-0.06093233592443936,-0.06362051433270366,-0.12660936247881727,66.02,55–74，偏热
2024-12-27,6171.57,0.0018050629418304709,-0.01597321321800138,-0.0028372323735323945,0.20152673836353596,-0.04908669291156598,-0.06093233592443936,-0.06193029042363529,-0.12660936247881727,54.92,45–54，中性
2024-12-30,6145.93,-0.004154534421549005,0.008127774187304704,-0.02655849822843026,0.07656560100756193,-0.053037294977773874,-0.06093233592443936,-0.06582753332188274,-0.12660936247881727,44.24,25–44，偏冷
2024-12-31,5957.72,-0.03062351832838972,-0.0335217281274941,-0.054822251272353406,-0.0393857455429627,-0.08203662473132356,-0.08203662473132356,-0.09443518097707704,-0.12660936247881727,34.25,25–44，偏冷
2025-01-02,5797.09,-0.026961656472610396,-0.048829390830378516,-0.06572988618745701,0.012171359330095166,-0.1067864379097555,-0.1067864379097555,-0.11885070854125468,-0.11885070854125468,30.72,25–44，偏冷
2025-01-03,5625.21,-0.029649358557483185,-0.08688326339796604,-0.10506395570828564,-0.0051852231750472155,-0.13326964708057587,-0.13326964708057587,-0.1449762198263873,-0.1449762198263873,21.13,0–24，极冷
2025-01-06,5608.03,-0.0030541082021827703,-0.09131225927924336,-0.11679281594804103,0.03531077618354872,-0.13591673536050786,-0.13591673536050786,-0.1475875549664768,-0.1475875549664768,28.57,25–44，偏冷
2025-01-07,5692.04,0.014980305026899066,-0.0738521265292641,-0.09697030271589202,0.013583201561320202,-0.12297250448756958,-0.13591673536050786,-0.1348181565311498,-0.1475875549664768,44.26,25–44，偏冷
2025-01-08,5661.78,-0.005316195950836655,-0.049673364978548906,-0.11006567096613984,0.02807244360997818,-0.12763495450798512,-0.13591673536050786,-0.13941763274413632,-0.1475875549664768,35.03,25–44，偏冷
2025-01-09,5672.78,0.0019428518946338347,-0.02144351735094685,-0.1201404603737648,0.02688690772503044,-0.12594007842653865,-0.13591673536050786,-0.1377456486614248,-0.1475875549664768,40.59,25–44，偏冷
2025-01-10,5544.92,-0.022539213577822403,-0.014273244909967842,-0.1456407016786977,0.007139989937536617,-0.1456407016786977,-0.1456407016786977,-0.1571801836446517,-0.1571801836446517,22.68,0–24，极冷
2025-01-13,5559.47,0.0026240234304553134,-0.008659012166482571,-0.1251803700713926,-0.03303979698857107,-0.1251803700713926,-0.12746990947271353,-0.1549686046988833,-0.1571801836446517,31.36,25–44，偏冷
2025-01-14,5811.05,0.0452525150778762,0.020908145410081458,-0.07430800698364959,-0.008449690047213743,-0.07430800698364959,-0.11670213714970246,-0.11672880874174074,-0.1571801836446517,53.04,45–54，中性
2025-01-15,5775.57,-0.0061056091412051705,0.020097919735489578,-0.05995664020156444,-0.019229691567566376,-0.07911348507194971,-0.11588950452425562,-0.12212171740125044,-0.1571801836446517,34.79,25–44，偏冷
2025-01-16,5801.31,0.00445670297477152,0.022657321454383927,-0.06368112952660399,-0.017323386826298526,-0.07500936740144293,-0.11588950452425562,-0.11820927464770536,-0.1571801836446517,45.97,45–54，中性
2025-01-17,5841.57,0.006939811870077417,0.05349941928828539,-0.05890265965759067,-0.003422256266601642,-0.06859010642962493,-0.11588950452425562,-0.11208981290498121,-0.1571801836446517,40.32,25–44，偏冷
2025-01-20,5879.15,0.006433202033015117,0.05750188417241198,-0.06259815840873761,-0.01602701965385256,-0.06259815840873761,-0.11588950452425562,-0.10637770728422669,-0.1571801836446517,45.45,45–54，中性
2025-01-21,5908.02,0.004910573807438201,0.016687173574483127,-0.030897024135634554,-0.02862009605250826,-0.042703882480470856,-0.1015381823425805,-0.1019895090598737,-0.1571801836446517,40.33,25–44，偏冷
2025-01-22,5855.74,-0.008848988324345664,0.013880881021267166,-0.05006521358259408,-0.021407657958768977,-0.0511749846473426,-0.1015381823425805,-0.10993599340934279,-0.1571801836446517,33.15,25–44，偏冷
2025-01-23,5829.03,-0.004561336398132387,0.004778231123659937,-0.04358876333332784,-0.031618031847292616,-0.05550289472532921,-0.1015381823425805,-0.11399587475927231,-0.1571801836446517,36.66,25–44，偏冷
2025-01-24,5938.13,0.018716664693782636,0.01652980277562377,-0.036088272772281216,-0.029187497752041103,-0.03782505910165479,-0.1015381823425805,-0.09741283262983336,-0.1571801836446517,45.92,45–54，中性
2025-01-27,5846.07,-0.015503197134451474,-0.005626663718394709,-0.052741846888231025,-0.014191692396416267,-0.052741846888231025,-0.1015381823425805,-0.11140581941659922,-0.1571801836446517,29.79,25–44，偏冷
2025-02-05,5881.44,0.00605021835181585,-0.00449896919780246,-0.04303498412770734,-0.028360627842547115,-0.04303498412770734,-0.09778991950770677,-0.10602963059791681,-0.1571801836446517,41.88,25–44，偏冷
2025-02-06,6041.83,0.027270532386626467,0.03177907489062015,0.014117816882968537,-0.03585870352698617,0.0,-0.06928825121019455,-0.08165058268645287,-0.1571801836446517,63.13,55–74，偏热
2025-02-07,6134.05,0.01526358735681077,0.052327745782746016,0.058125714798286765,-0.025287652208180522,0.0,-0.04349941091133658,-0.06763327613121128,-0.1571801836446517,72.22,55–74，偏热
2025-02-10,6210.55,0.012471368834619856,0.04587639543088473,0.10405655966621685,-0.030195567714774718,0.0,-0.02584662089514478,-0.05600538682871736,-0.1571801836446517,75.28,75–100，极热
2025-02-11,6190.17,-0.0032815129094846407,0.058860054703416154,0.10380472287059805,-0.0362674214400478,-0.0032815129094846407,-0.02584662089514478,-0.059103117338322964,-0.1571801836446517,62.81,55–74，偏热
2025-02-12,6284.61,0.015256446915028032,0.0685495388884354,0.10410503088523626,-0.044748373995479596,0.0,-0.02584662089514478,-0.044748373995479596,-0.1571801836446517,73.33,55–74，偏热
2025-02-13,6212.5,-0.011474061238485711,0.028248063914410038,0.09726976321934089,-0.04304856615172281,-0.011474061238485711,-0.022539213577822403,-0.04304856615172281,-0.14588021817722507,55.11,55–74，偏热
2025-02-14,6248.83,0.00584788732394359,0.018711943984806023,0.10154633178089045,-0.03483880334672462,-0.005693272931812765,-0.022539213577822403,-0.03718249963406084,-0.1456407016786977,69.21,55–74，偏热
2025-02-17,6281.57,0.005239380812088079,0.011435380119312999,0.13285133058727627,0.0014954904108452904,-0.0004837213446816646,-0.015503197134451474,-0.03213793209710103,-0.1456407016786977,79.89,75–100，极热
2025-02-18,6142.14,-0.022196680129330626,-0.007759076083532435,0.10480675316172228,0.002714875985836196,-0.022669664466052675,-0.022669664466052675,-0.05362125682765406,-0.1456407016786977,46.92,45–54，中性
2025-02-19,6288.53,0.023833712679945274,0.0006237459444580207,0.08216759449669153,0.052551150210224495,0.0,-0.022669664466052675,-0.031065537776476693,-0.1456407016786977,77.95,75–100，极热
2025-02-20,6334.41,0.00729582271214424,0.019623340040241466,0.0967592809021447,0.0332986421501138,0.0,-0.022669664466052675,-0.023996363720407032,-0.1456407016786977,75.43,75–100，极热
2025-02-21,6449.23,0.018126392197536978,0.03207000350465594,0.11168511939544667,0.03174473667370559,0.0,-0.022669664466052675,-0.006304939022981015,-0.1456407016786977,79.06,75–100，极热
2025-02-24,6464.02,0.002293297029257957,0.029045286449088437,0.10655525826104983,0.032234883810059234,0.0,-0.022669664466052675,-0.004026101091654133,-0.1456407016786977,67.02,55–74，偏热
2025-02-25,6435.43,-0.0044229442359399185,0.0477504583093189,0.09461912011090057,0.06714877232198391,-0.0044229442359399185,-0.022669664466052675,-0.008431238106977434,-0.1456407016786977,58.48,55–74，偏热
2025-02-26,6524.41,0.013826581906725588,0.03750956105798964,0.10433106184474661,0.0780353363196098,0.0,-0.022669664466052675,0.0,-0.1456407016786977,80.34,75–100，极热
2025-02-27,6499.53,-0.003813371630538298,0.026067147532288004,0.10994169823113742,0.086592650424554,-0.003813371630538298,-0.022669664466052675,-0.003813371630538298,-0.1456407016786977,57.41,55–74，偏热
2025-02-28,6270.42,-0.03525024117128461,-0.027725790520728766,0.07572271887432391,0.024802816302916142,-0.0389291905321707,-0.0389291905321707,-0.0389291905321707,-0.1456407016786977,45.11,45–54，中性
2025-03-03,6273.67,0.0005183065887133242,-0.029447619283356263,0.05650600441553144,0.030821101889719094,-0.03843106119940343,-0.0389291905321707,-0.03843106119940343,-0.1456407016786977,60.7,55–74，偏热
2025-03-04,6357.63,0.013382916219692786,-0.012089324256498779,0.08750493921557556,0.027225151192493913,-0.025562464651976202,-0.0389291905321707,-0.025562464651976202,-0.1456407016786977,67.1,55–74，偏热
2025-03-05,6398.24,0.0063876004108449624,-0.019338147050844468,0.08786963736771947,0.013404375626622445,-0.019338147050844468,-0.0389291905321707,-0.019338147050844468,-0.1456407016786977,60.46,55–74，偏热
2025-03-06,6534.97,0.021369939233289337,0.005452701964603568,0.08162096583319967,0.03675705347057412,0.0,-0.0389291905321707,0.0,-0.1456407016786977,76.63,75–100，极热
2025-03-07,6507.76,-0.004163752855789737,0.03785073408160855,0.06092385944033718,0.04880305047268796,-0.004163752855789737,-0.0389291905321707,-0.004163752855789737,-0.1456407016786977,50.71,45–54，中性
2025-03-10,6520.97,0.0020298843227162244,0.03941871344842807,0.04998269074397599,0.0374459081074201,-0.0021423204697190723,-0.0389291905321707,-0.0021423204697190723,-0.1456407016786977,62.95,55–74，偏热
2025-03-11,6551.73,0.004717089635437599,0.0305302447610194,0.05840873513974576,0.031830251259130415,0.0,-0.0389291905321707,0.0,-0.1456407016786977,62.97,55–74，偏热
2025-03-12,6566.97,0.002326103181907735,0.026371314611518315,0.04492880226457974,0.04183542827770337,0.0,-0.0389291905321707,0.0,-0.1456407016786977,62.98,55–74，偏热
2025-03-13,6466.85,-0.01524599625093459,-0.010423919314090146,0.040941649899396415,0.016477470991917542,-0.01524599625093459,-0.0389291905321707,-0.01524599625093459,-0.1456407016786977,49.48,45–54，中性
2025-03-14,6571.17,0.01613150142650599,0.009743752074446554,0.05158405653538334,0.019201627950621747,0.0,-0.0389291905321707,0.0,-0.1456407016786977,73.45,55–74，偏热
2025-03-17,6589.57,0.0028001101782482163,0.010519907314402444,0.04903232790528489,0.015318598183400978,0.0,-0.0389291905321707,0.0,-0.1456407016786977,65.45,55–74，偏热
2025-03-18,6611.93,0.003393241137130465,0.009188412831420134,0.07648637119961443,0.04043122019074774,0.0,-0.0389291905321707,0.0,-0.12746990947271353,66.06,55–74，偏热
2025-03-19,6564.68,-0.00714617365882575,-0.0003487148563188214,0.043913283390554,0.04574417923001439,-0.00714617365882575,-0.0389291905321707,-0.00714617365882575,-0.11670213714970246,52.85,45–54，中性
2025-03-20,6535.06,-0.00451202495780445,0.010547639113324125,0.03167619399438948,0.06365947584123566,-0.011625954902728886,-0.0389291905321707,-0.011625954902728886,-0.11588950452425562,55.09,55–74，偏热
2025-03-21,6405.61,-0.019808540395956697,-0.025194904408195273,-0.006763598134971183,0.03385158177947556,-0.031204202101353218,-0.0389291905321707,-0.031204202101353218,-0.11588950452425562,41.58,25–44，偏冷
2025-03-24,6360.34,-0.00706724262014069,-0.034786791854400145,-0.016039554333062145,0.02467300018204699,-0.03805091705447583,-0.0389291905321707,-0.03805091705447583,-0.11588950452425562,41.78,25–44，偏冷
2025-03-25,6310.76,-0.007795180760776899,-0.04554948403869974,-0.01937244286706563,0.006219954558137619,-0.04554948403869974,-0.04554948403869974,-0.04554948403869974,-0.11588950452425562,46.6,45–54，中性
2025-03-26,6334.91,0.0038267974063346255,-0.03500094444816815,-0.02904477186442911,0.03912649802013646,-0.04189699527974444,-0.04554948403869974,-0.04189699527974444,-0.1015381823425805,56.78,55–74，偏热
2025-03-27,6328.77,-0.0009692323963559346,-0.031566657383405805,-0.026272668946831446,0.02667105749826426,-0.04282561975096533,-0.04554948403869974,-0.04282561975096533,-0.1015381823425805,45.23,45–54，中性
2025-03-28,6268.32,-0.009551619034978476,-0.021432775332872245,-0.00033490579578410173,0.028488733635344987,-0.05196818478114573,-0.05196818478114573,-0.05196818478114573,-0.1015381823425805,39.67,25–44，偏冷
2025-03-31,6226.65,-0.006647714220078149,-0.021019316577415736,-0.007494815634230156,0.01074596823284013,-0.0582704293602625,-0.0582704293602625,-0.0582704293602625,-0.1015381823425805,37.8,25–44，偏冷
2025-04-01,6259.48,0.005272498052725005,-0.008125804182063767,-0.015438142829954038,0.014244349492916752,-0.053305162032870945,-0.0582704293602625,-0.053305162032870945,-0.1015381823425805,49.17,45–54，中性
2025-04-02,6277.25,0.0028388939656329715,-0.009101944621154767,-0.01890988771912272,0.021366985956559725,-0.05061759577007019,-0.0582704293602625,-0.05061759577007019,-0.09778991950770677,43.53,25–44，偏冷
2025-04-03,6203.26,-0.011787008642319408,-0.0198316576522769,-0.050759223072179394,0.04121375291218787,-0.06180797437359442,-0.06180797437359442,-0.06180797437359442,-0.06928825121019455,37.6,25–44，偏冷
2025-04-07,5496.44,-0.11394331367700217,-0.12313985246445625,-0.15540216602947876,-0.051862227427899255,-0.168708682638806,-0.168708682638806,-0.168708682638806,-0.168708682638806,9.04,0–24，极冷
2025-04-08,5530.02,0.006109408999279697,-0.11187877911878763,-0.151963588239173,-0.01692203491069655,-0.16362998398349649,-0.168708682638806,-0.16362998398349649,-0.168708682638806,30.76,25–44，偏冷
2025-04-09,5652.33,0.02211746069634457,-0.09699687513978794,-0.13727671927872476,0.007899387128813551,-0.1451316030266504,-0.168708682638806,-0.1451316030266504,-0.168708682638806,43.56,25–44，偏冷
2025-04-10,5784.59,0.02339919997593909,-0.07848341232227485,-0.11913865907716958,0.016259548422006942,-0.12512836645276038,-0.168708682638806,-0.12512836645276038,-0.168708682638806,45.96,45–54，中性
2025-04-11,5862.19,0.01341495248582869,-0.0549823802323296,-0.0935014728963871,0.03539699529123341,-0.11339200505752489,-0.168708682638806,-0.11339200505752489,-0.168708682638806,30.23,25–44，偏冷
2025-04-14,5938.53,0.013022437007329968,0.0804320614797942,-0.09627509256342481,0.04684651969581055,-0.10184620829319135,-0.168708682638806,-0.10184620829319135,-0.168708682638806,40.02,25–44，偏冷
2025-04-15,5914.03,-0.004125600106423599,0.06944097851364006,-0.10251655267339144,0.06656723631720562,-0.10555163167184178,-0.168708682638806,-0.10555163167184178,-0.168708682638806,28.51,25–44，偏冷
2025-04-16,5835.35,-0.013303956861902888,0.03237956736425507,-0.117451334179279,0.04962343532746827,-0.117451334179279,-0.168708682638806,-0.117451334179279,-0.168708682638806,21.91,0–24，极冷
2025-04-17,5839.56,0.0007214648650037958,0.00950283425445897,-0.11045778316688704,0.0049061701413686265,-0.11045778316688704,-0.16272537275236576,-0.11681460632523333,-0.168708682638806,32.95,25–44，偏冷
2025-04-18,5831.69,-0.001347704279089701,-0.005202833753256031,-0.10763022833761293,0.009716789857970642,-0.10763022833761293,-0.15893044593316674,-0.11800487905951829,-0.168708682638806,25.76,25–44，偏冷
2025-04-21,5952.64,0.020740128504773248,0.002376008877617908,-0.0707145767538141,0.026085487588148215,-0.0707145767538141,-0.14193339900493473,-0.09971218691062966,-0.168708682638806,40.01,25–44，偏冷
2025-04-22,5949.31,-0.0005594156542306772,0.005965475318860491,-0.06462390375357285,0.018443671821102958,-0.06462390375357285,-0.13582607219110931,-0.10021582200658508,-0.168708682638806,30.7,25–44，偏冷
2025-04-23,5984.58,0.00592841858971882,0.025573444609149343,-0.05168632621110614,0.01793286444469011,-0.05530149599599676,-0.13235705006069542,-0.09488152475903411,-0.168708682638806,34.24,25–44，偏冷
2025-04-24,5920.48,-0.010710860244160902,0.013857208419812306,-0.06542002964525151,0.0021089975998724864,-0.06542002964525151,-0.13235705006069542,-0.10457612225174806,-0.168708682638806,25.47,25–44，偏冷
2025-04-25,5939.5,0.0032125773585927053,0.018486922315829712,-0.061508002344847434,0.014303913766663179,-0.061508002344847434,-0.1315152865406708,-0.10169950377575088,-0.168708682638806,31.44,25–44，偏冷
2025-04-28,5877.06,-0.010512669416617548,-0.012696887431459025,-0.06241863848686724,0.00823979289864707,-0.06375243936437125,-0.12438727149627626,-0.11114303992933983,-0.168708682638806,21.58,0–24，极冷
2025-04-29,5903.38,0.004478429691035846,-0.007720223017459227,-0.051917162519171556,-0.00585201064981733,-0.05955952049066071,-0.12438727149627626,-0.10716235652827544,-0.168708682638806,28.55,25–44，偏冷
2025-04-30,5950.12,0.00791749811125153,-0.005758131731884331,-0.049422635746100285,0.01779828158061747,-0.05211358477040107,-0.12438727149627626,-0.10009331617243378,-0.168708682638806,35.81,25–44，偏冷
2025-05-06,6102.92,0.025680154349828177,0.030815069048455657,-0.027771715321199597,0.03765744443537655,-0.027771715321199597,-0.12438727149627626,-0.07698357363129982,-0.168708682638806,50.0,45–54，中性
2025-05-07,6111.49,0.0014042458364191823,0.028956982911019447,-0.01479383420975433,0.011529619337187658,-0.01479383420975433,-0.11394331367700217,-0.07568743165762504,-0.168708682638806,66.71,55–74，偏热
2025-05-08,6158.08,0.007623345534395032,0.04781642521941243,0.12037609798342208,0.003917477033933414,0.0,-0.017990984300828683,-0.06864107756736693,-0.168708682638806,64.46,55–74，偏热
2025-05-09,6082.08,-0.01234150904177922,0.030270794019697123,0.09982965703559832,-0.02068576857122162,-0.01234150904177922,-0.017990984300828683,-0.08013545212971107,-0.168708682638806,50.0,45–54，中性
2025-05-12,6167.46,0.014037960697656171,0.036526994413558,0.09113586786334138,-0.003668719922069963,0.0,-0.017990984300828683,-0.06722242975954074,-0.168708682638806,67.57,55–74，偏热
2025-05-13,6151.01,-0.002667224432748583,0.007879834570992283,0.0633441609517702,-0.021258280147853137,-0.002667224432748583,-0.017990984300828683,-0.06971035688520599,-0.168708682638806,59.36,55–74，偏热
2025-05-14,6160.37,0.0015217013140931268,0.0079980495754719,0.050864949788389735,-0.008391146881287725,-0.0011495818375798494,-0.017990984300828683,-0.06829473391279106,-0.168708682638806,64.48,55–74，偏热
2025-05-15,6057.04,-0.0167733431595829,-0.016407711494491828,0.01995611708621503,-0.03069214556965061,-0.01790364266651101,-0.017990984300828683,-0.08392254606446237,-0.168708682638806,52.2,45–54，中性
2025-05-16,6068.12,0.0018292763462020023,-0.0022952674085181535,0.026054991266530658,-0.03398035841358127,-0.016107117030349616,-0.017966173064776436,-0.08224678724668899,-0.168708682638806,57.88,55–74，偏热
2025-05-19,6095.34,0.004485738581306853,-0.011693630765339358,0.04455431122383402,-0.007619494182809272,-0.011693630765339358,-0.017966173064776436,-0.07812998625212308,-0.168708682638806,65.1,55–74，偏热
2025-05-20,6146.02,0.008314548491142437,-0.0008112488843294852,0.05247998136845933,-0.022661893956139045,-0.0034763095342328354,-0.017966173064776436,-0.07046505332028619,-0.168708682638806,67.63,55–74，偏热
2025-05-21,6132.18,-0.002251863807797627,-0.004576023842723709,0.05152708734517786,-0.03192562527528209,-0.005720345166405627,-0.017966173064776436,-0.07255823942479733,-0.168708682638806,57.36,55–74，偏热
2025-05-22,6066.1,-0.01077593938860244,0.001495780117021006,0.01906045048919469,-0.059407092009433615,-0.016434642462212934,-0.017966173064776436,-0.08255229562321442,-0.168708682638806,35.06,25–44，偏冷
2025-05-23,5989.68,-0.012597880021760322,-0.012926573634008509,0.006785660858150022,-0.07338157988372562,-0.028825480830033667,-0.028825480830033667,-0.09411019172919255,-0.168708682638806,36.82,25–44，偏冷
2025-05-26,6028.79,0.006529564183729297,-0.01091817683673102,0.007387318742501536,-0.06318769685941739,-0.02248413447351094,-0.028825480830033667,-0.08819512608270208,-0.168708682638806,48.79,45–54，中性
2025-05-27,6008.46,-0.003372152621006874,-0.022381964263051612,0.014860281598789271,-0.07907994745885061,-0.025780467161521936,-0.028825480830033667,-0.09126987127812913,-0.168708682638806,45.3,45–54，中性
2025-05-28,5984.46,-0.003994367941202892,-0.02408931244679713,0.007569660745853968,-0.07924726864865606,-0.029671858431185583,-0.029671858431185583,-0.09489967377150099,-0.168708682638806,38.22,25–44，偏冷
2025-05-29,6089.58,0.01756549463109458,0.003870691218410549,0.03616093761166295,-0.028840173385514922,-0.012627564670058655,-0.029671858431185583,-0.07900113885053239,-0.168708682638806,51.72,45–54，中性
2025-05-30,6026.56,-0.01034882537055093,0.00615725714896298,0.020866012352245722,-0.03938842814492949,-0.022845709578983797,-0.029671858431185583,-0.0885323952310445,-0.168708682638806,35.47,25–44，偏冷
2025-06-03,6070.04,0.007214729464238179,0.006842168992451159,0.02015421537716877,-0.04523541005060061,-0.01579580572877648,-0.029671858431185583,-0.08195640304721918,-0.168708682638806,48.79,45–54，中性
2025-06-04,6123.17,0.008752825352057014,0.01909141443897444,0.003318083802507754,-0.042991510165295455,-0.007181238305558502,-0.029671858431185583,-0.07392092777751735,-0.168708682638806,50.4,45–54，中性
2025-06-05,6167.01,0.007159690160488896,0.030504005373918508,0.00908452766837553,-0.05630630285984484,-7.296358630615174e-05,-0.029671858431185583,-0.06729048855629138,-0.168708682638806,53.06,45–54，中性
2025-06-06,6152.84,-0.0022977099112860833,0.01038823695558655,-0.0008509145707752408,-0.05453796698095814,-0.002370505848436788,-0.029671858431185583,-0.0694335844450864,-0.168708682638806,49.08,45–54，中性
2025-06-09,6218.96,0.010746257013021676,0.03192534381139489,0.022505458658879984,-0.04631366192452968,0.0,-0.029671858431185583,-0.05943347857584702,-0.168708682638806,60.58,55–74，偏热
2025-06-10,6161.69,-0.009208935256055706,0.015098747289968406,-0.00093555531774836,-0.0595323677868288,-0.009208935256055706,-0.029671858431185583,-0.06809509477565567,-0.168708682638806,39.44,25–44，偏冷
2025-06-11,6186.51,0.00402811566307304,0.010344315117823077,0.005771409898537083,-0.05793539486247079,-0.005217914249327826,-0.0285551030214094,-0.06434127403042678,-0.168708682638806,60.22,55–74，偏热
2025-06-12,6192.22,0.0009229759589817199,0.004087880512598563,0.005170144001090948,-0.04246735272969071,-0.004299754299754266,-0.0285551030214094,-0.06347768352054539,-0.168708682638806,59.91,55–74，偏热
2025-06-13,6106.01,-0.013922308961890839,-0.0076111194180248365,0.00808480710049797,-0.07078800274532537,-0.0181622007538238,-0.02628693040374097,-0.07651623656027817,-0.168708682638806,40.47,25–44，偏冷
2025-06-16,6147.46,0.0067883937301118635,-0.011497099193434224,0.013074889751685914,-0.06709238994350153,-0.011497099193434224,-0.02628693040374097,-0.07024726517068391,-0.168708682638806,59.14,55–74，偏热
2025-06-17,6141.47,-0.0009743861692470546,-0.003281567232366389,0.007568076596219386,-0.07115320337632125,-0.012460282748240847,-0.02628693040374097,-0.07115320337632125,-0.168708682638806,51.14,45–54，中性
2025-06-18,6135.39,-0.0009899909956411213,-0.00826314028426367,-0.0017295745864803758,-0.06539389581822719,-0.013437938176158015,-0.02628693040374097,-0.06539389581822719,-0.16272537275236576,48.92,45–54，中性
2025-06-19,6048.22,-0.014207735775557895,-0.023254987710384922,-0.013691705070627447,-0.07449663813339125,-0.027454751276740796,-0.027454751276740796,-0.07449663813339125,-0.15893044593316674,43.49,25–44，偏冷
2025-06-20,5999.59,-0.008040382128956969,-0.017428730054487307,-0.010964210942780439,-0.06338506402981126,-0.035274386714177264,-0.035274386714177264,-0.06338506402981126,-0.14193339900493473,46.96,45–54，中性
2025-06-23,6078.22,0.013105895569530679,-0.011263188373734856,0.01478209186467394,-0.04435611932695416,-0.02263079357320197,-0.035274386714177264,-0.04435611932695416,-0.13582607219110931,61.59,55–74，偏热
2025-06-24,6194.67,0.019158569449608587,0.008662421211859561,0.027514642241643905,-0.0183955656687943,-0.0039057977539652677,-0.035274386714177264,-0.022137646785826415,-0.13235705006069542,62.87,55–74，偏热
2025-06-25,6276.16,0.01315485732089039,0.022943936734258097,0.04455384574416743,-0.009274007049823951,0.0,-0.035274386714177264,-0.009274007049823951,-0.13235705006069542,66.5,55–74，偏热
2025-06-26,6247.79,-0.004520279916381931,0.0329964849162232,0.04400229928849053,-0.012795535309388817,-0.004520279916381931,-0.035274386714177264,-0.012795535309388817,-0.1315152865406708,40.94,25–44，偏冷
2025-06-27,6276.94,0.00466564977376005,0.046228158924193075,0.03076731071765204,0.0013751691043213388,0.0,-0.035274386714177264,-4.9384682783149e-05,-0.12438727149627626,60.46,55–74，偏热
2025-06-30,6356.18,0.012623985572588037,0.04573049346683744,0.05469455211596652,0.020802518208025367,0.0,-0.035274386714177264,0.0,-0.12438727149627626,65.42,55–74，偏热
2025-07-01,6373.77,0.002767385442199677,0.02891195172624217,0.0500375615317199,0.018258705195958846,0.0,-0.035274386714177264,0.0,-0.12438727149627626,60.09,55–74，偏热
2025-07-02,6309.48,-0.010086652012859076,0.0053089787385915965,0.03042705004107349,0.005134413955155459,-0.010086652012859076,-0.035274386714177264,-0.010086652012859076,-0.12438727149627626,41.48,25–44，偏冷
2025-07-03,6342.64,0.005255583661411212,0.0151813681317714,0.028478954955480917,0.02246883090504026,-0.004884079594964952,-0.035274386714177264,-0.004884079594964952,-0.11394331367700217,58.74,55–74，偏热
2025-07-04,6312.2,-0.004799263398206466,0.0056173868158688745,0.025900234688371437,0.14841606567159848,-0.009659903008737425,-0.035274386714177264,-0.009659903008737425,-0.035274386714177264,37.92,25–44，偏冷
2025-07-07,6327.14,0.002366845156997588,-0.0045687818784238,0.01739519147896118,0.144144144144144,-0.007315921346393139,-0.035274386714177264,-0.007315921346393139,-0.035274386714177264,54.26,45–54，中性
2025-07-08,6407.7,0.012732450996816747,0.00532338004038424,0.039925734660458456,0.1336386941314467,0.0,-0.031108390851746215,0.0,-0.035274386714177264,66.76,55–74，偏热
2025-07-09,6390.47,-0.002688952354198748,0.012836240070497107,0.03296850728439793,0.10474035324889064,-0.002688952354198748,-0.031108390851746215,-0.002688952354198748,-0.035274386714177264,56.34,55–74，偏热
2025-07-10,6406.57,0.00251937650908296,0.010079399114564236,0.034616018164729256,0.09286290618352533,-0.00017635032851104349,-0.031108390851746215,-0.00017635032851104349,-0.035274386714177264,60.33,55–74，偏热
2025-07-11,6461.1,0.008511574836457036,0.023589239884667768,0.058154179243073756,0.08799652439240035,0.0,-0.02405383686921103,0.0,-0.035274386714177264,62.74,55–74，偏热
2025-07-14,6462.31,0.00018727461268208678,0.021363522855508243,0.05121627468905854,0.09270835623086127,0.0,-0.02405383686921103,0.0,-0.035274386714177264,57.51,55–74，偏热
2025-07-15,6442.83,-0.003014401970812375,0.005482466407603415,0.04906968527079014,0.10410343852553816,-0.003014401970812375,-0.02310196093117778,-0.003014401970812375,-0.035274386714177264,52.07,45–54，中性
2025-07-16,6462.06,0.0029847132393685527,0.011202618899705419,0.05324355908915335,0.10660049729774168,-3.8685856914910666e-05,-0.022133882279692152,-3.8685856914910666e-05,-0.035274386714177264,53.89,45–54，中性
2025-07-17,6535.67,0.011391104384669948,0.02015118854550879,0.0805939598757981,0.12071629321860389,0.0,-0.010086652012859076,0.0,-0.035274386714177264,61.89,55–74，偏热
2025-07-18,6552.07,0.0025093066204382453,0.014079645880732183,0.09208629256332501,0.10069985754219957,0.0,-0.010086652012859076,0.0,-0.035274386714177264,59.19,55–74，偏热
2025-07-21,6612.26,0.0091864097911043,0.023203776977582358,0.08786124885246016,0.11143309056008177,0.0,-0.010086652012859076,0.0,-0.035274386714177264,69.24,55–74，偏热
2025-07-22,6637.1,0.0037566580866450483,0.030152898648575288,0.0714210765060932,0.10903354955569156,0.0,-0.010086652012859076,0.0,-0.035274386714177264,64.0,55–74，偏热
2025-07-23,6607.22,-0.004501966220186504,0.02246342497593634,0.052748814561770274,0.11599397346161133,-0.004501966220186504,-0.010086652012859076,-0.004501966220186504,-0.035274386714177264,37.1,25–44，偏冷
2025-07-24,6701.12,0.014211725960388666,0.025314925631189977,0.0725584566702786,0.12822964896035027,0.0,-0.010086652012859076,0.0,-0.035274386714177264,69.69,55–74，偏热
2025-07-25,6706.61,0.0008192660331407531,0.02358643909482039,0.06845214387902376,0.1411505072264021,0.0,-0.010086652012859076,0.0,-0.035274386714177264,43.7,25–44，偏冷
2025-07-28,6729.98,0.0034846218879582835,0.017803292671491944,0.058808907236736374,0.14002147922037866,0.0,-0.010086652012859076,0.0,-0.035274386714177264,59.56,55–74，偏热
2025-07-29,6773.88,0.006523050588560508,0.02060839824622196,0.06277446472025194,0.13844426667025211,0.0,-0.010086652012859076,0.0,-0.035274386714177264,57.82,55–74，偏热
2025-07-30,6718.48,-0.00817847378459624,0.016839154742841922,0.06482309160184352,0.10086319335662264,-0.00817847378459624,-0.00817847378459624,-0.00817847378459624,-0.035274386714177264,43.34,25–44，偏冷
2025-07-31,6661.19,-0.008527226396446763,-0.005958705410438858,0.05022356621217661,0.08994533248029524,-0.016635960483504353,-0.016635960483504353,-0.016635960483504353,-0.035274386714177264,37.28,25–44，偏冷
2025-08-01,6670.47,0.0013931444681807292,-0.0053887135229272465,0.05675834099046306,0.08320612918312209,-0.015265992311644161,-0.016635960483504353,-0.015265992311644161,-0.035274386714177264,50.4,45–54，中性
2025-08-04,6739.69,0.010377079875930617,0.001442797749770408,0.0652032355851142,0.10812255018020145,-0.005047328857316735,-0.016635960483504353,-0.005047328857316735,-0.035274386714177264,57.74,55–74，偏热
2025-08-05,6787.48,0.007090830587163532,0.0020077119760018025,0.059269316603461464,0.10053085062570322,0.0,-0.016635960483504353,0.0,-0.035274386714177264,57.8,55–74，偏热
2025-08-06,6861.31,0.010877380117510604,0.021259272930782114,0.0736784618345756,0.11547697044875549,0.0,-0.016635960483504353,0.0,-0.035274386714177264,58.56,55–74，偏热
2025-08-07,6862.15,0.00012242560094199995,0.030168783655773135,0.07111137472937945,0.1139184821690904,0.0,-0.016635960483504353,0.0,-0.035274386714177264,44.04,25–44，偏冷
2025-08-08,6838.13,-0.0035003606741326188,0.025134660676084275,0.05835384067728411,0.12895572755009055,-0.0035003606741326188,-0.016635960483504353,-0.0035003606741326188,-0.035274386714177264,46.77,45–54，中性
2025-08-11,6943.94,0.015473528581644302,0.030305548178031883,0.07452907706377432,0.1443313579823735,0.0,-0.016635960483504353,0.0,-0.035274386714177264,66.67,55–74，偏热
2025-08-12,6963.61,0.0028326857662941407,0.025949247732589997,0.08083093919907869,0.14244816531973603,0.0,-0.016635960483504353,0.0,-0.035274386714177264,57.93,55–74，偏热
2025-08-13,7064.33,0.01446376233017066,0.029589101789599948,0.09320092973448091,0.14941539402735415,0.0,-0.016635960483504353,0.0,-0.035274386714177264,66.05,55–74，偏热
2025-08-14,6976.49,-0.012434300209644866,0.01666241629809906,0.06744832587936656,0.13768512992116988,-0.012434300209644866,-0.016635960483504353,-0.012434300209644866,-0.035274386714177264,34.49,25–44，偏冷
2025-08-15,7117.5,0.020212169730050578,0.04085473660196581,0.08629791806253606,0.17332388190105652,0.0,-0.016635960483504353,0.0,-0.035274386714177264,72.33,55–74，偏热
2025-08-18,7237.6,0.016873902353354397,0.042290111953732445,0.09457280869173323,0.2083450201012409,0.0,-0.016635960483504353,0.0,-0.035274386714177264,73.93,55–74，偏热
2025-08-19,7242.85,0.0007253785785343858,0.040099890717602005,0.09126727034397564,0.2013770590781898,0.0,-0.016635960483504353,0.0,-0.035274386714177264,67.32,55–74，偏热
2025-08-20,7305.46,0.008644387223261552,0.034133456392892114,0.10567833370161739,0.2158623008225069,0.0,-0.016635960483504353,0.0,-0.035274386714177264,66.92,55–74，偏热
2025-08-21,7253.34,-0.007134389894681514,0.039683279127469495,0.08240712000382033,0.212029155512778,-0.007134389894681514,-0.016635960483504353,-0.007134389894681514,-0.035274386714177264,60.55,55–74，偏热
2025-08-22,7362.94,0.015110280229521766,0.034484018264840044,0.09786315291928416,0.20910473300293275,0.0,-0.016635960483504353,0.0,-0.035274386714177264,70.83,55–74，偏热
2025-08-25,7477.73,0.015590239768353387,0.0331781253454182,0.11110731384045724,0.24079574417246308,0.0,-0.016635960483504353,0.0,-0.035274386714177264,74.35,55–74，偏热
2025-08-26,7476.47,-0.00016850033365733985,0.03225525863437739,0.10372046744258823,0.2317002853358463,-0.00016850033365733985,-0.016635960483504353,-0.00016850033365733985,-0.035274386714177264,70.69,55–74，偏热
2025-08-27,7336.5,-0.018721401945035576,0.004248876867438911,0.09198806872983178,0.1981538974093484,-0.018886747716218677,-0.018886747716218677,-0.018886747716218677,-0.035274386714177264,43.31,25–44，偏冷
2025-08-28,7447.11,0.015076671437333822,0.026714589416737544,0.11798492461557175,0.20757222705979061,-0.004094825568722094,-0.018886747716218677,-0.004094825568722094,-0.035274386714177264,76.31,75–100，极热
2025-08-29,7438.68,-0.0011319827422986428,0.010286651799417124,0.11516579791229109,0.2089831687480903,-0.0052221730391441845,-0.018886747716218677,-0.0052221730391441845,-0.035274386714177264,67.25,55–74，偏热
2025-09-01,7501.15,0.008397995343259801,0.0031319665192510726,0.11298145760413325,0.20617434426334946,0.0,-0.018886747716218677,0.0,-0.035274386714177264,76.55,75–100，极热
2025-09-02,7313.88,-0.02496550528918895,-0.02174689392186424,0.07755455633018449,0.18699252964689883,-0.02496550528918895,-0.02496550528918895,-0.02496550528918895,-0.031108390851746215,46.13,45–54，中性
2025-09-03,7206.88,-0.014629717742156045,-0.017667825257275283,0.050365017758999375,0.1649346723758629,-0.03922998473567385,-0.03922998473567385,-0.03922998473567385,-0.03922998473567385,46.47,45–54，中性
2025-09-04,7041.15,-0.022996081522101197,-0.05451242159710279,0.02608511909532729,0.13709622720122971,-0.06132393033068262,-0.06132393033068262,-0.06132393033068262,-0.06132393033068262,49.61,45–54，中性
2025-09-05,7245.67,0.029046391569558905,-0.02594680776696945,0.059598164995400715,0.1866456163681356,-0.03405877765409293,-0.06132393033068262,-0.03405877765409293,-0.06132393033068262,83.35,75–100，极热
2025-09-08,7311.03,0.009020559865409172,-0.025345447031455137,0.052864800099079234,0.18927654673637573,-0.025345447031455137,-0.06132393033068262,-0.025345447031455137,-0.06132393033068262,78.4,75–100，极热
2025-09-09,7226.03,-0.011626268802070294,-0.012011408445312233,0.03768447687334597,0.17659615694613828,-0.0366770428534291,-0.06132393033068262,-0.0366770428534291,-0.06132393033068262,62.01,55–74，偏热
2025-09-10,7230.17,0.0005729287035896036,0.0032316342161933242,0.023475687007826762,0.1784369045814529,-0.036125127480452934,-0.06132393033068262,-0.036125127480452934,-0.06132393033068262,69.94,55–74，偏热
2025-09-11,7399.89,0.023473860227352983,0.05094906371828478,0.06068954445573649,0.2234822807371426,-0.013499263446271503,-0.06132393033068262,-0.013499263446271503,-0.06132393033068262,84.75,75–100，极热
2025-09-12,7422.88,0.003106802938962483,0.02445736557143774,0.042905514576747406,0.23723121079940457,-0.010434400058657589,-0.06132393033068262,-0.010434400058657589,-0.06132393033068262,64.69,55–74，偏热
2025-09-15,7415.57,-0.0009847929644558606,0.01429894283021671,0.024589642975571868,0.22002329629398076,-0.011408917299347454,-0.06132393033068262,-0.011408917299347454,-0.06132393033068262,71.74,55–74，偏热
2025-09-16,7483.63,0.00917798631797706,0.035648897112245725,0.033243819767080574,0.20807565213320478,-0.0023356418682467517,-0.06132393033068262,-0.0023356418682467517,-0.06132393033068262,84.87,75–100，极热
2025-09-17,7554.81,0.009511426941203771,0.04490074230619756,0.03413200537680039,0.20373126242798145,0.0,-0.06132393033068262,0.0,-0.06132393033068262,80.01,75–100，极热
2025-09-18,7476.4,-0.01037881826280218,0.010339342882123903,0.0307527290875651,0.19664713442673332,-0.01037881826280218,-0.06132393033068262,-0.01037881826280218,-0.06132393033068262,57.86,55–74，偏热
2025-09-19,7438.19,-0.005110748488577399,0.0020625417627657683,0.010220102296093714,0.1850025649440652,-0.015436523221629805,-0.06132393033068262,-0.015436523221629805,-0.06132393033068262,64.7,55–74，偏热
2025-09-22,7489.48,0.006895494737295005,0.009966867010897218,0.0015713324765671555,0.17829891538628528,-0.00864747094897167,-0.06132393033068262,-0.00864747094897167,-0.06132393033068262,69.04,55–74，偏热
2025-09-23,7408.07,-0.010869913532047581,-0.010096704406818646,-0.009148702529402364,0.16227444667755497,-0.019423387219533073,-0.06132393033068262,-0.019423387219533073,-0.06132393033068262,58.86,55–74，偏热
2025-09-24,7534.22,0.01702872678038947,-0.0027254159932545985,0.026950180603830143,0.19411108363922236,-0.0027254159932545985,-0.06132393033068262,-0.0027254159932545985,-0.06132393033068262,78.38,75–100，极热
2025-09-25,7506.51,-0.0036778857001786847,0.004027339361190041,0.007976248504453443,0.1834992999760352,-0.006393277924924723,-0.06132393033068262,-0.006393277924924723,-0.06132393033068262,67.05,55–74，偏热
2025-09-26,7397.59,-0.014510071924236478,-0.0054583171443589595,-0.005523829496631105,0.17195114223250219,-0.020810582926638843,-0.06132393033068262,-0.020810582926638843,-0.06132393033068262,60.87,55–74，偏热
2025-09-29,7497.83,0.013550358968258625,0.00111489716241997,-0.0004425988015170912,0.1850267261353471,-0.007542214827374938,-0.06132393033068262,-0.007542214827374938,-0.06132393033068262,74.87,55–74，偏热
2025-09-30,7574.96,0.010286976365161626,0.022528134858337046,0.03569651129086071,0.18216520748474485,0.0,-0.0372893730824132,0.0,-0.06132393033068262,70.49,55–74，偏热
2025-10-09,7648.05,0.00964889583575368,0.01510839874598835,0.06121511666629664,0.19678990747159442,0.0,-0.022996081522101197,0.0,-0.06132393033068262,72.55,55–74，偏热
2025-10-10,7533.82,-0.014935833316989333,0.003638175397088661,0.06997010431534623,0.17595218658346035,-0.014935833316989333,-0.020810582926638843,-0.014935833316989333,-0.06132393033068262,63.92,55–74，偏热
2025-10-13,7519.76,-0.0018662511182905295,0.01651483794046449,0.037828109753825334,0.16385135658014893,-0.016774210419649438,-0.020810582926638843,-0.016774210419649438,-0.06132393033068262,61.72,55–74，偏热
2025-10-14,7373.15,-0.01949663287126191,-0.016628811269393973,0.00849675079981882,0.14094650364962358,-0.03594380266865416,-0.03594380266865416,-0.03594380266865416,-0.06132393033068262,47.61,45–54，中性
2025-10-15,7483.45,0.014959684802289486,-0.012080591844709443,0.03562398716861126,0.16151597977907217,-0.02152182582488349,-0.03594380266865416,-0.02152182582488349,-0.06132393033068262,66.1,55–74，偏热
2025-10-16,7401.84,-0.010905397911391113,-0.03219251966187464,0.023743563429352355,0.1454304045459187,-0.03219251966187464,-0.03594380266865416,-0.03219251966187464,-0.06132393033068262,51.0,45–54，中性
2025-10-17,7185.48,-0.02923056969618376,-0.046236836027407135,-0.028974755030142463,0.09942515457481771,-0.060482083668386144,-0.060482083668386144,-0.060482083668386144,-0.06132393033068262,34.01,25–44，偏冷
2025-10-20,7239.18,0.007473404699477326,-0.03731236103279889,-0.02474780678119537,0.10486914822338589,-0.05346068605723031,-0.060482083668386144,-0.05346068605723031,-0.06132393033068262,55.4,55–74，偏热
2025-10-21,7344.05,0.014486447360060106,-0.003946752744756199,-0.00964457216370418,0.11067169167576596,-0.03974869411157089,-0.060482083668386144,-0.03974869411157089,-0.06132393033068262,66.53,55–74，偏热
2025-10-22,7312.21,-0.004335482465397167,-0.022882494036841283,-0.02290599615427269,0.10171761763420761,-0.04391184681062499,-0.060482083668386144,-0.04391184681062499,-0.06132393033068262,51.0,45–54，中性
2025-10-23,7308.1,-0.0005620735728322224,-0.012664418577002401,-0.03265601649809857,0.10607789660401812,-0.04444923869483064,-0.060482083668386144,-0.04444923869483064,-0.06132393033068262,54.58,45–54，中性
2025-10-24,7419.24,0.015207783144729703,0.032532273418059754,-0.007645390829811083,0.10716417554080504,-0.0299174299331203,-0.060482083668386144,-0.0299174299331203,-0.06132393033068262,58.18,55–74，偏热
2025-10-27,7495.38,0.010262506671842475,0.03539074867595504,0.007688698460243781,0.11761083468399103,-0.01996195108557086,-0.060482083668386144,-0.01996195108557086,-0.06132393033068262,66.48,55–74，偏热
2025-10-28,7479.22,-0.0021559947594385065,0.018405375780393696,-0.0013699215432846357,0.11132871122945409,-0.02207490798308065,-0.060482083668386144,-0.02207490798308065,-0.06132393033068262,62.44,55–74，偏热
2025-10-29,7569.12,0.012019969996871271,0.03513438481662856,0.021739805374409338,0.11739800527910149,-0.010320277717849713,-0.060482083668386144,-0.010320277717849713,-0.06132393033068262,65.53,55–74，偏热
2025-10-30,7485.08,-0.011103008011499327,0.024216964737756586,-0.006522241187541633,0.11410319000726354,-0.021308699603166836,-0.060482083668386144,-0.021308699603166836,-0.06132393033068262,50.97,45–54，中性
2025-10-31,7506.67,0.0028844047091012293,0.011784225877583099,2.131483205913831e-05,0.1269262699307483,-0.01848575780754569,-0.060482083668386144,-0.01848575780754569,-0.06132393033068262,56.51,55–74，偏热
2025-11-03,7538.12,0.004189607375840287,0.005702179209059466,0.018996727312543538,0.13007329318623717,-0.014373598498963802,-0.060482083668386144,-0.014373598498963802,-0.06132393033068262,58.94,55–74，偏热
2025-11-04,7435.73,-0.013582962330130122,-0.005814777476795818,-0.008282396373350709,0.10327477970054999,-0.02776132478213411,-0.060482083668386144,-0.02776132478213411,-0.06132393033068262,44.0,25–44，偏冷
2025-11-05,7464.86,0.003917570971511797,-0.013774388568288054,-0.014534730216397285,0.09979845244479546,-0.02395251077071936,-0.060482083668386144,-0.02395251077071936,-0.06132393033068262,55.9,55–74，偏热
2025-11-06,7551.83,0.011650586883076297,0.008917740358152404,-0.01258098469544533,0.10063967376492244,-0.01258098469544533,-0.060482083668386144,-0.01258098469544533,-0.06132393033068262,55.5,55–74，偏热
2025-11-07,7541.88,-0.001317561438750614,0.004690495252888338,0.0010698423907129495,0.09905496090875321,-0.0035988331536558338,-0.046236836027407135,-0.013881969913899672,-0.06132393033068262,51.86,45–54，中性
2025-11-10,7563.25,0.0028335110078654413,0.0033337224666096787,0.00578342925838049,0.10604068656196941,-0.0007755194791467801,-0.0444535463897785,-0.011087793620596087,-0.06132393033068262,59.62,55–74，偏热
2025-11-11,7540.79,-0.0029696228473209407,0.01412907676852182,0.022736550863606597,0.08595264360003108,-0.003742839326103975,-0.039817196613861294,-0.014024489902654924,-0.06132393033068262,55.98,55–74，偏热
2025-11-12,7486.38,-0.007215424378612778,0.002882840401561504,0.00039153064428854023,0.07507169413565662,-0.010931257530597982,-0.039817196613861294,-0.021138721634926583,-0.06132393033068262,48.24,45–54，中性
2025-11-13,7590.58,0.013918609528236647,0.005131206608199657,0.025499065097327023,0.07449397182747686,0.0,-0.02923056969618376,-0.007514333719052635,-0.06132393033068262,70.63,55–74，偏热
2025-11-14,7502.76,-0.011569603376817006,-0.005187035593247291,0.044155714023280446,0.07543478167387896,-0.011569603376817006,-0.01762292049802361,-0.01899699923509912,-0.06132393033068262,47.91,45–54，中性
2025-11-17,7523.08,0.0027083366654403473,-0.005311208805738321,0.03921714890360506,0.05698349139445025,-0.008892601092406638,-0.01762292049802361,-0.016340112839220433,-0.06132393033068262,58.29,55–74，偏热
2025-11-18,7448.1,-0.009966662590321973,-0.012291815579004273,0.014167931863209082,0.02908422681551892,-0.018770634128090324,-0.018770634128090324,-0.026143919038186136,-0.06132393033068262,44.9,25–44，偏冷
2025-11-19,7387.21,-0.008175239322780303,-0.013246722715117287,0.010256817022487041,0.019931380602939308,-0.02679241902463314,-0.02679241902463314,-0.03410542556599394,-0.06132393033068262,43.09,25–44，偏冷
2025-11-20,7340.41,-0.0063352740750567405,-0.03295795578203509,0.004421121768996006,0.004784092993459721,-0.03295795578203509,-0.03295795578203509,-0.040224632422643736,-0.06132393033068262,38.64,25–44，偏冷
2025-11-21,7067.7,-0.03715187571266454,-0.05798666090878557,-0.04738221165510215,-0.025593726476354384,-0.06888538161774205,-0.06888538161774205,-0.0758820875909546,-0.0758820875909546,22.17,0–24，极冷
2025-11-24,7156.41,0.012551466530837496,-0.04873934611887687,-0.045223857896464215,-0.028049936574248813,-0.05719852764874356,-0.06888538161774205,-0.06428305254280509,-0.0758820875909546,38.79,25–44，偏冷
2025-11-25,7249.95,0.013070799465094929,-0.026604100374592266,-0.030654266086570625,-0.030461115873400058,-0.0448753586682441,-0.06888538161774205,-0.052052483966501306,-0.0758820875909546,47.77,45–54，中性
2025-11-26,7248.45,-0.00020689797860673487,-0.018783816894334948,-0.04236555900818062,-0.030498350157226684,-0.04507297202585314,-0.06888538161774205,-0.05224861239139389,-0.0758820875909546,40.02,25–44，偏冷
2025-11-27,7257.45,0.001241644765432648,-0.01130182101544741,-0.030411164610131047,-0.010774892659987767,-0.04388729188019891,-0.06888538161774205,-0.05107184184203817,-0.0758820875909546,41.68,25–44，偏冷
2025-11-28,7334.21,0.01057671771765567,0.03770816531544918,-0.022974234913750058,-0.015160243369575555,-0.03377475766015248,-0.06888538161774205,-0.04103529657886651,-0.0758820875909546,53.39,45–54，中性
2025-12-01,7386.68,0.00715414475451337,0.03217674783865099,-0.02008988978684334,-0.006990487559620839,-0.026862242410988335,-0.06888538161774205,-0.03417472427612267,-0.0758820875909546,54.47,45–54，中性
2025-12-02,7313.18,-0.009950343049922261,0.00872143945820314,-0.016481233180871135,-0.025058824313605177,-0.03654529693383113,-0.06888538161774205,-0.04378501709586102,-0.0758820875909546,44.35,25–44，偏冷
2025-12-03,7248.27,-0.008875755827150389,-2.4832895308524172e-05,-0.029014609785046108,-0.008970614776288355,-0.04509668562876612,-0.06888538161774205,-0.052272147802380986,-0.0758820875909546,39.81,25–44，偏冷
2025-12-04,7248.66,5.380594265935734e-05,-0.0012111692123266682,-0.04014523632020317,0.005797238194614085,-0.045045306155787834,-0.06888538161774205,-0.052221154411909,-0.0758820875909546,40.34,25–44，偏冷
2025-12-05,7342.49,0.012944461459083456,0.0011289559475389233,-0.026437705187566052,0.042796986287751304,-0.0326839319261506,-0.06888538161774205,-0.039952667673459286,-0.0758820875909546,59.18,55–74，偏热
2025-12-08,7423.05,0.010971754813421608,0.004923727574498882,-0.018537004594585627,0.02448082785994954,-0.022070777200161262,-0.06888538161774205,-0.02941926373389292,-0.0758820875909546,60.24,55–74，偏热
2025-12-09,7380.58,-0.005721367901334373,0.009216236985825521,-0.021245784592860972,0.009513023472752735,-0.027665870065265108,-0.06888538161774205,-0.03497231320401939,-0.0758820875909546,48.55,45–54，中性
2025-12-10,7408.24,0.0037476729471126458,0.022070093967250015,-0.010437621387105689,0.0252157823867325,-0.02402187975095449,-0.06888538161774205,-0.03135570504899943,-0.0758820875909546,56.2,55–74，偏热
2025-12-11,7312.0,-0.012990939818364411,0.008738166778411438,-0.03670075277515028,0.011317852830569741,-0.03670075277515028,-0.06888538161774205,-0.04393930479010988,-0.0758820875909546,40.26,25–44，偏冷
2025-12-12,7370.94,0.008060722100656337,0.0038747073540448262,-0.017569534411336685,-0.003912220316788617,-0.02022310011325157,-0.06053105908750145,-0.03623276521466268,-0.0758820875909546,51.23,45–54，中性
2025-12-15,7309.08,-0.008392416706688666,-0.015353527188958771,-0.02844579613668874,-0.01533097665596106,-0.02844579613668874,-0.06053105908750145,-0.044321101457234224,-0.0758820875909546,47.62,45–54，中性
2025-12-16,7181.62,-0.017438583241666583,-0.026957231003525428,-0.035778252171694835,-0.03154848514679243,-0.035778252171694835,-0.05107342812260851,-0.06098678748177644,-0.0758820875909546,37.09,25–44，偏冷
2025-12-17,7288.74,0.014915854640039417,-0.016130686910791225,-0.013329795687411106,-0.026042174720022238,-0.018093640754137552,-0.043251782472679134,-0.046980602898778145,-0.0758820875909546,52.57,45–54，中性
2025-12-18,7272.4,-0.0022418140858365687,-0.005415754923413618,-0.00926515003930306,-0.037381482790434295,-0.02029489226126735,-0.03715187571266454,-0.04911709520727514,-0.0758820875909546,50.76,45–54，中性
2025-12-19,7329.81,0.007894230240360844,-0.005580021001391877,0.0370856148393397,-0.01960703012144871,-0.012560874573120162,-0.03252436666868741,-0.041610606625218205,-0.0758820875909546,59.76,55–74，偏热
2025-12-22,7408.35,0.010715148141629882,0.013581736689159296,0.03520480240791124,-0.004011728659794822,-0.001980318063329767,-0.03252436666868741,-0.03134132229784059,-0.0758820875909546,61.57,55–74，偏热
2025-12-23,7392.42,-0.0021502763773310063,0.0293527087203167,0.01965117000806904,-0.012959511207720653,-0.004126336209509529,-0.03252436666868741,-0.033424206170200255,-0.0758820875909546,54.41,45–54，中性
2025-12-24,7506.38,0.015415790769463866,0.029859756281606975,0.035584159372003654,0.013270662939200095,0.0,-0.03252436666868741,-0.018523675969691622,-0.0758820875909546,69.39,55–74，偏热
2025-12-25,7579.38,0.009725060548493314,0.04221164952422862,0.04435855569104863,0.005993984778782657,0.0,-0.03252436666868741,-0.008978759291584093,-0.0758820875909546,68.66,55–74，偏热
2025-12-26,7605.53,0.0034501502761439262,0.03761625471874441,0.036993759382401015,0.01319121669057921,0.0,-0.03252436666868741,-0.005559587084289497,-0.0758820875909546,64.22,55–74，偏热
2025-12-29,7594.16,-0.0014949648479462008,0.025081158422590732,0.02808839695235199,0.026572167422092896,-0.0014949648479462008,-0.03252436666868741,-0.007046240544975602,-0.0758820875909546,54.41,45–54，中性
2025-12-30,7597.3,0.00041347561810667344,0.027714875507614645,0.038850404338468314,0.013266505108811444,-0.0010821073613541676,-0.03252436666868741,-0.006635678375533582,-0.0758820875909546,58.54,55–74，偏热
2025-12-31,7595.28,-0.00026588393244975084,0.011843258667959766,0.047874872210886155,0.002682522415959898,-0.0013477035788432845,-0.03252436666868741,-0.006899797987722445,-0.0758820875909546,53.85,45–54，中性
2026-01-05,7753.88,0.020881389494528335,0.023022991326467235,0.06969839942830824,0.0138375141375906,0.0,-0.03252436666868741,0.0,-0.0758820875909546,76.7,75–100，极热
2026-01-06,7864.9,0.014317993056379485,0.034102817292154475,0.07114888818370879,0.04394583358774162,0.0,-0.03252436666868741,0.0,-0.06888538161774205,77.56,75–100，极热
2026-01-07,7906.42,0.005279151673892812,0.041118438378964894,0.06511743824977612,0.05141919422960295,0.0,-0.03252436666868741,0.0,-0.06888538161774205,70.61,55–74，偏热
2026-01-08,7971.59,0.008242668616137205,0.04926618667158067,0.08007636256229178,0.08116476675505058,0.0,-0.03059026165459,0.0,-0.06888538161774205,58.41,55–74，偏热
2026-01-09,8129.18,0.01976895449966687,0.07029365606007953,0.0973159616859065,0.08628774161650044,0.0,-0.03059026165459,0.0,-0.06888538161774205,78.64,75–100，极热
2026-01-12,8357.01,0.028026196984197727,0.07778428348130229,0.14291712253829325,0.12904494017703705,0.0,-0.025684648091016893,0.0,-0.06888538161774205,80.16,75–100，极热
2026-01-13,8203.13,-0.018413284176996392,0.043004996884893565,0.11290147525281702,0.14162588998925596,-0.018413284176996392,-0.025684648091016893,-0.018413284176996392,-0.06888538161774205,44.55,25–44，偏冷
2026-01-14,8257.17,0.006587729317955482,0.044362682478289894,0.1297139995731338,0.1406222804240258,-0.011946856591053545,-0.018413284176996392,-0.011946856591053545,-0.06888538161774205,71.86,55–74，偏热
2026-01-15,8240.78,-0.00198494157199125,0.033768670992863514,0.14748204444122637,0.12210292685915825,-0.013908084350742644,-0.018413284176996392,-0.013908084350742644,-0.06888538161774205,64.8,55–74，偏热
2026-01-16,8232.73,-0.0009768492788305716,0.012738062141568918,0.12951346872024527,0.12588806940719688,-0.014871347527405265,-0.018413284176996392,-0.014871347527405265,-0.06888538161774205,49.04,45–54，中性
2026-01-19,8265.65,0.003998673587011892,-0.010932139604954427,0.13657802101094552,0.13102584803163597,-0.010932139604954427,-0.018413284176996392,-0.010932139604954427,-0.06888538161774205,64.62,55–74，偏热
2026-01-20,8182.75,-0.01002945926817611,-0.0024844175333073037,0.11636590852968887,0.10290946242472288,-0.02085195542424867,-0.02085195542424867,-0.02085195542424867,-0.06888538161774205,48.78,45–54，中性
2026-01-21,8247.68,0.007934985182243226,-0.0011493041804879756,0.11329513319430107,0.10036849365876055,-0.013082430199317652,-0.02085195542424867,-0.013082430199317652,-0.06888538161774205,65.36,55–74，偏热
2026-01-22,8309.35,0.0074772542096686045,0.008320814291850942,0.12403651307690855,0.11099152050614913,-0.005702996645929548,-0.02085195542424867,-0.005702996645929548,-0.06888538161774205,70.41,55–74，偏热
2026-01-23,8470.74,0.019422698526358806,0.028910215687870222,0.12847204644582333,0.11911820660790151,0.0,-0.02085195542424867,0.0,-0.06888538161774205,77.73,75–100，极热
2026-01-26,8365.43,-0.012432207811832185,0.01207164590806542,0.10370901049953951,0.11761397339774593,-0.012432207811832185,-0.02085195542424867,-0.012432207811832185,-0.06888538161774205,42.76,25–44，偏冷
2026-01-27,8382.15,0.001998701800146385,0.024368335828419463,0.10211254179524643,0.11662694643563642,-0.01045835428781905,-0.02085195542424867,-0.01045835428781905,-0.06888538161774205,57.47,55–74，偏热
2026-01-28,8399.79,0.0021044720030065633,0.01844276208582296,0.10608546567362298,0.11430834213305197,-0.008375891598608742,-0.02085195542424867,-0.008375891598608742,-0.06888538161774205,54.23,45–54，中性
2026-01-29,8332.21,-0.008045439231219031,0.002751117716788709,0.0967330498993062,0.1205638182128721,-0.016353943102963897,-0.02085195542424867,-0.016353943102963897,-0.06888538161774205,40.6,25–44，偏冷
2026-01-30,8254.86,-0.00928325138228614,-0.025485376720333686,0.08684077479697927,0.10582917831010907,-0.025485376720333686,-0.025485376720333686,-0.025485376720333686,-0.06888538161774205,38.56,25–44，偏冷
2026-02-02,7975.43,-0.03385036208972658,-0.046620436725906544,0.028572791944162068,0.05609236436731235,-0.058473049580083813,-0.058473049580083813,-0.058473049580083813,-0.06888538161774205,36.78,25–44，偏冷
2026-02-03,8209.1,0.029298733735986682,-0.020645061231306938,0.04376406565881341,0.08846865768216938,-0.03088750215447522,-0.058473049580083813,-0.03088750215447522,-0.06888538161774205,60.03,55–74，偏热
2026-02-04,8207.12,-0.00024119574618408635,-0.022937478198859718,0.038032383809613046,0.0851313919280734,-0.031121247966529375,-0.058473049580083813,-0.031121247966529375,-0.06888538161774205,55.92,55–74，偏热
2026-02-05,8068.08,-0.01694138747818974,-0.03169987314289957,0.01210423516513015,0.06992503437968711,-0.047535398324113354,-0.058473049580083813,-0.047535398324113354,-0.06888538161774205,41.91,25–44，偏冷
2026-02-06,8051.57,-0.002046335683334899,-0.024626704753321182,-0.009547088390219005,0.07549576697950133,-0.04948446062563605,-0.058473049580083813,-0.04948446062563605,-0.06888538161774205,46.71,45–54，中性
2026-02-09,8233.78,0.022630368983937332,0.032393237731382474,-0.01474570450436219,0.08473660774275493,-0.027973943244627875,-0.058473049580083813,-0.027973943244627875,-0.06888538161774205,58.21,55–74，偏热
2026-02-10,8250.3,0.00200636888525052,0.005018820577164185,0.005750244114136827,0.09963533419701531,-0.026023700408701056,-0.058473049580083813,-0.026023700408701056,-0.06053105908750145,47.17,45–54，中性
2026-02-11,8239.51,-0.0013078312303793638,0.00394657321935088,-0.002138747294775256,0.09523094264583132,-0.027297497030955964,-0.058473049580083813,-0.027297497030955964,-0.06053105908750145,41.49,25–44，偏冷
2026-02-12,8314.83,0.009141320296959465,0.030583484546509165,0.008985799887874624,0.11636927538566866,-0.018405711897661825,-0.058473049580083813,-0.018405711897661825,-0.058473049580083813,42.03,25–44，偏冷
2026-02-13,8204.83,-0.013229374503146762,0.01903479694022403,-0.003388912304909786,0.11068048694974153,-0.031391590345117404,-0.058473049580083813,-0.031391590345117404,-0.058473049580083813,32.76,25–44，偏冷
2026-02-24,8299.77,0.011571233042001028,0.008014544959908942,0.00412792702328324,0.1306956968343731,-0.020183596710558804,-0.058473049580083813,-0.020183596710558804,-0.058473049580083813,47.58,45–54，中性
2026-02-25,8426.33,0.015248615323075088,0.021336193835375772,0.029767498701536832,0.19223085303564114,-0.005242753289559143,-0.058473049580083813,-0.005242753289559143,-0.058473049580083813,54.59,45–54，中性
2026-02-26,8490.62,0.007629656089899184,0.030476326868952297,0.02945555598665317,0.18643565698443787,0.0,-0.058473049580083813,0.0,-0.058473049580083813,52.55,45–54，中性
2026-02-27,8560.84,0.00827030299318543,0.029586894741083114,0.03026590527538242,0.1808136607838675,0.0,-0.058473049580083813,0.0,-0.058473049580083813,55.6,55–74，偏热
2026-03-02,8476.97,-0.009796935814709862,0.03316826795923866,0.0007354729338877597,0.169487269692141,-0.009796935814709862,-0.058473049580083813,-0.009796935814709862,-0.058473049580083813,36.05,25–44，偏冷
2026-03-03,8142.45,-0.039462213503173804,-0.01895474211935999,-0.02665493584908374,0.12194365789636863,-0.04887254054508672,-0.05052031062681339,-0.04887254054508672,-0.058473049580083813,21.1,0–24，极冷
2026-03-04,8094.52,-0.005886434672610741,-0.03937775995006121,-0.03431458516013186,0.10366624353543186,-0.05447129020049435,-0.05447129020049435,-0.05447129020049435,-0.058473049580083813,32.91,25–44，偏冷
2026-03-05,8171.12,0.009463192382006547,-0.037629760841964566,-0.027223299630109943,0.1061965592119869,-0.045523570116951184,-0.05447129020049435,-0.045523570116951184,-0.058473049580083813,49.18,45–54，中性
2026-03-06,8248.86,0.009513995633401606,-0.036442685530859054,-0.010003348451371075,0.1279443415860133,-0.036442685530859054,-0.05447129020049435,-0.036442685530859054,-0.058473049580083813,51.55,45–54，中性
2026-03-09,8203.87,-0.00545408698898997,-0.03221670007089783,-0.006176967265344224,0.13183835591113469,-0.041698010942851305,-0.05447129020049435,-0.041698010942851305,-0.058473049580083813,35.76,25–44，偏冷
2026-03-10,8350.09,0.017823295590983168,0.025500924169015615,0.04697677742767481,0.1519494637629577,-0.02461791132645863,-0.05447129020049435,-0.02461791132645863,-0.058473049580083813,57.2,55–74，偏热
2026-03-11,8363.53,0.0016095634897348443,0.03323359507419843,0.018812050042026573,0.13905909303247266,-0.023047971927988353,-0.05447129020049435,-0.023047971927988353,-0.058473049580083813,51.92,45–54，中性
2026-03-12,8335.91,-0.0033024333026845376,0.020167369956627823,0.015692471902445604,0.12297640457763315,-0.026274290840618497,-0.05447129020049435,-0.026274290840618497,-0.058473049580083813,47.45,45–54，中性
2026-03-13,8214.29,-0.014589888806380902,-0.004190882134016083,0.018122031511834447,0.11295995707654427,-0.04048084066516833,-0.05447129020049435,-0.04048084066516833,-0.058473049580083813,39.78,25–44，偏冷
2026-03-16,8211.35,-0.00035791285674113826,0.0009117648134355782,0.01984457689618302,0.10840766497845644,-0.04082426490858371,-0.05447129020049435,-0.04082426490858371,-0.058473049580083813,50.49,45–54，中性
2026-03-17,8019.86,-0.023320160509538668,-0.03954807672731675,-0.025980776751382884,0.09680798687089709,-0.06319239700777035,-0.06319239700777035,-0.06319239700777035,-0.06319239700777035,35.33,25–44，偏冷
2026-03-18,8096.59,0.009567498684515785,-0.0319171450332576,-0.01863083766650897,0.09844741647605337,-0.05422949149849776,-0.06319239700777035,-0.05422949149849776,-0.06319239700777035,50.4,45–54，中性
2026-03-19,7909.23,-0.023140606107015516,-0.05118577335887742,-0.0400849079617599,0.08211019717939871,-0.07611519430336278,-0.07611519430336278,-0.07611519430336278,-0.07611519430336278,32.04,25–44，偏冷
2026-03-20,7783.43,-0.015905467409596086,-0.05245249437261168,-0.06390990555429266,0.08379864153213346,-0.09081001397059163,-0.09081001397059163,-0.09081001397059163,-0.09081001397059163,28.69,25–44，偏冷
2026-03-23,7409.11,-0.0480919080662382,-0.09769891674328834,-0.09698189968591675,0.01651451416842975,-0.1345346951934624,-0.1345346951934624,-0.1345346951934624,-0.1345346951934624,16.91,0–24，极冷
2026-03-24,7600.86,0.02588030141272024,-0.05224530104016778,-0.08420835758099332,0.045165282437709786,-0.11213619224281735,-0.1345346951934624,-0.11213619224281735,-0.1345346951934624,44.48,25–44，偏冷
2026-03-25,7751.18,0.019776709477611787,-0.04266116970230671,-0.08012384988482524,0.05748716542447885,-0.09457716766111735,-0.1345346951934624,-0.09457716766111735,-0.1345346951934624,50.07,45–54，中性
2026-03-26,7639.38,-0.01442361034061912,-0.03411836550460656,-0.1002565183696833,0.031185081698353878,-0.10763663378827315,-0.1345346951934624,-0.10763663378827315,-0.1345346951934624,28.27,25–44，偏冷
2026-03-27,7746.31,0.013997209197605054,-0.004769105651364458,-0.09514603707112845,0.04787200943669334,-0.09514603707112845,-0.1345346951934624,-0.09514603707112845,-0.1345346951934624,45.92,45–54，中性
2026-03-30,7767.93,0.0027910062984828343,0.04842956846368862,-0.08364309417162019,0.0348436929651843,-0.08364309417162019,-0.12597189797769714,-0.09262058396138695,-0.1345346951934624,37.8,25–44，偏冷
2026-03-31,7619.85,-0.019062993616059898,0.0024984014966729085,-0.06418215647624481,0.005339486870957755,-0.08891939169226393,-0.11411688605170311,-0.1099179519766752,-0.1345346951934624,27.07,25–44，偏冷
2026-04-01,7764.15,0.01893738065709938,0.001673293614649518,-0.04081403220944546,0.02085587723669491,-0.07166591140343859,-0.11411688605170311,-0.09306212941720682,-0.1345346951934624,43.21,25–44，偏冷
2026-04-02,7623.42,-0.018125615811131923,-0.002089174775963487,-0.06702875493200444,0.0038529606961139606,-0.0884925384377172,-0.11411688605170311,-0.10950093682395656,-0.1345346951934624,25.54,25–44，偏冷
2026-04-03,7536.6,-0.011388589373273361,-0.027072244720389493,-0.08634647696772646,-0.007989680544403854,-0.09887332262812476,-0.11411688605170311,-0.11964246499175313,-0.1345346951934624,21.77,0–24，极冷
2026-04-07,7606.02,0.009211050075630833,-0.02084339071026642,-0.07287414354444921,0.0014140360855690037,-0.09057299967836552,-0.11411688605170311,-0.1115334476523332,-0.1345346951934624,38.48,25–44，偏冷
2026-04-08,7955.77,0.045983313217688115,0.04408485731346423,-0.047223443100613216,0.026037287138825915,-0.04875453307395328,-0.11411688605170311,-0.07067881189229086,-0.1345346951934624,55.27,55–74，偏热
2026-04-09,7921.45,-0.004313850199289426,0.02025978374967008,-0.05285806352102529,0.0071901740645146095,-0.05285806352102529,-0.11411688605170311,-0.07468776428481316,-0.1345346951934624,35.82,25–44，偏冷
2026-04-10,7998.23,0.009692669902606088,0.049165597592681465,-0.04050907459413555,0.01161208233309119,-0.04050907459413555,-0.11118162264227904,-0.0657190182271834,-0.1345346951934624,52.1,45–54，中性
2026-04-13,8025.57,0.0034182562892040025,0.06487938858371134,-0.022974596708906225,0.0067715474579097545,-0.022974596708906225,-0.09802186190163742,-0.06252540638535475,-0.1345346951934624,55.95,55–74，偏热
2026-04-14,8144.76,0.014851281591214072,0.0708307367059251,-0.00810950696292334,0.0019165524690067937,-0.00810950696292334,-0.09769891674328834,-0.048602707210974594,-0.1345346951934624,64.71,55–74，偏热
2026-04-15,8106.16,-0.004739243390842751,0.018903261406501226,0.010760786347891349,-0.030016716505065877,-0.004739243390842751,-0.08490982006004999,-0.05311161054289071,-0.1345346951934624,54.3,45–54，中性
2026-04-16,8232.98,0.01564489227945165,0.03932739586818057,0.016845363294917926,0.0036388549248884683,0.0,-0.08490982006004999,-0.03829764368917077,-0.1345346951934624,72.19,55–74，偏热
2026-04-17,8307.44,0.009044112824275086,0.03865980348152043,0.05034750538295141,0.006088042271141347,0.0,-0.06323245119942145,-0.029599899075324343,-0.1345346951934624,65.11,55–74，偏热
2026-04-20,8357.81,0.006063239698390621,0.0413976826568081,0.07379522909565561,0.014201325602673398,0.0,-0.0480919080662382,-0.023716130660075496,-0.1345346951934624,71.35,55–74，偏热
2026-04-21,8351.16,-0.00079566297869893,0.02534144652512782,0.1271475251413463,0.014385264669192432,-0.00079566297869893,-0.029780134475980047,-0.02449292359161015,-0.1345346951934624,65.45,55–74，偏热
2026-04-22,8481.24,0.015576279223485034,0.04627098404176566,0.11582636701636395,0.02608264322830034,0.0,-0.029780134475980047,-0.009298152984987484,-0.1345346951934624,69.52,55–74，偏热
2026-04-23,8362.74,-0.013972013526323934,0.01576100026964733,0.07889895473979447,0.02199627264672621,-0.013972013526323934,-0.029780134475980047,-0.02314025259203545,-0.1345346951934624,59.46,55–74，偏热
2026-04-24,8304.14,-0.00700727273596935,-0.0003972342863747258,0.08701753283643421,0.006845561418483692,-0.02088138055284372,-0.029780134475980047,-0.02998537526691314,-0.1345346951934624,61.1,55–74，偏热
2026-04-27,8338.73,0.004165392201961993,-0.0022828946817408102,0.07647770357757433,0.0035357759632219654,-0.016802967490602838,-0.029780134475980047,-0.025944883913260885,-0.1345346951934624,66.5,55–74，偏热
2026-04-28,8226.69,-0.013436098782428352,-0.014904516258819056,0.059058204695459526,-0.028810942137286633,-0.030013299941989535,-0.030013299941989535,-0.03903238467253212,-0.1345346951934624,55.15,55–74，偏热
2026-04-29,8343.07,0.014146637347462798,-0.016291249864406665,0.09491262951370416,-0.0026729050389520115,-0.016291249864406665,-0.030013299941989535,-0.025437924315838245,-0.1345346951934624,70.88,55–74，偏热
2026-04-30,8381.95,0.004660155074810657,0.0022970940146411767,0.07957084806450165,-2.3860226791350136e-05,-0.011707014540326521,-0.030013299941989535,-0.020896313913120634,-0.1345346951934624,64.17,55–74，偏热
2026-05-06,8574.56,0.02297913969899601,0.03256447988593636,0.12476552518423478,0.020806472542765686,0.0,-0.030013299941989535,0.0,-0.1345346951934624,61.97,55–74，偏热
2026-05-07,8714.51,0.01632153719841023,0.045064416284014586,0.15629196189263062,0.045882184918527136,0.0,-0.030013299941989535,0.0,-0.1345346951934624,76.51,75–100，极热
2026-05-08,8741.15,0.0030569705009231285,0.06253547903227163,0.14924099594794638,0.05890953935015242,0.0,-0.030013299941989535,0.0,-0.1345346951934624,64.84,55–74，偏热
2026-05-11,8866.78,0.014372250790799956,0.06277185736185853,0.11450934353305842,0.1117619990395502,0.0,-0.030013299941989535,0.0,-0.1345346951934624,79.22,75–100，极热
2026-05-12,8821.89,-0.0050627172434639656,0.052486593215182564,0.11367110819357573,0.07464764712331418,-0.0050627172434639656,-0.030013299941989535,-0.0050627172434639656,-0.1345346951934624,56.33,55–74，偏热
2026-05-13,8955.45,0.01513961294008448,0.044420938217238026,0.11967897897409818,0.0911805846630731,0.0,-0.030013299941989535,0.0,-0.1345346951934624,77.42,75–100，极热
2026-05-14,8778.71,-0.01973546834609108,0.007367023504476933,0.09384255573124389,0.08807919604168513,-0.01973546834609108,-0.030013299941989535,-0.01973546834609108,-0.1345346951934624,51.87,45–54，中性
2026-05-15,8682.65,-0.010942382195106015,-0.006692483254491677,0.06604123387306671,0.0783797445715555,-0.03046189750375483,-0.03046189750375483,-0.03046189750375483,-0.1345346951934624,53.51,45–54，中性
2026-05-18,8720.21,0.004325868254507537,-0.016530239839039784,0.07575103378171644,0.059077361794946937,-0.026267803404630863,-0.03046189750375483,-0.026267803404630863,-0.1345346951934624,59.23,55–74，偏热
2026-05-19,8808.64,0.010140810829097013,-0.001501945728182963,0.06992121929119222,0.06767511484430866,-0.016393369400756086,-0.03046189750375483,-0.016393369400756086,-0.1345346951934624,66.79,55–74，偏热
2026-05-20,8808.91,3.065172376226499e-05,-0.016363220162024295,0.060363962905539914,0.06910605120935576,-0.016363220162024295,-0.03046189750375483,-0.016363220162024295,-0.1345346951934624,55.89,55–74，偏热
2026-05-21,8510.5,-0.033875927895732794,-0.03055232488600257,0.01826913988233758,0.023532651900279422,-0.049684828791406455,-0.049684828791406455,-0.049684828791406455,-0.1345346951934624,40.13,25–44，偏冷
2026-05-22,8692.67,0.0214053228364961,0.0011540255567137336,0.040893720153846846,0.059457660914363775,-0.029343025755266372,-0.049684828791406455,-0.029343025755266372,-0.1345346951934624,58.32,55–74，偏热
2026-05-25,8799.31,0.012267807244494389,0.00907088246728005,0.037502770821247866,0.060187210007024206,-0.017435193094707868,-0.049684828791406455,-0.017435193094707868,-0.1345346951934624,64.42,55–74，偏热
2026-05-26,8687.25,-0.012735089455877757,-0.013780787953645457,0.03880426750084309,0.030964844718875284,-0.02994824380684391,-0.049684828791406455,-0.02994824380684391,-0.1345346951934624,57.63,55–74，偏热
2026-05-27,8546.51,-0.016200753978531712,-0.029788021446467194,0.02918664666058146,0.006582558164185848,-0.045663813655371976,-0.049684828791406455,-0.045663813655371976,-0.1345346951934624,49.34,45–54，中性
2026-05-28,8637.74,0.010674532645489121,0.014950942952822954,0.03585797837320559,0.008982763373687641,-0.03547672087946452,-0.049684828791406455,-0.03547672087946452,-0.1345346951934624,67.27,55–74，偏热
2026-05-29,8408.74,-0.026511564367531326,-0.03266315182791946,0.022129191691919736,-0.008048866517163522,-0.061047741877851,-0.061047741877851,-0.061047741877851,-0.12597189797769714,44.46,25–44，偏冷
2026-06-01,8345.13,-0.007564748107326547,-0.05161541075379783,0.0002469115085932394,0.024891770904334587,-0.06815067919535045,-0.06815067919535045,-0.06815067919535045,-0.11411688605170311,58.32,55–74，偏热
2026-06-02,8384.78,0.004751274096389313,-0.034817692595470295,0.0003376302650337504,0.03585882794779671,-0.06372320765567341,-0.06815067919535045,-0.06372320765567341,-0.11411688605170311,54.28,45–54，中性
2026-06-03,8432.68,0.005712731878475097,-0.013318886890672288,-0.016546621634229486,0.032010299689638755,-0.05837450937697164,-0.06815067919535045,-0.05837450937697164,-0.11411688605170311,63.54,55–74，偏热
2026-06-04,8420.09,-0.0014930010388156667,-0.025197563251498578,-0.03378503209015771,0.020758019896082613,-0.05978035721264707,-0.06815067919535045,-0.05978035721264707,-0.11411688605170311,46.56,45–54，中性
2026-06-05,8340.96,-0.009397761781643754,-0.00806066069351663,-0.045782305531880896,0.016710406186348337,-0.06861631743798491,-0.06861631743798491,-0.06861631743798491,-0.11411688605170311,47.32,45–54，中性
2026-06-08,8081.26,-0.031135504786019674,-0.0316196392386936,-0.0885913488323834,-0.03219486257034354,-0.09761541854401512,-0.09761541854401512,-0.09761541854401512,-0.11411688605170311,29.67,25–44，偏冷
2026-06-09,8318.7,0.029381556836433953,-0.00788094619059776,-0.057038797808632746,-0.0053601768631188484,-0.0711019546756444,-0.09761541854401512,-0.0711019546756444,-0.11411688605170311,55.95,55–74，偏热
2026-06-10,8198.72,-0.014422926659213742,-0.027744441861899283,-0.08449938305724458,-0.016457711275673637,-0.08449938305724458,-0.09761541854401512,-0.08449938305724458,-0.11118162264227904,29.4,25–44，偏冷
2026-06-11,8159.45,-0.004789772061980391,-0.030954538490681305,-0.0705411159498377,-0.0066761704298242686,-0.0737276235084704,-0.082603863588117,-0.08888442233500282,-0.09802186190163742,29.34,25–44，偏冷
2026-06-12,8202.8,0.005312858097052953,-0.01656404059005201,-0.055265385567770275,-0.0010412416959453275,-0.0688064698129508,-0.082603863588117,-0.0840437945608542,-0.09769891674328834,53.74,45–54，中性
2026-06-15,8521.23,0.03881967133174036,0.05444324276164858,-0.022818257817185494,0.06251605389620263,-0.03265784302484642,-0.082603863588117,-0.04848667571143839,-0.09761541854401512,61.45,55–74，偏热
2026-06-16,8646.4,0.01468919393092305,0.03939317441427126,-0.01841828023395209,0.06790636551931106,-0.018448366483480916,-0.082603863588117,-0.03450971196310637,-0.09761541854401512,63.44,55–74，偏热
2026-06-17,8704.47,0.006716089933382685,0.061686458373990005,-0.011856177438525406,0.10054581798733886,-0.011856177438525406,-0.082603863588117,-0.02802539235884305,-0.09761541854401512,58.62,55–74，偏热
2026-06-18,8771.02,0.00764549708368234,0.07495235585731885,0.030611597438458427,0.12688364898251803,-0.0032150248144455773,-0.0816029893252993,-0.020594163330709292,-0.09761541854401512,64.82,55–74，偏热
2026-06-22,8865.68,0.010792359383515304,0.0808114302433316,0.01990297572552513,0.1965917633831864,0.0,-0.0816029893252993,-0.010024063559061824,-0.09761541854401512,74.44,55–74，偏热
2026-06-23,8680.04,-0.02093917217855812,0.018636980811455706,-0.013554471884727137,0.1419813021158134,-0.02093917217855812,-0.0816029893252993,-0.030753340144828,-0.09761541854401512,47.51,45–54，中性
2026-06-24,8793.49,0.013070216266284351,0.01701170429311616,0.012229416673861015,0.13447113858793114,-0.00814263542108451,-0.06975625197847413,-0.01808507668514714,-0.09761541854401512,60.28,55–74，偏热
2026-06-25,8825.92,0.003687955521641584,0.013952601364586315,0.03269287697551393,0.1553188871348199,-0.004484709576704771,-0.06442425912333549,-0.014463818121925875,-0.09761541854401512,63.48,55–74，偏热
2026-06-26,8601.41,-0.025437574779739736,-0.019337545690239044,-0.004205961281538939,0.11038804282296977,-0.029808204221221657,-0.06442425912333549,-0.03953346844658845,-0.09761541854401512,40.39,25–44，偏冷
2026-06-29,8597.89,-0.0004092352300378854,-0.030205240883948048,0.022494452200924275,0.1068444231603527,-0.030205240883948048,-0.041673584198617775,-0.039926525188572426,-0.09761541854401512,46.22,45–54，中性
2026-06-30,8809.79,0.02464558164852093,0.014948087796830434,0.0556803788556921,0.15616317906520472,-0.00630408496584578,-0.041673584198617775,-0.016264955976528217,-0.09761541854401512,71.18,55–74，偏热
2026-07-01,8876.63,0.007587013992387925,0.009454721617924156,0.05865985750371494,0.14328419723987817,0.0,-0.041673584198617775,-0.00880134443271996,-0.09761541854401512,64.08,55–74，偏热
2026-07-02,8625.33,-0.028310293433431277,-0.022727375729668986,0.022845643377905844,0.13142526582557434,-0.028310293433431277,-0.041673584198617775,-0.03686246922265224,-0.09761541854401512,45.64,45–54，中性
2026-07-03,8620.79,-0.0005263566727300439,0.002253118965378942,0.023835849735573067,0.1438566462330495,-0.028821748794305768,-0.040240662510733216,-0.0373694230887337,-0.09761541854401512,64.46,55–74，偏热
2026-07-06,8472.6,-0.01718983991026346,-0.014572179918561301,0.01578235598780009,0.11393343693548008,-0.04551614745686128,-0.04551614745686128,-0.05391688859856292,-0.09761541854401512,44.6,25–44，偏冷
2026-07-07,8301.8,-0.020159101102377175,-0.05766198740265105,0.02729029879004008,0.04349421866142422,-0.0647576839408649,-0.0647576839408649,-0.07298907369255614,-0.09761541854401512,36.71,25–44，偏冷
2026-07-08,8117.86,-0.02215664072851664,-0.08547951193189307,-0.024143195451212462,0.024794702989982875,-0.08547951193189307,-0.08547951193189307,-0.09352852173815951,-0.09761541854401512,45.81,45–54，中性
2026-07-09,8300.08,0.022446802482427586,-0.03770870215980138,0.012362905429140314,0.037739599886474906,-0.06495145117009493,-0.08547951193189307,-0.07318113550966177,-0.09761541854401512,51.51,45–54，中性
2026-07-10,8198.31,-0.012261327601661764,-0.049007109557244855,0.0047625759089153785,0.021523704858346537,-0.07641638775075676,-0.08547951193189307,-0.084545165234578,-0.09761541854401512,53.65,45–54，中性
2026-07-13,7787.85,-0.050066416127226065,-0.0808193470717371,-0.050586385136782486,-0.04382081239962865,-0.12265690920991401,-0.12265690920991401,-0.13037870793762463,-0.13037870793762463,23.09,0–24，极冷
2026-07-14,7925.12,0.017626174104534487,-0.04537329253896738,-0.06995586317937663,-0.022333632694148675,-0.1071927071422375,-0.12265690920991401,-0.11505061163872288,-0.13037870793762463,44.35,25–44，偏冷
2026-07-15,7817.83,-0.013537965355729598,-0.03695924788059901,-0.09582832161361954,-0.05042524092127021,-0.1192795013422886,-0.12265690920991401,-0.12703102579993197,-0.13037870793762463,29.51,25–44，偏冷
2026-07-16,7631.76,-0.023800722195289503,-0.08051970583416057,-0.12323668184277725,-0.08133432200533497,-0.14024128526253754,-0.14024128526253754,-0.1478083178399746,-0.1478083178399746,24.25,0–24，极冷
2026-07-17,7168.0,-0.06076711007683677,-0.12567346196960105,-0.18276323620285895,-0.142359062960273,-0.19248633772050872,-0.19248633772050872,-0.19959354359635761,-0.19959354359635761,9.39,0–24，极冷
2026-07-20,6965.38,-0.028267299107142874,-0.10560937871171117,-0.21434340061901624,-0.16593862409533522,-0.21531256794526743,-0.21531256794526743,-0.2222188723068076,-0.2222188723068076,10.15,0–24，极冷
2026-07-21,7259.86,0.042277664678739724,-0.08394320843091341,-0.1636144533896159,-0.1440096023694648,-0.18213781581523614,-0.21531256794526743,-0.18933610259674283,-0.2222188723068076,34.09,25–44，偏冷
2026-07-22,7158.76,-0.013925888378012674,-0.0843034448178075,-0.18590229817740167,-0.14396956021591,-0.1935272733007909,-0.21531256794526743,-0.20062531754406543,-0.2222188723068076,19.9,0–24，极冷
2026-07-23,7195.5,0.005132173728411127,-0.05716374728765061,-0.18473088357927558,-0.13350449293966615,-0.1893883151601452,-0.21531256794526743,-0.19652278779960808,-0.2222188723068076,35.37,25–44，偏冷
2026-07-24,6995.69,-0.027768744354110253,-0.024038783482142945,-0.18668102090238692,-0.161060497221999,-0.2118979838069177,-0.21531256794526743,-0.21883434109955402,-0.2222188723068076,16.63,0–24，极冷
2026-07-28,7026.28,-0.028013025711115858,-0.032174174157628355,-0.2024463693232189,-0.15783039097118923,-0.20845185616613504,-0.21531256794526743,-0.21541854401509708,-0.2222188723068076,20.97,0–24，极冷
2026-07-29,7095.19,0.009807465685967465,-0.008880029502316145,-0.20068877490669312,-0.15351559004766202,-0.20068877490669312,-0.21531256794526743,-0.20772378830767868,-0.2222188723068076,33.97,25–44，偏冷
2026-07-30,6900.66,-0.027417165713673586,-0.0409756097560976,-0.19995408871312748,-0.19521701405086667,-0.19995408871312748,-0.19995408871312748,-0.2294457564946486,-0.2294457564946486,19.53,0–24，极冷
2026-07-31,7075.51,0.02533815606043488,0.011409882370430946,-0.17925039352541938,-0.18807712653953002,-0.17925039352541938,-0.19953275743870347,-0.20992133281967973,-0.2294457564946486,41.67,25–44，偏冷
2026-08-03,7079.78,0.0006034900664404486,-0.020612053486203763,-0.16439109600358814,-0.1900630923848693,-0.16439109600358814,-0.1855321861057999,-0.20944452819232995,-0.2294457564946486,33.69,25–44，偏冷
2026-08-04,7279.19,0.028166129456000055,0.03599486499257076,-0.12317931051097353,-0.17904921516040784,-0.12317931051097353,-0.16877544628875663,-0.18717764043124585,-0.2294457564946486,36.59,25–44，偏冷
2026-08-05,7493.05,0.02937964251517,0.05607460829096911,-0.0769673288280408,-0.1506298536934828,-0.0972315929485017,-0.16860319418608016,-0.16329721007877884,-0.2294457564946486,40.26,25–44，偏冷
2026-08-06,7530.43,0.004988622790452535,0.09126228505679168,-0.09272802189858409,-0.1591232154721427,-0.09272802189858409,-0.16860319418608016,-0.1591232154721427,-0.2294457564946486,31.08,25–44，偏冷
2026-08-07,7679.53,0.019799666154522333,0.08536769787619547,-0.06327889528451591,-0.12520974038326815,-0.06327889528451591,-0.15828262166226936,-0.13485973843677157,-0.22260362322187577,38.9,25–44，偏冷
2026-08-10,7733.9,0.00707986035603736,0.09239270146812473,-0.0069274575139480765,-0.10926963542236534,-0.024128341274327725,-0.12926744326899786,-0.1287346661965182,-0.22260362322187577,43.29,25–44，偏冷
2026-08-11,7698.05,-0.004635436196485543,0.05754211663660391,-0.02865193208430905,-0.11721736059108656,-0.02865193208430905,-0.12926744326899786,-0.1327733610615739,-0.22260362322187577,33.64,25–44，偏冷
2026-08-12,7793.72,0.012427822630406427,0.04012651723930838,-0.0030839759882217432,-0.11521869437279753,-0.0030839759882217432,-0.11731772115791728,-0.12199562221248372,-0.22260362322187577,50.99,45–54，中性
2026-08-13,7715.89,-0.009986245335988464,0.024628075687576967,0.011023669507426836,-0.12408118598101237,-0.009986245335988464,-0.0957970376426932,-0.13076358933514176,-0.22260362322187577,41.94,25–44，偏冷
2026-08-14,7769.82,0.0069894723745413945,0.011757229934644453,0.0839592633928572,-0.0870313142588568,-0.0030665715473484623,-0.04947753813434419,-0.1246880854558543,-0.22260362322187577,37.25,25–44，偏冷
2026-08-17,7968.38,0.02555528956912778,0.03031846804328997,0.14399788669103475,-0.08332192525426596,0.0,-0.04947753813434419,-0.10231923601637094,-0.22260362322187577,64.24,55–74，偏热
2026-08-18,7945.96,-0.0028136208363557236,0.032204259520268064,0.09450595466028267,-0.09697919495960472,-0.0028136208363557236,-0.04947753813434419,-0.104844969318311,-0.22260362322187577,53.95,45–54，中性
2026-08-19,7517.77,-0.0538877618311695,-0.035406712070744084,0.050149746604160494,-0.134620276842499,-0.056549762938012504,-0.056549762938012504,-0.1530828704136591,-0.22260362322187577,31.49,25–44，偏冷
2026-08-20,7589.78,0.009578638346211532,-0.016344193605663193,0.05479535820999226,-0.11194393969000216,-0.047512794319548024,-0.056549762938012504,-0.14497055752013988,-0.22260362322187577,41.29,25–44，偏冷
2026-08-21,7601.8,0.0015837086186951677,-0.021624696582417502,0.0866404886437222,-0.11993183402139906,-0.04600433212271504,-0.056549762938012504,-0.14361644002284646,-0.22260362322187577,41.8,25–44，偏冷
2026-08-24,7491.49,-0.014511036859691129,-0.05984779842326804,0.03634223202255438,-0.10908293037958128,-0.05984779842326804,-0.05984779842326804,-0.15604345342770842,-0.22260362322187577,32.44,25–44，偏冷
2026-08-25,7527.5,0.004806787434809445,-0.052663240187466376,0.07133504500247656,-0.09797690389484637,-0.05532868663392054,-0.05984779842326804,-0.15198673370411964,-0.22260362322187577,48.7,45–54，中性
2026-08-26,7544.67,0.0022809697774826,0.0035781887448005367,0.0633499596205318,-0.10019463838049425,-0.05317391991847775,-0.05984779842326804,-0.15005244107279447,-0.22260362322187577,43.39,25–44，偏冷
2026-08-27,7732.95,0.024955365841050625,0.018863524370930307,0.12061020250236942,-0.08297836512235734,-0.02954552870219551,-0.05984779842326804,-0.128841688794058,-0.22260362322187577,56.94,55–74，偏热
2026-08-28,7705.03,-0.0036105237975158078,0.013579678497197989,0.08897167836664766,-0.08492308276989913,-0.03304937766522187,-0.05984779842326804,-0.13198702660807082,-0.22260362322187577,56.93,55–74，偏热
2026-08-31,7770.42,0.00848666390656505,0.03723291361264591,0.09755105384630602,-0.06840219830810834,-0.02484319271922275,-0.05984779842326804,-0.1246204922363554,-0.22260362322187577,57.79,55–74，偏热
2026-09-01,7691.37,-0.010173195271298119,0.02176951179010289,0.0566244321140128,-0.048246189331861644,-0.03476365333982567,-0.05984779842326804,-0.13352589890532773,-0.22260362322187577,53.1,45–54，中性
2026-09-02,7583.76,-0.013991005503570797,0.005181141123468569,0.012105884786568932,-0.08834793898085047,-0.04826828037819475,-0.05984779842326804,-0.1456487428224449,-0.22260362322187577,46.33,45–54，中性
2026-09-03,7600.1,0.0021546040486513096,-0.01717973089183289,0.009251795714188882,-0.07301383630615499,-0.046217675361867716,-0.05984779842326804,-0.14380795414475978,-0.22260362322187577,41.0,25–44，偏冷
2026-09-04,7508.09,-0.012106419652373024,-0.025559926437664693,-0.022324282866269085,-0.07982891003682846,-0.057764564440952904,-0.05984779842326804,-0.15417337435490708,-0.22260362322187577,36.19,25–44，偏冷
2026-09-07,7639.36,0.017483807466346146,-0.016866527163267975,-0.012224104268221736,-0.06868874043009698,-0.04129070149766956,-0.05984779842326804,-0.13938510448221897,-0.22260362322187577,47.35,45–54，中性
2026-09-08,7659.61,0.0026507456121978024,-0.004129303362079839,-0.004993472372873731,-0.10111451046386499,-0.03874940703129126,-0.05984779842326804,-0.13710383332413312,-0.22260362322187577,43.01,25–44，偏冷
2026-09-09,7648.8,-0.0014112990086961874,0.008576220766479903,-0.018594458102164313,-0.11537749814951881,-0.04010601904025657,-0.05984779842326804,-0.1383216378287705,-0.22260362322187577,39.31,25–44，偏冷
2026-09-10,7587.75,-0.007981644179479108,-0.0016249786187024773,-0.016607287040121155,-0.12829270478271504,-0.047767551246301054,-0.05984779842326804,-0.1451992479127776,-0.22260362322187577,34.82,25–44，偏冷
2026-09-11,7427.24,-0.021153833481598605,-0.010768384502583217,-0.044091111505800695,-0.15320681061039654,-0.06791091790301174,-0.06791091790301174,-0.16328156068237598,-0.22260362322187577,27.61,25–44，偏冷
2026-09-14,7468.3,0.005528298533506337,-0.022391928119632976,-0.06275805119735756,-0.15761678743198493,-0.06275805119735756,-0.06791091790301174,-0.1586559313613386,-0.22260362322187577,37.56,25–44，偏冷
2026-09-15,7437.7,-0.004097317997402428,-0.028971448938000743,-0.06396458074291844,-0.143126068543463,-0.06396458074291844,-0.06528097297242874,-0.16210318555577952,-0.22260362322187577,28.17,25–44，偏冷
2026-09-16,7587.43,0.020131223362060968,-0.008023480807446859,0.009266045649175103,-0.1371537353201061,-0.02354956360145266,-0.04416492287418183,-0.14523529762984366,-0.22260362322187577,47.7,45–54，中性
2026-09-17,7548.82,-0.005088679566071841,-0.00513063819972992,-0.005396730867034405,-0.14469879627279658,-0.028518406984435862,-0.04416492287418183,-0.1495849213045941,-0.22260362322187577,43.72,25–44，偏冷
2026-09-18,7687.59,0.018383005555835386,0.03505339803210883,0.011285485016706565,-0.10624072099806892,-0.010659655462639028,-0.04416492287418183,-0.13395173618817047,-0.22260362322187577,54.55,45–54，中性
