date,fear_greed_index
1993-08-27,31.40
1993-08-30,39.35
1993-08-31,31.90
1993-09-01,25.61
1993-09-02,32.86
1993-09-03,49.07
1993-09-06,35.03
1993-09-07,26.02
1993-09-08,34.68
1993-09-09,28.41
1993-09-10,26.49
1993-09-13,17.72
1993-09-14,29.12
1993-09-15,34.68
1993-09-16,19.55
1993-09-20,80.97
1993-09-21,72.29
1993-09-22,70.38
1993-09-23,35.66
1993-09-24,29.24
1993-09-27,36.07
1993-09-28,45.90
1993-09-29,73.52
1993-09-30,73.88
1993-10-04,80.91
1993-10-05,63.61
1993-10-06,65.75
1993-10-07,61.28
1993-10-08,45.19
1993-10-11,42.43
1993-10-12,45.23
1993-10-13,40.02
1993-10-14,40.85
1993-10-15,52.32
1993-10-18,43.05
1993-10-19,57.92
1993-10-20,57.25
1993-10-21,49.28
1993-10-22,41.33
1993-10-25,40.85
1993-10-26,51.82
1993-10-27,51.67
1993-10-28,65.10
1993-10-29,46.56
1993-11-01,54.12
1993-11-02,55.83
1993-11-03,48.84
1993-11-04,49.00
1993-11-05,61.95
1993-11-08,62.80
1993-11-09,45.94
1993-11-10,58.20
1993-11-11,60.97
1993-11-12,66.25
1993-11-15,68.34
1993-11-16,49.84
1993-11-17,65.02
1993-11-18,68.12
1993-11-19,65.19
1993-11-22,66.47
1993-11-23,59.25
1993-11-24,54.58
1993-11-25,63.58
1993-11-26,54.93
1993-11-29,56.17
1993-11-30,62.93
1993-12-01,62.01
1993-12-02,39.35
1993-12-03,49.99
1993-12-06,57.98
1993-12-07,50.91
1993-12-08,52.90
1993-12-09,45.51
1993-12-10,60.70
1993-12-13,35.47
1993-12-14,45.61
1993-12-15,60.33
1993-12-16,40.03
1993-12-17,40.76
1993-12-20,30.98
1993-12-21,55.25
1993-12-22,39.23
1993-12-23,52.80
1993-12-24,55.75
1993-12-27,75.72
1993-12-28,45.31
1993-12-29,43.24
1993-12-30,51.42
1993-12-31,50.26
1994-01-03,71.43
1994-01-04,46.78
1994-01-05,55.66
1994-01-06,65.15
1994-01-07,60.85
1994-01-10,61.99
1994-01-11,64.18
1994-01-12,49.29
1994-01-13,60.99
1994-01-14,37.90
1994-01-17,45.74
1994-01-18,65.02
1994-01-19,34.50
1994-01-20,37.47
1994-01-21,53.98
1994-01-24,55.31
1994-01-25,40.86
1994-01-26,44.18
1994-01-27,55.78
1994-01-28,46.35
1994-01-31,34.42
1994-02-01,41.79
1994-02-02,58.91
1994-02-03,81.50
1994-02-04,83.24
1994-02-14,57.83
1994-02-15,63.02
1994-02-16,65.83
1994-02-17,56.81
1994-02-18,64.65
1994-02-21,53.98
1994-02-22,81.07
1994-02-23,62.38
1994-02-24,79.72
1994-02-25,81.04
1994-02-28,66.26
1994-03-01,61.56
1994-03-02,58.69
1994-03-03,66.12
1994-03-04,43.96
1994-03-07,31.83
1994-03-08,27.19
1994-03-09,33.91
1994-03-10,23.56
1994-03-11,41.20
1994-03-14,87.22
1994-03-15,26.04
1994-03-16,38.40
1994-03-17,49.70
1994-03-18,50.35
1994-03-21,44.38
1994-03-22,38.53
1994-03-23,23.91
1994-03-24,31.44
1994-03-25,35.05
1994-03-28,39.28
1994-03-29,55.13
1994-03-30,45.92
1994-03-31,38.09
1994-04-01,36.16
1994-04-04,45.71
1994-04-05,46.65
1994-04-06,48.56
1994-04-07,41.34
1994-04-08,54.18
1994-04-11,40.32
1994-04-12,49.26
1994-04-13,41.39
1994-04-14,30.73
1994-04-15,38.98
1994-04-18,29.32
1994-04-19,23.40
1994-04-20,22.76
1994-04-21,76.72
1994-04-22,60.35
1994-04-25,63.66
1994-04-26,79.46
1994-04-27,86.24
1994-04-28,69.03
1994-04-29,76.28
1994-05-03,89.54
1994-05-04,80.26
1994-05-05,67.12
1994-05-06,76.03
1994-05-09,81.15
1994-05-10,89.38
1994-05-11,72.38
1994-05-12,66.16
1994-05-13,88.53
1994-05-16,83.34
1994-05-17,69.28
1994-05-18,72.35
1994-05-19,79.41
1994-05-20,78.60
1994-05-23,64.38
1994-05-24,76.10
1994-05-25,70.87
1994-05-26,19.01
1994-05-27,21.72
1994-05-30,16.98
1994-05-31,41.57
1994-06-01,18.84
1994-06-02,25.08
1994-06-03,32.04
1994-06-06,20.29
1994-06-07,20.31
1994-06-08,33.03
1994-06-09,21.17
1994-06-10,22.90
1994-06-13,20.21
1994-06-14,32.80
1994-06-15,42.79
1994-06-16,54.38
1994-06-17,80.35
1994-06-20,30.69
1994-06-21,34.96
1994-06-22,49.21
1994-06-23,34.25
1994-06-24,32.73
1994-06-27,45.11
1994-06-28,51.16
1994-06-29,49.78
1994-06-30,59.78
1994-07-01,45.09
1994-07-04,46.10
1994-07-05,62.14
1994-07-06,46.62
1994-07-07,54.55
1994-07-08,63.64
1994-07-11,44.33
1994-07-12,49.15
1994-07-13,61.37
1994-07-14,46.46
1994-07-15,40.73
1994-07-18,29.42
1994-07-19,40.89
1994-07-20,30.23
1994-07-21,31.27
1994-07-22,32.98
1994-07-25,73.32
1994-07-26,79.76
1994-07-27,52.59
1994-07-28,48.37
1994-07-29,53.60
1994-08-01,98.57
1994-08-02,80.67
1994-08-03,97.76
1994-08-04,92.09
1994-08-05,98.30
1994-08-08,86.21
1994-08-09,70.99
1994-08-10,96.41
1994-08-11,75.67
1994-08-12,85.46
1994-08-15,71.14
1994-08-16,91.65
1994-08-17,92.04
1994-08-18,93.89
1994-08-19,69.81
1994-08-22,68.78
1994-08-23,88.88
1994-08-24,72.26
1994-08-25,30.36
1994-08-26,37.10
1994-08-29,26.93
1994-08-30,40.58
1994-08-31,41.64
1994-09-01,43.05
1994-09-02,48.88
1994-09-05,65.48
1994-09-06,93.78
1994-09-07,25.08
1994-09-08,92.43
1994-09-09,27.30
1994-09-12,89.96
1994-09-13,82.25
1994-09-14,40.82
1994-09-15,37.52
1994-09-16,46.03
1994-09-19,65.87
1994-09-20,42.61
1994-09-21,86.99
1994-09-22,38.53
1994-09-23,37.36
1994-09-26,81.37
1994-09-27,74.04
1994-09-28,87.35
1994-09-29,19.42
1994-09-30,17.53
1994-10-05,15.82
1994-10-06,16.49
1994-10-07,42.75
1994-10-10,20.36
1994-10-11,39.14
1994-10-12,38.97
1994-10-13,16.61
1994-10-14,41.55
1994-10-17,17.00
1994-10-18,38.76
1994-10-19,41.08
1994-10-20,59.73
1994-10-21,29.47
1994-10-24,61.77
1994-10-25,25.44
1994-10-26,26.88
1994-10-27,49.80
1994-10-28,26.33
1994-10-31,55.13
1994-11-01,76.17
1994-11-02,59.22
1994-11-03,82.48
1994-11-04,55.39
1994-11-07,66.45
1994-11-08,82.97
1994-11-09,81.77
1994-11-10,62.17
1994-11-11,84.20
1994-11-14,69.35
1994-11-15,55.30
1994-11-16,68.82
1994-11-17,51.95
1994-11-18,58.31
1994-11-21,41.46
1994-11-22,37.77
1994-11-23,34.13
1994-11-24,40.65
1994-11-25,51.19
1994-11-28,40.70
1994-11-29,59.15
1994-11-30,52.93
1994-12-01,59.28
1994-12-02,47.52
1994-12-05,44.96
1994-12-06,46.05
1994-12-07,52.96
1994-12-08,44.45
1994-12-09,49.57
1994-12-12,45.06
1994-12-13,64.89
1994-12-14,54.00
1994-12-15,75.58
1994-12-16,68.27
1994-12-19,47.96
1994-12-20,63.51
1994-12-21,58.37
1994-12-22,49.95
1994-12-23,56.28
1994-12-26,55.75
1994-12-27,56.07
1994-12-28,48.84
1994-12-29,50.65
1994-12-30,58.16
1995-01-03,55.28
1995-01-04,63.56
1995-01-05,49.26
1995-01-06,55.06
1995-01-09,44.63
1995-01-10,41.63
1995-01-11,56.25
1995-01-12,46.68
1995-01-13,46.23
1995-01-16,39.00
1995-01-17,42.90
1995-01-18,59.62
1995-01-19,30.92
1995-01-20,41.61
1995-01-23,35.96
1995-01-24,49.63
1995-01-25,53.86
1995-01-26,46.57
1995-01-27,71.68
1995-02-13,42.32
1995-02-14,35.94
1995-02-15,31.11
1995-02-16,30.20
1995-02-17,63.53
1995-02-20,34.61
1995-02-21,45.42
1995-02-22,56.20
1995-02-23,63.48
1995-02-24,48.05
1995-02-27,60.34
1995-02-28,57.69
1995-03-01,66.01
1995-03-02,59.69
1995-03-03,75.41
1995-03-06,76.77
1995-03-07,77.17
1995-03-08,68.25
1995-03-09,56.19
1995-03-10,53.52
1995-03-13,54.66
1995-03-14,60.35
1995-03-15,49.47
1995-03-16,57.42
1995-03-17,60.11
1995-03-20,54.00
1995-03-21,58.38
1995-03-22,74.39
1995-03-23,58.29
1995-03-24,59.23
1995-03-27,75.41
1995-03-28,53.99
1995-03-29,63.53
1995-03-30,59.73
1995-03-31,65.04
1995-04-03,60.74
1995-04-04,46.46
1995-04-05,42.84
1995-04-06,68.75
1995-04-07,67.57
1995-04-10,55.32
1995-04-11,35.38
1995-04-12,68.98
1995-04-13,35.76
1995-04-14,70.15
1995-04-17,68.51
1995-04-18,59.03
1995-04-19,65.71
1995-04-20,71.11
1995-04-21,63.79
1995-04-24,53.53
1995-04-25,64.22
1995-04-26,47.47
1995-04-27,39.63
1995-04-28,59.75
1995-05-02,53.52
1995-05-03,52.60
1995-05-04,54.29
1995-05-05,58.53
1995-05-08,52.87
1995-05-09,62.02
1995-05-10,45.30
1995-05-11,58.68
1995-05-12,64.39
1995-05-15,52.82
1995-05-16,54.07
1995-05-17,63.83
1995-05-18,94.05
1995-05-19,94.33
1995-05-22,91.19
1995-05-23,67.13
1995-05-24,75.53
1995-05-25,66.39
1995-05-26,84.45
1995-05-29,64.74
1995-05-30,67.59
1995-05-31,60.81
1995-06-01,73.22
1995-06-02,70.27
1995-06-05,57.08
1995-06-06,64.25
1995-06-07,82.83
1995-06-08,58.29
1995-06-09,77.38
1995-06-12,67.70
1995-06-13,67.64
1995-06-14,58.18
1995-06-15,55.46
1995-06-16,32.88
1995-06-19,26.89
1995-06-20,33.68
1995-06-21,46.44
1995-06-22,27.63
1995-06-23,38.38
1995-06-26,52.28
1995-06-27,30.54
1995-06-28,31.28
1995-06-29,33.32
1995-06-30,32.26
1995-07-03,29.31
1995-07-04,60.57
1995-07-05,68.06
1995-07-06,61.06
1995-07-07,59.86
1995-07-10,49.55
1995-07-11,34.65
1995-07-12,47.60
1995-07-13,56.03
1995-07-14,40.13
1995-07-17,65.92
1995-07-18,55.22
1995-07-19,41.55
1995-07-20,57.58
1995-07-21,53.29
1995-07-24,59.38
1995-07-25,40.47
1995-07-26,45.90
1995-07-27,57.86
1995-07-28,47.15
1995-07-31,41.24
1995-08-01,60.76
1995-08-02,46.25
1995-08-03,50.51
1995-08-07,61.48
1995-08-08,48.80
1995-08-09,56.02
1995-08-10,59.25
1995-08-11,60.14
1995-08-14,67.88
1995-08-15,73.44
1995-08-16,63.32
1995-08-17,63.01
1995-08-18,67.06
1995-08-21,68.80
1995-08-22,50.98
1995-08-23,45.53
1995-08-24,56.81
1995-08-25,42.68
1995-08-28,43.96
1995-08-29,41.33
1995-08-30,41.29
1995-08-31,56.11
1995-09-04,56.78
1995-09-05,49.84
1995-09-06,59.56
1995-09-07,53.17
1995-09-08,45.18
1995-09-11,62.00
1995-09-12,53.77
1995-09-13,54.62
1995-09-14,49.95
1995-09-15,53.44
1995-09-18,65.08
1995-09-19,39.94
1995-09-20,42.53
1995-09-21,55.99
1995-09-22,56.72
1995-09-25,48.48
1995-09-26,60.04
1995-09-27,50.09
1995-09-28,54.83
1995-09-29,51.39
1995-10-04,63.89
1995-10-05,43.18
1995-10-06,64.54
1995-10-09,52.37
1995-10-10,62.47
1995-10-11,63.49
1995-10-12,53.25
1995-10-13,60.28
1995-10-16,57.72
1995-10-17,71.12
1995-10-18,73.23
1995-10-19,43.22
1995-10-20,67.66
1995-10-23,62.80
1995-10-24,59.47
1995-10-25,73.37
1995-10-26,51.89
1995-10-27,50.21
1995-10-30,51.91
1995-10-31,56.31
1995-11-01,62.87
1995-11-02,54.79
1995-11-03,64.75
1995-11-06,64.00
1995-11-07,49.21
1995-11-08,42.36
1995-11-09,49.50
1995-11-10,44.62
1995-11-13,36.55
1995-11-14,45.84
1995-11-15,52.10
1995-11-16,45.45
1995-11-20,55.45
1995-11-21,60.14
1995-11-22,42.71
1995-11-23,47.17
1995-11-24,54.77
1995-11-27,43.30
1995-11-28,58.54
1995-11-29,46.68
1995-11-30,54.00
1995-12-01,50.00
1995-12-04,58.47
1995-12-05,62.28
1995-12-06,58.74
1995-12-07,62.63
1995-12-08,66.68
1995-12-11,45.20
1995-12-12,50.99
1995-12-13,48.26
1995-12-14,63.28
1995-12-15,46.51
1995-12-18,44.76
1995-12-19,59.16
1995-12-20,70.97
1995-12-21,59.87
1995-12-22,55.21
1995-12-25,49.01
1995-12-26,58.39
1995-12-27,58.70
1995-12-28,48.93
1995-12-29,64.31
1996-01-02,48.05
1996-01-03,59.62
1996-01-04,45.23
1996-01-05,26.60
1996-01-08,35.60
1996-01-09,55.28
1996-01-10,29.74
1996-01-11,33.94
1996-01-12,41.61
1996-01-15,48.75
1996-01-16,37.73
1996-01-17,28.28
1996-01-18,30.64
1996-01-19,41.32
1996-01-22,26.93
1996-01-23,40.09
1996-01-24,41.45
1996-01-25,40.95
1996-01-26,54.68
1996-01-29,55.53
1996-01-30,53.75
1996-01-31,46.92
1996-02-01,43.88
1996-02-02,41.11
1996-02-05,31.07
1996-02-06,34.41
1996-02-07,39.62
1996-02-08,62.57
1996-02-09,46.51
1996-02-12,44.32
1996-02-13,52.54
1996-02-14,41.87
1996-02-15,58.54
1996-02-16,60.69
1996-03-04,74.08
1996-03-05,58.92
1996-03-06,41.28
1996-03-07,58.89
1996-03-08,68.35
1996-03-11,51.35
1996-03-12,56.41
1996-03-13,48.20
1996-03-14,49.00
1996-03-15,56.74
1996-03-18,63.56
1996-03-19,57.33
1996-03-20,68.00
1996-03-21,65.61
1996-03-22,62.72
1996-03-25,66.95
1996-03-26,51.14
1996-03-27,54.42
1996-03-28,51.68
1996-03-29,55.48
1996-04-02,46.38
1996-04-03,59.36
1996-04-04,62.57
1996-04-05,76.42
1996-04-08,70.14
1996-04-09,59.11
1996-04-10,69.79
1996-04-11,64.15
1996-04-12,64.11
1996-04-15,64.03
1996-04-16,67.22
1996-04-17,60.79
1996-04-18,61.53
1996-04-19,60.08
1996-04-22,57.20
1996-04-23,67.65
1996-04-24,78.28
1996-04-25,64.50
1996-04-26,90.90
1996-04-29,88.12
1996-04-30,70.51
1996-05-02,69.69
1996-05-03,73.28
1996-05-06,46.24
1996-05-07,41.50
1996-05-08,37.41
1996-05-09,33.07
1996-05-10,44.22
1996-05-13,49.45
1996-05-14,37.83
1996-05-15,53.81
1996-05-16,46.03
1996-05-17,67.67
1996-05-20,39.20
1996-05-21,25.48
1996-05-22,40.00
1996-05-23,24.87
1996-05-24,42.09
1996-05-27,35.47
1996-05-28,49.38
1996-05-29,49.64
1996-05-30,35.75
1996-05-31,86.35
1996-06-03,58.35
1996-06-04,83.58
1996-06-05,59.75
1996-06-06,77.47
1996-06-07,79.15
1996-06-10,73.38
1996-06-11,72.49
1996-06-12,78.39
1996-06-13,79.83
1996-06-14,71.40
1996-06-17,39.92
1996-06-18,66.86
1996-06-19,62.35
1996-06-20,74.26
1996-06-21,68.84
1996-06-24,72.47
1996-06-25,64.07
1996-06-26,72.07
1996-06-27,69.81
1996-06-28,39.85
1996-07-01,31.29
1996-07-02,51.50
1996-07-03,55.74
1996-07-04,52.96
1996-07-05,54.45
1996-07-08,52.99
1996-07-09,48.96
1996-07-10,69.03
1996-07-11,39.55
1996-07-12,56.56
1996-07-15,67.93
1996-07-16,78.91
1996-07-17,47.92
1996-07-18,68.71
1996-07-19,69.66
1996-07-22,65.50
1996-07-23,63.70
1996-07-24,70.03
1996-07-25,41.45
1996-07-26,48.18
1996-07-29,73.33
1996-07-30,62.23
1996-07-31,61.32
1996-08-01,69.86
1996-08-02,48.11
1996-08-05,57.71
1996-08-06,55.19
1996-08-07,56.19
1996-08-08,54.74
1996-08-09,53.23
1996-08-12,61.49
1996-08-13,45.74
1996-08-14,55.24
1996-08-15,50.80
1996-08-16,49.32
1996-08-19,41.02
1996-08-20,36.43
1996-08-21,57.22
1996-08-22,37.26
1996-08-23,37.28
1996-08-26,35.48
1996-08-27,54.41
1996-08-28,51.19
1996-08-29,52.23
1996-08-30,77.34
1996-09-02,74.34
1996-09-03,62.66
1996-09-04,75.29
1996-09-05,42.74
1996-09-06,41.53
1996-09-09,51.49
1996-09-10,33.79
1996-09-11,56.25
1996-09-12,36.74
1996-09-13,57.27
1996-09-16,65.48
1996-09-17,69.48
1996-09-18,41.79
1996-09-19,62.22
1996-09-20,61.24
1996-09-23,69.67
1996-09-24,68.05
1996-09-25,59.15
1996-09-26,72.49
1996-09-27,74.72
1996-10-03,69.08
1996-10-04,62.19
1996-10-07,76.46
1996-10-08,70.12
1996-10-09,67.59
1996-10-10,77.02
1996-10-11,67.33
1996-10-14,73.78
1996-10-15,69.56
1996-10-16,71.30
1996-10-17,76.88
1996-10-18,59.96
1996-10-21,75.72
1996-10-22,64.96
1996-10-23,77.54
1996-10-24,66.36
1996-10-25,65.87
1996-10-28,74.15
1996-10-29,70.33
1996-10-30,40.53
1996-10-31,66.22
1996-11-01,32.29
1996-11-04,58.06
1996-11-05,43.97
1996-11-06,45.86
1996-11-07,48.29
1996-11-08,52.40
1996-11-11,57.51
1996-11-12,53.73
1996-11-13,52.98
1996-11-14,55.79
1996-11-15,63.37
1996-11-18,80.61
1996-11-19,77.95
1996-11-20,75.28
1996-11-21,29.39
1996-11-22,52.66
1996-11-25,52.96
1996-11-26,46.06
1996-11-27,50.47
1996-11-28,46.12
1996-11-29,50.05
1996-12-02,58.29
1996-12-03,65.75
1996-12-04,77.42
1996-12-05,74.93
1996-12-06,72.64
1996-12-09,76.53
1996-12-10,66.97
1996-12-11,71.21
1996-12-12,40.29
1996-12-13,32.81
1996-12-16,27.28
1996-12-17,24.98
1996-12-18,47.40
1996-12-19,25.04
1996-12-20,30.55
1996-12-23,36.49
1996-12-24,25.49
1996-12-25,40.56
1996-12-26,49.24
1996-12-27,44.67
1996-12-30,43.94
1996-12-31,30.84
1997-01-02,48.01
1997-01-03,38.20
1997-01-06,28.66
1997-01-07,54.76
1997-01-08,44.03
1997-01-09,52.64
1997-01-10,52.97
1997-01-13,77.09
1997-01-14,54.49
1997-01-15,65.91
1997-01-16,59.47
1997-01-17,71.97
1997-01-20,74.30
1997-01-21,68.01
1997-01-22,77.73
1997-01-23,79.04
1997-01-24,75.69
1997-01-27,79.31
1997-01-28,71.81
1997-01-29,72.11
1997-01-30,71.64
1997-01-31,71.87
1997-02-17,69.57
1997-02-18,24.69
1997-02-19,57.38
1997-02-20,41.48
1997-02-21,56.66
1997-02-24,49.95
1997-02-25,54.47
1997-02-26,59.04
1997-02-27,50.59
1997-02-28,55.73
1997-03-03,58.97
1997-03-04,52.55
1997-03-05,48.05
1997-03-06,62.57
1997-03-07,53.57
1997-03-10,60.98
1997-03-11,58.97
1997-03-12,58.81
1997-03-13,51.60
1997-03-14,58.58
1997-03-17,66.76
1997-03-18,63.76
1997-03-19,63.30
1997-03-20,51.55
1997-03-21,69.41
1997-03-24,75.36
1997-03-25,67.52
1997-03-26,72.38
1997-03-27,73.85
1997-03-28,68.40
1997-03-31,66.97
1997-04-01,67.21
1997-04-02,66.66
1997-04-03,67.01
1997-04-04,56.24
1997-04-07,50.09
1997-04-08,55.20
1997-04-09,72.12
1997-04-10,58.00
1997-04-11,59.36
1997-04-14,63.80
1997-04-15,66.19
1997-04-16,67.17
1997-04-17,66.94
1997-04-18,64.98
1997-04-21,71.84
1997-04-22,67.67
1997-04-23,67.66
1997-04-24,72.76
1997-04-25,68.97
1997-04-28,51.32
1997-04-29,53.99
1997-04-30,53.05
1997-05-05,62.47
1997-05-06,65.53
1997-05-07,58.40
1997-05-08,49.03
1997-05-09,73.02
1997-05-12,73.59
1997-05-13,56.55
1997-05-14,32.61
1997-05-15,53.11
1997-05-16,26.66
1997-05-19,46.78
1997-05-20,54.38
1997-05-21,36.11
1997-05-22,27.01
1997-05-23,41.07
1997-05-26,39.68
1997-05-27,55.46
1997-05-28,44.62
1997-05-29,44.55
1997-05-30,54.50
1997-06-02,56.02
1997-06-03,48.26
1997-06-04,51.19
1997-06-05,42.16
1997-06-06,24.97
1997-06-09,43.61
1997-06-10,30.16
1997-06-11,38.02
1997-06-12,43.12
1997-06-13,51.18
1997-06-16,70.75
1997-06-17,50.04
1997-06-18,39.12
1997-06-19,37.29
1997-06-20,77.82
1997-06-23,68.84
1997-06-24,76.27
1997-06-25,68.10
1997-06-26,59.36
1997-06-27,54.64
1997-07-02,36.24
1997-07-03,32.41
1997-07-04,43.51
1997-07-07,30.61
1997-07-08,43.23
1997-07-09,48.88
1997-07-10,44.58
1997-07-11,68.09
1997-07-14,71.47
1997-07-15,65.27
1997-07-16,56.27
1997-07-17,63.52
1997-07-18,66.91
1997-07-21,45.05
1997-07-22,58.85
1997-07-23,42.03
1997-07-24,36.23
1997-07-25,47.49
1997-07-28,36.06
1997-07-29,51.24
1997-07-30,67.58
1997-07-31,59.58
1997-08-01,61.62
1997-08-04,63.20
1997-08-05,48.41
1997-08-06,41.06
1997-08-07,54.04
1997-08-08,54.21
1997-08-11,40.60
1997-08-12,32.79
1997-08-13,34.88
1997-08-14,55.15
1997-08-15,34.59
1997-08-18,45.92
1997-08-19,55.93
1997-08-20,61.68
1997-08-21,58.76
1997-08-22,64.16
1997-08-25,51.37
1997-08-26,51.71
1997-08-27,48.33
1997-08-28,52.13
1997-08-29,49.23
1997-09-01,50.04
1997-09-02,51.23
1997-09-03,49.71
1997-09-04,55.64
1997-09-05,51.30
1997-09-08,51.45
1997-09-09,40.81
1997-09-10,54.16
1997-09-11,48.03
1997-09-12,28.07
1997-09-15,51.05
1997-09-16,50.31
1997-09-17,58.45
1997-09-18,68.69
1997-09-19,63.64
1997-09-22,40.76
1997-09-23,32.53
1997-09-24,57.62
1997-09-25,54.91
1997-09-26,46.59
1997-09-29,43.17
1997-09-30,64.62
1997-10-06,57.77
1997-10-07,59.39
1997-10-08,61.26
1997-10-09,50.06
1997-10-10,58.37
1997-10-13,41.09
1997-10-14,50.81
1997-10-15,61.81
1997-10-16,73.95
1997-10-17,80.66
1997-10-20,78.16
1997-10-21,76.49
1997-10-22,72.57
1997-10-23,78.20
1997-10-24,81.08
1997-10-27,82.66
1997-10-28,62.40
1997-10-29,75.26
1997-10-30,62.03
1997-10-31,72.27
1997-11-03,64.01
1997-11-04,67.53
1997-11-05,75.27
1997-11-06,59.88
1997-11-07,66.36
1997-11-10,69.22
1997-11-11,65.33
1997-11-12,45.85
1997-11-13,55.68
1997-11-14,62.87
1997-11-17,67.24
1997-11-18,55.03
1997-11-19,58.45
1997-11-20,61.38
1997-11-21,48.98
1997-11-24,54.19
1997-11-25,63.95
1997-11-26,69.07
1997-11-27,54.80
1997-11-28,73.85
1997-12-01,61.66
1997-12-02,64.95
1997-12-03,61.92
1997-12-04,73.62
1997-12-05,58.57
1997-12-08,67.50
1997-12-09,75.28
1997-12-10,66.53
1997-12-11,39.49
1997-12-12,37.42
1997-12-15,74.78
1997-12-16,34.54
1997-12-17,60.94
1997-12-18,68.28
1997-12-19,61.09
1997-12-22,43.32
1997-12-23,45.67
1997-12-24,42.88
1997-12-25,44.92
1997-12-26,50.07
1997-12-29,48.95
1997-12-30,43.97
1997-12-31,50.67
1998-01-05,56.93
1998-01-06,55.50
1998-01-07,57.37
1998-01-08,51.57
1998-01-09,43.90
1998-01-12,76.13
1998-01-13,36.49
1998-01-14,65.76
1998-01-15,63.80
1998-01-16,43.98
1998-01-19,44.50
1998-01-20,26.01
1998-01-21,34.05
1998-01-22,47.27
1998-01-23,49.29
1998-02-09,60.15
1998-02-10,42.50
1998-02-11,55.92
1998-02-12,49.21
1998-02-13,50.20
1998-02-16,40.65
1998-02-17,43.27
1998-02-18,40.12
1998-02-19,35.29
1998-02-20,44.67
1998-02-23,43.27
1998-02-24,47.11
1998-02-25,57.69
1998-02-26,68.00
1998-02-27,55.60
1998-03-02,41.71
1998-03-03,62.06
1998-03-04,60.22
1998-03-05,62.24
1998-03-06,54.39
1998-03-09,51.21
1998-03-10,58.19
1998-03-11,63.06
1998-03-12,62.84
1998-03-13,74.91
1998-03-16,49.72
1998-03-17,55.10
1998-03-18,61.33
1998-03-19,59.21
1998-03-20,62.89
1998-03-23,39.96
1998-03-24,44.62
1998-03-25,45.20
1998-03-26,42.55
1998-03-27,55.05
1998-03-30,62.78
1998-03-31,47.03
1998-04-01,51.55
1998-04-02,61.89
1998-04-03,61.36
1998-04-06,64.16
1998-04-07,51.34
1998-04-08,64.66
1998-04-09,43.88
1998-04-10,55.70
1998-04-13,57.73
1998-04-14,49.54
1998-04-15,56.24
1998-04-16,51.49
1998-04-17,47.87
1998-04-20,49.50
1998-04-21,59.96
1998-04-22,57.84
1998-04-23,54.19
1998-04-24,49.70
1998-04-27,44.89
1998-04-28,63.24
1998-04-29,58.98
1998-04-30,63.49
1998-05-04,62.69
1998-05-05,62.17
1998-05-06,62.52
1998-05-07,51.24
1998-05-08,68.17
1998-05-11,56.96
1998-05-12,51.05
1998-05-13,58.76
1998-05-14,48.16
1998-05-15,53.27
1998-05-18,44.70
1998-05-19,42.05
1998-05-20,39.67
1998-05-21,45.74
1998-05-22,68.85
1998-05-25,52.40
1998-05-26,42.91
1998-05-27,45.54
1998-05-28,72.19
1998-05-29,46.75
1998-06-01,70.23
1998-06-02,70.34
1998-06-03,71.62
1998-06-04,63.26
1998-06-05,67.67
1998-06-08,60.14
1998-06-09,48.81
1998-06-10,61.68
1998-06-11,51.65
1998-06-12,80.87
1998-06-15,64.12
1998-06-16,65.10
1998-06-17,60.61
1998-06-18,77.76
1998-06-19,45.02
1998-06-22,72.21
1998-06-23,69.70
1998-06-24,71.35
1998-06-25,63.14
1998-06-26,69.03
1998-06-29,50.09
1998-06-30,54.36
1998-07-01,56.07
1998-07-02,61.93
1998-07-03,65.81
1998-07-06,51.76
1998-07-07,46.37
1998-07-08,44.75
1998-07-09,40.27
1998-07-10,54.41
1998-07-13,45.15
1998-07-14,36.59
1998-07-15,28.83
1998-07-16,24.61
1998-07-17,46.76
1998-07-20,42.86
1998-07-21,43.85
1998-07-22,28.88
1998-07-23,43.61
1998-07-24,55.33
1998-07-27,48.92
1998-07-28,34.00
1998-07-29,28.36
1998-07-30,40.56
1998-07-31,42.07
1998-08-03,45.19
1998-08-04,51.21
1998-08-05,47.22
1998-08-06,49.69
1998-08-07,47.24
1998-08-10,43.95
1998-08-11,45.49
1998-08-12,47.43
1998-08-13,68.65
1998-08-14,43.83
1998-08-17,25.62
1998-08-18,34.21
1998-08-19,67.18
1998-08-20,55.81
1998-08-21,70.09
1998-08-24,48.29
1998-08-25,47.79
1998-08-26,40.88
1998-08-27,37.58
1998-08-28,37.49
1998-08-31,70.42
1998-09-01,55.72
1998-09-02,43.82
1998-09-03,57.00
1998-09-04,60.32
1998-09-07,71.01
1998-09-08,58.09
1998-09-09,73.52
1998-09-10,79.50
1998-09-11,71.60
1998-09-14,80.70
1998-09-15,66.89
1998-09-16,77.51
1998-09-17,63.43
1998-09-18,51.06
1998-09-21,56.46
1998-09-22,46.35
1998-09-23,51.94
1998-09-24,37.75
1998-09-25,55.40
1998-09-28,54.40
1998-09-29,51.12
1998-09-30,38.17
1998-10-05,65.55
1998-10-06,49.63
1998-10-07,62.86
1998-10-08,75.24
1998-10-09,68.32
1998-10-12,61.91
1998-10-13,52.80
1998-10-14,58.77
1998-10-15,67.70
1998-10-16,66.84
1998-10-19,55.14
1998-10-20,70.63
1998-10-21,43.24
1998-10-22,61.59
1998-10-23,56.67
1998-10-26,56.29
1998-10-27,64.44
1998-10-28,68.84
1998-10-29,50.63
1998-10-30,64.21
1998-11-02,66.07
1998-11-03,48.87
1998-11-04,42.65
1998-11-05,57.86
1998-11-06,56.30
1998-11-09,62.08
1998-11-10,53.65
1998-11-11,53.98
1998-11-12,50.59
1998-11-13,45.27
1998-11-16,55.72
1998-11-17,38.20
1998-11-18,37.06
1998-11-19,35.18
1998-11-20,37.66
1998-11-23,33.26
1998-11-24,39.62
1998-11-25,18.55
1998-11-26,38.49
1998-11-27,53.57
1998-11-30,59.85
1998-12-01,52.62
1998-12-02,51.70
1998-12-03,61.00
1998-12-04,56.64
1998-12-07,56.81
1998-12-08,70.12
1998-12-09,62.80
1998-12-10,62.94
1998-12-11,78.97
1998-12-14,51.36
1998-12-15,69.82
1998-12-16,61.51
1998-12-17,58.07
1998-12-18,56.51
1998-12-21,59.61
1998-12-22,62.04
1998-12-23,54.59
1998-12-24,64.82
1998-12-25,30.89
1998-12-28,15.27
1998-12-29,51.16
1998-12-30,55.31
1998-12-31,28.87
1999-01-04,50.28
1999-01-05,64.39
1999-01-06,41.59
1999-01-07,36.42
1999-01-08,52.29
1999-01-11,53.08
1999-01-12,23.10
1999-01-13,23.87
1999-01-14,28.69
1999-01-15,23.10
1999-01-18,50.45
1999-01-19,48.87
1999-01-20,39.37
1999-01-21,48.87
1999-01-22,56.58
1999-01-25,49.66
1999-01-26,35.12
1999-01-27,53.71
1999-01-28,48.76
1999-01-29,44.70
1999-02-01,33.27
1999-02-02,49.35
1999-02-03,37.56
1999-02-04,25.42
1999-02-05,35.90
1999-02-08,46.05
1999-02-09,63.36
1999-03-01,61.27
1999-03-02,57.50
1999-03-03,65.43
1999-03-04,55.65
1999-03-05,61.15
1999-03-08,62.87
1999-03-09,54.17
1999-03-10,39.34
1999-03-11,65.22
1999-03-12,59.63
1999-03-15,63.18
1999-03-16,43.15
1999-03-17,52.38
1999-03-18,43.19
1999-03-19,59.95
1999-03-22,44.68
1999-03-23,44.10
1999-03-24,38.16
1999-03-25,61.84
1999-03-26,37.84
1999-03-29,54.43
1999-03-30,50.32
1999-03-31,48.21
1999-04-01,50.29
1999-04-02,62.25
1999-04-05,62.38
1999-04-06,67.52
1999-04-07,80.75
1999-04-08,50.63
1999-04-09,40.82
1999-04-12,45.23
1999-04-13,46.40
1999-04-14,56.48
1999-04-15,39.98
1999-04-16,54.15
1999-04-19,50.60
1999-04-20,67.98
1999-04-21,47.36
1999-04-22,43.95
1999-04-23,64.61
1999-04-26,43.03
1999-04-27,41.06
1999-04-28,55.34
1999-04-29,74.66
1999-04-30,71.13
1999-05-04,52.11
1999-05-05,59.48
1999-05-06,68.35
1999-05-07,59.19
1999-05-10,31.52
1999-05-11,67.61
1999-05-12,57.79
1999-05-13,49.25
1999-05-14,38.04
1999-05-17,46.11
1999-05-18,52.86
1999-05-19,61.88
1999-05-20,77.17
1999-05-21,72.34
1999-05-24,81.47
1999-05-25,66.89
1999-05-26,80.81
1999-05-27,85.51
1999-05-28,74.14
1999-05-31,68.55
1999-06-01,83.93
1999-06-02,66.51
1999-06-03,56.21
1999-06-04,67.96
1999-06-07,77.15
1999-06-08,69.35
1999-06-09,77.25
1999-06-10,79.44
1999-06-11,78.91
1999-06-14,88.26
1999-06-15,61.21
1999-06-16,89.50
1999-06-17,87.87
1999-06-18,83.25
1999-06-21,86.80
1999-06-22,79.28
1999-06-23,86.65
1999-06-24,87.51
1999-06-25,60.76
1999-06-28,75.49
1999-06-29,76.26
1999-06-30,23.83
1999-07-01,14.94
1999-07-02,35.74
1999-07-05,22.96
1999-07-06,19.66
1999-07-07,50.56
1999-07-08,48.89
1999-07-09,46.27
1999-07-12,28.53
1999-07-13,25.99
1999-07-14,46.14
1999-07-15,27.32
1999-07-16,25.87
1999-07-19,25.50
1999-07-20,51.80
1999-07-21,41.65
1999-07-22,23.81
1999-07-23,56.88
1999-07-26,46.07
1999-07-27,38.41
1999-07-28,43.10
1999-07-29,44.81
1999-07-30,46.99
1999-08-02,64.40
1999-08-03,58.31
1999-08-04,64.17
1999-08-05,57.36
1999-08-06,54.47
1999-08-09,54.35
1999-08-10,34.03
1999-08-11,31.18
1999-08-12,38.91
1999-08-13,41.73
1999-08-16,35.02
1999-08-17,49.43
1999-08-18,43.47
1999-08-19,75.09
1999-08-20,50.48
1999-08-23,61.82
1999-08-24,63.73
1999-08-25,36.18
1999-08-26,57.76
1999-08-27,53.08
1999-08-30,52.64
1999-08-31,49.38
1999-09-01,47.08
1999-09-02,74.76
1999-09-03,50.59
1999-09-06,50.71
1999-09-07,69.41
1999-09-08,65.02
1999-09-09,74.47
1999-09-10,56.27
1999-09-13,59.48
1999-09-14,55.32
1999-09-15,48.45
1999-09-16,42.72
1999-09-17,36.00
1999-09-20,38.35
1999-09-21,50.68
1999-09-22,48.22
1999-09-23,48.97
1999-09-24,70.80
1999-09-27,54.00
1999-09-28,44.55
1999-09-29,44.72
1999-09-30,46.58
1999-10-08,47.16
1999-10-11,50.56
1999-10-12,61.47
1999-10-13,55.76
1999-10-14,47.26
1999-10-15,70.51
1999-10-18,38.22
1999-10-19,37.75
1999-10-20,62.86
1999-10-21,46.54
1999-10-22,66.47
1999-10-25,31.79
1999-10-26,60.83
1999-10-27,81.34
1999-10-28,56.47
1999-10-29,47.15
1999-11-01,48.00
1999-11-02,46.72
1999-11-03,32.54
1999-11-04,41.58
1999-11-05,50.45
1999-11-08,58.93
1999-11-09,40.29
1999-11-10,37.07
1999-11-11,37.14
1999-11-12,46.60
1999-11-15,43.45
1999-11-16,53.87
1999-11-17,62.03
1999-11-18,76.03
1999-11-19,47.93
1999-11-22,47.13
1999-11-23,46.35
1999-11-24,25.25
1999-11-25,47.64
1999-11-26,42.44
1999-11-29,50.85
1999-11-30,47.07
1999-12-01,64.60
1999-12-02,42.49
1999-12-03,49.13
1999-12-06,44.21
1999-12-07,68.34
1999-12-08,63.93
1999-12-09,71.20
1999-12-10,71.94
1999-12-13,50.02
1999-12-14,42.97
1999-12-15,70.14
1999-12-16,33.21
1999-12-17,55.49
1999-12-21,43.69
1999-12-22,46.79
1999-12-23,44.41
1999-12-24,42.39
1999-12-27,44.59
1999-12-28,61.19
1999-12-29,48.57
1999-12-30,28.69
2000-01-04,71.58
2000-01-05,66.49
2000-01-06,80.56
2000-01-07,86.18
2000-01-10,83.65
2000-01-11,58.93
2000-01-12,54.17
2000-01-13,50.80
2000-01-14,42.11
2000-01-17,63.18
2000-01-18,54.68
2000-01-19,69.30
2000-01-20,77.36
2000-01-21,66.38
2000-01-24,77.62
2000-01-25,69.61
2000-01-26,72.82
2000-01-27,78.96
2000-01-28,77.03
2000-02-14,93.90
2000-02-15,75.69
2000-02-16,79.41
2000-02-17,68.56
2000-02-18,78.34
2000-02-21,76.87
2000-02-22,19.30
2000-02-23,19.08
2000-02-24,41.55
2000-02-25,29.00
2000-02-28,47.76
2000-02-29,31.05
2000-03-01,31.20
2000-03-02,42.23
2000-03-03,44.53
2000-03-06,16.10
2000-03-07,35.26
2000-03-08,42.19
2000-03-09,36.87
2000-03-10,29.86
2000-03-13,40.88
2000-03-14,20.54
2000-03-15,37.34
2000-03-16,15.21
2000-03-17,52.64
2000-03-20,41.03
2000-03-21,39.62
2000-03-22,46.87
2000-03-23,81.76
2000-03-24,73.13
2000-03-27,54.13
2000-03-28,64.53
2000-03-29,45.07
2000-03-30,50.90
2000-03-31,37.96
2000-04-03,57.31
2000-04-04,33.38
2000-04-05,50.09
2000-04-06,60.85
2000-04-07,58.10
2000-04-10,50.65
2000-04-11,59.37
2000-04-12,45.15
2000-04-13,66.24
2000-04-14,62.39
2000-04-17,39.78
2000-04-18,47.58
2000-04-19,59.65
2000-04-20,59.83
2000-04-21,56.60
2000-04-24,56.50
2000-04-25,56.44
2000-04-26,58.84
2000-04-27,51.92
2000-04-28,51.70
2000-05-08,31.61
2000-05-09,58.32
2000-05-10,47.19
2000-05-11,50.59
2000-05-12,67.27
2000-05-15,53.19
2000-05-16,77.85
2000-05-17,59.52
2000-05-18,62.28
2000-05-19,57.40
2000-05-22,64.21
2000-05-23,52.40
2000-05-24,63.72
2000-05-25,64.80
2000-05-26,51.13
2000-05-29,64.45
2000-05-30,57.03
2000-05-31,65.76
2000-06-01,59.07
2000-06-02,59.74
2000-06-05,52.72
2000-06-06,62.04
2000-06-07,61.37
2000-06-08,46.32
2000-06-09,39.01
2000-06-12,46.86
2000-06-13,53.32
2000-06-14,52.98
2000-06-15,52.18
2000-06-16,51.03
2000-06-19,53.31
2000-06-20,63.62
2000-06-21,83.46
2000-06-22,73.16
2000-06-23,69.95
2000-06-26,68.67
2000-06-27,64.17
2000-06-28,68.30
2000-06-29,35.12
2000-06-30,63.61
2000-07-03,44.85
2000-07-04,67.21
2000-07-05,59.96
2000-07-06,66.03
2000-07-07,71.07
2000-07-10,61.90
2000-07-11,48.35
2000-07-12,49.01
2000-07-13,83.00
2000-07-14,48.71
2000-07-17,56.08
2000-07-18,84.72
2000-07-19,83.95
2000-07-20,48.34
2000-07-21,73.00
2000-07-24,66.07
2000-07-25,75.70
2000-07-26,75.90
2000-07-27,51.51
2000-07-28,48.62
2000-07-31,55.49
2000-08-01,55.57
2000-08-02,55.29
2000-08-03,54.46
2000-08-04,43.24
2000-08-07,45.27
2000-08-08,50.25
2000-08-09,54.69
2000-08-10,48.59
2000-08-11,36.73
2000-08-14,49.46
2000-08-15,38.62
2000-08-16,44.27
2000-08-17,41.97
2000-08-18,41.44
2000-08-21,43.76
2000-08-22,48.67
2000-08-23,51.68
2000-08-24,60.66
2000-08-25,80.16
2000-08-28,70.62
2000-08-29,67.19
2000-08-30,62.07
2000-08-31,50.81
2000-09-01,58.53
2000-09-04,65.38
2000-09-05,48.51
2000-09-06,60.15
2000-09-07,78.24
2000-09-08,66.63
2000-09-11,67.72
2000-09-12,68.62
2000-09-13,75.50
2000-09-14,67.49
2000-09-15,65.93
2000-09-18,55.48
2000-09-19,50.04
2000-09-20,71.50
2000-09-21,55.50
2000-09-22,66.00
2000-09-25,58.28
2000-09-26,78.14
2000-09-27,76.28
2000-09-28,62.21
2000-09-29,46.64
2000-10-09,33.85
2000-10-10,44.81
2000-10-11,39.41
2000-10-12,44.21
2000-10-13,51.10
2000-10-16,34.78
2000-10-17,30.78
2000-10-18,52.81
2000-10-19,37.77
2000-10-20,61.40
2000-10-23,60.41
2000-10-24,38.41
2000-10-25,59.84
2000-10-26,43.52
2000-10-27,44.95
2000-10-30,48.92
2000-10-31,31.46
2000-11-01,54.48
2000-11-02,51.08
2000-11-03,44.99
2000-11-06,57.47
2000-11-07,38.58
2000-11-08,53.08
2000-11-09,64.14
2000-11-10,62.29
2000-11-13,65.31
2000-11-14,59.57
2000-11-15,58.27
2000-11-16,55.40
2000-11-17,51.24
2000-11-20,57.85
2000-11-21,53.67
2000-11-22,63.02
2000-11-23,55.44
2000-11-24,35.10
2000-11-27,60.82
2000-11-28,76.74
2000-11-29,53.20
2000-11-30,67.13
2000-12-01,69.84
2000-12-04,66.76
2000-12-05,47.09
2000-12-06,53.77
2000-12-07,61.30
2000-12-08,66.38
2000-12-11,50.06
2000-12-12,70.98
2000-12-13,67.87
2000-12-14,53.94
2000-12-15,55.65
2000-12-18,67.97
2000-12-19,70.92
2000-12-20,76.39
2000-12-21,70.64
2000-12-22,66.47
2000-12-25,58.83
2000-12-26,33.75
2000-12-27,49.80
2000-12-28,58.27
2000-12-29,46.48
2001-01-02,64.04
2001-01-03,52.12
2001-01-04,33.38
2001-01-05,37.66
2001-01-08,24.16
2001-01-09,27.79
2001-01-10,41.84
2001-01-11,30.07
2001-01-12,25.31
2001-01-15,38.45
2001-01-16,63.21
2001-01-17,54.30
2001-01-18,42.55
2001-01-19,66.79
2001-02-05,48.78
2001-02-06,54.68
2001-02-07,55.43
2001-02-08,40.15
2001-02-09,54.05
2001-02-12,47.48
2001-02-13,33.60
2001-02-14,28.33
2001-02-15,45.57
2001-02-16,52.06
2001-02-19,52.25
2001-02-20,25.37
2001-02-21,34.60
2001-02-22,49.98
2001-02-23,43.03
2001-02-26,62.16
2001-02-27,49.62
2001-02-28,45.66
2001-03-01,50.68
2001-03-02,70.70
2001-03-05,57.70
2001-03-06,64.27
2001-03-07,75.54
2001-03-08,74.12
2001-03-09,70.16
2001-03-12,68.99
2001-03-13,53.46
2001-03-14,76.45
2001-03-15,72.81
2001-03-16,66.84
2001-03-19,74.18
2001-03-20,72.58
2001-03-21,73.62
2001-03-22,67.54
2001-03-23,45.13
2001-03-26,72.35
2001-03-27,69.07
2001-03-28,62.27
2001-03-29,56.34
2001-03-30,57.58
2001-04-02,48.78
2001-04-03,40.96
2001-04-04,35.87
2001-04-05,53.04
2001-04-06,40.23
2001-04-09,59.63
2001-04-10,52.53
2001-04-11,57.71
2001-04-12,65.34
2001-04-13,62.91
2001-04-16,67.59
2001-04-17,64.57
2001-04-18,58.76
2001-04-19,62.65
2001-04-20,54.16
2001-04-23,46.09
2001-04-24,72.11
2001-04-25,49.80
2001-04-26,55.93
2001-04-27,58.95
2001-04-30,69.73
2001-05-08,77.87
2001-05-09,69.98
2001-05-10,78.06
2001-05-11,66.46
2001-05-14,71.84
2001-05-15,73.81
2001-05-16,76.88
2001-05-17,49.84
2001-05-18,63.45
2001-05-21,53.85
2001-05-22,24.20
2001-05-23,23.19
2001-05-24,65.31
2001-05-25,22.08
2001-05-28,58.36
2001-05-29,74.04
2001-05-30,53.84
2001-05-31,40.62
2001-06-01,43.87
2001-06-04,66.01
2001-06-05,67.48
2001-06-06,33.48
2001-06-07,55.74
2001-06-08,58.44
2001-06-11,63.54
2001-06-12,67.89
2001-06-13,84.13
2001-06-14,48.42
2001-06-15,79.72
2001-06-18,59.67
2001-06-19,79.13
2001-06-20,60.83
2001-06-21,81.63
2001-06-22,46.70
2001-06-25,49.82
2001-06-26,44.57
2001-06-27,25.96
2001-06-28,30.09
2001-06-29,59.56
2001-07-02,56.75
2001-07-03,40.85
2001-07-04,35.83
2001-07-05,48.88
2001-07-06,58.87
2001-07-09,28.87
2001-07-10,43.36
2001-07-11,11.36
2001-07-12,17.86
2001-07-13,65.92
2001-07-16,23.74
2001-07-17,59.37
2001-07-18,21.19
2001-07-19,38.78
2001-07-20,50.88
2001-07-23,66.20
2001-07-24,44.87
2001-07-25,60.25
2001-07-26,50.01
2001-07-27,48.94
2001-07-30,29.63
2001-07-31,31.64
2001-08-01,62.47
2001-08-02,33.26
2001-08-03,55.05
2001-08-06,25.57
2001-08-07,52.00
2001-08-08,43.18
2001-08-09,47.71
2001-08-10,74.93
2001-08-13,64.01
2001-08-14,39.01
2001-08-15,48.55
2001-08-16,32.46
2001-08-17,27.23
2001-08-20,60.49
2001-08-21,60.87
2001-08-22,49.24
2001-08-23,54.70
2001-08-24,40.50
2001-08-27,42.60
2001-08-28,57.04
2001-08-29,55.41
2001-08-30,34.65
2001-08-31,48.38
2001-09-03,35.08
2001-09-04,74.99
2001-09-05,73.15
2001-09-06,68.70
2001-09-07,51.05
2001-09-10,41.84
2001-09-11,32.50
2001-09-12,20.08
2001-09-13,33.33
2001-09-14,26.47
2001-09-17,26.47
2001-09-18,50.87
2001-09-19,55.86
2001-09-20,42.62
2001-09-21,37.10
2001-09-24,32.65
2001-09-25,39.45
2001-09-26,27.82
2001-09-27,40.33
2001-09-28,41.87
2001-10-08,31.58
2001-10-09,52.24
2001-10-10,23.75
2001-10-11,23.44
2001-10-12,68.52
2001-10-15,45.86
2001-10-16,35.10
2001-10-17,37.09
2001-10-18,33.68
2001-10-19,17.25
2001-10-22,21.06
2001-10-23,92.69
2001-10-24,86.01
2001-10-25,57.12
2001-10-26,60.08
2001-10-29,70.33
2001-10-30,52.96
2001-10-31,61.86
2001-11-01,61.57
2001-11-02,44.79
2001-11-05,51.12
2001-11-06,44.87
2001-11-07,44.36
2001-11-08,65.18
2001-11-09,77.97
2001-11-12,17.71
2001-11-13,14.72
2001-11-14,22.67
2001-11-15,48.81
2001-11-16,79.01
2001-11-19,62.54
2001-11-20,80.41
2001-11-21,76.74
2001-11-22,80.23
2001-11-23,42.32
2001-11-26,35.79
2001-11-27,63.60
2001-11-28,87.46
2001-11-29,72.19
2001-11-30,80.73
2001-12-03,84.53
2001-12-04,61.71
2001-12-05,50.39
2001-12-06,70.49
2001-12-07,53.52
2001-12-10,47.31
2001-12-11,53.71
2001-12-12,39.69
2001-12-13,26.81
2001-12-14,36.23
2001-12-17,39.20
2001-12-18,56.85
2001-12-19,46.31
2001-12-20,32.85
2001-12-21,59.08
2001-12-24,41.36
2001-12-25,55.53
2001-12-26,69.51
2001-12-27,46.77
2001-12-28,56.15
2001-12-31,44.34
2002-01-04,43.05
2002-01-07,49.39
2002-01-08,44.45
2002-01-09,39.36
2002-01-10,44.57
2002-01-11,35.33
2002-01-14,24.76
2002-01-15,34.20
2002-01-16,49.90
2002-01-17,30.19
2002-01-18,28.70
2002-01-21,20.81
2002-01-22,29.04
2002-01-23,78.61
2002-01-24,76.81
2002-01-25,63.66
2002-01-28,11.88
2002-01-29,41.72
2002-01-30,45.70
2002-01-31,94.83
2002-02-01,74.20
2002-02-04,90.09
2002-02-05,85.68
2002-02-06,69.36
2002-02-07,88.80
2002-02-08,75.04
2002-02-25,88.38
2002-02-26,76.13
2002-02-27,71.50
2002-02-28,70.25
2002-03-01,53.39
2002-03-04,51.48
2002-03-05,67.20
2002-03-06,92.77
2002-03-07,96.52
2002-03-08,95.67
2002-03-11,94.95
2002-03-12,78.74
2002-03-13,27.66
2002-03-14,92.01
2002-03-15,26.94
2002-03-18,42.66
2002-03-19,63.63
2002-03-20,65.94
2002-03-21,56.48
2002-03-22,28.02
2002-03-25,58.78
2002-03-26,28.40
2002-03-27,41.29
2002-03-28,56.11
2002-03-29,24.74
2002-04-01,57.22
2002-04-02,28.57
2002-04-03,59.82
2002-04-04,62.91
2002-04-05,40.42
2002-04-08,60.91
2002-04-09,60.64
2002-04-10,61.52
2002-04-11,44.77
2002-04-12,60.07
2002-04-15,44.46
2002-04-16,56.16
2002-04-17,50.15
2002-04-18,49.83
2002-04-19,56.75
2002-04-22,46.82
2002-04-23,58.81
2002-04-24,50.87
2002-04-25,69.75
2002-04-26,47.87
2002-04-29,64.49
2002-04-30,54.37
2002-05-08,37.49
2002-05-09,48.71
2002-05-10,62.31
2002-05-13,44.84
2002-05-14,66.32
2002-05-15,51.17
2002-05-16,34.39
2002-05-17,71.95
2002-05-20,23.05
2002-05-21,69.37
2002-05-22,40.68
2002-05-23,39.74
2002-05-24,37.19
2002-05-27,62.67
2002-05-28,62.82
2002-05-29,47.29
2002-05-30,58.30
2002-05-31,61.45
2002-06-03,45.75
2002-06-04,70.41
2002-06-05,44.54
2002-06-06,63.94
2002-06-07,60.27
2002-06-10,38.92
2002-06-11,57.06
2002-06-12,51.87
2002-06-13,48.14
2002-06-14,36.52
2002-06-17,37.47
2002-06-18,73.71
2002-06-19,31.11
2002-06-20,66.61
2002-06-21,84.52
2002-06-24,92.89
2002-06-25,71.43
2002-06-26,78.27
2002-06-27,77.89
2002-06-28,77.63
2002-07-01,59.74
2002-07-02,77.82
2002-07-03,71.68
2002-07-04,56.90
2002-07-05,68.08
2002-07-08,66.71
2002-07-09,64.41
2002-07-10,37.28
2002-07-11,44.84
2002-07-12,43.19
2002-07-15,35.75
2002-07-16,57.87
2002-07-17,49.57
2002-07-18,47.94
2002-07-19,56.76
2002-07-22,34.37
2002-07-23,46.28
2002-07-24,44.67
2002-07-25,41.87
2002-07-26,42.41
2002-07-29,62.66
2002-07-30,46.35
2002-07-31,39.13
2002-08-01,48.12
2002-08-02,57.58
2002-08-05,73.90
2002-08-06,79.78
2002-08-07,68.46
2002-08-08,72.53
2002-08-09,66.33
2002-08-12,55.89
2002-08-13,70.27
2002-08-14,29.55
2002-08-15,21.57
2002-08-16,85.07
2002-08-19,20.70
2002-08-20,47.22
2002-08-21,37.63
2002-08-22,59.88
2002-08-23,34.00
2002-08-26,31.27
2002-08-27,49.50
2002-08-28,38.75
2002-08-29,45.67
2002-08-30,32.81
2002-09-02,36.20
2002-09-03,39.10
2002-09-04,25.97
2002-09-05,58.39
2002-09-06,66.83
2002-09-09,57.66
2002-09-10,71.21
2002-09-11,68.58
2002-09-12,74.15
2002-09-13,66.37
2002-09-16,58.33
2002-09-17,58.57
2002-09-18,68.79
2002-09-19,69.93
2002-09-20,56.04
2002-09-23,64.32
2002-09-24,68.05
2002-09-25,53.77
2002-09-26,53.09
2002-09-27,54.68
2002-10-08,14.16
2002-10-09,38.41
2002-10-10,57.37
2002-10-11,57.26
2002-10-14,39.32
2002-10-15,16.81
2002-10-16,46.14
2002-10-17,27.74
2002-10-18,51.35
2002-10-21,62.98
2002-10-22,62.78
2002-10-23,54.02
2002-10-24,59.68
2002-10-25,50.75
2002-10-28,45.30
2002-10-29,57.38
2002-10-30,40.24
2002-10-31,28.84
2002-11-01,32.94
2002-11-04,69.30
2002-11-05,77.51
2002-11-06,46.63
2002-11-07,58.19
2002-11-08,51.15
2002-11-11,36.35
2002-11-12,35.01
2002-11-13,49.50
2002-11-14,34.31
2002-11-15,65.08
2002-11-18,48.05
2002-11-19,41.01
2002-11-20,30.46
2002-11-21,27.49
2002-11-22,49.51
2002-11-25,46.65
2002-11-26,25.88
2002-11-27,61.80
2002-11-28,77.06
2002-11-29,80.43
2002-12-02,37.09
2002-12-03,46.75
2002-12-04,53.77
2002-12-05,31.54
2002-12-06,60.49
2002-12-09,35.35
2002-12-10,39.28
2002-12-11,45.53
2002-12-12,60.54
2002-12-13,65.33
2002-12-16,77.68
2002-12-17,77.58
2002-12-18,64.66
2002-12-19,63.92
2002-12-20,78.86
2002-12-23,69.43
2002-12-24,54.60
2002-12-25,51.04
2002-12-26,52.82
2002-12-27,60.66
2002-12-30,30.70
2002-12-31,25.89
2003-01-02,28.27
2003-01-03,50.23
2003-01-06,57.49
2003-01-07,46.55
2003-01-08,78.15
2003-01-09,83.88
2003-01-10,63.37
2003-01-13,62.06
2003-01-14,89.58
2003-01-15,75.01
2003-01-16,87.70
2003-01-17,73.83
2003-01-20,73.89
2003-01-21,32.74
2003-01-22,43.09
2003-01-23,39.09
2003-01-24,83.40
2003-01-27,84.45
2003-01-28,74.37
2003-01-29,64.84
2003-02-10,48.80
2003-02-11,54.65
2003-02-12,79.98
2003-02-13,40.08
2003-02-14,52.12
2003-02-17,40.79
2003-02-18,54.82
2003-02-19,56.96
2003-02-20,52.65
2003-02-21,21.94
2003-02-24,54.50
2003-02-25,55.38
2003-02-26,58.39
2003-02-27,40.07
2003-02-28,50.23
2003-03-03,56.01
2003-03-04,57.55
2003-03-05,43.50
2003-03-06,50.89
2003-03-07,44.92
2003-03-10,38.08
2003-03-11,64.29
2003-03-12,60.90
2003-03-13,52.16
2003-03-14,60.85
2003-03-17,66.89
2003-03-18,53.50
2003-03-19,62.24
2003-03-20,56.54
2003-03-21,80.25
2003-03-24,28.30
2003-03-25,31.86
2003-03-26,53.22
2003-03-27,64.55
2003-03-28,55.66
2003-03-31,64.79
2003-04-01,68.89
2003-04-02,45.75
2003-04-03,44.60
2003-04-04,48.28
2003-04-07,40.73
2003-04-08,56.22
2003-04-09,69.38
2003-04-10,71.56
2003-04-11,68.43
2003-04-14,79.40
2003-04-15,74.83
2003-04-16,58.14
2003-04-17,65.03
2003-04-18,60.81
2003-04-21,35.53
2003-04-22,46.43
2003-04-23,34.52
2003-04-24,22.78
2003-04-25,27.72
2003-04-28,40.37
2003-04-29,26.61
2003-04-30,33.58
2003-05-12,37.55
2003-05-13,20.69
2003-05-14,49.10
2003-05-15,41.30
2003-05-16,35.18
2003-05-19,75.12
2003-05-20,56.14
2003-05-21,57.36
2003-05-22,61.95
2003-05-23,84.64
2003-05-26,73.97
2003-05-27,72.97
2003-05-28,51.65
2003-05-29,81.30
2003-05-30,81.66
2003-06-02,64.23
2003-06-03,33.20
2003-06-04,65.69
2003-06-05,31.18
2003-06-06,20.22
2003-06-09,32.46
2003-06-10,52.63
2003-06-11,60.80
2003-06-12,58.72
2003-06-13,57.13
2003-06-16,49.83
2003-06-17,50.85
2003-06-18,49.01
2003-06-19,41.24
2003-06-20,39.74
2003-06-23,35.74
2003-06-24,55.40
2003-06-25,43.03
2003-06-26,54.37
2003-06-27,46.27
2003-06-30,40.28
2003-07-01,54.41
2003-07-02,65.53
2003-07-03,51.75
2003-07-04,69.99
2003-07-07,35.09
2003-07-08,52.82
2003-07-09,29.59
2003-07-10,66.47
2003-07-11,44.47
2003-07-14,34.57
2003-07-15,45.33
2003-07-16,47.43
2003-07-17,60.96
2003-07-18,44.84
2003-07-21,36.90
2003-07-22,40.53
2003-07-23,47.76
2003-07-24,35.49
2003-07-25,41.47
2003-07-28,33.51
2003-07-29,36.62
2003-07-30,31.13
2003-07-31,44.54
2003-08-01,46.78
2003-08-04,55.92
2003-08-05,48.68
2003-08-06,67.31
2003-08-07,68.05
2003-08-08,57.10
2003-08-11,66.31
2003-08-12,71.36
2003-08-13,53.96
2003-08-14,49.64
2003-08-15,59.03
2003-08-18,58.37
2003-08-19,73.50
2003-08-20,45.60
2003-08-21,69.52
2003-08-22,60.70
2003-08-25,45.59
2003-08-26,62.65
2003-08-27,63.61
2003-08-28,65.31
2003-08-29,70.72
2003-09-01,79.01
2003-09-02,61.02
2003-09-03,70.97
2003-09-04,66.95
2003-09-05,56.70
2003-09-08,58.57
2003-09-09,71.40
2003-09-10,67.02
2003-09-11,66.01
2003-09-12,58.12
2003-09-15,56.96
2003-09-16,54.23
2003-09-17,50.45
2003-09-18,38.89
2003-09-19,34.23
2003-09-22,22.26
2003-09-23,33.15
2003-09-24,32.23
2003-09-25,15.68
2003-09-26,19.37
2003-09-29,53.21
2003-09-30,57.85
2003-10-08,36.62
2003-10-09,32.62
2003-10-10,78.46
2003-10-13,52.93
2003-10-14,50.52
2003-10-15,54.28
2003-10-16,45.46
2003-10-17,40.30
2003-10-20,32.00
2003-10-21,55.93
2003-10-22,74.70
2003-10-23,52.90
2003-10-24,54.75
2003-10-27,50.71
2003-10-28,55.12
2003-10-29,54.95
2003-10-30,48.60
2003-10-31,64.49
2003-11-03,68.76
2003-11-04,77.24
2003-11-05,60.82
2003-11-06,57.08
2003-11-07,32.33
2003-11-10,42.27
2003-11-11,46.01
2003-11-12,29.95
2003-11-13,43.53
2003-11-14,48.40
2003-11-17,38.29
2003-11-18,28.79
2003-11-19,49.47
2003-11-20,84.71
2003-11-21,31.20
2003-11-24,83.71
2003-11-25,80.90
2003-11-26,71.18
2003-11-27,29.74
2003-11-28,43.52
2003-12-01,74.87
2003-12-02,66.30
2003-12-03,69.80
2003-12-04,44.04
2003-12-05,42.14
2003-12-08,57.04
2003-12-09,63.72
2003-12-10,73.07
2003-12-11,66.54
2003-12-12,67.16
2003-12-15,59.55
2003-12-16,56.26
2003-12-17,54.47
2003-12-18,56.17
2003-12-19,53.07
2003-12-22,76.08
2003-12-23,71.34
2003-12-24,77.14
2003-12-25,73.65
2003-12-26,74.90
2003-12-29,45.16
2003-12-30,69.68
2003-12-31,45.05
2004-01-02,54.35
2004-01-05,68.91
2004-01-06,63.02
2004-01-07,70.59
2004-01-08,78.52
2004-01-09,69.77
2004-01-12,73.45
2004-01-13,73.11
2004-01-14,52.61
2004-01-15,56.86
2004-01-16,64.64
2004-01-29,77.14
2004-01-30,39.77
2004-02-02,51.11
2004-02-03,52.54
2004-02-04,53.28
2004-02-05,48.96
2004-02-06,32.12
2004-02-09,54.02
2004-02-10,45.95
2004-02-11,46.00
2004-02-12,46.79
2004-02-13,41.92
2004-02-16,57.28
2004-02-17,54.28
2004-02-18,68.87
2004-02-19,50.58
2004-02-20,67.88
2004-02-23,30.63
2004-02-24,33.93
2004-02-25,28.10
2004-02-26,38.25
2004-02-27,59.94
2004-03-01,71.61
2004-03-02,52.24
2004-03-03,42.52
2004-03-04,62.77
2004-03-05,53.70
2004-03-08,28.64
2004-03-09,38.97
2004-03-10,67.27
2004-03-11,61.11
2004-03-12,59.22
2004-03-15,77.64
2004-03-16,70.84
2004-03-17,66.43
2004-03-18,39.79
2004-03-19,65.11
2004-03-22,58.95
2004-03-23,57.79
2004-03-24,55.70
2004-03-25,57.18
2004-03-26,58.02
2004-03-29,55.36
2004-03-30,65.52
2004-03-31,65.09
2004-04-01,64.87
2004-04-02,69.63
2004-04-05,64.77
2004-04-06,69.60
2004-04-07,61.60
2004-04-08,56.47
2004-04-09,37.52
2004-04-12,52.96
2004-04-13,45.69
2004-04-14,36.50
2004-04-15,39.88
2004-04-16,47.10
2004-04-19,50.23
2004-04-20,50.72
2004-04-21,52.16
2004-04-22,59.47
2004-04-23,45.52
2004-04-26,58.43
2004-04-27,51.93
2004-04-28,58.98
2004-04-29,45.29
2004-04-30,58.44
2004-05-10,46.78
2004-05-11,58.25
2004-05-12,43.48
2004-05-13,39.11
2004-05-14,31.74
2004-05-17,49.98
2004-05-18,50.98
2004-05-19,56.42
2004-05-20,35.96
2004-05-21,47.51
2004-05-24,39.23
2004-05-25,31.15
2004-05-26,50.03
2004-05-27,72.25
2004-05-28,46.99
2004-05-31,50.06
2004-06-01,68.87
2004-06-02,56.85
2004-06-03,41.07
2004-06-04,50.37
2004-06-07,40.88
2004-06-08,47.53
2004-06-09,35.47
2004-06-10,44.70
2004-06-11,52.64
2004-06-14,31.33
2004-06-15,66.16
2004-06-16,63.19
2004-06-17,18.56
2004-06-18,38.18
2004-06-21,57.94
2004-06-22,65.76
2004-06-23,28.66
2004-06-24,38.87
2004-06-25,36.29
2004-06-28,43.82
2004-06-29,51.82
2004-06-30,40.56
2004-07-01,58.51
2004-07-02,63.97
2004-07-05,51.13
2004-07-06,70.38
2004-07-07,40.37
2004-07-08,54.94
2004-07-09,39.43
2004-07-12,32.73
2004-07-13,47.65
2004-07-14,49.00
2004-07-15,62.05
2004-07-16,86.61
2004-07-19,69.20
2004-07-20,63.75
2004-07-21,61.39
2004-07-22,31.56
2004-07-23,50.35
2004-07-26,39.41
2004-07-27,42.25
2004-07-28,61.27
2004-07-29,68.00
2004-07-30,40.11
2004-08-02,45.19
2004-08-03,50.21
2004-08-04,54.80
2004-08-05,35.85
2004-08-06,46.78
2004-08-09,49.81
2004-08-10,54.51
2004-08-11,39.30
2004-08-12,35.21
2004-08-13,49.78
2004-08-16,34.74
2004-08-17,53.38
2004-08-18,51.90
2004-08-19,34.06
2004-08-20,43.62
2004-08-23,46.27
2004-08-24,64.08
2004-08-25,45.67
2004-08-26,33.62
2004-08-27,49.41
2004-08-30,59.79
2004-08-31,67.39
2004-09-01,36.80
2004-09-02,52.11
2004-09-03,64.70
2004-09-06,65.00
2004-09-07,69.52
2004-09-08,59.62
2004-09-09,44.47
2004-09-10,64.71
2004-09-13,42.20
2004-09-14,69.10
2004-09-15,84.59
2004-09-16,81.14
2004-09-17,89.10
2004-09-20,91.72
2004-09-21,74.66
2004-09-22,74.35
2004-09-23,85.85
2004-09-24,70.59
2004-09-27,69.17
2004-09-28,75.54
2004-09-29,61.78
2004-09-30,58.35
2004-10-08,80.07
2004-10-11,78.13
2004-10-12,61.90
2004-10-13,69.30
2004-10-14,14.33
2004-10-15,26.95
2004-10-18,40.74
2004-10-19,32.59
2004-10-20,32.61
2004-10-21,20.60
2004-10-22,32.67
2004-10-25,23.62
2004-10-26,38.87
2004-10-27,37.65
2004-10-28,32.69
2004-10-29,17.82
2004-11-01,31.38
2004-11-02,42.75
2004-11-03,49.16
2004-11-04,23.87
2004-11-05,39.03
2004-11-08,55.41
2004-11-09,58.74
2004-11-10,66.30
2004-11-11,73.80
2004-11-12,67.62
2004-11-15,68.90
2004-11-16,66.71
2004-11-17,50.56
2004-11-18,70.87
2004-11-19,72.01
2004-11-22,78.29
2004-11-23,68.53
2004-11-24,54.93
2004-11-25,46.52
2004-11-26,48.57
2004-11-29,35.12
2004-11-30,47.83
2004-12-01,40.62
2004-12-02,49.02
2004-12-03,52.27
2004-12-06,38.74
2004-12-07,39.66
2004-12-08,46.26
2004-12-09,49.49
2004-12-10,44.85
2004-12-13,56.12
2004-12-14,61.01
2004-12-15,62.18
2004-12-16,56.27
2004-12-17,62.33
2004-12-20,59.33
2004-12-21,67.06
2004-12-22,80.48
2004-12-23,56.97
2004-12-24,67.69
2004-12-27,21.51
2004-12-28,46.70
2004-12-29,63.65
2004-12-30,47.33
2004-12-31,44.66
2005-01-04,56.65
2005-01-05,74.26
2005-01-06,18.35
2005-01-07,30.92
2005-01-10,59.35
2005-01-11,32.74
2005-01-12,50.45
2005-01-13,33.47
2005-01-14,60.28
2005-01-17,23.61
2005-01-18,43.96
2005-01-19,25.63
2005-01-20,26.55
2005-01-21,58.89
2005-01-24,70.42
2005-01-25,47.59
2005-01-26,52.06
2005-01-27,32.04
2005-01-28,31.33
2005-01-31,28.96
2005-02-01,42.42
2005-02-02,82.19
2005-02-03,62.15
2005-02-04,75.64
2005-02-16,71.37
2005-02-17,66.36
2005-02-18,55.75
2005-02-21,73.78
2005-02-22,90.02
2005-02-23,85.55
2005-02-24,75.05
2005-02-25,73.11
2005-02-28,75.90
2005-03-01,70.94
2005-03-02,66.05
2005-03-03,70.26
2005-03-04,37.23
2005-03-07,43.76
2005-03-08,70.85
2005-03-09,64.64
2005-03-10,32.40
2005-03-11,45.18
2005-03-14,33.25
2005-03-15,30.38
2005-03-16,35.07
2005-03-17,24.55
2005-03-18,26.28
2005-03-21,45.21
2005-03-22,21.08
2005-03-23,31.89
2005-03-24,49.30
2005-03-25,49.53
2005-03-28,38.57
2005-03-29,44.41
2005-03-30,33.62
2005-03-31,52.09
2005-04-01,82.00
2005-04-04,39.30
2005-04-05,45.43
2005-04-06,70.02
2005-04-07,51.83
2005-04-08,65.52
2005-04-11,69.80
2005-04-12,31.83
2005-04-13,68.23
2005-04-14,58.65
2005-04-15,50.09
2005-04-18,45.12
2005-04-19,52.39
2005-04-20,29.47
2005-04-21,38.96
2005-04-22,40.32
2005-04-25,38.04
2005-04-26,57.09
2005-04-27,42.11
2005-04-28,66.58
2005-04-29,43.51
2005-05-09,27.03
2005-05-10,41.66
2005-05-11,36.81
2005-05-12,37.45
2005-05-13,38.30
2005-05-16,33.35
2005-05-17,49.03
2005-05-18,49.00
2005-05-19,39.55
2005-05-20,45.31
2005-05-23,28.08
2005-05-24,63.77
2005-05-25,57.15
2005-05-26,40.95
2005-05-27,42.27
2005-05-30,51.21
2005-05-31,41.69
2005-06-01,33.21
2005-06-02,35.52
2005-06-03,40.14
2005-06-06,70.70
2005-06-07,74.62
2005-06-08,97.59
2005-06-09,86.84
2005-06-10,72.14
2005-06-13,77.53
2005-06-14,64.72
2005-06-15,56.40
2005-06-16,69.31
2005-06-17,62.01
2005-06-20,85.67
2005-06-21,69.54
2005-06-22,70.60
2005-06-23,61.41
2005-06-24,65.86
2005-06-27,87.86
2005-06-28,59.13
2005-06-29,62.05
2005-06-30,50.88
2005-07-01,49.49
2005-07-04,23.82
2005-07-05,31.10
2005-07-06,30.34
2005-07-07,38.60
2005-07-08,20.06
2005-07-11,25.28
2005-07-12,38.37
2005-07-13,28.26
2005-07-14,34.17
2005-07-15,27.62
2005-07-18,26.45
2005-07-19,41.45
2005-07-20,51.79
2005-07-21,53.00
2005-07-22,79.52
2005-07-25,41.89
2005-07-26,87.12
2005-07-27,88.46
2005-07-28,80.75
2005-07-29,67.82
2005-08-01,72.72
2005-08-02,76.55
2005-08-03,86.18
2005-08-04,66.94
2005-08-05,83.98
2005-08-08,81.79
2005-08-09,79.11
2005-08-10,84.19
2005-08-11,81.07
2005-08-12,65.89
2005-08-15,78.51
2005-08-16,70.28
2005-08-17,76.60
2005-08-18,56.78
2005-08-19,33.72
2005-08-22,43.96
2005-08-23,38.08
2005-08-24,56.97
2005-08-25,49.78
2005-08-26,44.41
2005-08-29,32.06
2005-08-30,39.20
2005-08-31,45.72
2005-09-01,51.82
2005-09-02,50.21
2005-09-05,55.20
2005-09-06,36.54
2005-09-07,53.69
2005-09-08,43.43
2005-09-09,45.17
2005-09-12,59.19
2005-09-13,61.01
2005-09-14,72.91
2005-09-15,67.54
2005-09-16,66.81
2005-09-19,67.83
2005-09-20,42.63
2005-09-21,33.00
2005-09-22,26.54
2005-09-23,39.61
2005-09-26,61.57
2005-09-27,42.16
2005-09-28,53.49
2005-09-29,49.68
2005-09-30,50.49
2005-10-10,54.75
2005-10-11,78.81
2005-10-12,72.37
2005-10-13,62.27
2005-10-14,56.96
2005-10-17,60.11
2005-10-18,64.11
2005-10-19,55.39
2005-10-20,55.70
2005-10-21,66.57
2005-10-24,28.97
2005-10-25,20.19
2005-10-26,43.92
2005-10-27,24.01
2005-10-28,43.92
2005-10-31,64.64
2005-11-01,57.32
2005-11-02,46.10
2005-11-03,24.55
2005-11-04,37.63
2005-11-07,36.55
2005-11-08,39.12
2005-11-09,35.25
2005-11-10,47.89
2005-11-11,66.76
2005-11-14,28.29
2005-11-15,43.99
2005-11-16,32.80
2005-11-17,25.70
2005-11-18,61.15
2005-11-21,46.02
2005-11-22,27.51
2005-11-23,41.17
2005-11-24,41.70
2005-11-25,36.65
2005-11-28,30.95
2005-11-29,21.80
2005-11-30,37.57
2005-12-01,27.57
2005-12-02,42.98
2005-12-05,42.17
2005-12-06,67.35
2005-12-07,35.28
2005-12-08,30.91
2005-12-09,47.35
2005-12-12,43.58
2005-12-13,37.37
2005-12-14,53.24
2005-12-15,39.38
2005-12-16,47.31
2005-12-19,62.35
2005-12-20,39.71
2005-12-21,59.72
2005-12-22,35.43
2005-12-23,51.13
2005-12-26,53.20
2005-12-27,35.99
2005-12-28,38.16
2005-12-29,56.00
2005-12-30,35.96
2006-01-04,55.05
2006-01-05,68.82
2006-01-06,61.09
2006-01-09,62.07
2006-01-10,55.15
2006-01-11,71.50
2006-01-12,84.91
2006-01-13,52.83
2006-01-16,40.93
2006-01-17,49.12
2006-01-18,74.08
2006-01-19,71.61
2006-01-20,61.21
2006-01-23,46.53
2006-01-24,63.22
2006-01-25,62.76
2006-02-06,71.28
2006-02-07,64.77
2006-02-08,47.07
2006-02-09,28.59
2006-02-10,42.94
2006-02-13,64.18
2006-02-14,67.06
2006-02-15,66.21
2006-02-16,20.99
2006-02-17,28.61
2006-02-20,35.51
2006-02-21,45.51
2006-02-22,35.13
2006-02-23,39.59
2006-02-24,54.51
2006-02-27,37.78
2006-02-28,45.68
2006-03-01,46.72
2006-03-02,25.03
2006-03-03,41.35
2006-03-06,40.32
2006-03-07,22.13
2006-03-08,35.50
2006-03-09,37.08
2006-03-10,47.61
2006-03-13,55.82
2006-03-14,48.82
2006-03-15,54.21
2006-03-16,48.06
2006-03-17,43.87
2006-03-20,56.93
2006-03-21,55.36
2006-03-22,64.09
2006-03-23,67.82
2006-03-24,48.51
2006-03-27,56.69
2006-03-28,59.27
2006-03-29,59.95
2006-03-30,45.29
2006-03-31,50.92
2006-04-03,66.61
2006-04-04,66.68
2006-04-05,64.91
2006-04-06,61.21
2006-04-07,65.92
2006-04-10,69.73
2006-04-11,62.68
2006-04-12,58.22
2006-04-13,47.39
2006-04-14,70.67
2006-04-17,63.76
2006-04-18,50.32
2006-04-19,50.70
2006-04-20,48.15
2006-04-21,77.42
2006-04-24,39.14
2006-04-25,51.54
2006-04-26,56.97
2006-04-27,55.74
2006-04-28,58.18
2006-05-08,75.17
2006-05-09,78.58
2006-05-10,72.39
2006-05-11,37.03
2006-05-12,82.89
2006-05-15,89.33
2006-05-16,45.24
2006-05-17,84.58
2006-05-18,57.19
2006-05-19,62.92
2006-05-22,83.65
2006-05-23,14.16
2006-05-24,19.27
2006-05-25,40.08
2006-05-26,46.08
2006-05-29,45.69
2006-05-30,44.84
2006-05-31,32.53
2006-06-01,43.58
2006-06-02,30.09
2006-06-05,39.16
2006-06-06,32.13
2006-06-07,12.10
2006-06-08,29.61
2006-06-09,20.56
2006-06-12,39.12
2006-06-13,39.55
2006-06-14,33.60
2006-06-15,37.64
2006-06-16,50.92
2006-06-19,46.07
2006-06-20,48.20
2006-06-21,34.19
2006-06-22,56.23
2006-06-23,65.98
2006-06-26,70.54
2006-06-27,64.49
2006-06-28,34.12
2006-06-29,80.78
2006-06-30,67.19
2006-07-03,78.03
2006-07-04,65.18
2006-07-05,58.78
2006-07-06,74.34
2006-07-07,64.00
2006-07-10,66.20
2006-07-11,64.76
2006-07-12,62.55
2006-07-13,50.24
2006-07-14,62.34
2006-07-17,53.11
2006-07-18,46.58
2006-07-19,32.08
2006-07-20,50.08
2006-07-21,51.20
2006-07-24,51.38
2006-07-25,57.32
2006-07-26,51.10
2006-07-27,36.19
2006-07-28,38.29
2006-07-31,25.30
2006-08-01,33.40
2006-08-02,38.66
2006-08-03,43.36
2006-08-04,30.41
2006-08-07,33.41
2006-08-08,56.94
2006-08-09,44.85
2006-08-10,57.96
2006-08-11,51.51
2006-08-14,37.33
2006-08-15,59.54
2006-08-16,64.96
2006-08-17,43.85
2006-08-18,41.60
2006-08-21,52.01
2006-08-22,60.94
2006-08-23,53.39
2006-08-24,50.00
2006-08-25,51.61
2006-08-28,70.31
2006-08-29,70.98
2006-08-30,58.88
2006-08-31,62.64
2006-09-01,45.65
2006-09-04,68.43
2006-09-05,57.08
2006-09-06,59.27
2006-09-07,44.94
2006-09-08,47.90
2006-09-11,42.14
2006-09-12,43.66
2006-09-13,33.99
2006-09-14,65.09
2006-09-15,55.79
2006-09-18,59.95
2006-09-19,51.52
2006-09-20,47.71
2006-09-21,47.65
2006-09-22,40.85
2006-09-25,66.29
2006-09-26,61.20
2006-09-27,72.25
2006-09-28,71.55
2006-09-29,70.34
2006-10-09,60.60
2006-10-10,53.56
2006-10-11,53.39
2006-10-12,68.92
2006-10-13,46.74
2006-10-16,57.56
2006-10-17,59.87
2006-10-18,82.54
2006-10-19,53.55
2006-10-20,71.17
2006-10-23,41.16
2006-10-24,70.10
2006-10-25,66.52
2006-10-26,43.17
2006-10-27,37.22
2006-10-30,57.55
2006-10-31,68.93
2006-11-01,71.14
2006-11-02,66.49
2006-11-03,72.39
2006-11-06,47.69
2006-11-07,44.72
2006-11-08,58.25
2006-11-09,49.42
2006-11-10,40.02
2006-11-13,34.50
2006-11-14,56.19
2006-11-15,72.07
2006-11-16,63.35
2006-11-17,69.69
2006-11-20,67.76
2006-11-21,74.76
2006-11-22,78.20
2006-11-23,73.99
2006-11-24,72.92
2006-11-27,75.89
2006-11-28,72.77
2006-11-29,75.94
2006-11-30,88.51
2006-12-01,77.91
2006-12-04,86.27
2006-12-05,78.65
2006-12-06,36.58
2006-12-07,33.15
2006-12-08,17.47
2006-12-11,81.51
2006-12-12,71.81
2006-12-13,73.24
2006-12-14,81.89
2006-12-15,81.59
2006-12-18,61.41
2006-12-19,56.99
2006-12-20,59.41
2006-12-21,30.01
2006-12-22,33.71
2006-12-25,42.16
2006-12-26,32.23
2006-12-27,45.03
2006-12-28,29.34
2006-12-29,45.88
2007-01-04,35.60
2007-01-05,59.75
2007-01-08,89.09
2007-01-09,91.53
2007-01-10,93.57
2007-01-11,88.91
2007-01-12,42.45
2007-01-15,61.22
2007-01-16,60.88
2007-01-17,22.58
2007-01-18,37.49
2007-01-19,43.24
2007-01-22,97.73
2007-01-23,84.58
2007-01-24,85.01
2007-01-25,14.58
2007-01-26,35.88
2007-01-29,44.62
2007-01-30,30.02
2007-01-31,10.96
2007-02-01,33.49
2007-02-02,21.33
2007-02-05,39.09
2007-02-06,40.65
2007-02-07,42.46
2007-02-08,43.18
2007-02-09,35.87
2007-02-12,48.01
2007-02-13,49.87
2007-02-14,48.94
2007-02-15,45.08
2007-02-16,83.10
2007-02-26,89.00
2007-02-27,5.55
2007-02-28,40.70
2007-03-01,21.09
2007-03-02,74.35
2007-03-05,69.40
2007-03-06,65.44
2007-03-07,78.81
2007-03-08,81.38
2007-03-09,74.21
2007-03-12,42.86
2007-03-13,41.40
2007-03-14,29.87
2007-03-15,46.94
2007-03-16,27.39
2007-03-19,40.11
2007-03-20,50.03
2007-03-21,47.33
2007-03-22,40.59
2007-03-23,41.74
2007-03-26,58.37
2007-03-27,56.07
2007-03-28,29.78
2007-03-29,61.25
2007-03-30,73.61
2007-04-02,80.16
2007-04-03,81.45
2007-04-04,80.57
2007-04-05,79.64
2007-04-06,81.23
2007-04-09,85.09
2007-04-10,71.69
2007-04-11,68.34
2007-04-12,71.34
2007-04-13,59.23
2007-04-16,69.52
2007-04-17,69.52
2007-04-18,65.13
2007-04-19,20.22
2007-04-20,65.04
2007-04-23,64.58
2007-04-24,60.50
2007-04-25,49.17
2007-04-26,55.43
2007-04-27,42.17
2007-04-30,46.07
2007-05-08,53.03
2007-05-09,40.91
2007-05-10,46.05
2007-05-11,45.27
2007-05-14,49.72
2007-05-15,28.86
2007-05-16,53.52
2007-05-17,53.79
2007-05-18,50.22
2007-05-21,82.18
2007-05-22,83.69
2007-05-23,83.41
2007-05-24,51.99
2007-05-25,79.92
2007-05-28,85.44
2007-05-29,82.37
2007-05-30,14.70
2007-05-31,21.83
2007-06-01,18.82
2007-06-04,20.95
2007-06-05,29.47
2007-06-06,39.92
2007-06-07,46.46
2007-06-08,46.55
2007-06-11,48.14
2007-06-12,42.19
2007-06-13,48.53
2007-06-14,67.16
2007-06-15,38.13
2007-06-18,50.94
2007-06-19,47.92
2007-06-20,32.85
2007-06-21,40.82
2007-06-22,24.52
2007-06-25,24.50
2007-06-26,45.89
2007-06-27,51.41
2007-06-28,25.36
2007-06-29,27.35
2007-07-02,46.09
2007-07-03,56.33
2007-07-04,39.05
2007-07-05,26.39
2007-07-06,53.66
2007-07-09,58.02
2007-07-10,36.30
2007-07-11,52.92
2007-07-12,50.58
2007-07-13,46.44
2007-07-16,34.63
2007-07-17,58.35
2007-07-18,51.21
2007-07-19,53.68
2007-07-20,45.11
2007-07-23,81.72
2007-07-24,70.14
2007-07-25,78.38
2007-07-26,77.49
2007-07-27,76.74
2007-07-30,80.02
2007-07-31,75.08
2007-08-01,54.23
2007-08-02,79.62
2007-08-03,77.40
2007-08-06,77.11
2007-08-07,72.85
2007-08-08,59.93
2007-08-09,64.21
2007-08-10,53.91
2007-08-13,55.68
2007-08-14,64.94
2007-08-15,54.45
2007-08-16,40.66
2007-08-17,38.92
2007-08-20,57.74
2007-08-21,46.99
2007-08-22,44.40
2007-08-23,51.49
2007-08-24,50.31
2007-08-27,40.31
2007-08-28,46.26
2007-08-29,38.28
2007-08-30,49.06
2007-08-31,53.63
2007-09-03,50.31
2007-09-04,35.79
2007-09-05,46.17
2007-09-06,49.56
2007-09-07,28.70
2007-09-10,51.25
2007-09-11,17.44
2007-09-12,42.45
2007-09-13,52.63
2007-09-14,46.93
2007-09-17,71.41
2007-09-18,50.97
2007-09-19,40.41
2007-09-20,54.65
2007-09-21,40.57
2007-09-24,48.50
2007-09-25,46.31
2007-09-26,42.49
2007-09-27,57.98
2007-09-28,67.73
2007-10-08,53.16
2007-10-09,61.20
2007-10-10,55.36
2007-10-11,48.21
2007-10-12,49.46
2007-10-15,51.38
2007-10-16,44.81
2007-10-17,57.44
2007-10-18,41.59
2007-10-19,52.10
2007-10-22,41.61
2007-10-23,50.98
2007-10-24,45.25
2007-10-25,31.26
2007-10-26,25.41
2007-10-29,60.68
2007-10-30,68.49
2007-10-31,71.81
2007-11-01,49.28
2007-11-02,44.67
2007-11-05,57.73
2007-11-06,57.46
2007-11-07,51.91
2007-11-08,34.86
2007-11-09,42.65
2007-11-12,39.94
2007-11-13,50.03
2007-11-14,63.96
2007-11-15,48.28
2007-11-16,56.25
2007-11-19,59.07
2007-11-20,51.01
2007-11-21,42.40
2007-11-22,32.97
2007-11-23,56.49
2007-11-26,43.78
2007-11-27,40.28
2007-11-28,44.97
2007-11-29,60.30
2007-11-30,39.08
2007-12-03,50.61
2007-12-04,49.14
2007-12-05,66.98
2007-12-06,58.40
2007-12-07,67.33
2007-12-10,75.69
2007-12-11,73.67
2007-12-12,67.37
2007-12-13,47.35
2007-12-14,64.88
2007-12-17,55.31
2007-12-18,41.75
2007-12-19,66.30
2007-12-20,68.18
2007-12-21,75.15
2007-12-24,82.48
2007-12-25,71.50
2007-12-26,81.21
2007-12-27,81.39
2007-12-28,69.79
2008-01-02,83.36
2008-01-03,84.73
2008-01-04,75.89
2008-01-07,81.19
2008-01-08,68.97
2008-01-09,82.38
2008-01-10,76.31
2008-01-11,70.26
2008-01-14,76.35
2008-01-15,74.17
2008-01-16,59.00
2008-01-17,21.57
2008-01-18,46.32
2008-01-21,17.32
2008-01-22,8.56
2008-01-23,36.24
2008-01-24,35.46
2008-01-25,28.74
2008-01-28,14.10
2008-01-29,43.97
2008-01-30,38.36
2008-01-31,26.35
2008-02-01,22.52
2008-02-04,55.11
2008-02-05,46.16
2008-02-13,47.03
2008-02-14,59.50
2008-02-15,26.14
2008-02-18,70.39
2008-02-19,70.85
2008-02-20,60.78
2008-02-21,66.86
2008-02-22,30.39
2008-02-25,22.09
2008-02-26,34.02
2008-02-27,69.09
2008-02-28,57.92
2008-02-29,66.92
2008-03-03,47.71
2008-03-04,24.70
2008-03-05,31.19
2008-03-06,33.64
2008-03-07,26.75
2008-03-10,25.20
2008-03-11,51.94
2008-03-12,28.11
2008-03-13,24.01
2008-03-14,36.21
2008-03-17,26.34
2008-03-18,21.97
2008-03-19,46.70
2008-03-20,44.85
2008-03-21,43.16
2008-03-24,40.40
2008-03-25,56.07
2008-03-26,53.30
2008-03-27,35.46
2008-03-28,65.38
2008-03-31,29.53
2008-04-01,21.87
2008-04-02,22.18
2008-04-03,47.69
2008-04-07,75.80
2008-04-08,71.42
2008-04-09,46.26
2008-04-10,67.22
2008-04-11,67.83
2008-04-14,41.31
2008-04-15,61.48
2008-04-16,39.22
2008-04-17,39.97
2008-04-18,22.16
2008-04-21,22.67
2008-04-22,25.84
2008-04-23,74.26
2008-04-24,94.62
2008-04-25,81.45
2008-04-28,65.90
2008-04-29,72.60
2008-04-30,88.73
2008-05-05,90.02
2008-05-06,74.36
2008-05-07,12.17
2008-05-08,51.55
2008-05-09,71.74
2008-05-12,76.96
2008-05-13,72.50
2008-05-14,82.94
2008-05-15,73.55
2008-05-16,58.66
2008-05-19,58.25
2008-05-20,48.08
2008-05-21,77.03
2008-05-22,59.22
2008-05-23,26.39
2008-05-26,21.19
2008-05-27,40.24
2008-05-28,49.07
2008-05-29,30.45
2008-05-30,40.84
2008-06-02,49.74
2008-06-03,39.16
2008-06-04,33.86
2008-06-05,38.07
2008-06-06,39.47
2008-06-10,23.38
2008-06-11,30.48
2008-06-12,31.80
2008-06-13,29.13
2008-06-16,31.35
2008-06-17,28.41
2008-06-18,45.74
2008-06-19,19.00
2008-06-20,33.55
2008-06-23,37.16
2008-06-24,61.24
2008-06-25,76.72
2008-06-26,71.26
2008-06-27,16.51
2008-06-30,40.96
2008-07-01,29.82
2008-07-02,46.52
2008-07-03,76.84
2008-07-04,56.25
2008-07-07,83.34
2008-07-08,82.53
2008-07-09,92.23
2008-07-10,73.70
2008-07-11,67.99
2008-07-14,71.51
2008-07-15,54.22
2008-07-16,47.05
2008-07-17,48.60
2008-07-18,69.29
2008-07-21,80.76
2008-07-22,69.91
2008-07-23,60.99
2008-07-24,82.34
2008-07-25,64.82
2008-07-28,71.36
2008-07-29,52.70
2008-07-30,50.58
2008-07-31,36.09
2008-08-01,54.28
2008-08-04,37.89
2008-08-05,29.77
2008-08-06,42.96
2008-08-07,49.69
2008-08-08,27.26
2008-08-11,26.05
2008-08-12,36.27
2008-08-13,37.41
2008-08-14,46.36
2008-08-15,46.72
2008-08-18,30.75
2008-08-19,59.03
2008-08-20,54.26
2008-08-21,27.00
2008-08-22,37.06
2008-08-25,48.82
2008-08-26,31.81
2008-08-27,46.97
2008-08-28,48.39
2008-08-29,45.63
2008-09-01,18.41
2008-09-02,49.12
2008-09-03,39.92
2008-09-04,43.27
2008-09-05,17.21
2008-09-08,26.56
2008-09-09,39.76
2008-09-10,44.22
2008-09-11,28.13
2008-09-12,39.66
2008-09-16,32.92
2008-09-17,33.77
2008-09-18,26.63
2008-09-19,60.07
2008-09-22,86.79
2008-09-23,52.27
2008-09-24,63.97
2008-09-25,82.61
2008-09-26,70.96
2008-10-06,51.86
2008-10-07,53.36
2008-10-08,44.63
2008-10-09,43.26
2008-10-10,39.76
2008-10-13,64.24
2008-10-14,52.02
2008-10-15,46.36
2008-10-16,45.22
2008-10-17,57.32
2008-10-20,45.39
2008-10-21,33.59
2008-10-22,26.98
2008-10-23,39.14
2008-10-24,29.08
2008-10-27,11.80
2008-10-28,33.55
2008-10-29,14.41
2008-10-30,41.27
2008-10-31,25.97
2008-11-03,29.36
2008-11-04,25.61
2008-11-05,43.87
2008-11-06,28.84
2008-11-07,44.45
2008-11-10,86.25
2008-11-11,68.91
2008-11-12,78.07
2008-11-13,86.94
2008-11-14,89.13
2008-11-17,88.98
2008-11-18,60.25
2008-11-19,90.30
2008-11-20,77.69
2008-11-21,73.06
2008-11-24,56.95
2008-11-25,57.88
2008-11-26,61.83
2008-11-27,81.40
2008-11-28,62.14
2008-12-01,82.09
2008-12-02,81.12
2008-12-03,93.04
2008-12-04,82.01
2008-12-05,90.00
2008-12-08,89.60
2008-12-09,70.93
2008-12-10,83.73
2008-12-11,60.71
2008-12-12,19.68
2008-12-15,50.17
2008-12-16,49.31
2008-12-17,46.96
2008-12-18,73.90
2008-12-19,61.69
2008-12-22,56.07
2008-12-23,17.45
2008-12-24,31.21
2008-12-25,40.02
2008-12-26,40.41
2008-12-29,44.41
2008-12-30,46.09
2008-12-31,44.14
2009-01-05,62.62
2009-01-06,55.58
2009-01-07,49.04
2009-01-08,41.06
2009-01-09,64.94
2009-01-12,61.39
2009-01-13,38.51
2009-01-14,60.21
2009-01-15,63.45
2009-01-16,64.12
2009-01-19,50.62
2009-01-20,54.40
2009-01-21,51.05
2009-01-22,59.97
2009-01-23,38.17
2009-02-02,60.63
2009-02-03,72.57
2009-02-04,73.54
2009-02-05,61.21
2009-02-06,80.10
2009-02-09,81.76
2009-02-10,78.75
2009-02-11,71.68
2009-02-12,70.13
2009-02-13,78.90
2009-02-16,73.84
2009-02-17,53.70
2009-02-18,27.68
2009-02-19,56.30
2009-02-20,68.70
2009-02-23,74.81
2009-02-24,25.52
2009-02-25,40.56
2009-02-26,20.59
2009-02-27,25.86
2009-03-02,56.25
2009-03-03,51.48
2009-03-04,55.57
2009-03-05,45.56
2009-03-06,42.41
2009-03-09,30.34
2009-03-10,63.15
2009-03-11,47.54
2009-03-12,52.64
2009-03-13,49.12
2009-03-16,62.44
2009-03-17,56.74
2009-03-18,47.62
2009-03-19,78.92
2009-03-20,67.74
2009-03-23,79.55
2009-03-24,73.56
2009-03-25,42.63
2009-03-26,73.62
2009-03-27,71.47
2009-03-30,62.32
2009-03-31,62.22
2009-04-01,74.37
2009-04-02,68.41
2009-04-03,62.01
2009-04-07,61.05
2009-04-08,35.85
2009-04-09,57.48
2009-04-10,65.96
2009-04-13,67.84
2009-04-14,67.34
2009-04-15,66.33
2009-04-16,59.76
2009-04-17,47.87
2009-04-20,69.42
2009-04-21,50.17
2009-04-22,32.48
2009-04-23,64.57
2009-04-24,54.35
2009-04-27,43.85
2009-04-28,61.05
2009-04-29,73.41
2009-04-30,63.18
2009-05-04,70.27
2009-05-05,66.05
2009-05-06,61.79
2009-05-07,60.65
2009-05-08,52.24
2009-05-11,36.78
2009-05-12,72.75
2009-05-13,64.40
2009-05-14,63.08
2009-05-15,67.39
2009-05-18,58.54
2009-05-19,66.45
2009-05-20,56.66
2009-05-21,47.66
2009-05-22,32.64
2009-05-25,42.24
2009-05-26,37.75
2009-05-27,31.57
2009-06-01,73.16
2009-06-02,65.12
2009-06-03,57.43
2009-06-04,66.57
2009-06-05,57.25
2009-06-08,36.42
2009-06-09,46.71
2009-06-10,52.17
2009-06-11,66.46
2009-06-12,51.41
2009-06-15,74.29
2009-06-16,72.71
2009-06-17,47.22
2009-06-18,70.86
2009-06-19,46.87
2009-06-22,32.39
2009-06-23,38.46
2009-06-24,41.33
2009-06-25,39.89
2009-06-26,34.75
2009-06-29,46.02
2009-06-30,38.63
2009-07-01,50.08
2009-07-02,54.23
2009-07-03,54.70
2009-07-06,47.77
2009-07-07,53.17
2009-07-08,51.54
2009-07-09,59.50
2009-07-10,54.15
2009-07-13,53.08
2009-07-14,60.94
2009-07-15,57.44
2009-07-16,51.02
2009-07-17,46.97
2009-07-20,62.37
2009-07-21,66.88
2009-07-22,83.12
2009-07-23,54.13
2009-07-24,47.79
2009-07-27,86.89
2009-07-28,81.30
2009-07-29,33.46
2009-07-30,54.92
2009-07-31,70.95
2009-08-03,65.07
2009-08-04,58.51
2009-08-05,58.69
2009-08-06,46.60
2009-08-07,41.01
2009-08-10,58.62
2009-08-11,70.71
2009-08-12,39.82
2009-08-13,57.23
2009-08-14,39.88
2009-08-17,35.00
2009-08-18,55.43
2009-08-19,36.44
2009-08-20,60.54
2009-08-21,58.71
2009-08-24,60.99
2009-08-25,38.23
2009-08-26,60.22
2009-08-27,54.02
2009-08-28,38.29
2009-08-31,27.34
2009-09-01,38.49
2009-09-02,47.04
2009-09-03,56.50
2009-09-04,52.95
2009-09-07,67.50
2009-09-08,71.46
2009-09-09,65.16
2009-09-10,53.82
2009-09-11,67.74
2009-09-14,71.74
2009-09-15,70.58
2009-09-16,66.16
2009-09-17,77.19
2009-09-18,53.27
2009-09-21,62.66
2009-09-22,33.50
2009-09-23,32.52
2009-09-24,40.21
2009-09-25,39.13
2009-09-28,15.39
2009-09-29,17.24
2009-09-30,47.16
2009-10-09,72.86
2009-10-12,62.39
2009-10-13,70.77
2009-10-14,61.38
2009-10-15,63.02
2009-10-16,42.94
2009-10-19,70.29
2009-10-20,65.89
2009-10-21,56.41
2009-10-22,54.85
2009-10-23,64.38
2009-10-26,53.13
2009-10-27,43.51
2009-10-28,49.56
2009-10-29,37.79
2009-10-30,53.27
2009-11-02,65.53
2009-11-03,60.88
2009-11-04,57.84
2009-11-05,61.69
2009-11-06,62.59
2009-11-09,57.36
2009-11-10,54.85
2009-11-11,50.85
2009-11-12,54.58
2009-11-13,58.59
2009-11-16,69.38
2009-11-17,57.84
2009-11-18,80.11
2009-11-19,86.89
2009-11-20,83.47
2009-11-23,62.58
2009-11-24,35.70
2009-11-25,68.39
2009-11-26,35.05
2009-11-27,36.59
2009-11-30,69.87
2009-12-01,64.24
2009-12-02,75.63
2009-12-03,50.81
2009-12-04,38.16
2009-12-07,73.37
2009-12-08,63.28
2009-12-09,63.01
2009-12-10,77.81
2009-12-11,70.73
2009-12-14,69.97
2009-12-15,64.70
2009-12-16,68.97
2009-12-17,52.47
2009-12-18,47.31
2009-12-21,67.26
2009-12-22,49.89
2009-12-23,75.43
2009-12-24,52.27
2009-12-25,68.53
2009-12-28,49.14
2009-12-29,43.30
2009-12-30,43.76
2009-12-31,47.16
2010-01-04,65.65
2010-01-05,64.26
2010-01-06,62.22
2010-01-07,55.43
2010-01-08,67.08
2010-01-11,66.31
2010-01-12,75.47
2010-01-13,58.11
2010-01-14,73.44
2010-01-15,40.68
2010-01-18,38.21
2010-01-19,37.98
2010-01-20,26.01
2010-01-21,33.18
2010-01-22,47.96
2010-01-25,56.55
2010-01-26,51.17
2010-01-27,58.27
2010-01-28,68.33
2010-01-29,72.62
2010-02-01,57.43
2010-02-02,61.41
2010-02-03,68.50
2010-02-04,71.36
2010-02-05,51.51
2010-02-08,68.63
2010-02-09,68.42
2010-02-10,86.91
2010-02-11,69.92
2010-02-12,89.39
2010-02-22,56.95
2010-02-23,59.64
2010-02-24,76.34
2010-02-25,83.76
2010-02-26,70.76
2010-03-01,81.44
2010-03-02,75.39
2010-03-03,55.10
2010-03-04,68.93
2010-03-05,67.01
2010-03-08,63.30
2010-03-09,68.63
2010-03-10,61.39
2010-03-11,60.72
2010-03-12,54.12
2010-03-15,41.32
2010-03-16,59.50
2010-03-17,77.05
2010-03-18,68.16
2010-03-19,74.02
2010-03-22,73.28
2010-03-23,65.31
2010-03-24,72.39
2010-03-25,55.94
2010-03-26,72.06
2010-03-29,77.50
2010-03-30,74.48
2010-03-31,72.19
2010-04-01,88.87
2010-04-02,81.87
2010-04-06,80.02
2010-04-07,74.66
2010-04-08,64.18
2010-04-09,80.95
2010-04-12,79.57
2010-04-13,65.06
2010-04-14,42.08
2010-04-15,61.90
2010-04-16,56.55
2010-04-19,31.22
2010-04-20,47.31
2010-04-21,79.38
2010-04-22,70.10
2010-04-23,56.05
2010-04-26,46.83
2010-04-27,38.95
2010-04-28,50.00
2010-04-29,43.18
2010-04-30,45.41
2010-05-04,57.34
2010-05-05,70.89
2010-05-06,39.09
2010-05-07,42.76
2010-05-10,46.30
2010-05-11,41.85
2010-05-12,48.89
2010-05-13,72.03
2010-06-11,41.25
2010-06-17,31.10
2010-06-18,26.16
2010-06-21,47.89
2010-06-22,49.42
2010-06-23,43.79
2010-06-24,35.14
2010-06-25,30.80
2010-06-28,39.57
2010-06-29,24.11
2010-06-30,27.26
2010-07-01,31.27
2010-07-02,36.69
2010-07-05,43.49
2010-07-06,56.52
2010-07-07,55.26
2010-07-08,50.89
2010-07-09,67.69
2010-07-12,60.88
2010-07-13,54.53
2010-07-14,60.06
2010-07-15,49.95
2010-07-16,51.60
2010-07-19,51.02
2010-07-20,68.72
2010-07-21,63.50
2010-07-22,66.77
2010-07-23,57.99
2010-07-26,59.70
2010-07-27,41.75
2010-07-28,63.71
2010-07-29,57.23
2010-07-30,35.72
2010-08-02,62.12
2010-08-03,31.89
2010-08-04,57.36
2010-08-05,38.77
2010-08-06,60.40
2010-08-09,57.16
2010-08-10,13.75
2010-08-11,44.06
2010-08-12,17.87
2010-08-13,45.46
2010-08-16,54.07
2010-08-17,49.54
2010-08-18,44.64
2010-08-19,47.51
2010-08-20,22.75
2010-08-23,39.04
2010-08-24,49.03
2010-08-25,27.27
2010-08-26,34.69
2010-08-27,41.45
2010-08-30,51.26
2010-08-31,46.91
2010-09-01,23.10
2010-09-02,52.24
2010-09-03,48.14
2010-09-06,39.08
2010-09-07,46.81
2010-09-08,46.99
2010-09-09,23.21
2010-09-10,38.23
2010-09-13,42.52
2010-09-14,29.87
2010-09-15,20.54
2010-09-16,27.68
2010-09-17,35.48
2010-09-20,28.04
2010-09-21,32.12
2010-09-27,44.70
2010-09-28,35.73
2010-09-29,34.92
2010-09-30,48.36
2010-10-08,55.04
2010-10-11,46.89
2010-10-12,43.55
2010-10-13,51.99
2010-10-14,19.50
2010-10-15,43.94
2010-10-18,21.13
2010-10-19,54.64
2010-10-20,54.00
2010-10-21,47.97
2010-10-22,57.08
2010-10-25,67.46
2010-10-26,61.00
2010-10-27,37.87
2010-10-28,55.43
2010-10-29,49.61
2010-11-01,68.21
2010-11-02,34.92
2010-11-03,33.80
2010-11-04,61.16
2010-11-05,63.46
2010-11-08,67.66
2010-11-09,46.37
2010-11-10,60.77
2010-11-11,36.54
2010-11-12,27.13
2010-11-15,55.22
2010-11-16,30.94
2010-11-17,30.94
2010-11-18,45.19
2010-11-19,49.94
2010-11-22,47.67
2010-11-23,33.95
2010-11-24,45.38
2010-11-25,43.34
2010-11-26,42.28
2010-11-29,43.19
2010-11-30,30.02
2010-12-01,35.43
2010-12-02,45.02
2010-12-03,40.88
2010-12-06,32.48
2010-12-07,45.75
2010-12-08,43.21
2010-12-09,31.35
2010-12-10,50.93
2010-12-13,58.75
2010-12-14,55.18
2010-12-15,47.30
2010-12-16,47.50
2010-12-17,46.99
2010-12-20,40.09
2010-12-21,51.49
2010-12-22,43.97
2010-12-23,31.92
2010-12-24,29.93
2010-12-27,30.94
2010-12-28,33.86
2010-12-29,54.91
2010-12-30,46.74
2010-12-31,52.67
2011-01-04,50.33
2011-01-05,44.05
2011-01-06,46.78
2011-01-07,38.66
2011-01-10,30.98
2011-01-11,34.49
2011-01-12,54.02
2011-01-13,39.63
2011-01-14,36.01
2011-01-17,29.65
2011-01-18,41.02
2011-01-19,55.24
2011-01-20,29.74
2011-01-21,49.50
2011-01-24,31.19
2011-01-25,33.45
2011-01-26,54.17
2011-01-27,52.49
2011-01-28,44.91
2011-01-31,54.54
2011-02-01,43.43
2011-02-09,45.35
2011-02-10,56.45
2011-02-11,52.93
2011-02-14,58.55
2011-02-15,38.09
2011-02-16,55.12
2011-02-17,38.90
2011-02-18,32.23
2011-02-21,56.91
2011-02-22,22.11
2011-02-23,50.23
2011-02-24,44.07
2011-02-25,39.78
2011-02-28,56.85
2011-03-01,56.06
2011-03-02,39.58
2011-03-03,27.57
2011-03-04,53.70
2011-03-07,58.86
2011-03-08,50.25
2011-03-09,51.47
2011-03-10,33.56
2011-03-11,33.05
2011-03-14,50.37
2011-03-15,23.29
2011-03-16,57.26
2011-03-17,28.21
2011-03-18,46.72
2011-03-21,35.12
2011-03-22,45.03
2011-03-23,56.34
2011-03-24,38.48
2011-03-25,52.01
2011-03-28,26.21
2011-03-29,24.27
2011-03-30,42.06
2011-03-31,41.37
2011-04-01,48.69
2011-04-06,48.78
2011-04-07,52.91
2011-04-08,59.23
2011-04-11,38.48
2011-04-12,36.27
2011-04-13,58.63
2011-04-14,39.50
2011-04-15,44.36
2011-04-18,51.63
2011-04-19,27.07
2011-04-20,38.07
2011-04-21,44.80
2011-04-22,39.32
2011-04-25,37.47
2011-04-26,38.51
2011-04-27,38.34
2011-04-28,34.51
2011-04-29,48.79
2011-05-03,54.74
2011-05-04,38.04
2011-05-05,45.93
2011-05-06,45.22
2011-05-09,56.94
2011-05-10,57.04
2011-05-11,46.24
2011-05-12,40.02
2011-05-13,58.11
2011-05-16,52.22
2011-05-17,45.52
2011-05-18,53.18
2011-05-19,51.00
2011-05-20,49.43
2011-05-23,35.24
2011-05-24,45.66
2011-05-25,39.03
2011-05-26,39.20
2011-05-27,35.19
2011-05-30,36.71
2011-05-31,52.11
2011-06-01,57.60
2011-06-02,40.14
2011-06-03,52.52
2011-06-07,55.42
2011-06-08,52.95
2011-06-09,37.45
2011-06-10,46.49
2011-06-13,42.84
2011-06-14,58.36
2011-06-15,46.49
2011-06-16,36.82
2011-06-17,37.33
2011-06-20,38.80
2011-06-21,51.97
2011-06-22,39.78
2011-06-23,53.08
2011-06-24,55.57
2011-06-27,49.95
2011-06-28,40.76
2011-06-29,34.74
2011-06-30,50.21
2011-07-01,48.63
2011-07-04,59.31
2011-07-05,51.34
2011-07-06,41.97
2011-07-07,25.43
2011-07-08,33.48
2011-07-11,46.73
2011-07-12,28.11
2011-07-13,52.81
2011-07-14,37.95
2011-07-15,51.69
2011-07-18,41.92
2011-07-19,30.19
2011-07-20,39.41
2011-07-21,30.83
2011-07-22,39.56
2011-07-25,24.33
2011-07-26,40.62
2011-07-27,52.19
2011-07-28,43.80
2011-07-29,33.42
2011-08-01,50.97
2011-08-02,41.24
2011-08-03,54.73
2011-08-04,46.59
2011-08-05,38.75
2011-08-08,29.62
2011-08-09,37.05
2011-08-10,56.21
2011-08-11,63.39
2011-08-12,63.71
2011-08-15,66.12
2011-08-16,48.89
2011-08-17,45.08
2011-08-18,38.28
2011-08-19,39.63
2011-08-22,41.82
2011-08-23,57.90
2011-08-24,49.50
2011-08-25,59.62
2011-08-26,53.04
2011-08-29,46.90
2011-08-30,37.94
2011-08-31,41.29
2011-09-01,39.19
2011-09-02,35.62
2011-09-05,32.77
2011-09-06,35.85
2011-09-07,48.43
2011-09-08,41.78
2011-09-09,36.15
2011-09-13,32.31
2011-09-14,53.88
2011-09-15,47.79
2011-09-16,47.15
2011-09-19,30.49
2011-09-20,45.00
2011-09-21,55.75
2011-09-22,31.58
2011-09-23,34.81
2011-09-26,30.40
2011-09-27,41.46
2011-09-28,29.91
2011-09-29,28.53
2011-09-30,35.68
2011-10-10,33.18
2011-10-11,35.64
2011-10-12,56.95
2011-10-13,55.91
2011-10-14,44.40
2011-10-17,43.78
2011-10-18,29.55
2011-10-19,34.96
2011-10-20,26.71
2011-10-21,26.98
2011-10-24,41.28
2011-10-25,52.94
2011-10-26,51.72
2011-10-27,43.03
2011-10-28,62.82
2011-10-31,42.49
2011-11-01,39.37
2011-11-02,62.71
2011-11-03,54.34
2011-11-04,61.14
2011-11-07,42.22
2011-11-08,40.32
2011-11-09,53.76
2011-11-10,29.10
2011-11-11,44.96
2011-11-14,64.96
2011-11-15,46.14
2011-11-16,34.15
2011-11-17,47.53
2011-11-18,37.78
2011-11-21,37.85
2011-11-22,36.48
2011-11-23,42.12
2011-11-24,45.99
2011-11-25,43.81
2011-11-28,38.60
2011-11-29,58.01
2011-11-30,28.31
2011-12-01,57.25
2011-12-02,34.02
2011-12-05,31.62
2011-12-06,41.13
2011-12-07,43.45
2011-12-08,40.76
2011-12-09,35.85
2011-12-12,34.56
2011-12-13,32.04
2011-12-14,32.67
2011-12-15,31.93
2011-12-16,47.61
2011-12-19,39.58
2011-12-20,37.61
2011-12-21,30.95
2011-12-22,34.32
2011-12-23,44.40
2011-12-26,35.84
2011-12-27,31.03
2011-12-28,37.85
2011-12-29,40.43
2011-12-30,51.06
2012-01-04,32.12
2012-01-05,30.86
2012-01-06,42.12
2012-01-09,51.49
2012-01-10,64.92
2012-01-11,33.18
2012-01-12,36.18
2012-01-13,26.51
2012-01-16,25.93
2012-01-17,53.12
2012-01-18,26.35
2012-01-19,45.01
2012-01-20,48.75
2012-01-30,39.42
2012-01-31,40.94
2012-02-01,43.82
2012-02-02,58.00
2012-02-03,62.03
2012-02-06,55.71
2012-02-07,41.29
2012-02-08,68.07
2012-02-09,58.38
2012-02-10,62.66
2012-02-13,60.74
2012-02-14,45.49
2012-02-15,72.40
2012-02-16,42.25
2012-02-17,52.74
2012-02-20,56.22
2012-02-21,69.47
2012-02-22,74.50
2012-02-23,67.45
2012-02-24,73.20
2012-02-27,66.37
2012-02-28,35.97
2012-02-29,34.80
2012-03-01,52.07
2012-03-02,71.94
2012-03-05,45.06
2012-03-06,36.19
2012-03-07,37.31
2012-03-08,60.27
2012-03-09,62.96
2012-03-12,42.93
2012-03-13,61.59
2012-03-14,23.40
2012-03-15,40.29
2012-03-16,55.09
2012-03-19,58.62
2012-03-20,31.35
2012-03-21,38.08
2012-03-22,44.97
2012-03-23,35.60
2012-03-26,45.70
2012-03-27,46.67
2012-03-28,37.41
2012-03-29,38.62
2012-03-30,41.28
2012-04-05,59.72
2012-04-06,55.56
2012-04-09,48.00
2012-04-10,57.47
2012-04-11,55.51
2012-04-12,64.60
2012-04-13,60.12
2012-04-16,49.49
2012-04-17,36.08
2012-04-18,61.66
2012-04-19,48.33
2012-04-20,56.03
2012-04-23,29.74
2012-04-24,30.57
2012-04-25,52.38
2012-04-26,41.95
2012-04-27,35.40
2012-05-02,46.12
2012-05-03,49.12
2012-05-04,45.67
2012-05-07,52.44
2012-05-08,41.57
2012-05-09,35.13
2012-05-10,48.54
2012-05-11,34.72
2012-05-14,47.11
2012-05-15,40.59
2012-05-16,39.95
2012-05-17,54.15
2012-05-18,40.81
2012-05-21,45.34
2012-05-22,59.02
2012-05-23,41.75
2012-05-24,49.40
2012-05-25,42.39
2012-05-28,59.60
2012-05-29,64.22
2012-05-30,53.52
2012-05-31,52.95
2012-06-01,57.01
2012-06-04,42.57
2012-06-05,56.16
2012-06-06,54.53
2012-06-07,52.55
2012-06-08,53.45
2012-06-11,56.76
2012-06-12,52.12
2012-06-13,63.05
2012-06-14,52.17
2012-06-15,46.35
2012-06-18,50.92
2012-06-19,48.18
2012-06-20,52.33
2012-06-21,42.81
2012-06-25,36.92
2012-06-26,45.15
2012-06-27,49.63
2012-06-28,41.30
2012-06-29,53.40
2012-07-02,56.40
2012-07-03,53.01
2012-07-04,47.11
2012-07-05,40.09
2012-07-06,53.31
2012-07-09,36.14
2012-07-10,40.48
2012-07-11,50.62
2012-07-12,60.07
2012-07-13,42.00
2012-07-16,32.89
2012-07-17,50.17
2012-07-18,51.54
2012-07-19,49.17
2012-07-20,41.05
2012-07-23,37.23
2012-07-24,54.72
2012-07-25,36.71
2012-07-26,37.54
2012-07-27,40.24
2012-07-30,33.36
2012-07-31,34.87
2012-08-01,51.62
2012-08-02,37.43
2012-08-03,56.77
2012-08-06,65.44
2012-08-07,63.30
2012-08-08,43.52
2012-08-09,64.09
2012-08-10,43.16
2012-08-13,33.89
2012-08-14,52.98
2012-08-15,39.83
2012-08-16,40.55
2012-08-17,48.08
2012-08-20,49.37
2012-08-21,58.81
2012-08-22,43.45
2012-08-23,51.91
2012-08-24,37.92
2012-08-27,39.21
2012-08-28,53.14
2012-08-29,46.18
2012-08-30,37.79
2012-08-31,48.57
2012-09-03,57.90
2012-09-04,51.83
2012-09-05,60.36
2012-09-06,64.28
2012-09-07,71.26
2012-09-10,68.84
2012-09-11,41.51
2012-09-12,67.72
2012-09-13,45.10
2012-09-14,58.86
2012-09-17,32.78
2012-09-18,42.73
2012-09-19,50.66
2012-09-20,31.72
2012-09-21,37.68
2012-09-24,53.62
2012-09-25,45.01
2012-09-26,31.60
2012-09-27,59.35
2012-09-28,61.42
2012-10-08,43.39
2012-10-09,63.15
2012-10-10,62.11
2012-10-11,29.83
2012-10-12,38.25
2012-10-15,36.43
2012-10-16,44.14
2012-10-17,48.05
2012-10-18,69.21
2012-10-19,47.97
2012-10-22,59.50
2012-10-23,39.01
2012-10-24,48.95
2012-10-25,36.29
2012-10-26,31.61
2012-10-29,39.36
2012-10-30,40.48
2012-10-31,45.16
2012-11-01,62.17
2012-11-02,54.39
2012-11-05,43.39
2012-11-06,38.31
2012-11-07,48.34
2012-11-08,34.57
2012-11-09,39.25
2012-11-12,47.11
2012-11-13,31.78
2012-11-14,43.01
2012-11-15,44.78
2012-11-16,42.48
2012-11-19,50.19
2012-11-20,45.39
2012-11-21,62.41
2012-11-22,49.22
2012-11-23,49.41
2012-11-26,38.72
2012-11-27,35.43
2012-11-28,36.39
2012-11-29,39.29
2012-11-30,54.38
2012-12-03,36.68
2012-12-04,52.80
2012-12-05,67.89
2012-12-06,42.72
2012-12-07,69.23
2012-12-10,66.92
2012-12-11,39.80
2012-12-12,48.68
2012-12-13,35.70
2012-12-14,69.90
2012-12-17,60.85
2012-12-18,64.02
2012-12-19,67.35
2012-12-20,66.78
2012-12-21,44.93
2012-12-24,56.02
2012-12-25,79.52
2012-12-26,78.11
2012-12-27,68.09
2012-12-28,69.53
2012-12-31,72.73
2013-01-04,50.46
2013-01-07,69.78
2013-01-08,69.47
2013-01-09,65.58
2013-01-10,72.85
2013-01-11,44.08
2013-01-14,82.53
2013-01-15,80.08
2013-01-16,53.79
2013-01-17,40.67
2013-01-18,70.16
2013-01-21,69.49
2013-01-22,35.93
2013-01-23,63.97
2013-01-24,35.97
2013-01-25,47.50
2013-01-28,72.76
2013-01-29,70.88
2013-01-30,57.27
2013-01-31,39.86
2013-02-01,58.28
2013-02-04,38.92
2013-02-05,64.98
2013-02-06,51.90
2013-02-07,51.06
2013-02-08,59.95
2013-02-18,53.65
2013-02-19,40.57
2013-02-20,67.74
2013-02-21,41.13
2013-02-22,56.60
2013-02-25,55.92
2013-02-26,42.72
2013-02-27,53.43
2013-02-28,69.32
2013-03-01,67.60
2013-03-04,26.38
2013-03-05,56.82
2013-03-06,66.54
2013-03-07,35.86
2013-03-08,40.55
2013-03-11,41.58
2013-03-12,33.85
2013-03-13,36.45
2013-03-14,43.52
2013-03-15,48.11
2013-03-18,34.86
2013-03-19,43.17
2013-03-20,59.80
2013-03-21,58.95
2013-03-22,49.50
2013-03-25,51.29
2013-03-26,45.74
2013-03-27,48.09
2013-03-28,33.07
2013-03-29,38.58
2013-04-01,41.41
2013-04-02,35.74
2013-04-03,37.79
2013-04-08,40.25
2013-04-09,50.05
2013-04-10,46.67
2013-04-11,46.07
2013-04-12,35.21
2013-04-15,34.14
2013-04-16,47.60
2013-04-17,59.54
2013-04-18,56.24
2013-04-19,69.68
2013-04-22,56.45
2013-04-23,43.32
2013-04-24,67.34
2013-04-25,41.46
2013-04-26,41.97
2013-05-02,49.04
2013-05-03,56.34
2013-05-06,63.98
2013-05-07,57.46
2013-05-08,60.55
2013-05-09,45.75
2013-05-10,55.83
2013-05-13,51.08
2013-05-14,40.44
2013-05-15,52.56
2013-05-16,64.83
2013-05-17,67.70
2013-05-20,66.67
2013-05-21,70.70
2013-05-22,55.51
2013-05-23,45.32
2013-05-24,66.82
2013-05-27,46.85
2013-05-28,68.23
2013-05-29,54.11
2013-05-30,50.85
2013-05-31,46.70
2013-06-03,47.70
2013-06-04,36.06
2013-06-05,51.26
2013-06-06,41.15
2013-06-07,42.23
2013-06-13,37.13
2013-06-14,58.20
2013-06-17,47.19
2013-06-18,54.07
2013-06-19,50.72
2013-06-20,34.19
2013-06-21,46.87
2013-06-24,19.30
2013-06-25,28.17
2013-06-26,38.67
2013-06-27,16.34
2013-06-28,25.03
2013-07-01,33.96
2013-07-02,36.24
2013-07-03,26.38
2013-07-04,43.93
2013-07-05,30.09
2013-07-08,18.43
2013-07-09,29.68
2013-07-10,38.53
2013-07-11,52.89
2013-07-12,29.11
2013-07-15,49.23
2013-07-16,48.82
2013-07-17,30.68
2013-07-18,28.44
2013-07-19,14.28
2013-07-22,34.02
2013-07-23,53.46
2013-07-24,54.25
2013-07-25,41.15
2013-07-26,49.86
2013-07-29,32.22
2013-07-30,44.25
2013-07-31,50.67
2013-08-01,63.95
2013-08-02,61.57
2013-08-05,61.77
2013-08-06,65.44
2013-08-07,51.57
2013-08-08,61.57
2013-08-09,61.08
2013-08-12,64.80
2013-08-13,62.01
2013-08-14,53.63
2013-08-15,49.41
2013-08-16,34.35
2013-08-19,61.11
2013-08-20,52.21
2013-08-21,60.59
2013-08-22,53.43
2013-08-23,38.65
2013-08-26,62.72
2013-08-27,59.06
2013-08-28,40.73
2013-08-29,45.56
2013-08-30,37.11
2013-09-02,44.34
2013-09-03,53.99
2013-09-04,44.82
2013-09-05,48.56
2013-09-06,50.45
2013-09-09,59.56
2013-09-10,60.02
2013-09-11,52.05
2013-09-12,56.77
2013-09-13,52.62
2013-09-16,46.24
2013-09-17,36.65
2013-09-18,48.47
2013-09-23,55.78
2013-09-24,49.15
2013-09-25,46.70
2013-09-26,39.92
2013-09-27,44.90
2013-09-30,49.04
2013-10-08,58.71
2013-10-09,58.39
2013-10-10,54.67
2013-10-11,64.26
2013-10-14,64.28
2013-10-15,47.79
2013-10-16,40.03
2013-10-17,47.58
2013-10-18,51.73
2013-10-21,65.88
2013-10-22,38.29
2013-10-23,39.58
2013-10-24,47.51
2013-10-25,41.81
2013-10-28,45.82
2013-10-29,42.75
2013-10-30,59.67
2013-10-31,43.18
2013-11-01,40.60
2013-11-04,47.60
2013-11-05,51.56
2013-11-06,46.93
2013-11-07,39.47
2013-11-08,37.01
2013-11-11,49.84
2013-11-12,53.94
2013-11-13,37.35
2013-11-14,53.44
2013-11-15,59.72
2013-11-18,61.17
2013-11-19,51.58
2013-11-20,57.89
2013-11-21,42.31
2013-11-22,43.22
2013-11-25,42.89
2013-11-26,45.70
2013-11-27,53.34
2013-11-28,52.40
2013-11-29,56.17
2013-12-02,26.68
2013-12-03,48.99
2013-12-04,55.60
2013-12-05,43.60
2013-12-06,40.08
2013-12-09,44.09
2013-12-10,40.33
2013-12-11,33.89
2013-12-12,48.34
2013-12-13,41.91
2013-12-16,36.86
2013-12-17,40.52
2013-12-18,47.45
2013-12-19,42.93
2013-12-20,39.70
2013-12-23,43.00
2013-12-24,52.00
2013-12-25,55.84
2013-12-26,39.17
2013-12-27,61.14
2013-12-30,56.71
2013-12-31,54.96
2014-01-02,55.75
2014-01-03,49.86
2014-01-06,35.58
2014-01-07,48.42
2014-01-08,52.35
2014-01-09,38.55
2014-01-10,38.81
2014-01-13,42.75
2014-01-14,52.99
2014-01-15,56.03
2014-01-16,49.25
2014-01-17,41.52
2014-01-20,41.38
2014-01-21,59.18
2014-01-22,60.57
2014-01-23,48.92
2014-01-24,59.88
2014-01-27,35.35
2014-01-28,43.59
2014-01-29,45.31
2014-01-30,34.95
2014-02-07,52.46
2014-02-10,68.31
2014-02-11,62.19
2014-02-12,70.80
2014-02-13,36.24
2014-02-14,63.36
2014-02-17,69.72
2014-02-18,44.06
2014-02-19,65.41
2014-02-20,36.30
2014-02-21,44.89
2014-02-24,42.77
2014-02-25,24.27
2014-02-26,52.33
2014-02-27,28.79
2014-02-28,49.72
2014-03-03,56.42
2014-03-04,45.03
2014-03-05,41.63
2014-03-06,49.45
2014-03-07,40.39
2014-03-10,23.15
2014-03-11,36.28
2014-03-12,36.31
2014-03-13,44.28
2014-03-14,32.86
2014-03-17,50.56
2014-03-18,44.40
2014-03-19,40.96
2014-03-20,20.84
2014-03-21,45.48
2014-03-24,42.58
2014-03-25,33.65
2014-03-26,38.30
2014-03-27,31.20
2014-03-28,29.54
2014-03-31,32.57
2014-04-01,46.45
2014-04-02,41.61
2014-04-03,42.54
2014-04-04,52.12
2014-04-08,53.71
2014-04-09,51.42
2014-04-10,57.34
2014-04-11,50.78
2014-04-14,49.18
2014-04-15,46.65
2014-04-16,46.10
2014-04-17,41.97
2014-04-18,41.88
2014-04-21,32.88
2014-04-22,34.04
2014-04-23,38.61
2014-04-24,31.78
2014-04-25,27.13
2014-04-28,24.26
2014-04-29,40.03
2014-04-30,37.88
2014-05-05,42.56
2014-05-06,43.00
2014-05-07,34.51
2014-05-08,48.18
2014-05-09,41.51
2014-05-12,58.82
2014-05-13,46.67
2014-05-14,51.11
2014-05-15,37.69
2014-05-16,45.72
2014-05-19,42.65
2014-05-20,47.99
2014-05-21,56.97
2014-05-22,50.58
2014-05-23,54.45
2014-05-26,54.90
2014-05-27,40.81
2014-05-28,46.53
2014-05-29,35.42
2014-05-30,43.37
2014-06-03,40.06
2014-06-04,36.47
2014-06-05,48.55
2014-06-06,35.88
2014-06-09,32.31
2014-06-10,42.58
2014-06-11,44.58
2014-06-12,37.49
2014-06-13,57.88
2014-06-16,48.64
2014-06-17,35.51
2014-06-18,35.02
2014-06-19,23.45
2014-06-20,47.46
2014-06-23,47.84
2014-06-24,49.62
2014-06-25,42.73
2014-06-26,61.56
2014-06-27,64.73
2014-06-30,65.11
2014-07-01,47.42
2014-07-02,61.37
2014-07-03,61.08
2014-07-04,46.32
2014-07-07,43.03
2014-07-08,61.91
2014-07-09,32.79
2014-07-10,47.79
2014-07-11,66.55
2014-07-14,69.44
2014-07-15,62.26
2014-07-16,43.66
2014-07-17,46.34
2014-07-18,55.92
2014-07-21,44.64
2014-07-22,62.46
2014-07-23,44.35
2014-07-24,53.94
2014-07-25,54.77
2014-07-28,58.66
2014-07-29,57.09
2014-07-30,39.53
2014-07-31,57.87
2014-08-01,32.33
2014-08-04,61.64
2014-08-05,57.96
2014-08-06,44.75
2014-08-07,33.83
2014-08-08,54.55
2014-08-11,66.56
2014-08-12,42.66
2014-08-13,54.11
2014-08-14,35.39
2014-08-15,62.21
2014-08-18,69.97
2014-08-19,59.74
2014-08-20,45.10
2014-08-21,45.78
2014-08-22,63.74
2014-08-25,38.89
2014-08-26,36.10
2014-08-27,57.44
2014-08-28,50.69
2014-08-29,67.39
2014-09-01,69.18
2014-09-02,74.84
2014-09-03,74.22
2014-09-04,73.44
2014-09-05,69.24
2014-09-09,52.36
2014-09-10,51.56
2014-09-11,49.11
2014-09-12,66.17
2014-09-15,51.81
2014-09-16,38.78
2014-09-17,67.96
2014-09-18,68.17
2014-09-19,66.35
2014-09-22,54.50
2014-09-23,70.89
2014-09-24,71.75
2014-09-25,46.68
2014-09-26,53.86
2014-09-29,60.18
2014-09-30,53.17
2014-10-08,71.98
2014-10-09,70.28
2014-10-10,65.19
2014-10-13,59.83
2014-10-14,54.25
2014-10-15,63.92
2014-10-16,42.10
2014-10-17,50.88
2014-10-20,59.11
2014-10-21,48.57
2014-10-22,42.70
2014-10-23,45.41
2014-10-24,57.31
2014-10-27,58.75
2014-10-28,66.17
2014-10-29,71.69
2014-10-30,61.54
2014-10-31,62.25
2014-11-03,62.26
2014-11-04,49.43
2014-11-05,53.70
2014-11-06,57.32
2014-11-07,55.66
2014-11-10,57.63
2014-11-11,37.85
2014-11-12,62.18
2014-11-13,43.29
2014-11-14,46.45
2014-11-17,52.57
2014-11-18,49.84
2014-11-19,58.77
2014-11-20,51.25
2014-11-21,58.11
2014-11-24,68.13
2014-11-25,65.95
2014-11-26,67.04
2014-11-27,65.33
2014-11-28,68.12
2014-12-01,60.50
2014-12-02,75.04
2014-12-03,74.99
2014-12-04,85.18
2014-12-05,68.05
2014-12-08,77.09
2014-12-09,51.45
2014-12-10,88.96
2014-12-11,72.54
2014-12-12,73.86
2014-12-15,83.49
2014-12-16,77.18
2014-12-17,76.39
2014-12-18,70.35
2014-12-19,63.21
2014-12-22,55.63
2014-12-23,64.34
2014-12-24,73.68
2014-12-25,79.91
2014-12-26,73.33
2014-12-29,61.71
2014-12-30,62.57
2014-12-31,74.27
2015-01-05,79.18
2015-01-06,80.92
2015-01-07,69.96
2015-01-08,68.10
2015-01-09,63.46
2015-01-12,60.92
2015-01-13,78.53
2015-01-14,61.69
2015-01-15,72.68
2015-01-16,75.20
2015-01-19,42.01
2015-01-20,68.44
2015-01-21,79.19
2015-01-22,72.64
2015-01-23,59.05
2015-01-26,73.69
2015-01-27,64.77
2015-01-28,58.92
2015-01-29,61.37
2015-01-30,44.74
2015-02-02,40.89
2015-02-03,60.83
2015-02-04,41.25
2015-02-05,35.15
2015-02-06,24.09
2015-02-09,31.98
2015-02-10,55.99
2015-02-11,55.97
2015-02-12,59.24
2015-02-13,58.87
2015-02-16,55.63
2015-02-17,55.12
2015-02-25,37.46
2015-02-26,60.50
2015-02-27,59.61
2015-03-02,75.04
2015-03-03,51.94
2015-03-04,71.48
2015-03-05,59.40
2015-03-06,48.92
2015-03-09,64.36
2015-03-10,64.41
2015-03-11,55.74
2015-03-12,59.93
2015-03-13,71.63
2015-03-16,79.21
2015-03-17,77.92
2015-03-18,83.42
2015-03-19,59.60
2015-03-20,79.26
2015-03-23,84.11
2015-03-24,76.12
2015-03-25,59.73
2015-03-26,50.63
2015-03-27,69.33
2015-03-30,72.75
2015-03-31,55.02
2015-04-01,79.67
2015-04-02,78.43
2015-04-03,81.54
2015-04-07,84.84
2015-04-08,69.98
2015-04-09,50.56
2015-04-10,77.12
2015-04-13,77.93
2015-04-14,54.13
2015-04-15,39.83
2015-04-16,70.08
2015-04-17,68.77
2015-04-20,42.92
2015-04-21,79.90
2015-04-22,83.84
2015-04-23,78.32
2015-04-24,59.39
2015-04-27,77.72
2015-04-28,50.59
2015-04-29,79.16
2015-04-30,63.14
2015-05-04,66.03
2015-05-05,48.64
2015-05-06,57.13
2015-05-07,49.45
2015-05-08,70.38
2015-05-11,78.81
2015-05-12,76.61
2015-05-13,73.97
2015-05-14,60.29
2015-05-15,57.25
2015-05-18,63.50
2015-05-19,75.19
2015-05-20,78.47
2015-05-21,81.99
2015-05-22,79.61
2015-05-25,79.86
2015-05-26,88.76
2015-05-27,82.66
2015-05-28,43.96
2015-05-29,73.54
2015-06-01,79.35
2015-06-02,81.51
2015-06-03,75.54
2015-06-04,60.80
2015-06-05,78.01
2015-06-08,56.71
2015-06-09,64.91
2015-06-10,75.16
2015-06-11,73.89
2015-06-12,74.42
2015-06-15,55.26
2015-06-16,51.97
2015-06-17,67.28
2015-06-18,50.46
2015-06-19,41.31
2015-06-23,45.26
2015-06-24,49.32
2015-06-25,18.02
2015-06-26,11.04
2015-06-29,10.45
2015-06-30,32.82
2015-07-01,11.46
2015-07-02,10.42
2015-07-03,10.17
2015-07-06,10.09
2015-07-07,9.29
2015-07-08,10.61
2015-07-09,35.92
2015-07-10,37.58
2015-07-13,35.96
2015-07-14,30.04
2015-07-15,15.13
2015-07-16,26.86
2015-07-17,37.41
2015-07-20,34.22
2015-07-21,33.35
2015-07-22,31.80
2015-07-23,41.50
2015-07-24,20.88
2015-07-27,12.20
2015-07-28,13.63
2015-07-29,37.17
2015-07-30,14.82
2015-07-31,17.77
2015-08-03,25.06
2015-08-04,57.91
2015-08-05,43.67
2015-08-06,45.71
2015-08-07,61.73
2015-08-10,64.47
2015-08-11,55.99
2015-08-12,43.24
2015-08-13,60.02
2015-08-14,55.30
2015-08-17,54.61
2015-08-18,16.65
2015-08-19,40.96
2015-08-20,17.19
2015-08-21,12.74
2015-08-24,11.11
2015-08-25,10.79
2015-08-26,14.85
2015-08-27,28.91
2015-08-28,35.72
2015-08-31,14.52
2015-09-01,12.27
2015-09-02,14.45
2015-09-07,24.82
2015-09-08,33.27
2015-09-09,36.08
2015-09-10,18.59
2015-09-11,29.33
2015-09-14,12.72
2015-09-15,11.57
2015-09-16,35.89
2015-09-17,16.54
2015-09-18,29.42
2015-09-21,35.16
2015-09-22,29.33
2015-09-23,22.44
2015-09-24,46.03
2015-09-25,27.64
2015-09-28,34.44
2015-09-29,18.85
2015-09-30,29.16
2015-10-08,52.10
2015-10-09,44.95
2015-10-12,66.69
2015-10-13,57.55
2015-10-14,46.36
2015-10-15,66.81
2015-10-16,68.44
2015-10-19,63.93
2015-10-20,71.90
2015-10-21,35.46
2015-10-22,71.27
2015-10-23,77.39
2015-10-26,70.28
2015-10-27,69.32
2015-10-28,48.32
2015-10-29,64.19
2015-10-30,56.98
2015-11-02,49.91
2015-11-03,55.24
2015-11-04,81.35
2015-11-05,71.71
2015-11-06,85.43
2015-11-09,82.62
2015-11-10,78.14
2015-11-11,83.12
2015-11-12,64.82
2015-11-13,53.38
2015-11-16,75.41
2015-11-17,56.44
2015-11-18,55.91
2015-11-19,75.30
2015-11-20,76.78
2015-11-23,54.98
2015-11-24,69.16
2015-11-25,74.28
2015-11-26,55.65
2015-11-27,38.48
2015-11-30,55.91
2015-12-01,51.92
2015-12-02,48.64
2015-12-03,63.19
2015-12-04,47.45
2015-12-07,49.48
2015-12-08,33.89
2015-12-09,31.50
2015-12-10,33.81
2015-12-11,28.38
2015-12-14,49.37
2015-12-15,49.02
2015-12-16,46.47
2015-12-17,59.89
2015-12-18,49.32
2015-12-21,51.99
2015-12-22,53.66
2015-12-23,44.99
2015-12-24,46.31
2015-12-25,54.47
2015-12-28,36.12
2015-12-29,50.36
2015-12-30,51.17
2015-12-31,33.71
2016-01-04,15.82
2016-01-05,20.56
2016-01-06,38.40
2016-01-07,13.78
2016-01-08,26.96
2016-01-11,14.35
2016-01-12,23.93
2016-01-13,14.33
2016-01-14,33.95
2016-01-15,15.29
2016-01-18,31.27
2016-01-19,36.85
2016-01-20,21.98
2016-01-21,15.11
2016-01-22,31.73
2016-01-25,31.89
2016-01-26,13.76
2016-01-27,18.65
2016-01-28,13.57
2016-01-29,33.47
2016-02-01,18.09
2016-02-02,39.09
2016-02-03,29.82
2016-02-04,37.88
2016-02-05,22.28
2016-02-15,29.21
2016-02-16,57.14
2016-02-17,50.67
2016-02-18,33.13
2016-02-19,40.96
2016-02-22,59.47
2016-02-23,44.60
2016-02-24,45.61
2016-02-25,24.15
2016-02-26,39.39
2016-02-29,18.93
2016-03-01,40.98
2016-03-02,64.01
2016-03-03,49.56
2016-03-04,24.18
2016-03-07,49.93
2016-03-08,47.42
2016-03-09,26.32
2016-03-10,23.42
2016-03-11,28.54
2016-03-14,49.91
2016-03-15,31.79
2016-03-16,28.87
2016-03-17,49.54
2016-03-18,66.30
2016-03-21,71.25
2016-03-22,44.46
2016-03-23,58.25
2016-03-24,36.95
2016-03-25,50.99
2016-03-28,50.06
2016-03-29,42.26
2016-03-30,66.74
2016-03-31,57.01
2016-04-01,49.27
2016-04-05,71.55
2016-04-06,64.56
2016-04-07,45.11
2016-04-08,46.51
2016-04-11,66.35
2016-04-12,44.69
2016-04-13,69.41
2016-04-14,59.42
2016-04-15,49.03
2016-04-18,40.91
2016-04-19,48.21
2016-04-20,20.68
2016-04-21,30.36
2016-04-22,40.37
2016-04-25,34.02
2016-04-26,45.38
2016-04-27,37.79
2016-04-28,35.01
2016-04-29,32.89
2016-05-03,54.68
2016-05-04,44.67
2016-05-05,49.15
2016-05-06,23.78
2016-05-09,25.59
2016-05-10,32.35
2016-05-11,28.39
2016-05-12,31.65
2016-05-13,31.13
2016-05-16,45.48
2016-05-17,34.20
2016-05-18,26.79
2016-05-19,39.32
2016-05-20,44.08
2016-05-23,50.69
2016-05-24,34.86
2016-05-25,37.56
2016-05-26,42.34
2016-05-27,36.82
2016-05-30,34.03
2016-05-31,62.98
2016-06-01,56.66
2016-06-02,55.95
2016-06-03,53.37
2016-06-06,46.54
2016-06-07,45.30
2016-06-08,41.71
2016-06-13,26.28
2016-06-14,41.13
2016-06-15,56.63
2016-06-16,41.37
2016-06-17,53.78
2016-06-20,44.44
2016-06-21,34.41
2016-06-22,51.43
2016-06-23,39.11
2016-06-24,32.89
2016-06-27,60.05
2016-06-28,60.92
2016-06-29,53.52
2016-06-30,48.43
2016-07-01,47.36
2016-07-04,63.82
2016-07-05,57.35
2016-07-06,57.02
2016-07-07,43.06
2016-07-08,48.12
2016-07-11,37.42
2016-07-12,63.16
2016-07-13,61.24
2016-07-14,52.37
2016-07-15,42.78
2016-07-18,40.56
2016-07-19,48.77
2016-07-20,45.54
2016-07-21,46.91
2016-07-22,37.38
2016-07-25,34.97
2016-07-26,45.85
2016-07-27,21.86
2016-07-28,38.34
2016-07-29,35.52
2016-08-01,34.11
2016-08-02,47.53
2016-08-03,46.09
2016-08-04,49.62
2016-08-05,40.28
2016-08-08,50.66
2016-08-09,56.90
2016-08-10,42.29
2016-08-11,42.63
2016-08-12,55.02
2016-08-15,68.91
2016-08-16,57.51
2016-08-17,55.52
2016-08-18,58.19
2016-08-19,54.55
2016-08-22,39.59
2016-08-23,50.42
2016-08-24,45.99
2016-08-25,44.37
2016-08-26,42.48
2016-08-29,43.35
2016-08-30,38.98
2016-08-31,43.76
2016-09-01,35.03
2016-09-02,35.19
2016-09-05,44.20
2016-09-06,55.58
2016-09-07,39.56
2016-09-08,42.99
2016-09-09,33.64
2016-09-12,32.60
2016-09-13,44.59
2016-09-14,41.76
2016-09-19,59.63
2016-09-20,45.35
2016-09-21,47.74
2016-09-22,54.27
2016-09-23,40.67
2016-09-26,34.77
2016-09-27,48.10
2016-09-28,46.13
2016-09-29,48.17
2016-09-30,48.57
2016-10-10,58.29
2016-10-11,53.65
2016-10-12,40.24
2016-10-13,43.67
2016-10-14,38.64
2016-10-17,32.95
2016-10-18,51.15
2016-10-19,43.02
2016-10-20,43.59
2016-10-21,37.37
2016-10-24,52.28
2016-10-25,53.98
2016-10-26,35.77
2016-10-27,41.97
2016-10-28,30.28
2016-10-31,37.55
2016-11-01,51.21
2016-11-02,32.91
2016-11-03,54.84
2016-11-04,36.44
2016-11-07,43.43
2016-11-08,48.17
2016-11-09,39.56
2016-11-10,66.41
2016-11-11,65.75
2016-11-14,58.54
2016-11-15,59.63
2016-11-16,52.07
2016-11-17,46.16
2016-11-18,48.87
2016-11-21,51.46
2016-11-22,58.07
2016-11-23,49.55
2016-11-24,47.40
2016-11-25,52.82
2016-11-28,48.53
2016-11-29,35.21
2016-11-30,42.76
2016-12-01,49.80
2016-12-02,32.11
2016-12-05,37.88
2016-12-06,41.70
2016-12-07,50.98
2016-12-08,42.06
2016-12-09,36.95
2016-12-12,29.27
2016-12-13,48.31
2016-12-14,40.99
2016-12-15,50.39
2016-12-16,51.32
2016-12-19,42.28
2016-12-20,43.16
2016-12-21,50.31
2016-12-22,43.43
2016-12-23,35.84
2016-12-26,45.98
2016-12-27,43.64
2016-12-28,40.58
2016-12-29,39.74
2016-12-30,43.84
2017-01-03,52.50
2017-01-04,57.12
2017-01-05,46.50
2017-01-06,39.37
2017-01-09,48.96
2017-01-10,42.07
2017-01-11,32.51
2017-01-12,33.59
2017-01-13,31.32
2017-01-16,29.94
2017-01-17,44.49
2017-01-18,35.43
2017-01-19,34.92
2017-01-20,49.25
2017-01-23,48.00
2017-01-24,42.17
2017-01-25,47.47
2017-01-26,50.46
2017-02-03,43.07
2017-02-06,55.00
2017-02-07,48.43
2017-02-08,56.80
2017-02-09,53.09
2017-02-10,45.24
2017-02-13,47.11
2017-02-14,42.73
2017-02-15,30.64
2017-02-16,45.20
2017-02-17,27.77
2017-02-20,45.50
2017-02-21,53.58
2017-02-22,51.56
2017-02-23,45.79
2017-02-24,45.66
2017-02-27,33.76
2017-02-28,43.63
2017-03-01,45.45
2017-03-02,34.33
2017-03-03,40.20
2017-03-06,52.30
2017-03-07,51.26
2017-03-08,35.36
2017-03-09,35.92
2017-03-10,38.40
2017-03-13,48.01
2017-03-14,37.96
2017-03-15,41.12
2017-03-16,56.01
2017-03-17,28.63
2017-03-20,44.94
2017-03-21,43.43
2017-03-22,36.41
2017-03-23,48.57
2017-03-24,52.87
2017-03-27,40.10
2017-03-28,41.08
2017-03-29,30.72
2017-03-30,28.55
2017-03-31,42.47
2017-04-05,60.63
2017-04-06,51.22
2017-04-07,44.63
2017-04-10,27.16
2017-04-11,54.90
2017-04-12,29.74
2017-04-13,50.82
2017-04-14,30.68
2017-04-17,34.11
2017-04-18,36.83
2017-04-19,37.18
2017-04-20,42.97
2017-04-21,41.21
2017-04-24,37.97
2017-04-25,47.51
2017-04-26,46.94
2017-04-27,52.73
2017-04-28,46.05
2017-05-02,40.70
2017-05-03,42.65
2017-05-04,41.37
2017-05-05,39.14
2017-05-08,37.51
2017-05-09,48.24
2017-05-10,37.20
2017-05-11,42.11
2017-05-12,42.27
2017-05-15,45.12
2017-05-16,58.86
2017-05-17,48.81
2017-05-18,42.01
2017-05-19,43.70
2017-05-22,37.86
2017-05-23,36.57
2017-05-24,45.27
2017-05-25,47.42
2017-05-26,44.06
2017-05-31,43.19
2017-06-01,35.89
2017-06-02,48.77
2017-06-05,49.42
2017-06-06,47.03
2017-06-07,56.80
2017-06-08,40.48
2017-06-09,39.86
2017-06-12,31.66
2017-06-13,49.15
2017-06-14,39.44
2017-06-15,52.27
2017-06-16,39.22
2017-06-19,47.13
2017-06-20,41.73
2017-06-21,40.72
2017-06-22,27.80
2017-06-23,37.76
2017-06-26,48.60
2017-06-27,43.46
2017-06-28,34.82
2017-06-29,44.38
2017-06-30,42.63
2017-07-03,44.35
2017-07-04,33.70
2017-07-05,44.56
2017-07-06,41.84
2017-07-07,45.22
2017-07-10,27.76
2017-07-11,28.11
2017-07-12,36.34
2017-07-13,38.09
2017-07-14,31.20
2017-07-17,23.94
2017-07-18,45.74
2017-07-19,56.24
2017-07-20,49.82
2017-07-21,43.50
2017-07-24,52.91
2017-07-25,41.46
2017-07-26,44.20
2017-07-27,65.19
2017-07-28,52.04
2017-07-31,60.77
2017-08-01,58.40
2017-08-02,36.20
2017-08-03,47.65
2017-08-04,39.54
2017-08-07,56.85
2017-08-08,56.68
2017-08-09,55.83
2017-08-10,38.46
2017-08-11,32.73
2017-08-14,59.43
2017-08-15,52.52
2017-08-16,56.40
2017-08-17,64.87
2017-08-18,44.61
2017-08-21,57.98
2017-08-22,46.55
2017-08-23,52.57
2017-08-24,45.30
2017-08-25,59.38
2017-08-28,63.51
2017-08-29,43.73
2017-08-30,51.63
2017-08-31,54.40
2017-09-01,58.95
2017-09-04,53.28
2017-09-05,49.31
2017-09-06,56.13
2017-09-07,43.08
2017-09-08,49.41
2017-09-11,55.54
2017-09-12,44.81
2017-09-13,53.53
2017-09-14,42.09
2017-09-15,43.64
2017-09-18,48.50
2017-09-19,42.25
2017-09-20,55.30
2017-09-21,36.98
2017-09-22,42.12
2017-09-25,34.25
2017-09-26,39.46
2017-09-27,49.71
2017-09-28,38.67
2017-09-29,44.25
2017-10-09,53.48
2017-10-10,56.57
2017-10-11,42.09
2017-10-12,47.66
2017-10-13,51.63
2017-10-16,31.57
2017-10-17,44.62
2017-10-18,39.62
2017-10-19,38.07
2017-10-20,52.79
2017-10-23,47.57
2017-10-24,36.02
2017-10-25,48.93
2017-10-26,43.05
2017-10-27,38.03
2017-10-30,28.45
2017-10-31,45.91
2017-11-01,41.20
2017-11-02,34.29
2017-11-03,35.39
2017-11-06,44.96
2017-11-07,47.07
2017-11-08,48.96
2017-11-09,56.05
2017-11-10,54.20
2017-11-13,51.62
2017-11-14,41.54
2017-11-15,40.59
2017-11-16,42.35
2017-11-17,31.34
2017-11-20,44.02
2017-11-21,44.65
2017-11-22,47.15
2017-11-23,38.93
2017-11-24,43.22
2017-11-27,37.13
2017-11-28,51.64
2017-11-29,47.28
2017-11-30,42.44
2017-12-01,51.57
2017-12-04,33.81
2017-12-05,32.05
2017-12-06,45.31
2017-12-07,40.12
2017-12-08,48.99
2017-12-11,51.73
2017-12-12,36.11
2017-12-13,56.61
2017-12-14,48.79
2017-12-15,40.32
2017-12-18,36.98
2017-12-19,47.19
2017-12-20,36.85
2017-12-21,44.98
2017-12-22,41.08
2017-12-25,36.77
2017-12-26,48.39
2017-12-27,40.75
2017-12-28,47.84
2017-12-29,48.52
2018-01-02,51.77
2018-01-03,59.17
2018-01-04,50.89
2018-01-05,53.62
2018-01-08,54.54
2018-01-09,50.95
2018-01-10,49.02
2018-01-11,61.39
2018-01-12,46.78
2018-01-15,27.94
2018-01-16,55.30
2018-01-17,37.26
2018-01-18,46.49
2018-01-19,40.85
2018-01-22,53.19
2018-01-23,52.21
2018-01-24,57.73
2018-01-25,38.65
2018-01-26,43.73
2018-01-29,32.95
2018-01-30,43.06
2018-01-31,32.55
2018-02-01,29.01
2018-02-02,43.15
2018-02-05,39.44
2018-02-06,23.60
2018-02-07,36.45
2018-02-08,42.04
2018-02-09,22.09
2018-02-12,43.60
2018-02-13,34.31
2018-02-14,36.04
2018-02-22,44.23
2018-02-23,39.77
2018-02-26,55.35
2018-02-27,35.11
2018-02-28,42.21
2018-03-01,58.66
2018-03-02,35.18
2018-03-05,46.45
2018-03-06,61.35
2018-03-07,39.55
2018-03-08,56.13
2018-03-09,68.57
2018-03-12,69.72
2018-03-13,38.71
2018-03-14,38.58
2018-03-15,45.96
2018-03-16,49.03
2018-03-19,49.07
2018-03-20,51.33
2018-03-21,40.28
2018-03-22,46.71
2018-03-23,20.30
2018-03-26,49.54
2018-03-27,63.44
2018-03-28,34.37
2018-03-29,53.37
2018-03-30,61.39
2018-04-02,59.02
2018-04-03,38.83
2018-04-04,40.27
2018-04-09,45.24
2018-04-10,46.26
2018-04-11,54.78
2018-04-12,40.71
2018-04-13,39.82
2018-04-16,38.84
2018-04-17,29.40
2018-04-18,50.36
2018-04-19,51.14
2018-04-20,29.50
2018-04-23,36.92
2018-04-24,56.32
2018-04-25,46.94
2018-04-26,31.87
2018-04-27,40.13
2018-05-02,36.60
2018-05-03,47.30
2018-05-04,38.70
2018-05-07,53.27
2018-05-08,52.89
2018-05-09,48.42
2018-05-10,53.81
2018-05-11,39.01
2018-05-14,40.82
2018-05-15,56.03
2018-05-16,43.61
2018-05-17,41.20
2018-05-18,47.59
2018-05-21,56.38
2018-05-22,50.64
2018-05-23,39.88
2018-05-24,45.39
2018-05-25,40.50
2018-05-28,38.64
2018-05-29,38.05
2018-05-30,30.53
2018-05-31,50.55
2018-06-01,36.06
2018-06-04,40.13
2018-06-05,50.37
2018-06-06,45.07
2018-06-07,39.72
2018-06-08,36.90
2018-06-11,38.39
2018-06-12,48.58
2018-06-13,34.39
2018-06-14,39.45
2018-06-15,31.91
2018-06-19,17.35
2018-06-20,37.35
2018-06-21,24.99
2018-06-22,38.57
2018-06-25,30.34
2018-06-26,37.50
2018-06-27,29.40
2018-06-28,26.53
2018-06-29,47.19
2018-07-02,23.90
2018-07-03,44.91
2018-07-04,23.71
2018-07-05,23.07
2018-07-06,38.31
2018-07-09,40.96
2018-07-10,40.89
2018-07-11,22.26
2018-07-12,54.53
2018-07-13,42.35
2018-07-16,36.02
2018-07-17,38.63
2018-07-18,31.35
2018-07-19,31.67
2018-07-20,48.22
2018-07-23,52.93
2018-07-24,68.16
2018-07-25,59.98
2018-07-26,37.23
2018-07-27,36.35
2018-07-30,29.40
2018-07-31,40.72
2018-08-01,31.82
2018-08-02,21.51
2018-08-03,29.23
2018-08-06,26.92
2018-08-07,45.83
2018-08-08,25.70
2018-08-09,53.70
2018-08-10,44.80
2018-08-13,40.81
2018-08-14,39.85
2018-08-15,28.83
2018-08-16,30.37
2018-08-17,26.15
2018-08-20,38.23
2018-08-21,43.51
2018-08-22,29.09
2018-08-23,43.55
2018-08-24,35.22
2018-08-27,52.46
2018-08-28,43.13
2018-08-29,36.99
2018-08-30,30.43
2018-08-31,29.69
2018-09-03,38.69
2018-09-04,50.61
2018-09-05,35.37
2018-09-06,36.07
2018-09-07,41.85
2018-09-10,26.19
2018-09-11,35.64
2018-09-12,35.46
2018-09-13,41.68
2018-09-14,29.93
2018-09-17,27.94
2018-09-18,47.03
2018-09-19,56.26
2018-09-20,36.73
2018-09-21,58.40
2018-09-25,40.03
2018-09-26,51.40
2018-09-27,27.75
2018-09-28,47.77
2018-10-08,27.64
2018-10-09,38.80
2018-10-10,39.02
2018-10-11,9.95
2018-10-12,32.92
2018-10-15,21.30
2018-10-16,19.81
2018-10-17,34.06
2018-10-18,18.42
2018-10-19,39.51
2018-10-22,56.24
2018-10-23,15.97
2018-10-24,29.84
2018-10-25,19.93
2018-10-26,30.42
2018-10-29,20.21
2018-10-30,42.97
2018-10-31,47.05
2018-11-01,47.21
2018-11-02,56.13
2018-11-05,31.87
2018-11-06,24.59
2018-11-07,27.41
2018-11-08,28.81
2018-11-09,29.73
2018-11-12,73.22
2018-11-13,77.90
2018-11-14,48.31
2018-11-15,80.88
2018-11-16,76.73
2018-11-19,76.31
2018-11-20,39.04
2018-11-21,68.51
2018-11-22,52.09
2018-11-23,28.85
2018-11-26,45.62
2018-11-27,58.58
2018-11-28,66.88
2018-11-29,37.48
2018-11-30,53.67
2018-12-03,72.66
2018-12-04,63.17
2018-12-05,40.16
2018-12-06,35.11
2018-12-07,43.75
2018-12-10,37.03
2018-12-11,55.20
2018-12-12,47.75
2018-12-13,54.63
2018-12-14,33.05
2018-12-17,40.48
2018-12-18,34.62
2018-12-19,29.97
2018-12-20,40.06
2018-12-21,30.84
2018-12-24,44.92
2018-12-25,34.78
2018-12-26,37.98
2018-12-27,30.38
2018-12-28,37.34
2019-01-02,35.05
2019-01-03,34.67
2019-01-04,59.20
2019-01-07,64.54
2019-01-08,53.47
2019-01-09,62.42
2019-01-10,42.75
2019-01-11,55.22
2019-01-14,38.93
2019-01-15,58.44
2019-01-16,50.00
2019-01-17,40.67
2019-01-18,54.05
2019-01-21,53.93
2019-01-22,42.82
2019-01-23,46.23
2019-01-24,50.30
2019-01-25,41.46
2019-01-28,38.15
2019-01-29,31.98
2019-01-30,30.02
2019-01-31,31.05
2019-02-01,51.39
2019-02-11,61.69
2019-02-12,68.87
2019-02-13,73.18
2019-02-14,68.47
2019-02-15,47.92
2019-02-18,80.95
2019-02-19,75.70
2019-02-20,76.78
2019-02-21,52.69
2019-02-22,85.82
2019-02-25,93.64
2019-02-26,61.39
2019-02-27,58.13
2019-02-28,81.01
2019-03-01,86.92
2019-03-04,92.97
2019-03-05,93.08
2019-03-06,91.98
2019-03-07,70.18
2019-03-08,49.03
2019-03-11,94.13
2019-03-12,93.53
2019-03-13,52.77
2019-03-14,49.48
2019-03-15,85.28
2019-03-18,91.70
2019-03-19,80.89
2019-03-20,67.72
2019-03-21,91.00
2019-03-22,86.79
2019-03-25,56.78
2019-03-26,50.07
2019-03-27,75.49
2019-03-28,56.96
2019-03-29,88.66
2019-04-01,95.11
2019-04-02,87.71
2019-04-03,89.71
2019-04-04,85.78
2019-04-08,65.16
2019-04-09,81.07
2019-04-10,74.05
2019-04-11,53.12
2019-04-12,64.22
2019-04-15,59.85
2019-04-16,79.86
2019-04-17,79.92
2019-04-18,64.54
2019-04-19,77.10
2019-04-22,57.56
2019-04-23,51.50
2019-04-24,70.41
2019-04-25,50.14
2019-04-26,48.73
2019-04-29,34.80
2019-04-30,46.17
2019-05-06,19.44
2019-05-07,35.62
2019-05-08,25.89
2019-05-09,20.82
2019-05-10,43.23
2019-05-13,25.32
2019-05-14,23.84
2019-05-15,43.18
2019-05-16,38.67
2019-05-17,16.87
2019-05-20,22.88
2019-05-21,37.61
2019-05-22,26.70
2019-05-23,15.66
2019-05-24,19.81
2019-05-27,39.10
2019-05-28,32.80
2019-05-29,34.08
2019-05-30,22.52
2019-05-31,29.01
2019-06-03,19.41
2019-06-04,17.02
2019-06-05,31.26
2019-06-06,15.81
2019-06-10,33.28
2019-06-11,50.12
2019-06-12,37.43
2019-06-13,47.94
2019-06-14,22.16
2019-06-17,35.07
2019-06-18,38.43
2019-06-19,55.80
2019-06-20,59.18
2019-06-21,66.09
2019-06-24,55.71
2019-06-25,46.19
2019-06-26,49.28
2019-06-27,56.28
2019-06-28,41.99
2019-07-01,72.09
2019-07-02,57.54
2019-07-03,50.56
2019-07-04,52.36
2019-07-05,59.74
2019-07-08,41.94
2019-07-09,54.80
2019-07-10,45.16
2019-07-11,50.10
2019-07-12,51.43
2019-07-15,58.58
2019-07-16,59.09
2019-07-17,56.19
2019-07-18,42.94
2019-07-19,54.40
2019-07-22,32.63
2019-07-23,49.27
2019-07-24,58.93
2019-07-25,56.49
2019-07-26,45.74
2019-07-29,50.41
2019-07-30,57.47
2019-07-31,42.56
2019-08-01,45.61
2019-08-02,37.88
2019-08-05,35.84
2019-08-06,24.97
2019-08-07,34.19
2019-08-08,42.32
2019-08-09,31.89
2019-08-12,53.11
2019-08-13,40.45
2019-08-14,52.25
2019-08-15,49.17
2019-08-16,51.44
2019-08-19,73.03
2019-08-20,66.40
2019-08-21,58.50
2019-08-22,66.18
2019-08-23,60.22
2019-08-26,47.22
2019-08-27,77.38
2019-08-28,52.63
2019-08-29,51.91
2019-08-30,39.62
2019-09-02,78.73
2019-09-03,74.00
2019-09-04,77.84
2019-09-05,80.46
2019-09-06,73.99
2019-09-09,84.17
2019-09-10,60.91
2019-09-11,52.41
2019-09-12,72.92
2019-09-16,67.94
2019-09-17,42.27
2019-09-18,60.97
2019-09-19,68.80
2019-09-20,64.49
2019-09-23,47.91
2019-09-24,60.98
2019-09-25,38.01
2019-09-26,35.14
2019-09-27,53.72
2019-09-30,38.10
2019-10-08,49.51
2019-10-09,55.81
2019-10-10,62.65
2019-10-11,55.87
2019-10-14,72.35
2019-10-15,42.06
2019-10-16,46.55
2019-10-17,46.20
2019-10-18,42.45
2019-10-21,45.05
2019-10-22,58.94
2019-10-23,46.68
2019-10-24,46.90
2019-10-25,54.71
2019-10-28,69.03
2019-10-29,36.35
2019-10-30,38.78
2019-10-31,39.24
2019-11-01,54.75
2019-11-04,52.80
2019-11-05,50.87
2019-11-06,44.30
2019-11-07,56.13
2019-11-08,46.95
2019-11-11,38.59
2019-11-12,48.77
2019-11-13,45.48
2019-11-14,55.31
2019-11-15,38.79
2019-11-18,52.37
2019-11-19,62.68
2019-11-20,45.02
2019-11-21,50.13
2019-11-22,40.43
2019-11-25,44.21
2019-11-26,44.02
2019-11-27,45.79
2019-11-28,43.00
2019-11-29,48.11
2019-12-02,50.14
2019-12-03,58.29
2019-12-04,53.99
2019-12-05,63.62
2019-12-06,61.29
2019-12-09,60.64
2019-12-10,65.79
2019-12-11,43.14
2019-12-12,44.50
2019-12-13,66.70
2019-12-16,73.52
2019-12-17,76.77
2019-12-18,69.27
2019-12-19,71.11
2019-12-20,42.63
2019-12-23,32.50
2019-12-24,65.09
2019-12-25,61.93
2019-12-26,69.20
2019-12-27,42.15
2019-12-30,65.11
2019-12-31,64.78
2020-01-02,76.82
2020-01-03,68.11
2020-01-06,69.76
2020-01-07,73.43
2020-01-08,39.98
2020-01-09,74.95
2020-01-10,46.71
2020-01-13,72.09
2020-01-14,49.13
2020-01-15,59.58
2020-01-16,56.89
2020-01-17,52.69
2020-01-20,67.53
2020-01-21,40.99
2020-01-22,60.61
2020-01-23,32.94
2020-02-03,22.02
2020-02-04,44.89
2020-02-05,59.99
2020-02-06,66.53
2020-02-07,59.50
2020-02-10,63.26
2020-02-11,53.54
2020-02-12,72.13
2020-02-13,40.51
2020-02-14,64.49
2020-02-17,87.02
2020-02-18,87.03
2020-02-19,50.25
2020-02-20,91.58
2020-02-21,90.01
2020-02-24,91.28
2020-02-25,87.08
2020-02-26,55.58
2020-02-27,79.22
2020-02-28,40.47
2020-03-02,88.95
2020-03-03,87.78
2020-03-04,80.00
2020-03-05,91.58
2020-03-06,66.35
2020-03-09,46.89
2020-03-10,81.78
2020-03-11,55.25
2020-03-12,47.99
2020-03-13,36.15
2020-03-16,19.45
2020-03-17,32.58
2020-03-18,24.04
2020-03-19,34.16
2020-03-20,38.18
2020-03-23,15.48
2020-03-24,33.88
2020-03-25,40.30
2020-03-26,22.17
2020-03-27,24.13
2020-03-30,16.73
2020-03-31,25.94
2020-04-01,20.84
2020-04-02,38.83
2020-04-03,25.37
2020-04-07,43.48
2020-04-08,35.77
2020-04-09,36.83
2020-04-10,19.71
2020-04-13,24.06
2020-04-14,46.46
2020-04-15,44.66
2020-04-16,54.30
2020-04-17,54.48
2020-04-20,62.12
2020-04-21,51.23
2020-04-22,63.07
2020-04-23,53.57
2020-04-24,38.32
2020-04-27,45.70
2020-04-28,41.30
2020-04-29,45.53
2020-04-30,59.13
2020-05-06,63.46
2020-05-07,53.90
2020-05-08,61.19
2020-05-11,55.13
2020-05-12,53.88
2020-05-13,61.63
2020-05-14,54.13
2020-05-15,52.97
2020-05-18,49.56
2020-05-19,63.18
2020-05-20,47.54
2020-05-21,45.63
2020-05-22,40.01
2020-05-25,43.87
2020-05-26,61.79
2020-05-27,49.96
2020-05-28,45.36
2020-05-29,52.35
2020-06-01,69.55
2020-06-02,64.17
2020-06-03,62.24
2020-06-04,59.49
2020-06-05,54.66
2020-06-08,54.58
2020-06-09,60.21
2020-06-10,54.12
2020-06-11,53.28
2020-06-12,55.23
2020-06-15,49.02
2020-06-16,66.90
2020-06-17,61.79
2020-06-18,58.41
2020-06-19,63.61
2020-06-22,62.68
2020-06-23,58.13
2020-06-24,55.34
2020-06-29,52.28
2020-06-30,68.19
2020-07-01,68.42
2020-07-02,76.25
2020-07-03,76.47
2020-07-06,86.19
2020-07-07,78.49
2020-07-08,82.11
2020-07-09,84.37
2020-07-10,53.31
2020-07-13,85.12
2020-07-14,51.97
2020-07-15,44.16
2020-07-16,43.67
2020-07-17,67.80
2020-07-20,82.40
2020-07-21,73.24
2020-07-22,76.03
2020-07-23,75.02
2020-07-24,45.97
2020-07-27,61.77
2020-07-28,70.54
2020-07-29,81.81
2020-07-30,66.66
2020-07-31,81.74
2020-08-03,89.20
2020-08-04,59.31
2020-08-05,81.72
2020-08-06,61.96
2020-08-07,51.05
2020-08-10,59.47
2020-08-11,41.97
2020-08-12,39.18
2020-08-13,46.19
2020-08-14,50.73
2020-08-17,75.80
2020-08-18,71.89
2020-08-19,45.49
2020-08-20,41.27
2020-08-21,53.35
2020-08-24,63.64
2020-08-25,61.00
2020-08-26,46.92
2020-08-27,57.98
2020-08-28,59.71
2020-08-31,56.56
2020-09-01,58.64
2020-09-02,60.37
2020-09-03,45.96
2020-09-04,50.42
2020-09-07,37.34
2020-09-08,47.51
2020-09-09,28.98
2020-09-10,29.56
2020-09-11,48.08
2020-09-14,51.61
2020-09-15,47.69
2020-09-16,40.66
2020-09-17,47.38
2020-09-18,54.62
2020-09-21,45.61
2020-09-22,38.37
2020-09-23,52.76
2020-09-24,32.28
2020-09-25,36.76
2020-09-28,32.68
2020-09-29,45.23
2020-09-30,37.15
2020-10-09,59.88
2020-10-12,64.70
2020-10-13,59.98
2020-10-14,51.45
2020-10-15,48.07
2020-10-16,50.97
2020-10-19,44.93
2020-10-20,60.92
2020-10-21,43.90
2020-10-22,46.21
2020-10-23,36.48
2020-10-26,47.42
2020-10-27,45.67
2020-10-28,48.65
2020-10-29,46.60
2020-10-30,35.33
2020-11-02,46.96
2020-11-03,59.37
2020-11-04,48.00
2020-11-05,63.79
2020-11-06,46.66
2020-11-09,71.21
2020-11-10,47.04
2020-11-11,46.10
2020-11-12,53.49
2020-11-13,49.50
2020-11-16,59.57
2020-11-17,47.70
2020-11-18,52.71
2020-11-19,54.39
2020-11-20,54.63
2020-11-23,55.33
2020-11-24,48.87
2020-11-25,39.44
2020-11-26,43.50
2020-11-27,48.16
2020-11-30,43.29
2020-12-01,60.72
2020-12-02,58.61
2020-12-03,53.42
2020-12-04,51.66
2020-12-07,49.41
2020-12-08,48.48
2020-12-09,45.94
2020-12-10,48.76
2020-12-11,39.64
2020-12-14,52.40
2020-12-15,48.93
2020-12-16,44.12
2020-12-17,55.66
2020-12-18,47.08
2020-12-21,58.29
2020-12-22,38.85
2020-12-23,59.23
2020-12-24,40.97
2020-12-25,52.58
2020-12-28,47.08
2020-12-29,41.65
2020-12-30,53.21
2020-12-31,58.94
2021-01-04,67.14
2021-01-05,62.21
2021-01-06,57.12
2021-01-07,52.56
2021-01-08,46.81
2021-01-11,37.72
2021-01-12,63.00
2021-01-13,42.58
2021-01-14,49.35
2021-01-15,56.37
2021-01-18,64.54
2021-01-19,53.68
2021-01-20,59.20
2021-01-21,66.28
2021-01-22,55.05
2021-01-25,54.42
2021-01-26,49.02
2021-01-27,54.93
2021-01-28,45.56
2021-01-29,41.53
2021-02-01,51.85
2021-02-02,53.32
2021-02-03,44.38
2021-02-04,38.70
2021-02-05,36.26
2021-02-08,44.72
2021-02-09,57.16
2021-02-10,51.81
2021-02-18,58.75
2021-02-19,63.97
2021-02-22,42.81
2021-02-23,39.28
2021-02-24,37.95
2021-02-25,39.50
2021-02-26,36.78
2021-03-01,55.27
2021-03-02,40.30
2021-03-03,54.88
2021-03-04,29.65
2021-03-05,42.70
2021-03-08,23.88
2021-03-09,18.09
2021-03-10,26.32
2021-03-11,45.63
2021-03-12,37.64
2021-03-15,31.83
2021-03-16,41.79
2021-03-17,42.02
2021-03-18,40.96
2021-03-19,35.71
2021-03-22,46.80
2021-03-23,29.32
2021-03-24,31.81
2021-03-25,32.32
2021-03-26,47.16
2021-03-29,41.01
2021-03-30,39.05
2021-03-31,43.44
2021-04-01,43.96
2021-04-02,47.61
2021-04-06,53.48
2021-04-07,58.81
2021-04-08,49.45
2021-04-09,49.49
2021-04-12,34.39
2021-04-13,35.97
2021-04-14,54.82
2021-04-15,44.11
2021-04-16,54.46
2021-04-19,66.99
2021-04-20,53.48
2021-04-21,49.63
2021-04-22,56.33
2021-04-23,46.73
2021-04-26,46.01
2021-04-27,44.86
2021-04-28,50.41
2021-04-29,47.62
2021-04-30,40.96
2021-05-06,47.88
2021-05-07,39.91
2021-05-10,46.62
2021-05-11,53.54
2021-05-12,53.89
2021-05-13,39.36
2021-05-14,61.28
2021-05-17,46.85
2021-05-18,55.91
2021-05-19,55.18
2021-05-20,52.65
2021-05-21,55.00
2021-05-24,59.47
2021-05-25,64.56
2021-05-26,55.65
2021-05-27,62.22
2021-05-28,47.79
2021-05-31,63.08
2021-06-01,64.63
2021-06-02,42.00
2021-06-03,45.48
2021-06-04,49.44
2021-06-07,51.15
2021-06-08,38.92
2021-06-09,47.70
2021-06-10,55.76
2021-06-11,35.33
2021-06-15,35.62
2021-06-16,42.24
2021-06-17,56.84
2021-06-18,62.54
2021-06-21,62.49
2021-06-22,62.83
2021-06-23,58.23
2021-06-24,49.77
2021-06-25,60.63
2021-06-28,59.90
2021-06-29,49.49
2021-06-30,59.07
2021-07-01,45.14
2021-07-02,50.91
2021-07-05,60.44
2021-07-06,49.77
2021-07-07,61.38
2021-07-08,43.83
2021-07-09,52.54
2021-07-12,68.62
2021-07-13,62.84
2021-07-14,41.30
2021-07-15,52.11
2021-07-16,41.74
2021-07-19,48.78
2021-07-20,50.69
2021-07-21,65.46
2021-07-22,62.64
2021-07-23,37.99
2021-07-26,36.70
2021-07-27,31.65
2021-07-28,32.29
2021-07-29,62.31
2021-07-30,46.25
2021-08-02,65.88
2021-08-03,41.80
2021-08-04,63.60
2021-08-05,46.29
2021-08-06,51.31
2021-08-09,63.65
2021-08-10,66.41
2021-08-11,55.20
2021-08-12,50.42
2021-08-13,49.17
2021-08-16,46.84
2021-08-17,30.84
2021-08-18,56.10
2021-08-19,45.56
2021-08-20,39.45
2021-08-23,63.70
2021-08-24,60.96
2021-08-25,60.11
2021-08-26,42.49
2021-08-27,48.97
2021-08-30,50.85
2021-08-31,42.04
2021-09-01,39.13
2021-09-02,51.33
2021-09-03,41.33
2021-09-06,65.43
2021-09-07,68.53
2021-09-08,72.16
2021-09-09,66.44
2021-09-10,65.50
2021-09-13,55.39
2021-09-14,47.66
2021-09-15,58.60
2021-09-16,36.77
2021-09-17,47.72
2021-09-22,55.97
2021-09-23,58.18
2021-09-24,42.98
2021-09-27,37.09
2021-09-28,47.30
2021-09-29,32.47
2021-09-30,52.11
2021-10-08,51.20
2021-10-11,44.03
2021-10-12,36.62
2021-10-13,47.07
2021-10-14,49.02
2021-10-15,37.89
2021-10-18,45.58
2021-10-19,47.16
2021-10-20,39.99
2021-10-21,36.60
2021-10-22,36.74
2021-10-25,48.12
2021-10-26,37.48
2021-10-27,32.79
2021-10-28,31.81
2021-10-29,42.19
2021-11-01,48.37
2021-11-02,33.66
2021-11-03,43.51
2021-11-04,51.16
2021-11-05,36.19
2021-11-08,48.03
2021-11-09,50.94
2021-11-10,48.55
2021-11-11,46.38
2021-11-12,50.02
2021-11-15,45.37
2021-11-16,35.74
2021-11-17,51.81
2021-11-18,40.91
2021-11-19,52.14
2021-11-22,52.90
2021-11-23,48.49
2021-11-24,51.96
2021-11-25,44.19
2021-11-26,42.68
2021-11-29,44.66
2021-11-30,50.63
2021-12-01,50.69
2021-12-02,33.00
2021-12-03,45.07
2021-12-06,33.28
2021-12-07,37.70
2021-12-08,53.13
2021-12-09,52.12
2021-12-10,47.13
2021-12-13,52.07
2021-12-14,49.08
2021-12-15,44.13
2021-12-16,54.33
2021-12-17,35.46
2021-12-20,36.73
2021-12-21,57.18
2021-12-22,56.77
2021-12-23,46.58
2021-12-24,31.20
2021-12-27,46.02
2021-12-28,46.75
2021-12-29,45.48
2021-12-30,53.13
2021-12-31,48.02
2022-01-04,43.00
2022-01-05,27.84
2022-01-06,44.53
2022-01-07,29.78
2022-01-10,52.68
2022-01-11,42.92
2022-01-12,58.44
2022-01-13,37.74
2022-01-14,45.24
2022-01-17,57.15
2022-01-18,43.70
2022-01-19,41.92
2022-01-20,36.07
2022-01-21,34.92
2022-01-24,37.68
2022-01-25,27.55
2022-01-26,39.69
2022-01-27,23.17
2022-01-28,37.97
2022-02-07,39.58
2022-02-08,41.17
2022-02-09,48.08
2022-02-10,34.86
2022-02-11,26.99
2022-02-14,36.12
2022-02-15,39.25
2022-02-16,48.50
2022-02-17,34.67
2022-02-18,48.23
2022-02-21,50.79
2022-02-22,32.54
2022-02-23,50.52
2022-02-24,19.84
2022-02-25,47.86
2022-02-28,39.87
2022-03-01,48.54
2022-03-02,47.53
2022-03-03,40.37
2022-03-04,30.13
2022-03-07,29.44
2022-03-08,23.33
2022-03-09,24.52
2022-03-10,44.35
2022-03-11,39.36
2022-03-14,23.27
2022-03-15,16.93
2022-03-16,46.47
2022-03-17,48.64
2022-03-18,39.81
2022-03-21,44.32
2022-03-22,31.43
2022-03-23,36.15
2022-03-24,27.83
2022-03-25,28.46
2022-03-28,26.22
2022-03-29,23.36
2022-03-30,43.66
2022-03-31,27.68
2022-04-01,31.92
2022-04-06,37.70
2022-04-07,21.36
2022-04-08,28.66
2022-04-11,16.07
2022-04-12,35.83
2022-04-13,20.23
2022-04-14,45.76
2022-04-15,22.27
2022-04-18,31.31
2022-04-19,30.39
2022-04-20,21.91
2022-04-21,15.90
2022-04-22,20.02
2022-04-25,10.27
2022-04-26,13.27
2022-04-27,35.23
2022-04-28,17.25
2022-04-29,43.89
2022-05-05,38.88
2022-05-06,22.84
2022-05-09,37.76
2022-05-10,39.83
2022-05-11,42.81
2022-05-12,35.09
2022-05-13,38.21
2022-05-16,32.80
2022-05-17,32.18
2022-05-18,40.13
2022-05-19,42.03
2022-05-20,54.95
2022-05-23,58.63
2022-05-24,23.34
2022-05-25,57.91
2022-05-26,53.69
2022-05-27,47.73
2022-05-30,54.04
2022-05-31,59.07
2022-06-01,57.28
2022-06-02,60.49
2022-06-06,69.35
2022-06-07,58.74
2022-06-08,64.93
2022-06-09,49.82
2022-06-10,70.41
2022-06-13,60.57
2022-06-14,65.00
2022-06-15,66.15
2022-06-16,69.03
2022-06-17,67.13
2022-06-20,68.85
2022-06-21,48.61
2022-06-22,52.72
2022-06-23,72.93
2022-06-24,72.03
2022-06-27,72.96
2022-06-28,78.37
2022-06-29,39.91
2022-06-30,69.36
2022-07-01,54.76
2022-07-04,66.78
2022-07-05,50.68
2022-07-06,50.73
2022-07-07,64.36
2022-07-08,54.56
2022-07-11,47.52
2022-07-12,43.12
2022-07-13,61.45
2022-07-14,57.21
2022-07-15,36.05
2022-07-18,65.48
2022-07-19,55.52
2022-07-20,60.60
2022-07-21,47.76
2022-07-22,46.51
2022-07-25,41.81
2022-07-26,56.28
2022-07-27,56.97
2022-07-28,62.89
2022-07-29,40.97
2022-08-01,54.00
2022-08-02,23.52
2022-08-03,30.14
2022-08-04,51.30
2022-08-05,52.06
2022-08-08,56.04
2022-08-09,53.07
2022-08-10,53.40
2022-08-11,60.33
2022-08-12,44.20
2022-08-15,51.33
2022-08-16,57.40
2022-08-17,58.65
2022-08-18,50.57
2022-08-19,35.77
2022-08-22,50.12
2022-08-23,51.01
2022-08-24,27.01
2022-08-25,39.38
2022-08-26,36.34
2022-08-29,46.10
2022-08-30,39.27
2022-08-31,30.49
2022-09-01,35.45
2022-09-02,46.17
2022-09-05,42.27
2022-09-06,53.26
2022-09-07,45.51
2022-09-08,37.58
2022-09-09,43.36
2022-09-13,46.78
2022-09-14,40.04
2022-09-15,31.34
2022-09-16,27.43
2022-09-19,31.38
2022-09-20,52.48
2022-09-21,44.85
2022-09-22,39.93
2022-09-23,32.51
2022-09-26,35.17
2022-09-27,55.88
2022-09-28,26.73
2022-09-29,32.71
2022-09-30,28.56
2022-10-10,24.29
2022-10-11,40.68
2022-10-12,49.59
2022-10-13,46.86
2022-10-14,52.81
2022-10-17,54.44
2022-10-18,46.64
2022-10-19,36.50
2022-10-20,36.28
2022-10-21,37.65
2022-10-24,28.08
2022-10-25,31.50
2022-10-26,54.31
2022-10-27,34.29
2022-10-28,18.97
2022-10-31,38.14
2022-11-01,57.48
2022-11-02,64.32
2022-11-03,49.77
2022-11-04,72.94
2022-11-07,70.13
2022-11-08,59.53
2022-11-09,59.19
2022-11-10,50.55
2022-11-11,68.21
2022-11-14,43.30
2022-11-15,76.41
2022-11-16,45.44
2022-11-17,65.14
2022-11-18,42.11
2022-11-21,54.89
2022-11-22,38.46
2022-11-23,44.33
2022-11-24,54.66
2022-11-25,40.88
2022-11-28,44.14
2022-11-29,73.49
2022-11-30,62.31
2022-12-01,69.88
2022-12-02,53.81
2022-12-05,70.11
2022-12-06,55.48
2022-12-07,62.02
2022-12-08,47.73
2022-12-09,58.16
2022-12-12,50.01
2022-12-13,49.15
2022-12-14,42.88
2022-12-15,52.91
2022-12-16,40.43
2022-12-19,33.56
2022-12-20,41.05
2022-12-21,38.68
2022-12-22,33.64
2022-12-23,38.57
2022-12-26,49.29
2022-12-27,42.42
2022-12-28,32.99
2022-12-29,38.24
2022-12-30,51.37
2023-01-03,59.24
2023-01-04,52.66
2023-01-05,52.15
2023-01-06,46.14
2023-01-09,56.65
2023-01-10,50.48
2023-01-11,42.46
2023-01-12,44.11
2023-01-13,44.06
2023-01-16,45.94
2023-01-17,38.11
2023-01-18,42.34
2023-01-19,39.86
2023-01-20,40.86
2023-01-30,56.38
2023-01-31,38.50
2023-02-01,61.28
2023-02-02,37.65
2023-02-03,38.59
2023-02-06,40.46
2023-02-07,52.26
2023-02-08,40.64
2023-02-09,60.14
2023-02-10,35.97
2023-02-13,62.33
2023-02-14,43.70
2023-02-15,48.30
2023-02-16,30.04
2023-02-17,42.61
2023-02-20,65.51
2023-02-21,59.01
2023-02-22,57.88
2023-02-23,53.68
2023-02-24,50.12
2023-02-27,51.06
2023-02-28,63.74
2023-03-01,68.89
2023-03-02,50.02
2023-03-03,59.84
2023-03-06,56.11
2023-03-07,50.42
2023-03-08,63.35
2023-03-09,59.25
2023-03-10,44.18
2023-03-13,57.14
2023-03-14,45.53
2023-03-15,60.13
2023-03-16,44.83
2023-03-17,63.68
2023-03-20,41.88
2023-03-21,62.56
2023-03-22,67.65
2023-03-23,64.80
2023-03-24,68.01
2023-03-27,67.65
2023-03-28,45.57
2023-03-29,55.02
2023-03-30,56.76
2023-03-31,67.52
2023-04-03,75.29
2023-04-04,45.31
2023-04-06,57.18
2023-04-07,63.48
2023-04-10,32.37
2023-04-11,49.77
2023-04-12,59.50
2023-04-13,40.09
2023-04-14,53.98
2023-04-17,47.83
2023-04-18,39.97
2023-04-19,39.13
2023-04-20,39.88
2023-04-21,31.91
2023-04-24,49.55
2023-04-25,38.25
2023-04-26,55.59
2023-04-27,46.72
2023-04-28,58.39
2023-05-04,47.56
2023-05-05,42.79
2023-05-08,60.20
2023-05-09,37.55
2023-05-10,54.83
2023-05-11,55.31
2023-05-12,43.18
2023-05-15,58.00
2023-05-16,42.97
2023-05-17,55.53
2023-05-18,57.71
2023-05-19,53.47
2023-05-22,55.05
2023-05-23,42.45
2023-05-24,49.60
2023-05-25,47.00
2023-05-26,47.75
2023-05-29,45.06
2023-05-30,55.61
2023-05-31,47.79
2023-06-01,55.10
2023-06-02,57.87
2023-06-05,53.04
2023-06-06,38.59
2023-06-07,56.26
2023-06-08,42.97
2023-06-09,55.66
2023-06-12,54.48
2023-06-13,54.65
2023-06-14,56.35
2023-06-15,52.92
2023-06-16,54.14
2023-06-19,46.37
2023-06-20,45.43
2023-06-21,35.48
2023-06-26,30.90
2023-06-27,52.83
2023-06-28,36.16
2023-06-29,50.08
2023-06-30,48.29
2023-07-03,49.25
2023-07-04,51.74
2023-07-05,37.44
2023-07-06,40.93
2023-07-07,34.03
2023-07-10,42.34
2023-07-11,51.04
2023-07-12,32.67
2023-07-13,51.23
2023-07-14,42.64
2023-07-17,44.37
2023-07-18,51.27
2023-07-19,46.45
2023-07-20,38.56
2023-07-21,38.41
2023-07-24,41.10
2023-07-25,63.99
2023-07-26,42.33
2023-07-27,32.14
2023-07-28,59.90
2023-07-31,65.55
2023-08-01,35.64
2023-08-02,47.70
2023-08-03,51.64
2023-08-04,59.14
2023-08-07,36.81
2023-08-08,42.26
2023-08-09,38.94
2023-08-10,46.53
2023-08-11,34.71
2023-08-14,48.74
2023-08-15,41.75
2023-08-16,40.57
2023-08-17,59.11
2023-08-18,36.47
2023-08-21,38.57
2023-08-22,46.38
2023-08-23,33.61
2023-08-24,42.13
2023-08-25,31.09
2023-08-28,58.96
2023-08-29,68.96
2023-08-30,61.31
2023-08-31,41.10
2023-09-01,45.39
2023-09-04,60.62
2023-09-05,47.09
2023-09-06,57.13
2023-09-07,34.40
2023-09-08,46.46
2023-09-11,59.77
2023-09-12,52.82
2023-09-13,48.66
2023-09-14,48.55
2023-09-15,56.61
2023-09-18,59.82
2023-09-19,44.98
2023-09-20,44.08
2023-09-21,48.91
2023-09-22,66.94
2023-09-25,53.01
2023-09-26,49.40
2023-09-27,59.33
2023-09-28,61.28
2023-10-09,51.59
2023-10-10,49.15
2023-10-11,64.35
2023-10-12,72.31
2023-10-13,54.78
2023-10-16,46.39
2023-10-17,55.10
2023-10-18,49.20
2023-10-19,47.07
2023-10-20,47.98
2023-10-23,45.40
2023-10-24,71.51
2023-10-25,73.90
2023-10-26,64.97
2023-10-27,76.03
2023-10-30,76.14
2023-10-31,46.41
2023-11-01,57.01
2023-11-02,45.80
2023-11-03,68.52
2023-11-06,80.47
2023-11-07,69.90
2023-11-08,73.42
2023-11-09,43.34
2023-11-10,53.97
2023-11-13,70.03
2023-11-14,74.82
2023-11-15,77.92
2023-11-16,46.25
2023-11-17,69.27
2023-11-20,75.57
2023-11-21,45.08
2023-11-22,42.41
2023-11-23,64.82
2023-11-24,42.35
2023-11-27,54.56
2023-11-28,54.66
2023-11-29,43.92
2023-11-30,45.31
2023-12-01,53.38
2023-12-04,51.75
2023-12-05,48.50
2023-12-06,55.71
2023-12-07,48.28
2023-12-08,53.06
2023-12-11,68.45
2023-12-12,64.17
2023-12-13,55.18
2023-12-14,50.98
2023-12-15,52.95
2023-12-18,47.48
2023-12-19,54.46
2023-12-20,47.39
2023-12-21,57.40
2023-12-22,43.08
2023-12-25,50.04
2023-12-26,44.71
2023-12-27,56.37
2023-12-28,63.66
2023-12-29,62.31
2024-01-02,56.33
2024-01-03,45.06
2024-01-04,44.55
2024-01-05,34.28
2024-01-08,32.18
2024-01-09,45.65
2024-01-10,35.15
2024-01-11,56.01
2024-01-12,32.58
2024-01-15,37.67
2024-01-16,41.81
2024-01-17,28.12
2024-01-18,40.69
2024-01-19,26.62
2024-01-22,16.69
2024-01-23,31.87
2024-01-24,46.20
2024-01-25,54.40
2024-01-26,31.16
2024-01-29,20.19
2024-01-30,17.08
2024-01-31,11.16
2024-02-01,19.28
2024-02-02,7.50
2024-02-05,5.47
2024-02-06,44.82
2024-02-07,40.61
2024-02-08,61.26
2024-02-19,68.79
2024-02-20,61.76
2024-02-21,75.22
2024-02-22,72.94
2024-02-23,74.87
2024-02-26,65.71
2024-02-27,76.89
2024-02-28,30.83
2024-02-29,79.33
2024-03-01,75.22
2024-03-04,70.25
2024-03-05,47.22
2024-03-06,64.50
2024-03-07,46.69
2024-03-08,71.36
2024-03-11,85.57
2024-03-12,87.34
2024-03-13,64.98
2024-03-14,59.84
2024-03-15,86.59
2024-03-18,94.67
2024-03-19,65.34
2024-03-20,89.69
2024-03-21,66.03
2024-03-22,52.58
2024-03-25,45.95
2024-03-26,67.58
2024-03-27,45.97
2024-03-28,72.05
2024-03-29,68.29
2024-04-01,80.22
2024-04-02,57.83
2024-04-03,51.13
2024-04-08,45.83
2024-04-09,63.98
2024-04-10,38.80
2024-04-11,46.38
2024-04-12,39.66
2024-04-15,46.18
2024-04-16,26.21
2024-04-17,61.70
2024-04-18,46.22
2024-04-19,38.60
2024-04-22,37.24
2024-04-23,42.40
2024-04-24,54.08
2024-04-25,43.69
2024-04-26,64.89
2024-04-29,73.61
2024-04-30,41.06
2024-05-06,67.50
2024-05-07,62.49
2024-05-08,51.21
2024-05-09,68.10
2024-05-10,50.22
2024-05-13,47.46
2024-05-14,58.49
2024-05-15,45.93
2024-05-16,60.48
2024-05-17,66.98
2024-05-20,59.60
2024-05-21,46.68
2024-05-22,59.15
2024-05-23,44.06
2024-05-24,38.66
2024-05-27,49.47
2024-05-28,37.38
2024-05-29,44.50
2024-05-30,37.51
2024-05-31,47.49
2024-06-03,34.75
2024-06-04,42.73
2024-06-05,36.19
2024-06-06,29.90
2024-06-07,46.14
2024-06-11,41.96
2024-06-12,51.34
2024-06-13,43.99
2024-06-14,48.05
2024-06-17,49.66
2024-06-18,66.60
2024-06-19,53.66
2024-06-20,42.78
2024-06-21,46.94
2024-06-24,36.39
2024-06-25,46.83
2024-06-26,60.48
2024-06-27,36.20
2024-06-28,46.99
2024-07-01,50.50
2024-07-02,49.16
2024-07-03,39.90
2024-07-04,35.94
2024-07-05,55.65
2024-07-08,34.61
2024-07-09,54.75
2024-07-10,39.01
2024-07-11,61.13
2024-07-12,43.59
2024-07-15,38.62
2024-07-16,50.82
2024-07-17,44.58
2024-07-18,44.29
2024-07-19,51.66
2024-07-22,47.52
2024-07-23,31.13
2024-07-24,26.06
2024-07-25,42.83
2024-07-26,46.81
2024-07-29,41.48
2024-07-30,44.96
2024-07-31,65.46
2024-08-01,40.25
2024-08-02,28.99
2024-08-05,19.03
2024-08-06,48.71
2024-08-07,39.45
2024-08-08,37.26
2024-08-09,30.83
2024-08-12,30.91
2024-08-13,46.74
2024-08-14,35.40
2024-08-15,54.62
2024-08-16,31.10
2024-08-19,36.68
2024-08-20,27.94
2024-08-21,35.39
2024-08-22,29.14
2024-08-23,34.14
2024-08-26,42.82
2024-08-27,28.23
2024-08-28,39.00
2024-08-29,51.49
2024-08-30,66.45
2024-09-02,24.47
2024-09-03,52.50
2024-09-04,40.70
2024-09-05,52.93
2024-09-06,34.64
2024-09-09,36.56
2024-09-10,41.50
2024-09-11,40.37
2024-09-12,44.54
2024-09-13,35.65
2024-09-18,37.40
2024-09-19,66.52
2024-09-20,43.77
2024-09-23,48.48
2024-09-24,73.46
2024-09-25,72.95
2024-09-26,81.86
2024-09-27,90.25
2024-09-30,99.87
2024-10-08,99.82
2024-10-09,54.11
2024-10-10,64.29
2024-10-11,52.97
2024-10-14,96.88
2024-10-15,57.93
2024-10-16,66.46
2024-10-17,61.79
2024-10-18,97.59
2024-10-21,94.58
2024-10-22,86.32
2024-10-23,90.13
2024-10-24,65.61
2024-10-25,95.67
2024-10-28,96.34
2024-10-29,61.36
2024-10-30,64.52
2024-10-31,81.20
2024-11-01,37.99
2024-11-04,81.28
2024-11-05,95.91
2024-11-06,68.23
2024-11-07,77.03
2024-11-08,65.85
2024-11-11,94.63
2024-11-12,61.10
2024-11-13,85.86
2024-11-14,53.07
2024-11-15,52.03
2024-11-18,43.59
2024-11-19,77.45
2024-11-20,83.53
2024-11-21,70.64
2024-11-22,35.57
2024-11-25,57.08
2024-11-26,42.58
2024-11-27,65.51
2024-11-28,52.76
2024-11-29,77.21
2024-12-02,84.14
2024-12-03,58.37
2024-12-04,43.54
2024-12-05,63.12
2024-12-06,72.03
2024-12-09,42.43
2024-12-10,69.74
2024-12-11,68.47
2024-12-12,70.62
2024-12-13,38.17
2024-12-16,47.34
2024-12-17,39.01
2024-12-18,57.82
2024-12-19,52.12
2024-12-20,54.71
2024-12-23,42.19
2024-12-24,62.64
2024-12-25,45.74
2024-12-26,66.02
2024-12-27,54.92
2024-12-30,44.24
2024-12-31,34.25
2025-01-02,30.72
2025-01-03,21.13
2025-01-06,28.57
2025-01-07,44.26
2025-01-08,35.03
2025-01-09,40.59
2025-01-10,22.68
2025-01-13,31.36
2025-01-14,53.04
2025-01-15,34.79
2025-01-16,45.97
2025-01-17,40.32
2025-01-20,45.45
2025-01-21,40.33
2025-01-22,33.15
2025-01-23,36.66
2025-01-24,45.92
2025-01-27,29.79
2025-02-05,41.88
2025-02-06,63.13
2025-02-07,72.22
2025-02-10,75.28
2025-02-11,62.81
2025-02-12,73.33
2025-02-13,55.11
2025-02-14,69.21
2025-02-17,79.89
2025-02-18,46.92
2025-02-19,77.95
2025-02-20,75.43
2025-02-21,79.06
2025-02-24,67.02
2025-02-25,58.48
2025-02-26,80.34
2025-02-27,57.41
2025-02-28,45.11
2025-03-03,60.70
2025-03-04,67.10
2025-03-05,60.46
2025-03-06,76.63
2025-03-07,50.71
2025-03-10,62.95
2025-03-11,62.97
2025-03-12,62.98
2025-03-13,49.48
2025-03-14,73.45
2025-03-17,65.45
2025-03-18,66.06
2025-03-19,52.85
2025-03-20,55.09
2025-03-21,41.58
2025-03-24,41.78
2025-03-25,46.60
2025-03-26,56.78
2025-03-27,45.23
2025-03-28,39.67
2025-03-31,37.80
2025-04-01,49.17
2025-04-02,43.53
2025-04-03,37.60
2025-04-07,9.04
2025-04-08,30.76
2025-04-09,43.56
2025-04-10,45.96
2025-04-11,30.23
2025-04-14,40.02
2025-04-15,28.51
2025-04-16,21.91
2025-04-17,32.95
2025-04-18,25.76
2025-04-21,40.01
2025-04-22,30.70
2025-04-23,34.24
2025-04-24,25.47
2025-04-25,31.44
2025-04-28,21.58
2025-04-29,28.55
2025-04-30,35.81
2025-05-06,50.00
2025-05-07,66.71
2025-05-08,64.46
2025-05-09,50.00
2025-05-12,67.57
2025-05-13,59.36
2025-05-14,64.48
2025-05-15,52.20
2025-05-16,57.88
2025-05-19,65.10
2025-05-20,67.63
2025-05-21,57.36
2025-05-22,35.06
2025-05-23,36.82
2025-05-26,48.79
2025-05-27,45.30
2025-05-28,38.22
2025-05-29,51.72
2025-05-30,35.47
2025-06-03,48.79
2025-06-04,50.40
2025-06-05,53.06
2025-06-06,49.08
2025-06-09,60.58
2025-06-10,39.44
2025-06-11,60.22
2025-06-12,59.91
2025-06-13,40.47
2025-06-16,59.14
2025-06-17,51.14
2025-06-18,48.92
2025-06-19,43.49
2025-06-20,46.96
2025-06-23,61.59
2025-06-24,62.87
2025-06-25,66.50
2025-06-26,40.94
2025-06-27,60.46
2025-06-30,65.42
2025-07-01,60.09
2025-07-02,41.48
2025-07-03,58.74
2025-07-04,37.92
2025-07-07,54.26
2025-07-08,66.76
2025-07-09,56.34
2025-07-10,60.33
2025-07-11,62.74
2025-07-14,57.51
2025-07-15,52.07
2025-07-16,53.89
2025-07-17,61.89
2025-07-18,59.19
2025-07-21,69.24
2025-07-22,64.00
2025-07-23,37.10
2025-07-24,69.69
2025-07-25,43.70
2025-07-28,59.56
2025-07-29,57.82
2025-07-30,43.34
2025-07-31,37.28
2025-08-01,50.40
2025-08-04,57.74
2025-08-05,57.80
2025-08-06,58.56
2025-08-07,44.04
2025-08-08,46.77
2025-08-11,66.67
2025-08-12,57.93
2025-08-13,66.05
2025-08-14,34.49
2025-08-15,72.33
2025-08-18,73.93
2025-08-19,67.32
2025-08-20,66.92
2025-08-21,60.55
2025-08-22,70.83
2025-08-25,74.35
2025-08-26,70.69
2025-08-27,43.31
2025-08-28,76.31
2025-08-29,67.25
2025-09-01,76.55
2025-09-02,46.13
2025-09-03,46.47
2025-09-04,49.61
2025-09-05,83.35
2025-09-08,78.40
2025-09-09,62.01
2025-09-10,69.94
2025-09-11,84.75
2025-09-12,64.69
2025-09-15,71.74
2025-09-16,84.87
2025-09-17,80.01
2025-09-18,57.86
2025-09-19,64.70
2025-09-22,69.04
2025-09-23,58.86
2025-09-24,78.38
2025-09-25,67.05
2025-09-26,60.87
2025-09-29,74.87
2025-09-30,70.49
2025-10-09,72.55
2025-10-10,63.92
2025-10-13,61.72
2025-10-14,47.61
2025-10-15,66.10
2025-10-16,51.00
2025-10-17,34.01
2025-10-20,55.40
2025-10-21,66.53
2025-10-22,51.00
2025-10-23,54.58
2025-10-24,58.18
2025-10-27,66.48
2025-10-28,62.44
2025-10-29,65.53
2025-10-30,50.97
2025-10-31,56.51
2025-11-03,58.94
2025-11-04,44.00
2025-11-05,55.90
2025-11-06,55.50
2025-11-07,51.86
2025-11-10,59.62
2025-11-11,55.98
2025-11-12,48.24
2025-11-13,70.63
2025-11-14,47.91
2025-11-17,58.29
2025-11-18,44.90
2025-11-19,43.09
2025-11-20,38.64
2025-11-21,22.17
2025-11-24,38.79
2025-11-25,47.77
2025-11-26,40.02
2025-11-27,41.68
2025-11-28,53.39
2025-12-01,54.47
2025-12-02,44.35
2025-12-03,39.81
2025-12-04,40.34
2025-12-05,59.18
2025-12-08,60.24
2025-12-09,48.55
2025-12-10,56.20
2025-12-11,40.26
2025-12-12,51.23
2025-12-15,47.62
2025-12-16,37.09
2025-12-17,52.57
2025-12-18,50.76
2025-12-19,59.76
2025-12-22,61.57
2025-12-23,54.41
2025-12-24,69.39
2025-12-25,68.66
2025-12-26,64.22
2025-12-29,54.41
2025-12-30,58.54
2025-12-31,53.85
2026-01-05,76.70
2026-01-06,77.56
2026-01-07,70.61
2026-01-08,58.41
2026-01-09,78.64
2026-01-12,80.16
2026-01-13,44.55
2026-01-14,71.86
2026-01-15,64.80
2026-01-16,49.04
2026-01-19,64.62
2026-01-20,48.78
2026-01-21,65.36
2026-01-22,70.41
2026-01-23,77.73
2026-01-26,42.76
2026-01-27,57.47
2026-01-28,54.23
2026-01-29,40.60
2026-01-30,38.56
2026-02-02,36.78
2026-02-03,60.03
2026-02-04,55.92
2026-02-05,41.91
2026-02-06,46.71
2026-02-09,58.21
2026-02-10,47.17
2026-02-11,41.49
2026-02-12,42.03
2026-02-13,32.76
2026-02-24,47.58
2026-02-25,54.59
2026-02-26,52.55
2026-02-27,55.60
2026-03-02,36.05
2026-03-03,21.10
2026-03-04,32.91
2026-03-05,49.18
2026-03-06,51.55
2026-03-09,35.76
2026-03-10,57.20
2026-03-11,51.92
2026-03-12,47.45
2026-03-13,39.78
2026-03-16,50.49
2026-03-17,35.33
2026-03-18,50.40
2026-03-19,32.04
2026-03-20,28.69
2026-03-23,16.91
2026-03-24,44.48
2026-03-25,50.07
2026-03-26,28.27
2026-03-27,45.92
2026-03-30,37.80
2026-03-31,27.07
2026-04-01,43.21
2026-04-02,25.54
2026-04-03,21.77
2026-04-07,38.48
2026-04-08,55.27
2026-04-09,35.82
2026-04-10,52.10
2026-04-13,55.95
2026-04-14,64.71
2026-04-15,54.30
2026-04-16,72.19
2026-04-17,65.11
2026-04-20,71.35
2026-04-21,65.45
2026-04-22,69.52
2026-04-23,59.46
2026-04-24,61.10
2026-04-27,66.50
2026-04-28,55.15
2026-04-29,70.88
2026-04-30,64.17
2026-05-06,61.97
2026-05-07,76.51
2026-05-08,64.84
2026-05-11,79.22
2026-05-12,56.33
2026-05-13,77.42
2026-05-14,51.87
2026-05-15,53.51
2026-05-18,59.23
2026-05-19,66.79
2026-05-20,55.89
2026-05-21,40.13
2026-05-22,58.32
2026-05-25,64.42
2026-05-26,57.63
2026-05-27,49.34
2026-05-28,67.27
2026-05-29,44.46
2026-06-01,58.32
2026-06-02,54.28
2026-06-03,63.54
2026-06-04,46.56
2026-06-05,47.32
2026-06-08,29.67
2026-06-09,55.95
2026-06-10,29.40
2026-06-11,29.34
2026-06-12,53.74
2026-06-15,61.45
2026-06-16,63.44
2026-06-17,58.62
2026-06-18,64.82
2026-06-22,74.44
2026-06-23,47.51
2026-06-24,60.28
2026-06-25,63.48
2026-06-26,40.39
2026-06-29,46.22
2026-06-30,71.18
2026-07-01,64.08
2026-07-02,45.64
2026-07-03,64.46
2026-07-06,44.60
2026-07-07,36.71
2026-07-08,45.81
2026-07-09,51.51
2026-07-10,53.65
2026-07-13,23.09
2026-07-14,44.35
2026-07-15,29.51
2026-07-16,24.25
2026-07-17,9.39
2026-07-20,10.15
2026-07-21,34.09
2026-07-22,19.90
2026-07-23,35.37
2026-07-24,16.63
2026-07-28,20.97
2026-07-29,33.97
2026-07-30,19.53
2026-07-31,41.67
2026-08-03,33.69
2026-08-04,36.59
2026-08-05,40.26
2026-08-06,31.08
2026-08-07,38.90
2026-08-10,43.29
2026-08-11,33.64
2026-08-12,50.99
2026-08-13,41.94
2026-08-14,37.25
2026-08-17,64.24
2026-08-18,53.95
2026-08-19,31.49
2026-08-20,41.29
2026-08-21,41.80
2026-08-24,32.44
2026-08-25,48.70
2026-08-26,43.39
2026-08-27,56.94
2026-08-28,56.93
2026-08-31,57.79
2026-09-01,53.10
2026-09-02,46.33
2026-09-03,41.00
2026-09-04,36.19
2026-09-07,47.35
2026-09-08,43.01
2026-09-09,39.31
2026-09-10,34.82
2026-09-11,27.61
2026-09-14,37.56
2026-09-15,28.17
2026-09-16,47.70
2026-09-17,43.72
2026-09-18,54.55
2026-09-21,57.91
2026-09-22,52.07
2026-09-23,45.46
2026-09-24,36.61
