date,fear_greed_index,valuation_score,fear_le25,entry_score_le0_5,baseline_held,baseline_buy,baseline_sell,fear_held,fear_buy,fear_sell,fear_blocked
2015-04-16,70.08,3.992213244941648,False,False,0,0,0,0,0,0,0
2015-04-17,68.77,4.009293000068286,False,False,0,0,0,0,0,0,0
2015-04-20,42.92,3.911811551844113,False,False,0,0,0,0,0,0,0
2015-04-21,79.9,3.92949128452668,False,False,0,0,0,0,0,0,0
2015-04-22,83.84,3.956504433497533,False,False,0,0,0,0,0,0,0
2015-04-23,78.32,3.978453554040893,False,False,0,0,0,0,0,0,0
2015-04-24,59.39,3.997134802105673,False,False,0,0,0,0,0,0,0
2015-04-27,77.72,3.9877937492027,False,False,0,0,0,0,0,0,0
2015-04-28,50.59,3.9358165118271065,False,False,0,0,0,0,0,0,0
2015-04-29,79.16,3.96407450827146,False,False,0,0,0,0,0,0,0
2015-04-30,63.14,3.91470708869106,False,False,0,0,0,0,0,0,0
2015-05-04,66.03,3.942554441166827,False,False,0,0,0,0,0,0,0
2015-05-05,48.64,3.90680005441066,False,False,0,0,0,0,0,0,0
2015-05-06,57.13,3.920587120426087,False,False,0,0,0,0,0,0,0
2015-05-07,49.45,3.877370546587368,False,False,0,0,0,0,0,0,0
2015-05-08,70.38,3.8818653016653,False,False,0,0,0,0,0,0,0
2015-05-11,78.81,3.941660974811907,False,False,0,0,0,0,0,0,0
2015-05-12,76.61,3.98941608226352,False,False,0,0,0,0,0,0,0
2015-05-13,73.97,4.000095332193293,False,False,0,0,0,0,0,0,0
2015-05-14,60.29,3.98803092887876,False,False,0,0,0,0,0,0,0
2015-05-15,57.25,3.985769407265773,False,False,0,0,0,0,0,0,0
2015-05-18,63.5,4.021977151799686,False,False,0,0,0,0,0,0,0
2015-05-19,75.19,4.067069290377687,False,False,0,0,0,0,0,0,0
2015-05-20,78.47,4.086857053817567,False,False,0,0,0,0,0,0,0
2015-05-21,81.99,4.131593524599607,False,False,0,0,0,0,0,0,0
2015-05-22,79.61,4.14431724450486,False,False,0,0,0,0,0,0,0
2015-05-25,79.86,4.182849127457474,False,False,0,0,0,0,0,0,0
2015-05-26,88.76,4.27819565821836,False,False,0,0,0,0,0,0,0
2015-05-27,82.66,4.279470389170894,False,False,0,0,0,0,0,0,0
2015-05-28,43.96,4.25105419340312,False,False,0,0,0,0,0,0,0
2015-05-29,73.54,4.282851336898394,False,False,0,0,0,0,0,0,0
2015-06-01,79.35,4.366544170510573,False,False,0,0,0,0,0,0,0
2015-06-02,81.51,4.37013202534232,False,False,0,0,0,0,0,0,0
2015-06-03,75.54,4.392841079490687,False,False,0,0,0,0,0,0,0
2015-06-04,60.8,4.376476995878487,False,False,0,0,0,0,0,0,0
2015-06-05,78.01,4.387349937484367,False,False,0,0,0,0,0,0,0
2015-06-08,56.71,4.36562713061018,False,False,0,0,0,0,0,0,0
2015-06-09,64.91,4.3595196985788665,False,False,0,0,0,0,0,0,0
2015-06-10,75.16,4.399850459855827,False,False,0,0,0,0,0,0,0
2015-06-11,73.89,4.432164135766134,False,False,0,0,0,0,0,0,0
2015-06-12,74.42,4.450700014465494,False,False,0,0,0,0,0,0,0
2015-06-15,55.26,4.462695597484273,False,False,0,0,0,0,0,0,0
2015-06-16,51.97,4.37937863379558,False,False,0,0,0,0,0,0,0
2015-06-17,67.28,4.396721473874959,False,False,0,0,0,0,0,0,0
2015-06-18,50.46,4.339681884511147,False,False,0,0,0,0,0,0,0
2015-06-19,41.31,4.26957738994238,False,False,0,0,0,0,0,0,0
2015-06-23,45.26,4.291933055416593,False,False,0,0,0,0,0,0,0
2015-06-24,49.32,4.317364142732806,False,False,0,0,0,0,0,0,0
2015-06-25,18.02,4.274598038552587,True,False,0,0,0,0,0,0,0
2015-06-26,11.04,4.174412604628261,True,False,0,0,0,0,0,0,0
2015-06-29,10.45,4.08395597732964,True,False,0,0,0,0,0,0,0
2015-06-30,32.82,4.144560115353267,False,False,0,0,0,0,0,0,0
2015-07-01,11.46,4.082030799840827,True,False,0,0,0,0,0,0,0
2015-07-02,10.42,3.991277799131607,True,False,0,0,0,0,0,0,0
2015-07-03,10.17,3.8664594258880536,True,False,0,0,0,0,0,0,0
2015-07-06,10.09,3.7948805549168334,True,False,0,0,0,0,0,0,0
2015-07-07,9.29,3.649909639839193,True,False,0,0,0,0,0,0,0
2015-07-08,10.61,3.611249304508127,True,False,0,0,0,0,0,0,0
2015-07-09,35.92,3.687969230769226,False,False,0,0,0,0,0,0,0
2015-07-10,37.58,3.8008115279048464,False,False,0,0,0,0,0,0,0
2015-07-13,35.96,3.90026652326664,False,False,0,0,0,0,0,0,0
2015-07-14,30.04,3.946921313323467,False,False,0,0,0,0,0,0,0
2015-07-15,15.13,3.871229797413467,True,False,0,0,0,0,0,0,0
2015-07-16,26.86,3.88777209573846,False,False,0,0,0,0,0,0,0
2015-07-17,37.41,3.9586943649312,False,False,0,0,0,0,0,0,0
2015-07-20,34.22,3.9714427004564334,False,False,0,0,0,0,0,0,0
2015-07-21,33.35,4.0005265171415,False,False,0,0,0,0,0,0,0
2015-07-22,31.8,4.00993328001066,False,False,0,0,0,0,0,0,0
2015-07-23,41.5,4.018706334371753,False,False,0,0,0,0,0,0,0
2015-07-24,20.88,3.99213491093144,True,False,0,0,0,0,0,0,0
2015-07-27,12.2,3.8844260578906136,True,False,0,0,0,0,0,0,0
2015-07-28,13.63,3.844124637681153,True,False,0,0,0,0,0,0,0
2015-07-29,37.17,3.906537750172527,False,False,0,0,0,0,0,0,0
2015-07-30,14.82,3.874120985025901,True,False,0,0,0,0,0,0,0
2015-07-31,17.77,3.88372462023502,True,False,0,0,0,0,0,0,0
2015-08-03,25.06,3.846519985331867,False,False,0,0,0,0,0,0,0
2015-08-04,57.91,3.922416023367407,False,False,0,0,0,0,0,0,0
2015-08-05,43.67,3.90246525573192,False,False,0,0,0,0,0,0,0
2015-08-06,45.71,3.8794205380717854,False,False,0,0,0,0,0,0,0
2015-08-07,61.73,3.91464444444444,False,False,0,0,0,0,0,0,0
2015-08-10,64.47,3.989243245037507,False,False,0,0,0,0,0,0,0
2015-08-11,55.99,4.0284355608434,False,False,0,0,0,0,0,0,0
2015-08-12,43.24,4.0174008727760935,False,False,0,0,0,0,0,0,0
2015-08-13,60.02,4.031455658334967,False,False,0,0,0,0,0,0,0
2015-08-14,55.3,4.0377612886464,False,False,0,0,0,0,0,0,0
2015-08-17,54.61,4.073772489193994,False,False,0,0,0,0,0,0,0
2015-08-18,16.65,3.971119298245613,True,False,0,0,0,0,0,0,0
2015-08-19,40.96,4.005891284526673,False,False,0,0,0,0,0,0,0
2015-08-20,17.19,3.9426165063432266,True,False,0,0,0,0,0,0,0
2015-08-21,12.74,3.8557927465723,True,False,0,0,0,0,0,0,0
2015-08-24,11.11,3.70036669086216,True,False,0,0,0,0,0,0,0
2015-08-25,10.79,3.5475096405659534,True,False,0,0,0,0,0,0,0
2015-08-26,14.85,3.453491295583653,True,False,0,0,0,0,0,0,0
2015-08-27,28.91,3.4742595946066603,False,False,0,0,0,0,0,0,0
2015-08-28,35.72,3.5708814740030266,False,False,0,0,0,0,0,0,0
2015-08-31,14.52,3.46195223304378,True,False,0,0,0,0,0,0,0
2015-09-01,12.27,3.32694798164278,True,False,0,0,0,0,0,0,0
2015-09-02,14.45,3.32536767904012,True,False,0,0,0,0,0,0,0
2015-09-07,24.82,3.35140003744266,True,False,0,0,0,0,0,0,0
2015-09-08,33.27,3.435960036084793,False,False,0,0,0,0,0,0,0
2015-09-09,36.08,3.4770188997104468,False,False,0,0,0,0,0,0,0
2015-09-10,18.59,3.4443262612733268,True,False,0,0,0,0,0,0,0
2015-09-11,29.33,3.4529400745077066,False,False,0,0,0,0,0,0,0
2015-09-14,12.72,3.3138040415594268,True,False,0,0,0,0,0,0,0
2015-09-15,11.57,2.96,True,False,0,0,0,0,0,0,0
2015-09-16,35.89,3.3113117429627468,False,False,0,0,0,0,0,0,0
2015-09-17,16.54,3.22,True,False,0,0,0,0,0,0,0
2015-09-18,29.42,3.292391537430593,False,False,0,0,0,0,0,0,0
2015-09-21,35.16,3.36687793167128,False,False,0,0,0,0,0,0,0
2015-09-22,29.33,3.385498168498166,False,False,0,0,0,0,0,0,0
2015-09-23,22.44,3.37123360192646,True,False,0,0,0,0,0,0,0
2015-09-24,46.03,3.387015968610273,False,False,0,0,0,0,0,0,0
2015-09-25,27.64,3.318694062116487,False,False,0,0,0,0,0,0,0
2015-09-28,34.44,3.342395741923533,False,False,0,0,0,0,0,0,0
2015-09-29,18.85,3.2778971239981134,True,False,0,0,0,0,0,0,0
2015-09-30,29.16,3.279532394366193,False,False,0,0,0,0,0,0,0
2015-10-08,52.1,3.357336092327107,False,False,0,0,0,0,0,0,0
2015-10-09,44.95,3.3231831646244,False,False,0,0,0,0,0,0,0
2015-10-12,66.69,3.3858443930437736,False,False,0,0,0,0,0,0,0
2015-10-13,57.55,3.379744427532547,False,False,0,0,0,0,0,0,0
2015-10-14,46.36,3.317759870052147,False,False,0,0,0,0,0,0,0
2015-10-15,66.81,3.3946533565679067,False,False,0,0,0,0,0,0,0
2015-10-16,68.44,3.4534625,False,False,0,0,0,0,0,0,0
2015-10-19,63.93,3.4521362000162865,False,False,0,0,0,0,0,0,0
2015-10-20,71.9,3.4357347299141137,False,False,0,0,0,0,0,0,0
2015-10-21,35.46,3.3316649572649464,False,False,0,0,0,0,0,0,0
2015-10-22,71.27,3.38137082403504,False,False,0,0,0,0,0,0,0
2015-10-23,77.39,3.414413542926233,False,False,0,0,0,0,0,0,0
2015-10-26,70.28,3.41499560457124,False,False,0,0,0,0,0,0,0
2015-10-27,69.32,3.3917703349282267,False,False,0,0,0,0,0,0,0
2015-10-28,48.32,3.36134148329258,False,False,0,0,0,0,0,0,0
2015-10-29,64.19,3.40890188434048,False,False,0,0,0,0,0,0,0
2015-10-30,56.98,3.3816252072968465,False,False,0,0,0,0,0,0,0
2015-11-02,49.91,3.350221969505513,False,False,0,0,0,0,0,0,0
2015-11-03,55.24,3.3698316498316467,False,False,0,0,0,0,0,0,0
2015-11-04,81.35,3.4859601539942204,False,False,0,0,0,0,0,0,0
2015-11-05,71.71,3.47217408744484,False,False,0,0,0,0,0,0,0
2015-11-06,85.43,3.51544371276262,False,False,0,0,0,0,0,0,0
2015-11-09,82.62,3.5938603586889264,False,False,0,0,0,0,0,0,0
2015-11-10,78.14,3.5948201092391665,False,False,0,0,0,0,0,0,0
2015-11-11,83.12,3.5669260925547133,False,False,0,0,0,0,0,0,0
2015-11-12,64.82,3.575259425888053,False,False,0,0,0,0,0,0,0
2015-11-13,53.38,3.546593483940367,False,False,0,0,0,0,0,0,0
2015-11-16,75.41,3.5821788735580133,False,False,0,0,0,0,0,0,0
2015-11-17,56.44,3.56139665144596,False,False,0,0,0,0,0,0,0
2015-11-18,55.91,3.5452393869019936,False,False,0,0,0,0,0,0,0
2015-11-19,75.3,3.58482972014784,False,False,0,0,0,0,0,0,0
2015-11-20,76.78,3.591308087138166,False,False,0,0,0,0,0,0,0
2015-11-23,54.98,3.582588206979533,False,False,0,0,0,0,0,0,0
2015-11-24,69.16,3.578371087216247,False,False,0,0,0,0,0,0,0
2015-11-25,74.28,3.5890844855423403,False,False,0,0,0,0,0,0,0
2015-11-26,55.65,3.5569737172388334,False,False,0,0,0,0,0,0,0
2015-11-27,38.48,3.4641558707643734,False,False,0,0,0,0,0,0,0
2015-11-30,55.91,3.454606289308173,False,False,0,0,0,0,0,0,0
2015-12-01,51.92,3.4708558212220533,False,False,0,0,0,0,0,0,0
2015-12-02,48.64,3.458680936665093,False,False,0,0,0,0,0,0,0
2015-12-03,63.19,3.482396616685887,False,False,0,0,0,0,0,0,0
2015-12-04,47.45,3.465824290367607,False,False,0,0,0,0,0,0,0
2015-12-07,49.48,3.48750757923748,False,False,0,0,0,0,0,0,0
2015-12-08,33.89,3.4280062893081733,False,False,0,0,0,0,0,0,0
2015-12-09,31.5,3.42033077772518,False,False,0,0,0,0,0,0,0
2015-12-10,33.81,3.4191718398987465,False,False,0,0,0,0,0,0,0
2015-12-11,28.38,3.40202842574888,False,False,0,0,0,0,0,0,0
2015-12-14,49.37,3.49029518782036,False,False,0,0,0,0,0,0,0
2015-12-15,49.02,3.4977217910899263,False,False,0,0,0,0,0,0,0
2015-12-16,46.47,3.49896516516516,False,False,0,0,0,0,0,0,0
2015-12-17,59.89,3.52590896309314,False,False,0,0,0,0,0,0,0
2015-12-18,49.32,3.4940426455492,False,False,0,0,0,0,0,0,0
2015-12-21,51.99,3.4705121746066268,False,False,0,0,0,0,0,0,0
2015-12-22,53.66,3.469001797914413,False,False,0,0,0,0,0,0,0
2015-12-23,44.99,3.4429994182664334,False,False,0,0,0,0,0,0,0
2015-12-24,46.31,3.4072661702438265,False,False,0,0,0,0,0,0,0
2015-12-25,54.47,3.4113054290718,False,False,0,0,0,0,0,0,0
2015-12-28,36.12,3.3703031294346064,False,False,0,0,0,0,0,0,0
2015-12-29,50.36,3.3925367331855134,False,False,0,0,0,0,0,0,0
2015-12-30,51.17,3.4178984971776134,False,False,0,0,0,0,0,0,0
2015-12-31,33.71,3.394695080992713,False,False,0,0,0,0,0,0,0
2016-01-04,15.82,3.29469791919682,True,False,0,0,0,0,0,0,0
2016-01-05,20.56,3.2853638752052534,True,False,0,0,0,0,0,0,0
2016-01-06,38.4,3.31841477199742,False,False,0,0,0,0,0,0,0
2016-01-07,13.78,3.14542352115148,True,False,0,0,0,0,0,0,0
2016-01-08,26.96,3.164131606664933,False,False,0,0,0,0,0,0,0
2016-01-11,14.35,3.026766935259793,True,False,0,0,0,0,0,0,0
2016-01-12,23.93,3.011387583148553,True,False,0,0,0,0,0,0,0
2016-01-13,14.33,2.90174123839602,True,False,0,0,0,0,0,0,0
2016-01-14,33.95,2.9818336019264664,False,False,0,0,0,0,0,0,0
2016-01-15,15.29,2.9091499183242067,True,False,0,0,0,0,0,0,0
2016-01-18,31.27,2.9526797266514864,False,False,0,0,0,0,0,0,0
2016-01-19,36.85,3.03175796225032,False,False,0,0,0,0,0,0,0
2016-01-20,21.98,3.0249832639852,True,False,0,0,0,0,0,0,0
2016-01-21,15.11,2.93247898948992,True,False,0,0,0,0,0,0,0
2016-01-22,31.73,2.9538450762960866,False,False,0,0,0,0,0,0,0
2016-01-25,31.89,3.02912312312312,False,False,0,0,0,0,0,0,0
2016-01-26,13.76,2.64,True,False,0,0,0,0,0,0,0
2016-01-27,18.65,2.56,True,False,0,0,0,0,0,0,0
2016-01-28,13.57,2.49153008596381,True,False,0,0,0,0,0,0,0
2016-01-29,33.47,2.5,False,False,0,0,0,0,0,0,0
2016-02-01,18.09,2.49170637013956,True,False,0,0,0,0,0,0,0
2016-02-02,39.09,2.64,False,False,0,0,0,0,0,0,0
2016-02-03,29.82,2.66,False,False,0,0,0,0,0,0,0
2016-02-04,37.88,2.76,False,False,0,0,0,0,0,0,0
2016-02-05,22.28,2.68,True,False,0,0,0,0,0,0,0
2016-02-15,29.21,2.68,False,False,0,0,0,0,0,0,0
2016-02-16,57.14,2.92,False,False,0,0,0,0,0,0,0
2016-02-17,50.67,2.9800000000000004,False,False,0,0,0,0,0,0,0
2016-02-18,33.13,2.96,False,False,0,0,0,0,0,0,0
2016-02-19,40.96,2.9800000000000004,False,False,0,0,0,0,0,0,0
2016-02-22,59.47,3.03909042316258,False,False,0,0,0,0,0,0,0
2016-02-23,44.6,3.0319314685314667,False,False,0,0,0,0,0,0,0
2016-02-24,45.61,3.05833698452414,False,False,0,0,0,0,0,0,0
2016-02-25,24.15,2.62,True,False,0,0,0,0,0,0,0
2016-02-26,39.39,2.64,False,False,0,0,0,0,0,0,0
2016-02-29,18.93,2.491593200654929,True,False,0,0,0,0,0,0,0
2016-03-01,40.98,2.49165977439874,False,False,0,0,0,0,0,0,0
2016-03-02,64.01,2.72,False,False,0,0,0,0,0,0,0
2016-03-03,49.56,2.74,False,False,0,0,0,0,0,0,0
2016-03-04,24.18,2.6,True,False,0,0,0,0,0,0,0
2016-03-07,49.93,2.7,False,False,0,0,0,0,0,0,0
2016-03-08,47.42,2.72,False,False,0,0,0,0,0,0,0
2016-03-09,26.32,2.58,False,False,0,0,0,0,0,0,0
2016-03-10,23.42,2.4915059038820795,True,False,0,0,0,0,0,0,0
2016-03-11,28.54,2.49162307955808,False,False,0,0,0,0,0,0,0
2016-03-14,49.91,2.64,False,False,0,0,0,0,0,0,0
2016-03-15,31.79,2.6,False,False,0,0,0,0,0,0,0
2016-03-16,28.87,2.52,False,False,0,0,0,0,0,0,0
2016-03-17,49.54,2.7,False,False,0,0,0,0,0,0,0
2016-03-18,66.3,2.9000000000000004,False,False,0,0,0,0,0,0,0
2016-03-21,71.25,3.01381464830944,False,False,0,0,0,0,0,0,0
2016-03-22,44.46,3.006880691859367,False,False,0,0,0,0,0,0,0
2016-03-23,58.25,3.0191964695993265,False,False,0,0,0,0,0,0,0
2016-03-24,36.95,2.96,False,False,0,0,0,0,0,0,0
2016-03-25,50.99,3.0,False,False,0,0,0,0,0,0,0
2016-03-28,50.06,2.96,False,False,0,0,0,0,0,0,0
2016-03-29,42.26,2.8600000000000003,False,False,0,0,0,0,0,0,0
2016-03-30,66.74,3.0481613414409403,False,False,0,0,0,0,0,0,0
2016-03-31,57.01,3.0463419831808465,False,False,0,0,0,0,0,0,0
2016-04-01,49.27,3.03778978644382,False,False,0,0,0,0,0,0,0
2016-04-05,71.55,3.1078183734125866,False,False,0,0,0,0,0,0,0
2016-04-06,64.56,3.121929393857993,False,False,0,0,0,0,0,0,0
2016-04-07,45.11,3.122047287243693,False,False,0,0,0,0,0,0,0
2016-04-08,46.51,3.1,False,False,0,0,0,0,0,0,0
2016-04-11,66.35,3.15208990169794,False,False,0,0,0,0,0,0,0
2016-04-12,44.69,3.142085580726353,False,False,0,0,0,0,0,0,0
2016-04-13,69.41,3.1764621228257,False,False,0,0,0,0,0,0,0
2016-04-14,59.42,3.1954613826508136,False,False,0,0,0,0,0,0,0
2016-04-15,49.03,3.1811301964930734,False,False,0,0,0,0,0,0,0
2016-04-18,40.91,3.143387950511027,False,False,0,0,0,0,0,0,0
2016-04-19,48.21,3.1552786242537603,False,False,0,0,0,0,0,0,0
2016-04-20,20.68,2.9400000000000004,True,False,0,0,0,0,0,0,0
2016-04-21,30.36,2.88,False,False,0,0,0,0,0,0,0
2016-04-22,40.37,2.92,False,False,0,0,0,0,0,0,0
2016-04-25,34.02,2.88,False,False,0,0,0,0,0,0,0
2016-04-26,45.38,2.9400000000000004,False,False,0,0,0,0,0,0,0
2016-04-27,37.79,2.88,False,False,0,0,0,0,0,0,0
2016-04-28,35.01,2.8600000000000003,False,False,0,0,0,0,0,0,0
2016-04-29,32.89,2.84,False,False,0,0,0,0,0,0,0
2016-05-03,54.68,3.0,False,False,0,0,0,0,0,0,0
2016-05-04,44.67,3.0,False,False,0,0,0,0,0,0,0
2016-05-05,49.15,3.04,False,False,0,0,0,0,0,0,0
2016-05-06,23.78,2.8,True,False,0,0,0,0,0,0,0
2016-05-09,25.59,2.6,False,False,0,0,0,0,0,0,0
2016-05-10,32.35,2.62,False,False,0,0,0,0,0,0,0
2016-05-11,28.39,2.6,False,False,0,0,0,0,0,0,0
2016-05-12,31.65,2.6,False,False,0,0,0,0,0,0,0
2016-05-13,31.13,2.6,False,False,0,0,0,0,0,0,0
2016-05-16,45.48,2.68,False,False,0,0,0,0,0,0,0
2016-05-17,34.2,2.66,False,False,0,0,0,0,0,0,0
2016-05-18,26.79,2.52,False,False,0,0,0,0,0,0,0
2016-05-19,39.32,2.54,False,False,0,0,0,0,0,0,0
2016-05-20,44.08,2.6,False,False,0,0,0,0,0,0,0
2016-05-23,50.69,2.68,False,False,0,0,0,0,0,0,0
2016-05-24,34.86,2.62,False,False,0,0,0,0,0,0,0
2016-05-25,37.56,2.6,False,False,0,0,0,0,0,0,0
2016-05-26,42.34,2.62,False,False,0,0,0,0,0,0,0
2016-05-27,36.82,2.6,False,False,0,0,0,0,0,0,0
2016-05-30,34.03,2.56,False,False,0,0,0,0,0,0,0
2016-05-31,62.98,2.8,False,False,0,0,0,0,0,0,0
2016-06-01,56.66,2.8200000000000003,False,False,0,0,0,0,0,0,0
2016-06-02,55.95,2.8600000000000003,False,False,0,0,0,0,0,0,0
2016-06-03,53.37,2.88,False,False,0,0,0,0,0,0,0
2016-06-06,46.54,2.9000000000000004,False,False,0,0,0,0,0,0,0
2016-06-07,45.3,2.9000000000000004,False,False,0,0,0,0,0,0,0
2016-06-08,41.71,2.9000000000000004,False,False,0,0,0,0,0,0,0
2016-06-13,26.28,2.6,False,False,0,0,0,0,0,0,0
2016-06-14,41.13,2.58,False,False,0,0,0,0,0,0,0
2016-06-15,56.63,2.76,False,False,0,0,0,0,0,0,0
2016-06-16,41.37,2.74,False,False,0,0,0,0,0,0,0
2016-06-17,53.78,2.76,False,False,0,0,0,0,0,0,0
2016-06-20,44.44,2.78,False,False,0,0,0,0,0,0,0
2016-06-21,34.41,2.72,False,False,0,0,0,0,0,0,0
2016-06-22,51.43,2.8200000000000003,False,False,0,0,0,0,0,0,0
2016-06-23,39.11,2.8,False,False,0,0,0,0,0,0,0
2016-06-24,32.89,2.72,False,False,0,0,0,0,0,0,0
2016-06-27,60.05,2.88,False,False,0,0,0,0,0,0,0
2016-06-28,60.92,2.9400000000000004,False,False,0,0,0,0,0,0,0
2016-06-29,53.52,2.9400000000000004,False,False,0,0,0,0,0,0,0
2016-06-30,48.43,2.9400000000000004,False,False,0,0,0,0,0,0,0
2016-07-01,47.36,2.9400000000000004,False,False,0,0,0,0,0,0,0
2016-07-04,63.82,3.04,False,False,0,0,0,0,0,0,0
2016-07-05,57.35,3.08,False,False,0,0,0,0,0,0,0
2016-07-06,57.02,3.12,False,False,0,0,0,0,0,0,0
2016-07-07,43.06,3.1,False,False,0,0,0,0,0,0,0
2016-07-08,48.12,3.06,False,False,0,0,0,0,0,0,0
2016-07-11,37.42,3.06,False,False,0,0,0,0,0,0,0
2016-07-12,63.16,3.14,False,False,0,0,0,0,0,0,0
2016-07-13,61.24,3.18,False,False,0,0,0,0,0,0,0
2016-07-14,52.37,3.18709757761856,False,False,0,0,0,0,0,0,0
2016-07-15,42.78,3.174454557892933,False,False,0,0,0,0,0,0,0
2016-07-18,40.56,3.16,False,False,0,0,0,0,0,0,0
2016-07-19,48.77,3.1651223593964333,False,False,0,0,0,0,0,0,0
2016-07-20,45.54,3.145525795904313,False,False,0,0,0,0,0,0,0
2016-07-21,46.91,3.134190731665373,False,False,0,0,0,0,0,0,0
2016-07-22,37.38,3.123903325518793,False,False,0,0,0,0,0,0,0
2016-07-25,34.97,3.137346510619847,False,False,0,0,0,0,0,0,0
2016-07-26,45.85,3.1493372700042666,False,False,0,0,0,0,0,0,0
2016-07-27,21.86,2.9800000000000004,True,False,0,0,0,0,0,0,0
2016-07-28,38.34,2.9800000000000004,False,False,0,0,0,0,0,0,0
2016-07-29,35.52,2.92,False,False,0,0,0,0,0,0,0
2016-08-01,34.11,2.8200000000000003,False,False,0,0,0,0,0,0,0
2016-08-02,47.53,2.88,False,False,0,0,0,0,0,0,0
2016-08-03,46.09,2.9000000000000004,False,False,0,0,0,0,0,0,0
2016-08-04,49.62,2.9400000000000004,False,False,0,0,0,0,0,0,0
2016-08-05,40.28,2.9000000000000004,False,False,0,0,0,0,0,0,0
2016-08-08,50.66,2.9800000000000004,False,False,0,0,0,0,0,0,0
2016-08-09,56.9,3.02,False,False,0,0,0,0,0,0,0
2016-08-10,42.29,3.0,False,False,0,0,0,0,0,0,0
2016-08-11,42.63,2.9000000000000004,False,False,0,0,0,0,0,0,0
2016-08-12,55.02,2.96,False,False,0,0,0,0,0,0,0
2016-08-15,68.91,3.0144089901370266,False,False,0,0,0,0,0,0,0
2016-08-16,57.51,3.0347247974915,False,False,0,0,0,0,0,0,0
2016-08-17,55.52,3.05411832333246,False,False,0,0,0,0,0,0,0
2016-08-18,58.19,3.03878717007516,False,False,0,0,0,0,0,0,0
2016-08-19,54.55,3.04752548194882,False,False,0,0,0,0,0,0,0
2016-08-22,39.59,3.01368368794326,False,False,0,0,0,0,0,0,0
2016-08-23,50.42,3.0351480216946736,False,False,0,0,0,0,0,0,0
2016-08-24,45.99,3.0389641642176466,False,False,0,0,0,0,0,0,0
2016-08-25,44.37,2.9800000000000004,False,False,0,0,0,0,0,0,0
2016-08-26,42.48,2.9800000000000004,False,False,0,0,0,0,0,0,0
2016-08-29,43.35,2.9800000000000004,False,False,0,0,0,0,0,0,0
2016-08-30,38.98,2.96,False,False,0,0,0,0,0,0,0
2016-08-31,43.76,2.9800000000000004,False,False,0,0,0,0,0,0,0
2016-09-01,35.03,2.9800000000000004,False,False,0,0,0,0,0,0,0
2016-09-02,35.19,2.9400000000000004,False,False,0,0,0,0,0,0,0
2016-09-05,44.2,2.9800000000000004,False,False,0,0,0,0,0,0,0
2016-09-06,55.58,3.0559929279399936,False,False,0,0,0,0,0,0,0
2016-09-07,39.56,3.0724269807280464,False,False,0,0,0,0,0,0,0
2016-09-08,42.99,3.07289616991024,False,False,0,0,0,0,0,0,0
2016-09-09,33.64,3.05549082774048,False,False,0,0,0,0,0,0,0
2016-09-12,32.6,2.88,False,False,0,0,0,0,0,0,0
2016-09-13,44.59,2.9000000000000004,False,False,0,0,0,0,0,0,0
2016-09-14,41.76,2.8600000000000003,False,False,0,0,0,0,0,0,0
2016-09-19,59.63,2.92,False,False,0,0,0,0,0,0,0
2016-09-20,45.35,2.9000000000000004,False,False,0,0,0,0,0,0,0
2016-09-21,47.74,2.9000000000000004,False,False,0,0,0,0,0,0,0
2016-09-22,54.27,2.9400000000000004,False,False,0,0,0,0,0,0,0
2016-09-23,40.67,2.92,False,False,0,0,0,0,0,0,0
2016-09-26,34.77,2.78,False,False,0,0,0,0,0,0,0
2016-09-27,48.1,2.8200000000000003,False,False,0,0,0,0,0,0,0
2016-09-28,46.13,2.8200000000000003,False,False,0,0,0,0,0,0,0
2016-09-29,48.17,2.84,False,False,0,0,0,0,0,0,0
2016-09-30,48.57,2.8600000000000003,False,False,0,0,0,0,0,0,0
2016-10-10,58.29,2.9907002597868,False,False,0,0,0,0,0,0,0
2016-10-11,53.65,3.010748021694673,False,False,0,0,0,0,0,0,0
2016-10-12,40.24,3.02,False,False,0,0,0,0,0,0,0
2016-10-13,43.67,3.02,False,False,0,0,0,0,0,0,0
2016-10-14,38.64,3.0,False,False,0,0,0,0,0,0,0
2016-10-17,32.95,2.9400000000000004,False,False,0,0,0,0,0,0,0
2016-10-18,51.15,3.02,False,False,0,0,0,0,0,0,0
2016-10-19,43.02,2.997448687138407,False,False,0,0,0,0,0,0,0
2016-10-20,43.59,2.9839044866648865,False,False,0,0,0,0,0,0,0
2016-10-21,37.37,2.9683901274457067,False,False,0,0,0,0,0,0,0
2016-10-24,52.28,2.98184828945012,False,False,0,0,0,0,0,0,0
2016-10-25,53.98,3.0028106015911327,False,False,0,0,0,0,0,0,0
2016-10-26,35.77,2.9800000000000004,False,False,0,0,0,0,0,0,0
2016-10-27,41.97,2.9400000000000004,False,False,0,0,0,0,0,0,0
2016-10-28,30.28,2.88,False,False,0,0,0,0,0,0,0
2016-10-31,37.55,2.8,False,False,0,0,0,0,0,0,0
2016-11-01,51.21,2.84,False,False,0,0,0,0,0,0,0
2016-11-02,32.91,2.8,False,False,0,0,0,0,0,0,0
2016-11-03,54.84,2.8200000000000003,False,False,0,0,0,0,0,0,0
2016-11-04,36.44,2.8,False,False,0,0,0,0,0,0,0
2016-11-07,43.43,2.8,False,False,0,0,0,0,0,0,0
2016-11-08,48.17,2.8200000000000003,False,False,0,0,0,0,0,0,0
2016-11-09,39.56,2.78,False,False,0,0,0,0,0,0,0
2016-11-10,66.41,2.8600000000000003,False,False,0,0,0,0,0,0,0
2016-11-11,65.75,2.9000000000000004,False,False,0,0,0,0,0,0,0
2016-11-14,58.54,2.92,False,False,0,0,0,0,0,0,0
2016-11-15,59.63,2.9400000000000004,False,False,0,0,0,0,0,0,0
2016-11-16,52.07,2.9400000000000004,False,False,0,0,0,0,0,0,0
2016-11-17,46.16,2.9400000000000004,False,False,0,0,0,0,0,0,0
2016-11-18,48.87,2.92,False,False,0,0,0,0,0,0,0
2016-11-21,51.46,2.92,False,False,0,0,0,0,0,0,0
2016-11-22,58.07,2.96,False,False,0,0,0,0,0,0,0
2016-11-23,49.55,2.9400000000000004,False,False,0,0,0,0,0,0,0
2016-11-24,47.4,2.9400000000000004,False,False,0,0,0,0,0,0,0
2016-11-25,52.82,2.96,False,False,0,0,0,0,0,0,0
2016-11-28,48.53,2.96,False,False,0,0,0,0,0,0,0
2016-11-29,35.21,2.92,False,False,0,0,0,0,0,0,0
2016-11-30,42.76,2.9000000000000004,False,False,0,0,0,0,0,0,0
2016-12-01,49.8,2.92,False,False,0,0,0,0,0,0,0
2016-12-02,32.11,2.84,False,False,0,0,0,0,0,0,0
2016-12-05,37.88,2.8,False,False,0,0,0,0,0,0,0
2016-12-06,41.7,2.8,False,False,0,0,0,0,0,0,0
2016-12-07,50.98,2.8600000000000003,False,False,0,0,0,0,0,0,0
2016-12-08,42.06,2.8200000000000003,False,False,0,0,0,0,0,0,0
2016-12-09,36.95,2.8200000000000003,False,False,0,0,0,0,0,0,0
2016-12-12,29.27,2.76,False,False,0,0,0,0,0,0,0
2016-12-13,48.31,2.78,False,False,0,0,0,0,0,0,0
2016-12-14,40.99,2.74,False,False,0,0,0,0,0,0,0
2016-12-15,50.39,2.78,False,False,0,0,0,0,0,0,0
2016-12-16,51.32,2.8200000000000003,False,False,0,0,0,0,0,0,0
2016-12-19,42.28,2.8200000000000003,False,False,0,0,0,0,0,0,0
2016-12-20,43.16,2.8,False,False,0,0,0,0,0,0,0
2016-12-21,50.31,2.84,False,False,0,0,0,0,0,0,0
2016-12-22,43.43,2.8200000000000003,False,False,0,0,0,0,0,0,0
2016-12-23,35.84,2.76,False,False,0,0,0,0,0,0,0
2016-12-26,45.98,2.78,False,False,0,0,0,0,0,0,0
2016-12-27,43.64,2.78,False,False,0,0,0,0,0,0,0
2016-12-28,40.58,2.76,False,False,0,0,0,0,0,0,0
2016-12-29,39.74,2.74,False,False,0,0,0,0,0,0,0
2016-12-30,43.84,2.74,False,False,0,0,0,0,0,0,0
2017-01-03,52.5,2.8,False,False,0,0,0,0,0,0,0
2017-01-04,57.12,2.8600000000000003,False,False,0,0,0,0,0,0,0
2017-01-05,46.5,2.8600000000000003,False,False,0,0,0,0,0,0,0
2017-01-06,39.37,2.8200000000000003,False,False,0,0,0,0,0,0,0
2017-01-09,48.96,2.84,False,False,0,0,0,0,0,0,0
2017-01-10,42.07,2.8200000000000003,False,False,0,0,0,0,0,0,0
2017-01-11,32.51,2.76,False,False,0,0,0,0,0,0,0
2017-01-12,33.59,2.7,False,False,0,0,0,0,0,0,0
2017-01-13,31.32,2.64,False,False,0,0,0,0,0,0,0
2017-01-16,29.94,2.4800000000000004,False,False,0,0,0,0,0,0,0
2017-01-17,44.49,2.52,False,False,0,0,0,0,0,0,0
2017-01-18,35.43,2.5,False,False,0,0,0,0,0,0,0
2017-01-19,34.92,2.4800000000000004,False,False,0,0,0,0,0,0,0
2017-01-20,49.25,2.56,False,False,0,0,0,0,0,0,0
2017-01-23,48.0,2.58,False,False,0,0,0,0,0,0,0
2017-01-24,42.17,2.58,False,False,0,0,0,0,0,0,0
2017-01-25,47.47,2.6,False,False,0,0,0,0,0,0,0
2017-01-26,50.46,2.62,False,False,0,0,0,0,0,0,0
2017-02-03,43.07,2.6,False,False,0,0,0,0,0,0,0
2017-02-06,55.0,2.66,False,False,0,0,0,0,0,0,0
2017-02-07,48.43,2.64,False,False,0,0,0,0,0,0,0
2017-02-08,56.8,2.68,False,False,0,0,0,0,0,0,0
2017-02-09,53.09,2.72,False,False,0,0,0,0,0,0,0
2017-02-10,45.24,2.7,False,False,0,0,0,0,0,0,0
2017-02-13,47.11,2.74,False,False,0,0,0,0,0,0,0
2017-02-14,42.73,2.74,False,False,0,0,0,0,0,0,0
2017-02-15,30.64,2.68,False,False,0,0,0,0,0,0,0
2017-02-16,45.2,2.72,False,False,0,0,0,0,0,0,0
2017-02-17,27.77,2.68,False,False,0,0,0,0,0,0,0
2017-02-20,45.5,2.74,False,False,0,0,0,0,0,0,0
2017-02-21,53.58,2.78,False,False,0,0,0,0,0,0,0
2017-02-22,51.56,2.8,False,False,0,0,0,0,0,0,0
2017-02-23,45.79,2.8200000000000003,False,False,0,0,0,0,0,0,0
2017-02-24,45.66,2.8,False,False,0,0,0,0,0,0,0
2017-02-27,33.76,2.76,False,False,0,0,0,0,0,0,0
2017-02-28,43.63,2.76,False,False,0,0,0,0,0,0,0
2017-03-01,45.45,2.78,False,False,0,0,0,0,0,0,0
2017-03-02,34.33,2.74,False,False,0,0,0,0,0,0,0
2017-03-03,40.2,2.76,False,False,0,0,0,0,0,0,0
2017-03-06,52.3,2.8200000000000003,False,False,0,0,0,0,0,0,0
2017-03-07,51.26,2.8200000000000003,False,False,0,0,0,0,0,0,0
2017-03-08,35.36,2.8,False,False,0,0,0,0,0,0,0
2017-03-09,35.92,2.74,False,False,0,0,0,0,0,0,0
2017-03-10,38.4,2.76,False,False,0,0,0,0,0,0,0
2017-03-13,48.01,2.8,False,False,0,0,0,0,0,0,0
2017-03-14,37.96,2.78,False,False,0,0,0,0,0,0,0
2017-03-15,41.12,2.78,False,False,0,0,0,0,0,0,0
2017-03-16,56.01,2.8200000000000003,False,False,0,0,0,0,0,0,0
2017-03-17,28.63,2.78,False,False,0,0,0,0,0,0,0
2017-03-20,44.94,2.78,False,False,0,0,0,0,0,0,0
2017-03-21,43.43,2.8,False,False,0,0,0,0,0,0,0
2017-03-22,36.41,2.76,False,False,0,0,0,0,0,0,0
2017-03-23,48.57,2.78,False,False,0,0,0,0,0,0,0
2017-03-24,52.87,2.8,False,False,0,0,0,0,0,0,0
2017-03-27,40.1,2.78,False,False,0,0,0,0,0,0,0
2017-03-28,41.08,2.76,False,False,0,0,0,0,0,0,0
2017-03-29,30.72,2.74,False,False,0,0,0,0,0,0,0
2017-03-30,28.55,2.58,False,False,0,0,0,0,0,0,0
2017-03-31,42.47,2.6,False,False,0,0,0,0,0,0,0
2017-04-05,60.63,2.72,False,False,0,0,0,0,0,0,0
2017-04-06,51.22,2.74,False,False,0,0,0,0,0,0,0
2017-04-07,44.63,2.76,False,False,0,0,0,0,0,0,0
2017-04-10,27.16,2.72,False,False,0,0,0,0,0,0,0
2017-04-11,54.9,2.78,False,False,0,0,0,0,0,0,0
2017-04-12,29.74,2.72,False,False,0,0,0,0,0,0,0
2017-04-13,50.82,2.76,False,False,0,0,0,0,0,0,0
2017-04-14,30.68,2.68,False,False,0,0,0,0,0,0,0
2017-04-17,34.11,2.62,False,False,0,0,0,0,0,0,0
2017-04-18,36.83,2.58,False,False,0,0,0,0,0,0,0
2017-04-19,37.18,2.52,False,False,0,0,0,0,0,0,0
2017-04-20,42.97,2.56,False,False,0,0,0,0,0,0,0
2017-04-21,41.21,2.52,False,False,0,0,0,0,0,0,0
2017-04-24,37.97,2.3600000000000003,False,False,0,0,0,0,0,0,0
2017-04-25,47.51,2.38,False,False,0,0,0,0,0,0,0
2017-04-26,46.94,2.38,False,False,0,0,0,0,0,0,0
2017-04-27,52.73,2.3600000000000003,False,False,0,0,0,0,0,0,0
2017-04-28,46.05,2.3600000000000003,False,False,0,0,0,0,0,0,0
2017-05-02,40.7,2.34,False,False,0,0,0,0,0,0,0
2017-05-03,42.65,2.3200000000000003,False,False,0,0,0,0,0,0,0
2017-05-04,41.37,2.3,False,False,0,0,0,0,0,0,0
2017-05-05,39.14,2.26971141146071,False,False,0,0,0,0,0,0,0
2017-05-08,37.51,2.2945024707449,False,False,0,0,0,0,0,0,0
2017-05-09,48.24,2.3008070763142,False,False,0,0,0,0,0,0,0
2017-05-10,37.2,2.29061335456782,False,False,0,0,0,0,0,0,0
2017-05-11,42.11,2.28733080876658,False,False,0,0,0,0,0,0,0
2017-05-12,42.27,2.28421698497243,False,False,0,0,0,0,0,0,0
2017-05-15,45.12,2.284713881399969,False,False,0,0,0,0,0,0,0
2017-05-16,58.86,2.27745460345421,False,False,0,0,0,0,0,0,0
2017-05-17,48.81,2.27936531064024,False,False,0,0,0,0,0,0,0
2017-05-18,42.01,2.2765609876982897,False,False,0,0,0,0,0,0,0
2017-05-19,43.7,2.28860650038005,False,False,0,0,0,0,0,0,0
2017-05-22,37.86,2.30072625436246,False,False,0,0,0,0,0,0,0
2017-05-23,36.57,2.30746234009924,False,False,0,0,0,0,0,0,0
2017-05-24,45.27,2.29958531191368,False,False,0,0,0,0,0,0,0
2017-05-25,47.42,2.29497882056946,False,False,0,0,0,0,0,0,0
2017-05-26,44.06,2.24046149366431,False,False,0,0,0,0,0,0,0
2017-05-31,43.19,2.2708787746198698,False,False,0,0,0,0,0,0,0
2017-06-01,35.89,2.27153227680261,False,False,0,0,0,0,0,0,0
2017-06-02,48.77,2.27183938141864,False,False,0,0,0,0,0,0,0
2017-06-05,49.42,2.2680017298740496,False,False,0,0,0,0,0,0,0
2017-06-06,47.03,2.26715698760234,False,False,0,0,0,0,0,0,0
2017-06-07,56.8,2.26701931529896,False,False,0,0,0,0,0,0,0
2017-06-08,40.48,2.24598348672531,False,False,0,0,0,0,0,0,0
2017-06-09,39.86,2.23126811996517,False,False,0,0,0,0,0,0,0
2017-06-12,31.66,2.19948437043134,False,False,0,0,0,0,0,0,0
2017-06-13,49.15,2.22,False,False,0,0,0,0,0,0,0
2017-06-14,39.44,2.20231254452572,False,False,0,0,0,0,0,0,0
2017-06-15,52.27,2.26,False,False,0,0,0,0,0,0,0
2017-06-16,39.22,2.24,False,False,0,0,0,0,0,0,0
2017-06-19,47.13,2.3,False,False,0,0,0,0,0,0,0
2017-06-20,41.73,2.3,False,False,0,0,0,0,0,0,0
2017-06-21,40.72,2.3,False,False,0,0,0,0,0,0,0
2017-06-22,27.8,2.24,False,False,0,0,0,0,0,0,0
2017-06-23,37.76,2.24,False,False,0,0,0,0,0,0,0
2017-06-26,48.6,2.34,False,False,0,0,0,0,0,0,0
2017-06-27,43.46,2.34,False,False,0,0,0,0,0,0,0
2017-06-28,34.82,2.3200000000000003,False,False,0,0,0,0,0,0,0
2017-06-29,44.38,2.34,False,False,0,0,0,0,0,0,0
2017-06-30,42.63,2.3600000000000003,False,False,0,0,0,0,0,0,0
2017-07-03,44.35,2.4000000000000004,False,False,0,0,0,0,0,0,0
2017-07-04,33.7,2.38,False,False,0,0,0,0,0,0,0
2017-07-05,44.56,2.42,False,False,0,0,0,0,0,0,0
2017-07-06,41.84,2.42,False,False,0,0,0,0,0,0,0
2017-07-07,45.22,2.4400000000000004,False,False,0,0,0,0,0,0,0
2017-07-10,27.76,2.42,False,False,0,0,0,0,0,0,0
2017-07-11,28.11,2.3600000000000003,False,False,0,0,0,0,0,0,0
2017-07-12,36.34,2.3600000000000003,False,False,0,0,0,0,0,0,0
2017-07-13,38.09,2.3600000000000003,False,False,0,0,0,0,0,0,0
2017-07-14,31.2,2.3600000000000003,False,False,0,0,0,0,0,0,0
2017-07-17,23.94,2.24163741132304,True,False,0,0,0,0,0,0,0
2017-07-18,45.74,2.23406508324491,False,False,0,0,0,0,0,0,0
2017-07-19,56.24,2.28,False,False,0,0,0,0,0,0,0
2017-07-20,49.82,2.3200000000000003,False,False,0,0,0,0,0,0,0
2017-07-21,43.5,2.34,False,False,0,0,0,0,0,0,0
2017-07-24,52.91,2.38,False,False,0,0,0,0,0,0,0
2017-07-25,41.46,2.3600000000000003,False,False,0,0,0,0,0,0,0
2017-07-26,44.2,2.3600000000000003,False,False,0,0,0,0,0,0,0
2017-07-27,65.19,2.4000000000000004,False,False,0,0,0,0,0,0,0
2017-07-28,52.04,2.42,False,False,0,0,0,0,0,0,0
2017-07-31,60.77,2.4800000000000004,False,False,0,0,0,0,0,0,0
2017-08-01,58.4,2.46,False,False,0,0,0,0,0,0,0
2017-08-02,36.2,2.4400000000000004,False,False,0,0,0,0,0,0,0
2017-08-03,47.65,2.4400000000000004,False,False,0,0,0,0,0,0,0
2017-08-04,39.54,2.4000000000000004,False,False,0,0,0,0,0,0,0
2017-08-07,56.85,2.4800000000000004,False,False,0,0,0,0,0,0,0
2017-08-08,56.68,2.46,False,False,0,0,0,0,0,0,0
2017-08-09,55.83,2.5,False,False,0,0,0,0,0,0,0
2017-08-10,38.46,2.46,False,False,0,0,0,0,0,0,0
2017-08-11,32.73,2.34,False,False,0,0,0,0,0,0,0
2017-08-14,59.43,2.46,False,False,0,0,0,0,0,0,0
2017-08-15,52.52,2.46,False,False,0,0,0,0,0,0,0
2017-08-16,56.4,2.4800000000000004,False,False,0,0,0,0,0,0,0
2017-08-17,64.87,2.5,False,False,0,0,0,0,0,0,0
2017-08-18,44.61,2.4800000000000004,False,False,0,0,0,0,0,0,0
2017-08-21,57.98,2.52,False,False,0,0,0,0,0,0,0
2017-08-22,46.55,2.5,False,False,0,0,0,0,0,0,0
2017-08-23,52.57,2.46,False,False,0,0,0,0,0,0,0
2017-08-24,45.3,2.4000000000000004,False,False,0,0,0,0,0,0,0
2017-08-25,59.38,2.46,False,False,0,0,0,0,0,0,0
2017-08-28,63.51,2.5,False,False,0,0,0,0,0,0,0
2017-08-29,43.73,2.46,False,False,0,0,0,0,0,0,0
2017-08-30,51.63,2.4800000000000004,False,False,0,0,0,0,0,0,0
2017-08-31,54.4,2.5,False,False,0,0,0,0,0,0,0
2017-09-01,58.95,2.54,False,False,0,0,0,0,0,0,0
2017-09-04,53.28,2.56,False,False,0,0,0,0,0,0,0
2017-09-05,49.31,2.56,False,False,0,0,0,0,0,0,0
2017-09-06,56.13,2.6,False,False,0,0,0,0,0,0,0
2017-09-07,43.08,2.56,False,False,0,0,0,0,0,0,0
2017-09-08,49.41,2.56,False,False,0,0,0,0,0,0,0
2017-09-11,55.54,2.62,False,False,0,0,0,0,0,0,0
2017-09-12,44.81,2.62,False,False,0,0,0,0,0,0,0
2017-09-13,53.53,2.64,False,False,0,0,0,0,0,0,0
2017-09-14,42.09,2.64,False,False,0,0,0,0,0,0,0
2017-09-15,43.64,2.6,False,False,0,0,0,0,0,0,0
2017-09-18,48.5,2.64,False,False,0,0,0,0,0,0,0
2017-09-19,42.25,2.6,False,False,0,0,0,0,0,0,0
2017-09-20,55.3,2.64,False,False,0,0,0,0,0,0,0
2017-09-21,36.98,2.58,False,False,0,0,0,0,0,0,0
2017-09-22,42.12,2.56,False,False,0,0,0,0,0,0,0
2017-09-25,34.25,2.4800000000000004,False,False,0,0,0,0,0,0,0
2017-09-26,39.46,2.52,False,False,0,0,0,0,0,0,0
2017-09-27,49.71,2.56,False,False,0,0,0,0,0,0,0
2017-09-28,38.67,2.54,False,False,0,0,0,0,0,0,0
2017-09-29,44.25,2.58,False,False,0,0,0,0,0,0,0
2017-10-09,53.48,2.64,False,False,0,0,0,0,0,0,0
2017-10-10,56.57,2.66,False,False,0,0,0,0,0,0,0
2017-10-11,42.09,2.64,False,False,0,0,0,0,0,0,0
2017-10-12,47.66,2.64,False,False,0,0,0,0,0,0,0
2017-10-13,51.63,2.68,False,False,0,0,0,0,0,0,0
2017-10-16,31.57,2.6,False,False,0,0,0,0,0,0,0
2017-10-17,44.62,2.6,False,False,0,0,0,0,0,0,0
2017-10-18,39.62,2.56,False,False,0,0,0,0,0,0,0
2017-10-19,38.07,2.5,False,False,0,0,0,0,0,0,0
2017-10-20,52.79,2.56,False,False,0,0,0,0,0,0,0
2017-10-23,47.57,2.58,False,False,0,0,0,0,0,0,0
2017-10-24,36.02,2.56,False,False,0,0,0,0,0,0,0
2017-10-25,48.93,2.6,False,False,0,0,0,0,0,0,0
2017-10-26,43.05,2.58,False,False,0,0,0,0,0,0,0
2017-10-27,38.03,2.54,False,False,0,0,0,0,0,0,0
2017-10-30,28.45,2.4000000000000004,False,False,0,0,0,0,0,0,0
2017-10-31,45.91,2.42,False,False,0,0,0,0,0,0,0
2017-11-01,41.2,2.42,False,False,0,0,0,0,0,0,0
2017-11-02,34.29,2.3600000000000003,False,False,0,0,0,0,0,0,0
2017-11-03,35.39,2.3200000000000003,False,False,0,0,0,0,0,0,0
2017-11-06,44.96,2.38,False,False,0,0,0,0,0,0,0
2017-11-07,47.07,2.42,False,False,0,0,0,0,0,0,0
2017-11-08,48.96,2.42,False,False,0,0,0,0,0,0,0
2017-11-09,56.05,2.46,False,False,0,0,0,0,0,0,0
2017-11-10,54.2,2.4800000000000004,False,False,0,0,0,0,0,0,0
2017-11-13,51.62,2.5,False,False,0,0,0,0,0,0,0
2017-11-14,41.54,2.46,False,False,0,0,0,0,0,0,0
2017-11-15,40.59,2.4000000000000004,False,False,0,0,0,0,0,0,0
2017-11-16,42.35,2.42,False,False,0,0,0,0,0,0,0
2017-11-17,31.34,2.24,False,False,0,0,0,0,0,0,0
2017-11-20,44.02,2.3,False,False,0,0,0,0,0,0,0
2017-11-21,44.65,2.3200000000000003,False,False,0,0,0,0,0,0,0
2017-11-22,47.15,2.3,False,False,0,0,0,0,0,0,0
2017-11-23,38.93,2.19174840085343,False,False,0,0,0,0,0,0,0
2017-11-24,43.22,2.19173766878169,False,False,0,0,0,0,0,0,0
2017-11-27,37.13,2.1916655469618,False,False,0,0,0,0,0,0,0
2017-11-28,51.64,2.19330786700614,False,False,0,0,0,0,0,0,0
2017-11-29,47.28,2.2,False,False,0,0,0,0,0,0,0
2017-11-30,42.44,2.19328070274723,False,False,0,0,0,0,0,0,0
2017-12-01,51.57,2.2,False,False,0,0,0,0,0,0,0
2017-12-04,33.81,2.19344757252702,False,False,0,0,0,0,0,0,0
2017-12-05,32.05,2.18871042594595,False,False,0,0,0,0,0,0,0
2017-12-06,45.31,2.18866977053691,False,False,0,0,0,0,0,0,0
2017-12-07,40.12,2.18119491030977,False,False,0,0,0,0,0,0,0
2017-12-08,48.99,2.18126781846364,False,False,0,0,0,0,0,0,0
2017-12-11,51.73,2.18108819382563,False,False,0,0,0,0,0,0,0
2017-12-12,36.11,2.18113191581406,False,False,0,0,0,0,0,0,0
2017-12-13,56.61,2.1810982063531297,False,False,0,0,0,0,0,0,0
2017-12-14,48.79,2.18112081991102,False,False,0,0,0,0,0,0,0
2017-12-15,40.32,2.18114945168702,False,False,0,0,0,0,0,0,0
2017-12-18,36.98,2.18121950233275,False,False,0,0,0,0,0,0,0
2017-12-19,47.19,2.1812918128163696,False,False,0,0,0,0,0,0,0
2017-12-20,36.85,2.18104675310378,False,False,0,0,0,0,0,0,0
2017-12-21,44.98,2.18110717189286,False,False,0,0,0,0,0,0,0
2017-12-22,41.08,2.18107575344486,False,False,0,0,0,0,0,0,0
2017-12-25,36.77,2.18186829814407,False,False,0,0,0,0,0,0,0
2017-12-26,48.39,2.18205928111028,False,False,0,0,0,0,0,0,0
2017-12-27,40.75,2.18187388561175,False,False,0,0,0,0,0,0,0
2017-12-28,47.84,2.18185074158539,False,False,0,0,0,0,0,0,0
2017-12-29,48.52,2.1818045761814497,False,False,0,0,0,0,0,0,0
2018-01-02,51.77,2.18176357062312,False,False,0,0,0,0,0,0,0
2018-01-03,59.17,2.1819061516036298,False,False,0,0,0,0,0,0,0
2018-01-04,50.89,2.1819263649026,False,False,0,0,0,0,0,0,0
2018-01-05,53.62,2.18186981951163,False,False,0,0,0,0,0,0,0
2018-01-08,54.54,2.18181075449244,False,False,0,0,0,0,0,0,0
2018-01-09,50.95,2.18183555103486,False,False,0,0,0,0,0,0,0
2018-01-10,49.02,2.18175720390059,False,False,0,0,0,0,0,0,0
2018-01-11,61.39,2.18194258982205,False,False,0,0,0,0,0,0,0
2018-01-12,46.78,2.1818618149801496,False,False,0,0,0,0,0,0,0
2018-01-15,27.94,2.1818620719873,False,False,0,0,0,0,0,0,0
2018-01-16,55.3,2.1818524232635896,False,False,0,0,0,0,0,0,0
2018-01-17,37.26,2.18181564015936,False,False,0,0,0,0,0,0,0
2018-01-18,46.49,2.1819515124419,False,False,0,0,0,0,0,0,0
2018-01-19,40.85,2.18174889603378,False,False,0,0,0,0,0,0,0
2018-01-22,53.19,2.18197770487681,False,False,0,0,0,0,0,0,0
2018-01-23,52.21,2.18196381256237,False,False,0,0,0,0,0,0,0
2018-01-24,57.73,2.181870090414749,False,False,0,0,0,0,0,0,0
2018-01-25,38.65,2.1817837755661698,False,False,0,0,0,0,0,0,0
2018-01-26,43.73,2.18183897909332,False,False,0,0,0,0,0,0,0
2018-01-29,32.95,2.18181566133962,False,False,0,0,0,0,0,0,0
2018-01-30,43.06,2.181851376501489,False,False,0,0,0,0,0,0,0
2018-01-31,32.55,2.1817553520525395,False,False,0,0,0,0,0,0,0
2018-02-01,29.01,2.1818079552624,False,False,0,0,0,0,0,0,0
2018-02-02,43.15,2.1818231297617,False,False,0,0,0,0,0,0,0
2018-02-05,39.44,2.18183295593086,False,False,0,0,0,0,0,0,0
2018-02-06,23.6,2.18180012183445,True,False,0,0,0,0,0,0,0
2018-02-07,36.45,2.18178603434354,False,False,0,0,0,0,0,0,0
2018-02-08,42.04,2.18188563921023,False,False,0,0,0,0,0,0,0
2018-02-09,22.09,2.18184518943532,True,False,0,0,0,0,0,0,0
2018-02-12,43.6,2.181872499662349,False,False,0,0,0,0,0,0,0
2018-02-13,34.31,2.18180933152499,False,False,0,0,0,0,0,0,0
2018-02-14,36.04,2.18178303690997,False,False,0,0,0,0,0,0,0
2018-02-22,44.23,2.18180456891555,False,False,0,0,0,0,0,0,0
2018-02-23,39.77,2.18201933778466,False,False,0,0,0,0,0,0,0
2018-02-26,55.35,2.18175223082682,False,False,0,0,0,0,0,0,0
2018-02-27,35.11,2.18196369842068,False,False,0,0,0,0,0,0,0
2018-02-28,42.21,2.17910413916094,False,False,0,0,0,0,0,0,0
2018-03-01,58.66,2.17892476017594,False,False,0,0,0,0,0,0,0
2018-03-02,35.18,2.1790488980768496,False,False,0,0,0,0,0,0,0
2018-03-05,46.45,2.18073965157439,False,False,0,0,0,0,0,0,0
2018-03-06,61.35,2.18102268952232,False,False,0,0,0,0,0,0,0
2018-03-07,39.55,2.18086746072774,False,False,0,0,0,0,0,0,0
2018-03-08,56.13,2.1807202883872097,False,False,0,0,0,0,0,0,0
2018-03-09,68.57,2.18093018732686,False,False,0,0,0,0,0,0,0
2018-03-12,69.72,2.18085275328097,False,False,0,0,0,0,0,0,0
2018-03-13,38.71,2.18074759297988,False,False,0,0,0,0,0,0,0
2018-03-14,38.58,2.18087356934278,False,False,0,0,0,0,0,0,0
2018-03-15,45.96,2.1808220198301,False,False,0,0,0,0,0,0,0
2018-03-16,49.03,2.18084324017727,False,False,0,0,0,0,0,0,0
2018-03-19,49.07,2.1806854378747498,False,False,0,0,0,0,0,0,0
2018-03-20,51.33,2.18094889699516,False,False,0,0,0,0,0,0,0
2018-03-21,40.28,2.1802984566174697,False,False,0,0,0,0,0,0,0
2018-03-22,46.71,2.18038270615024,False,False,0,0,0,0,0,0,0
2018-03-23,20.3,2.18017264992598,True,False,0,0,0,0,0,0,0
2018-03-26,49.54,2.1802959690570898,False,False,0,0,0,0,0,0,0
2018-03-27,63.44,2.18146206338648,False,False,0,0,0,0,0,0,0
2018-03-28,34.37,2.1812693757387502,False,False,0,0,0,0,0,0,0
2018-03-29,53.37,2.18154786883507,False,False,0,0,0,0,0,0,0
2018-03-30,61.39,2.18133458236187,False,False,0,0,0,0,0,0,0
2018-04-02,59.02,2.18118970618722,False,False,0,0,0,0,0,0,0
2018-04-03,38.83,2.17989761643682,False,False,0,0,0,0,0,0,0
2018-04-04,40.27,2.17391697659391,False,False,0,0,0,0,0,0,0
2018-04-09,45.24,2.17393399201058,False,False,0,0,0,0,0,0,0
2018-04-10,46.26,2.17398630133279,False,False,0,0,0,0,0,0,0
2018-04-11,54.78,2.17238732926357,False,False,0,0,0,0,0,0,0
2018-04-12,40.71,2.1725392814692097,False,False,0,0,0,0,0,0,0
2018-04-13,39.82,2.19257067655892,False,False,0,0,0,0,0,0,0
2018-04-16,38.84,2.1937325873722995,False,False,0,0,0,0,0,0,0
2018-04-17,29.4,2.18914693671468,False,False,0,0,0,0,0,0,0
2018-04-18,50.36,2.1890466369115296,False,False,0,0,0,0,0,0,0
2018-04-19,51.14,2.18926609558796,False,False,0,0,0,0,0,0,0
2018-04-20,29.5,2.1895474611201697,False,False,0,0,0,0,0,0,0
2018-04-23,36.92,2.19373484724366,False,False,0,0,0,0,0,0,0
2018-04-24,56.32,2.20365230751176,False,False,0,0,0,0,0,0,0
2018-04-25,46.94,2.20047196414171,False,False,0,0,0,0,0,0,0
2018-04-26,31.87,2.198474877075049,False,False,0,0,0,0,0,0,0
2018-04-27,40.13,2.19347162852224,False,False,0,0,0,0,0,0,0
2018-05-02,36.6,2.1960642942640898,False,False,0,0,0,0,0,0,0
2018-05-03,47.3,2.19205804739455,False,False,0,0,0,0,0,0,0
2018-05-04,38.7,2.1504724023091697,False,False,0,0,0,0,0,0,0
2018-05-07,53.27,2.1509743658175497,False,False,0,0,0,0,0,0,0
2018-05-08,52.89,2.14958782086012,False,False,0,0,0,0,0,0,0
2018-05-09,48.42,2.14642052679739,False,False,0,0,0,0,0,0,0
2018-05-10,53.81,2.1586778083807494,False,False,0,0,0,0,0,0,0
2018-05-11,39.01,2.15896692378333,False,False,0,0,0,0,0,0,0
2018-05-14,40.82,2.1718298871161097,False,False,0,0,0,0,0,0,0
2018-05-15,56.03,2.17404723908883,False,False,0,0,0,0,0,0,0
2018-05-16,43.61,2.17632620623158,False,False,0,0,0,0,0,0,0
2018-05-17,41.2,2.15819237391442,False,False,0,0,0,0,0,0,0
2018-05-18,47.59,2.15065404272272,False,False,0,0,0,0,0,0,0
2018-05-21,56.38,2.14915299303778,False,False,0,0,0,0,0,0,0
2018-05-22,50.64,2.14535077342715,False,False,0,0,0,0,0,0,0
2018-05-23,39.88,2.1357442868090097,False,False,0,0,0,0,0,0,0
2018-05-24,45.39,2.1330154005503097,False,False,0,0,0,0,0,0,0
2018-05-25,40.5,2.0785629479591,False,False,0,0,0,0,0,0,0
2018-05-28,38.64,2.11307093678788,False,False,0,0,0,0,0,0,0
2018-05-29,38.05,2.11074252068773,False,False,0,0,0,0,0,0,0
2018-05-30,30.53,2.09336419290376,False,False,0,0,0,0,0,0,0
2018-05-31,50.55,2.0894563997057696,False,False,0,0,0,0,0,0,0
2018-06-01,36.06,2.07898696619742,False,False,0,0,0,0,0,0,0
2018-06-04,40.13,2.09155882764991,False,False,0,0,0,0,0,0,0
2018-06-05,50.37,2.10374653219203,False,False,0,0,0,0,0,0,0
2018-06-06,45.07,2.0902173153487102,False,False,0,0,0,0,0,0,0
2018-06-07,39.72,2.07878260380283,False,False,0,0,0,0,0,0,0
2018-06-08,36.9,2.11438641170696,False,False,0,0,0,0,0,0,0
2018-06-11,38.39,2.12251741602208,False,False,0,0,0,0,0,0,0
2018-06-12,48.58,2.14393606291852,False,False,0,0,0,0,0,0,0
2018-06-13,34.39,2.12540684354761,False,False,0,0,0,0,0,0,0
2018-06-14,39.45,2.1095971437126595,False,False,0,0,0,0,0,0,0
2018-06-15,31.91,2.06391598358769,False,False,0,0,0,0,0,0,0
2018-06-19,17.35,2.10609843868384,True,False,0,0,0,0,0,0,0
2018-06-20,37.35,2.1044698299165496,False,False,0,0,0,0,0,0,0
2018-06-21,24.99,2.0939663967505697,True,False,0,0,0,0,0,0,0
2018-06-22,38.57,2.06328674109928,False,False,0,0,0,0,0,0,0
2018-06-25,30.34,2.0569608318296297,False,False,0,0,0,0,0,0,0
2018-06-26,37.5,2.06121276928646,False,False,0,0,0,0,0,0,0
2018-06-27,29.4,2.0637180242912394,False,False,0,0,0,0,0,0,0
2018-06-28,26.53,2.05719976436916,False,False,0,0,0,0,0,0,0
2018-06-29,47.19,2.04672636569916,False,False,0,0,0,0,0,0,0
2018-07-02,23.9,2.05222162510117,True,False,0,0,0,0,0,0,0
2018-07-03,44.91,2.05332086028767,False,False,0,0,0,0,0,0,0
2018-07-04,23.71,2.01950027116929,True,False,0,0,0,0,0,0,0
2018-07-05,23.07,2.01267698485563,True,False,0,0,0,0,0,0,0
2018-07-06,38.31,1.99461548120224,False,False,0,0,0,0,0,0,0
2018-07-09,40.96,1.98406497935611,False,False,0,0,0,0,0,0,0
2018-07-10,40.89,1.95693620100404,False,False,0,0,0,0,0,0,0
2018-07-11,22.26,1.94851817822894,True,False,0,0,0,0,0,0,0
2018-07-12,54.53,1.94065841686442,False,False,0,0,0,0,0,0,0
2018-07-13,42.35,1.91676978077618,False,False,0,0,0,0,0,0,0
2018-07-16,36.02,1.92664111570649,False,False,0,0,0,0,0,0,0
2018-07-17,38.63,1.9299884136775296,False,False,0,0,0,0,0,0,0
2018-07-18,31.35,1.90846856021618,False,False,0,0,0,0,0,0,0
2018-07-19,31.67,1.9109298549603493,False,False,0,0,0,0,0,0,0
2018-07-20,48.22,1.90376736543239,False,False,0,0,0,0,0,0,0
2018-07-23,52.93,1.9314315606365795,False,False,0,0,0,0,0,0,0
2018-07-24,68.16,1.93489790707176,False,False,0,0,0,0,0,0,0
2018-07-25,59.98,1.93157733223948,False,False,0,0,0,0,0,0,0
2018-07-26,37.23,1.9267021110801696,False,False,0,0,0,0,0,0,0
2018-07-27,36.35,1.9246346258831697,False,False,0,0,0,0,0,0,0
2018-07-30,29.4,1.92725461715306,False,False,0,0,0,0,0,0,0
2018-07-31,40.72,1.92548976334597,False,False,0,0,0,0,0,0,0
2018-08-01,31.82,1.92749663808887,False,False,0,0,0,0,0,0,0
2018-08-02,21.51,1.9276265782220297,True,False,0,0,0,0,0,0,0
2018-08-03,29.23,1.9233899825078693,False,False,0,0,0,0,0,0,0
2018-08-06,26.92,1.92694053799982,False,False,0,0,0,0,0,0,0
2018-08-07,45.83,1.92589480940924,False,False,0,0,0,0,0,0,0
2018-08-08,25.7,1.92580982863424,False,False,0,0,0,0,0,0,0
2018-08-09,53.7,1.9233753577536896,False,False,0,0,0,0,0,0,0
2018-08-10,44.8,1.8913787567066,False,False,0,0,0,0,0,0,0
2018-08-13,40.81,1.8903074163025195,False,False,0,0,0,0,0,0,0
2018-08-14,39.85,1.8897248036232897,False,False,0,0,0,0,0,0,0
2018-08-15,28.83,1.87561794861768,False,False,0,0,0,0,0,0,0
2018-08-16,30.37,1.8728310518258493,False,False,0,0,0,0,0,0,0
2018-08-17,26.15,1.87300859150126,False,False,0,0,0,0,0,0,0
2018-08-20,38.23,1.86529573565839,False,False,0,0,0,0,0,0,0
2018-08-21,43.51,1.86169901131994,False,False,0,0,0,0,0,0,0
2018-08-22,29.09,1.85262233838308,False,False,0,0,0,0,0,0,0
2018-08-23,43.55,1.8509400679025,False,False,0,0,0,0,0,0,0
2018-08-24,35.22,1.84141064226171,False,False,0,0,0,0,0,0,0
2018-08-27,52.46,1.83346813729875,False,False,0,0,0,0,0,0,0
2018-08-28,43.13,1.8323404525866,False,False,0,0,0,0,0,0,0
2018-08-29,36.99,1.8315613999246896,False,False,0,0,0,0,0,0,0
2018-08-30,30.43,1.8317400513789,False,False,0,0,0,0,0,0,0
2018-08-31,29.69,1.7856306170174532,False,False,0,0,0,0,0,0,0
2018-09-03,38.69,1.81827564859546,False,False,0,0,0,0,0,0,0
2018-09-04,50.61,1.83698712809151,False,False,0,0,0,0,0,0,0
2018-09-05,35.37,1.8031297297297333,False,False,0,0,0,0,0,0,0
2018-09-06,36.07,1.78551298207496,False,False,0,0,0,0,0,0,0
2018-09-07,41.85,1.8008122330799867,False,False,0,0,0,0,0,0,0
2018-09-10,26.19,1.7494176991150463,False,False,0,0,0,0,0,0,0
2018-09-11,35.64,1.7607104593248533,False,False,0,0,0,0,0,0,0
2018-09-12,35.46,1.7391921981882068,False,False,0,0,0,0,0,0,0
2018-09-13,41.68,1.75792013237728,False,False,0,0,0,0,0,0,0
2018-09-14,29.93,1.7093795728876533,False,False,0,0,0,0,0,0,0
2018-09-17,27.94,1.60573436367106,False,False,0,0,0,0,0,0,0
2018-09-18,47.03,1.6827096870901266,False,False,0,0,0,0,0,0,0
2018-09-19,56.26,1.74476296296296,False,False,0,0,0,0,0,0,0
2018-09-20,36.73,1.7611042060403932,False,False,0,0,0,0,0,0,0
2018-09-21,58.4,1.8011641671227931,False,False,0,0,0,0,0,0,0
2018-09-25,40.03,1.7852492578339734,False,False,0,0,0,0,0,0,0
2018-09-26,51.4,1.7865603209336267,False,False,0,0,0,0,0,0,0
2018-09-27,27.75,1.7275104593248534,False,False,0,0,0,0,0,0,0
2018-09-28,47.77,1.7552959064327531,False,False,0,0,0,0,0,0,0
2018-10-08,27.64,1.6374602905112263,False,False,0,0,0,0,0,0,0
2018-10-09,38.8,1.62896683683116,False,False,0,0,0,0,0,0,0
2018-10-10,39.02,1.62682073401438,False,False,0,0,0,0,0,0,0
2018-10-11,9.95,1.3319166261151667,True,False,0,0,0,0,0,0,0
2018-10-12,32.92,1.3162430054978669,False,False,0,0,0,0,0,0,0
2018-10-15,21.3,1.23678026998962,True,False,0,0,0,0,0,0,0
2018-10-16,19.81,1.129386045522233,True,False,0,0,0,0,0,0,0
2018-10-17,34.06,1.1596972733037467,False,False,0,0,0,0,0,0,0
2018-10-18,18.42,1.01842852794086,True,False,0,0,0,0,0,0,0
2018-10-19,39.51,1.1227860455222267,False,False,0,0,0,0,0,0,0
2018-10-22,56.24,1.3215096721645332,False,False,0,0,0,0,0,0,0
2018-10-23,15.97,1.2217312123102533,True,False,0,0,0,0,0,0,0
2018-10-24,29.84,1.19393333333334,False,False,0,0,0,0,0,0,0
2018-10-25,19.93,1.180871682340653,True,False,0,0,0,0,0,0,0
2018-10-26,30.42,1.2043906899418133,False,False,0,0,0,0,0,0,0
2018-10-29,20.21,1.08903265306122,True,False,0,0,0,0,0,0,0
2018-10-30,42.97,1.15646197654942,False,False,0,0,0,0,0,0,0
2018-10-31,47.05,1.2390256662566663,False,False,0,0,0,0,0,0,0
2018-11-01,47.21,1.25159469928644,False,False,0,0,0,0,0,0,0
2018-11-02,56.13,1.41227848251334,False,False,0,0,0,0,0,0,0
2018-11-05,31.87,1.3953051464766466,False,False,0,0,0,0,0,0,0
2018-11-06,24.59,1.38203847980998,True,False,0,0,0,0,0,0,0
2018-11-07,27.41,1.3407671641791066,False,False,0,0,0,0,0,0,0
2018-11-08,28.81,1.31204726398076,False,False,0,0,0,0,0,0,0
2018-11-09,29.73,1.29904830219008,False,False,0,0,0,0,0,0,0
2018-11-12,73.22,1.4050701548109,False,False,0,0,0,0,0,0,0
2018-11-13,77.9,1.4646616599268267,False,False,0,0,0,0,0,0,0
2018-11-14,48.31,1.4142239752513532,False,False,0,0,0,0,0,0,0
2018-11-15,80.88,1.45365181800876,False,False,0,0,0,0,0,0,0
2018-11-16,76.73,1.4571850802644,False,False,0,0,0,0,0,0,0
2018-11-19,76.31,1.4785936238445598,False,False,0,0,0,0,0,0,0
2018-11-20,39.04,1.3709188203337266,False,False,0,0,0,0,0,0,0
2018-11-21,68.51,1.3807573085846798,False,False,0,0,0,0,0,0,0
2018-11-22,52.09,1.3941573085846866,False,False,0,0,0,0,0,0,0
2018-11-23,28.85,1.2450690763052266,False,False,0,0,0,0,0,0,0
2018-11-26,45.62,1.2533979883323332,False,False,0,0,0,0,0,0,0
2018-11-27,58.58,1.25784726398076,False,False,0,0,0,0,0,0,0
2018-11-28,66.88,1.285486234898,False,False,0,0,0,0,0,0,0
2018-11-29,37.48,1.1971457448959,False,False,0,0,0,0,0,0,0
2018-11-30,53.67,1.2230202689143066,False,False,0,0,0,0,0,0,0
2018-12-03,72.66,1.3415255886359263,False,False,0,0,0,0,0,0,0
2018-12-04,63.17,1.3273643410852731,False,False,0,0,0,0,0,0,0
2018-12-05,40.16,1.280132708821233,False,False,0,0,0,0,0,0,0
2018-12-06,35.11,1.1985424586571067,False,False,0,0,0,0,0,0,0
2018-12-07,43.75,1.207722899243333,False,False,0,0,0,0,0,0,0
2018-12-10,37.03,1.1503359516616334,False,False,0,0,0,0,0,0,0
2018-12-11,55.2,1.18239217096066,False,False,0,0,0,0,0,0,0
2018-12-12,47.75,1.1857921709606598,False,False,0,0,0,0,0,0,0
2018-12-13,54.63,1.271286255924173,False,False,0,0,0,0,0,0,0
2018-12-14,33.05,1.1932432061377,False,False,0,0,0,0,0,0,0
2018-12-17,40.48,1.0307928737086267,False,False,0,0,0,0,0,0,0
2018-12-18,34.62,1.0094139436321266,False,False,0,0,0,0,0,0,0
2018-12-19,29.97,0.93746237666238,False,False,0,0,0,0,0,0,0
2018-12-20,40.06,0.9212098416773666,False,False,0,0,0,0,0,0,0
2018-12-21,30.84,0.9045677863910464,False,False,0,0,0,0,0,0,0
2018-12-24,44.92,0.9750693060876998,False,False,0,0,0,0,0,0,0
2018-12-25,34.78,0.9036813858403264,False,False,0,0,0,0,0,0,0
2018-12-26,37.98,0.8801457334197464,False,False,0,0,0,0,0,0,0
2018-12-27,30.38,0.8147410172451464,False,False,0,0,0,0,0,0,0
2018-12-28,37.34,0.7941850882930067,False,False,0,0,0,0,0,0,0
2019-01-02,35.05,0.7151599559955998,False,False,0,0,0,0,0,0,0
2019-01-03,34.67,0.6672625055334267,False,False,0,0,0,0,0,0,0
2019-01-04,59.2,0.7718623376623398,False,False,0,0,0,0,0,0,0
2019-01-07,64.54,0.8460527121888999,False,False,0,0,0,0,0,0,0
2019-01-08,53.47,0.8154315632330998,False,False,0,0,0,0,0,0,0
2019-01-09,62.42,0.8220326530612198,False,False,0,0,0,0,0,0,0
2019-01-10,42.75,0.8099359727543665,False,False,0,0,0,0,0,0,0
2019-01-11,55.22,0.8430972733037464,False,False,0,0,0,0,0,0,0
2019-01-14,38.93,0.8320527121888998,False,False,0,0,0,0,0,0,0
2019-01-15,58.44,0.8993278825995867,False,False,0,0,0,0,0,0,0
2019-01-16,50.0,0.8515138539042867,False,False,0,0,0,0,0,0,0
2019-01-17,40.67,0.8178624338624397,False,False,0,0,0,0,0,0,0
2019-01-18,54.05,0.8730619765494201,False,False,0,0,0,0,0,0,0
2019-01-21,53.93,0.9102645456435868,False,False,0,0,0,0,0,0,0
2019-01-22,42.82,0.8493185138273199,False,False,0,0,0,0,0,0,0
2019-01-23,46.23,0.8732344900105198,False,False,0,0,0,0,0,0,0
2019-01-24,50.3,0.90422406361164,False,False,0,0,0,0,0,0,0
2019-01-25,41.46,0.8950471872376201,False,False,0,0,0,0,0,0,0
2019-01-28,38.15,0.89762252989302,False,False,0,0,0,0,0,0,0
2019-01-29,31.98,0.8421845631891467,False,False,0,0,0,0,0,0,0
2019-01-30,30.02,0.7894878885316134,False,False,0,0,0,0,0,0,0
2019-01-31,31.05,0.7569297973264333,False,False,0,0,0,0,0,0,0
2019-02-01,51.39,0.8732891965596864,False,False,0,0,0,0,0,0,0
2019-02-11,61.69,0.9496625716625732,False,False,0,0,0,0,0,0,0
2019-02-12,68.87,0.9873031891123332,False,False,0,0,0,0,0,0,0
2019-02-13,73.18,1.0511307753797,False,False,0,0,0,0,0,0,0
2019-02-14,68.47,1.070675258552113,False,False,0,0,0,0,0,0,0
2019-02-15,47.92,1.0441139306474263,False,False,0,0,0,0,0,0,0
2019-02-18,80.95,1.1992165020337064,False,False,0,0,0,0,0,0,0
2019-02-19,75.7,1.2092976744186066,False,False,0,0,0,0,0,0,0
2019-02-20,76.78,1.2172381614522998,False,False,0,0,0,0,0,0,0
2019-02-21,52.69,1.21025215366706,False,False,0,0,0,0,0,0,0
2019-02-22,85.82,1.3153001701644933,False,False,0,0,0,0,0,0,0
2019-02-25,93.64,1.5349039426523332,False,False,0,0,0,0,0,0,0
2019-02-26,61.39,1.546742315262127,False,False,0,0,0,0,0,0,0
2019-02-27,58.13,1.5245124506637933,False,False,0,0,0,0,0,0,0
2019-02-28,81.01,1.58619583553908,False,False,0,0,0,0,0,0,0
2019-03-01,86.92,1.6269401888772266,False,False,0,0,0,0,0,0,0
2019-03-04,92.97,1.6859961717537533,False,False,0,0,0,0,0,0,0
2019-03-05,93.08,1.7762632996633,False,False,0,0,0,0,0,0,0
2019-03-06,91.98,1.817983747927033,False,False,0,0,0,0,0,0,0
2019-03-07,70.18,1.822344723453147,False,False,0,0,0,0,0,0,0
2019-03-08,49.03,1.67956612021858,False,False,0,0,0,0,0,0,0
2019-03-11,94.13,1.8091447234531464,False,False,0,0,0,0,0,0,0
2019-03-12,93.53,1.8239300307717496,False,False,0,0,0,0,0,0,0
2019-03-13,52.77,1.7929696519874667,False,False,0,0,0,0,0,0,0
2019-03-14,49.48,1.7296286003031869,False,False,0,0,0,0,0,0,0
2019-03-15,85.28,1.7650533599467737,False,False,0,0,0,0,0,0,0
2019-03-18,91.7,1.82400607801614,False,False,0,0,0,0,0,0,0
2019-03-19,80.89,1.8241036946056897,False,False,0,0,0,0,0,0,0
2019-03-20,67.72,1.82406228547572,False,False,0,0,0,0,0,0,0
2019-03-21,91.0,1.82462232250886,False,False,0,0,0,0,0,0,0
2019-03-22,86.79,1.8245692663371,False,False,0,0,0,0,0,0,0
2019-03-25,56.78,1.8247794479773,False,False,0,0,0,0,0,0,0
2019-03-26,50.07,1.71053250041646,False,False,0,0,0,0,0,0,0
2019-03-27,75.49,1.7666189300411532,False,False,0,0,0,0,0,0,0
2019-03-28,56.96,1.7089333333333332,False,False,0,0,0,0,0,0,0
2019-03-29,88.66,1.82399652463834,False,False,0,0,0,0,0,0,0
2019-04-01,95.11,1.82416984010052,False,False,0,0,0,0,0,0,0
2019-04-02,87.71,1.8241317140995896,False,False,0,0,0,0,0,0,0
2019-04-03,89.71,1.81486993976474,False,False,0,0,0,0,0,0,0
2019-04-04,85.78,1.82073430930645,False,False,0,0,0,0,0,0,0
2019-04-08,65.16,1.8207010478761696,False,False,0,0,0,0,0,0,0
2019-04-09,81.07,1.82083903895651,False,False,0,0,0,0,0,0,0
2019-04-10,74.05,1.8207968945106696,False,False,0,0,0,0,0,0,0
2019-04-11,53.12,1.82216773277684,False,False,0,0,0,0,0,0,0
2019-04-12,64.22,1.8222155932908093,False,False,0,0,0,0,0,0,0
2019-04-15,59.85,1.82203899770508,False,False,0,0,0,0,0,0,0
2019-04-16,79.86,1.8222044125495,False,False,0,0,0,0,0,0,0
2019-04-17,79.92,1.82568975115236,False,False,0,0,0,0,0,0,0
2019-04-18,64.54,1.8251398314175704,False,False,0,0,0,0,0,0,0
2019-04-19,77.1,1.82360492749088,False,False,0,0,0,0,0,0,0
2019-04-22,57.56,1.8178729199936,False,False,0,0,0,0,0,0,0
2019-04-23,51.5,1.79054950572753,False,False,0,0,0,0,0,0,0
2019-04-24,70.41,1.79118693583274,False,False,0,0,0,0,0,0,0
2019-04-25,50.14,1.792774965486,False,False,0,0,0,0,0,0,0
2019-04-26,48.73,1.76128339288253,False,False,0,0,0,0,0,0,0
2019-04-29,34.8,1.77963633950411,False,False,0,0,0,0,0,0,0
2019-04-30,46.17,1.77959304203548,False,False,0,0,0,0,0,0,0
2019-05-06,19.44,1.60360581289736,True,False,0,0,0,0,0,0,0
2019-05-07,35.62,1.6525039426523331,False,False,0,0,0,0,0,0,0
2019-05-08,25.89,1.6247963963963998,False,False,0,0,0,0,0,0,0
2019-05-09,20.82,1.5607603209336267,True,False,0,0,0,0,0,0,0
2019-05-10,43.23,1.6812459697289732,False,False,0,0,0,0,0,0,0
2019-05-13,25.32,1.62693972992182,False,False,0,0,0,0,0,0,0
2019-05-14,23.84,1.6082965789002337,True,False,0,0,0,0,0,0,0
2019-05-15,43.18,1.6808928358731865,False,False,0,0,0,0,0,0,0
2019-05-16,38.67,1.692538978916193,False,False,0,0,0,0,0,0,0
2019-05-17,16.87,1.57989728368412,True,False,0,0,0,0,0,0,0
2019-05-20,22.88,1.5658043383948,True,False,0,0,0,0,0,0,0
2019-05-21,37.61,1.64188046958378,False,False,0,0,0,0,0,0,0
2019-05-22,26.7,1.6352965789002334,False,False,0,0,0,0,0,0,0
2019-05-23,15.66,1.5496909855549466,True,False,0,0,0,0,0,0,0
2019-05-24,19.81,1.5332138919514933,True,False,0,0,0,0,0,0,0
2019-05-27,39.1,1.64331358822474,False,False,0,0,0,0,0,0,0
2019-05-28,32.8,1.6147126436781667,False,False,0,0,0,0,0,0,0
2019-05-29,34.08,1.5997126436781666,False,False,0,0,0,0,0,0,0
2019-05-30,22.52,1.5719212712170465,True,False,0,0,0,0,0,0,0
2019-05-31,29.01,1.56414556641332,False,False,0,0,0,0,0,0,0
2019-06-03,19.41,1.5030909855549468,True,False,0,0,0,0,0,0,0
2019-06-04,17.02,1.43841943364798,True,False,0,0,0,0,0,0,0
2019-06-05,31.26,1.4239093273875931,False,False,0,0,0,0,0,0,0
2019-06-06,15.81,1.3458927866363,True,False,0,0,0,0,0,0,0
2019-06-10,33.28,1.38783942814146,False,False,0,0,0,0,0,0,0
2019-06-11,50.12,1.5436724795640333,False,False,0,0,0,0,0,0,0
2019-06-12,37.43,1.51240787113308,False,False,0,0,0,0,0,0,0
2019-06-13,47.94,1.50642431888828,False,False,0,0,0,0,0,0,0
2019-06-14,22.16,1.43737599405426,True,False,0,0,0,0,0,0,0
2019-06-17,35.07,1.4750138919514932,False,False,0,0,0,0,0,0,0
2019-06-18,38.43,1.48037208448118,False,False,0,0,0,0,0,0,0
2019-06-19,55.8,1.53664139931122,False,False,0,0,0,0,0,0,0
2019-06-20,59.18,1.5879200626912198,False,False,0,0,0,0,0,0,0
2019-06-21,66.09,1.5871570864207498,False,False,0,0,0,0,0,0,0
2019-06-24,55.71,1.6241114526171196,False,False,0,0,0,0,0,0,0
2019-06-25,46.19,1.61641702956276,False,False,0,0,0,0,0,0,0
2019-06-26,49.28,1.5777646403058598,False,False,0,0,0,0,0,0,0
2019-06-27,56.28,1.5649054945178698,False,False,0,0,0,0,0,0,0
2019-06-28,41.99,1.5317318779030298,False,False,0,0,0,0,0,0,0
2019-07-01,72.09,1.5547498013283898,False,False,0,0,0,0,0,0,0
2019-07-02,57.54,1.55763686795416,False,False,0,0,0,0,0,0,0
2019-07-03,50.56,1.55160528201559,False,False,0,0,0,0,0,0,0
2019-07-04,52.36,1.57493305209562,False,False,0,0,0,0,0,0,0
2019-07-05,59.74,1.5622286121803195,False,False,0,0,0,0,0,0,0
2019-07-08,41.94,1.5089212712170468,False,False,0,0,0,0,0,0,0
2019-07-09,54.8,1.5083963963963998,False,False,0,0,0,0,0,0,0
2019-07-10,45.16,1.4826512708787265,False,False,0,0,0,0,0,0,0
2019-07-11,50.1,1.4809179375453934,False,False,0,0,0,0,0,0,0
2019-07-12,51.43,1.4847760173629931,False,False,0,0,0,0,0,0,0
2019-07-15,58.58,1.534570609319,False,False,0,0,0,0,0,0,0
2019-07-16,59.09,1.5350871464375266,False,False,0,0,0,0,0,0,0
2019-07-17,56.19,1.5329039426523334,False,False,0,0,0,0,0,0,0
2019-07-18,42.94,1.4741391462307,False,False,0,0,0,0,0,0,0
2019-07-19,54.4,1.4964297258297266,False,False,0,0,0,0,0,0,0
2019-07-22,32.63,1.4197574687270065,False,False,0,0,0,0,0,0,0
2019-07-23,49.27,1.4539542919628266,False,False,0,0,0,0,0,0,0
2019-07-24,58.93,1.5045432232449,False,False,0,0,0,0,0,0,0
2019-07-25,56.49,1.5131711614527132,False,False,0,0,0,0,0,0,0
2019-07-26,45.74,1.5226457839971332,False,False,0,0,0,0,0,0,0
2019-07-29,50.41,1.5343124506638,False,False,0,0,0,0,0,0,0
2019-07-30,57.47,1.5466090698089667,False,False,0,0,0,0,0,0,0
2019-07-31,42.56,1.5192372759856667,False,False,0,0,0,0,0,0,0
2019-08-01,45.61,1.48967655657824,False,False,0,0,0,0,0,0,0
2019-08-02,37.88,1.3999412044664132,False,False,0,0,0,0,0,0,0
2019-08-05,35.84,1.3235129062209798,False,False,0,0,0,0,0,0,0
2019-08-06,24.97,1.2443594533029667,True,False,0,0,0,0,0,0,0
2019-08-07,34.19,1.2203841342486668,False,False,0,0,0,0,0,0,0
2019-08-08,42.32,1.2431212121212132,False,False,0,0,0,0,0,0,0
2019-08-09,31.89,1.1829823754789268,False,False,0,0,0,0,0,0,0
2019-08-12,53.11,1.2553276018099533,False,False,0,0,0,0,0,0,0
2019-08-13,40.45,1.2083869095048398,False,False,0,0,0,0,0,0,0
2019-08-14,52.25,1.2341269571778932,False,False,0,0,0,0,0,0,0
2019-08-15,49.17,1.2560253235790666,False,False,0,0,0,0,0,0,0
2019-08-16,51.44,1.2838193993657931,False,False,0,0,0,0,0,0,0
2019-08-19,73.03,1.3974043383948,False,False,0,0,0,0,0,0,0
2019-08-20,66.4,1.40972127121704,False,False,0,0,0,0,0,0,0
2019-08-21,58.5,1.4380879769618466,False,False,0,0,0,0,0,0,0
2019-08-22,66.18,1.4577423152621267,False,False,0,0,0,0,0,0,0
2019-08-23,60.22,1.4606299122335666,False,False,0,0,0,0,0,0,0
2019-08-26,47.22,1.4136788997466534,False,False,0,0,0,0,0,0,0
2019-08-27,77.38,1.486680149015433,False,False,0,0,0,0,0,0,0
2019-08-28,52.63,1.5054625022057533,False,False,0,0,0,0,0,0,0
2019-08-29,51.91,1.5070791425057066,False,False,0,0,0,0,0,0,0
2019-08-30,39.62,1.5015068081344,False,False,0,0,0,0,0,0,0
2019-09-02,78.73,1.5939685664939531,False,False,0,0,0,0,0,0,0
2019-09-03,74.0,1.6087129419842132,False,False,0,0,0,0,0,0,0
2019-09-04,77.84,1.61367748528667,False,False,0,0,0,0,0,0,0
2019-09-05,80.46,1.61353553450341,False,False,0,0,0,0,0,0,0
2019-09-06,73.99,1.61344022231507,False,False,0,0,0,0,0,0,0
2019-09-09,84.17,1.6134340473979796,False,False,0,0,0,0,0,0,0
2019-09-10,60.91,1.6134557067204298,False,False,0,0,0,0,0,0,0
2019-09-11,52.41,1.6082404319471597,False,False,0,0,0,0,0,0,0
2019-09-12,72.92,1.60803425652163,False,False,0,0,0,0,0,0,0
2019-09-16,67.94,1.61630212582258,False,False,0,0,0,0,0,0,0
2019-09-17,42.27,1.6163565960160498,False,False,0,0,0,0,0,0,0
2019-09-18,60.97,1.61629423830838,False,False,0,0,0,0,0,0,0
2019-09-19,68.8,1.6163411870034698,False,False,0,0,0,0,0,0,0
2019-09-20,64.49,1.6214765520066197,False,False,0,0,0,0,0,0,0
2019-09-23,47.91,1.62140464454954,False,False,0,0,0,0,0,0,0
2019-09-24,60.98,1.6213216052378,False,False,0,0,0,0,0,0,0
2019-09-25,38.01,1.61581195544241,False,False,0,0,0,0,0,0,0
2019-09-26,35.14,1.6216326386963895,False,False,0,0,0,0,0,0,0
2019-09-27,53.72,1.6214632878338795,False,False,0,0,0,0,0,0,0
2019-09-30,38.1,1.60000656883298,False,False,0,0,0,0,0,0,0
2019-10-08,49.51,1.5804652705061133,False,False,0,0,0,0,0,0,0
2019-10-09,55.81,1.6111946694357933,False,False,0,0,0,0,0,0,0
2019-10-10,62.65,1.61740125057706,False,False,0,0,0,0,0,0,0
2019-10-11,55.87,1.61754766862386,False,False,0,0,0,0,0,0,0
2019-10-14,72.35,1.6200065769054195,False,False,0,0,0,0,0,0,0
2019-10-15,42.06,1.6200910226140897,False,False,0,0,0,0,0,0,0
2019-10-16,46.55,1.62032302992594,False,False,0,0,0,0,0,0,0
2019-10-17,46.2,1.6200462672015798,False,False,0,0,0,0,0,0,0
2019-10-18,42.45,1.6200537005215898,False,False,0,0,0,0,0,0,0
2019-10-21,45.05,1.6200398345049,False,False,0,0,0,0,0,0,0
2019-10-22,58.94,1.6255912529022496,False,False,0,0,0,0,0,0,0
2019-10-23,46.68,1.6237519495791102,False,False,0,0,0,0,0,0,0
2019-10-24,46.9,1.62386663190213,False,False,0,0,0,0,0,0,0
2019-10-25,54.71,1.6136086995995498,False,False,0,0,0,0,0,0,0
2019-10-28,69.03,1.6136560604151098,False,False,0,0,0,0,0,0,0
2019-10-29,36.35,1.6132879266683495,False,False,0,0,0,0,0,0,0
2019-10-30,38.78,1.6139044130575295,False,False,0,0,0,0,0,0,0
2019-10-31,39.24,1.6127155846678,False,False,0,0,0,0,0,0,0
2019-11-01,54.75,1.61270839137393,False,False,0,0,0,0,0,0,0
2019-11-04,52.8,1.61337944212803,False,False,0,0,0,0,0,0,0
2019-11-05,50.87,1.6134314548277298,False,False,0,0,0,0,0,0,0
2019-11-06,44.3,1.61331741226456,False,False,0,0,0,0,0,0,0
2019-11-07,56.13,1.60467851108715,False,False,0,0,0,0,0,0,0
2019-11-08,46.95,1.6044257591530495,False,False,0,0,0,0,0,0,0
2019-11-11,38.59,1.604699012396,False,False,0,0,0,0,0,0,0
2019-11-12,48.77,1.60444061899703,False,False,0,0,0,0,0,0,0
2019-11-13,45.48,1.60444390099322,False,False,0,0,0,0,0,0,0
2019-11-14,55.31,1.60983128554249,False,False,0,0,0,0,0,0,0
2019-11-15,38.79,1.6099300915686,False,False,0,0,0,0,0,0,0
2019-11-18,52.37,1.6098149204873795,False,False,0,0,0,0,0,0,0
2019-11-19,62.68,1.6084907145153398,False,False,0,0,0,0,0,0,0
2019-11-20,45.02,1.60873778513946,False,False,0,0,0,0,0,0,0
2019-11-21,50.13,1.6088082841236395,False,False,0,0,0,0,0,0,0
2019-11-22,40.43,1.60849782655748,False,False,0,0,0,0,0,0,0
2019-11-25,44.21,1.6085639015561897,False,False,0,0,0,0,0,0,0
2019-11-26,44.02,1.6084559624312,False,False,0,0,0,0,0,0,0
2019-11-27,45.79,1.6085626240188098,False,False,0,0,0,0,0,0,0
2019-11-28,43.0,1.6085564257163998,False,False,0,0,0,0,0,0,0
2019-11-29,48.11,1.6086384087025596,False,False,0,0,0,0,0,0,0
2019-12-02,50.14,1.6085168163842096,False,False,0,0,0,0,0,0,0
2019-12-03,58.29,1.6085060579773796,False,False,0,0,0,0,0,0,0
2019-12-04,53.99,1.60853637438383,False,False,0,0,0,0,0,0,0
2019-12-05,63.62,1.60872773509919,False,False,0,0,0,0,0,0,0
2019-12-06,61.29,1.6086042920241197,False,False,0,0,0,0,0,0,0
2019-12-09,60.64,1.6083718224095398,False,False,0,0,0,0,0,0,0
2019-12-10,65.79,1.6058338750214298,False,False,0,0,0,0,0,0,0
2019-12-11,43.14,1.60610857496977,False,False,0,0,0,0,0,0,0
2019-12-12,44.5,1.6060473258987995,False,False,0,0,0,0,0,0,0
2019-12-13,66.7,1.60585282874519,False,False,0,0,0,0,0,0,0
2019-12-16,73.52,1.60596543547878,False,False,0,0,0,0,0,0,0
2019-12-17,76.77,1.6039582999218198,False,False,0,0,0,0,0,0,0
2019-12-18,69.27,1.6040485807427898,False,False,0,0,0,0,0,0,0
2019-12-19,71.11,1.60405417459717,False,False,0,0,0,0,0,0,0
2019-12-20,42.63,1.60422230066928,False,False,0,0,0,0,0,0,0
2019-12-23,32.5,1.60892057885045,False,False,0,0,0,0,0,0,0
2019-12-24,65.09,1.60547370227184,False,False,0,0,0,0,0,0,0
2019-12-25,61.93,1.6053349049981298,False,False,0,0,0,0,0,0,0
2019-12-26,69.2,1.60518518203004,False,False,0,0,0,0,0,0,0
2019-12-27,42.15,1.6051071747449996,False,False,0,0,0,0,0,0,0
2019-12-30,65.11,1.6091461515688,False,False,0,0,0,0,0,0,0
2019-12-31,64.78,1.60907662030026,False,False,0,0,0,0,0,0,0
2020-01-02,76.82,1.60924526215998,False,False,0,0,0,0,0,0,0
2020-01-03,68.11,1.60925754237089,False,False,0,0,0,0,0,0,0
2020-01-06,69.76,1.6090723900220798,False,False,0,0,0,0,0,0,0
2020-01-07,73.43,1.6143913248284398,False,False,0,0,0,0,0,0,0
2020-01-08,39.98,1.61417601373304,False,False,0,0,0,0,0,0,0
2020-01-09,74.95,1.6141714459232397,False,False,0,0,0,0,0,0,0
2020-01-10,46.71,1.6141219036657497,False,False,0,0,0,0,0,0,0
2020-01-13,72.09,1.61402663268553,False,False,0,0,0,0,0,0,0
2020-01-14,49.13,1.6140072400675498,False,False,0,0,0,0,0,0,0
2020-01-15,59.58,1.6141014658766395,False,False,0,0,0,0,0,0,0
2020-01-16,56.89,1.6141615917943095,False,False,0,0,0,0,0,0,0
2020-01-17,52.69,1.6142858518482697,False,False,0,0,0,0,0,0,0
2020-01-20,67.53,1.61438278510056,False,False,0,0,0,0,0,0,0
2020-01-21,40.99,1.61419411134201,False,False,0,0,0,0,0,0,0
2020-01-22,60.61,1.6141671301808795,False,False,0,0,0,0,0,0,0
2020-01-23,32.94,1.61429725816003,False,False,0,0,0,0,0,0,0
2020-02-03,22.02,1.3751404874627398,True,False,0,0,0,0,0,0,0
2020-02-04,44.89,1.4545295050870866,False,False,0,0,0,0,0,0,0
2020-02-05,59.99,1.52559218065386,False,False,0,0,0,0,0,0,0
2020-02-06,66.53,1.6140503533877495,False,False,0,0,0,0,0,0,0
2020-02-07,59.5,1.61427608846772,False,False,0,0,0,0,0,0,0
2020-02-10,63.26,1.6140936774417198,False,False,0,0,0,0,0,0,0
2020-02-11,53.54,1.6143208110227298,False,False,0,0,0,0,0,0,0
2020-02-12,72.13,1.6140723648327795,False,False,0,0,0,0,0,0,0
2020-02-13,40.51,1.6140253703225798,False,False,0,0,0,0,0,0,0
2020-02-14,64.49,1.6142445530106295,False,False,0,0,0,0,0,0,0
2020-02-17,87.02,1.61426656064559,False,False,0,0,0,0,0,0,0
2020-02-18,87.03,1.6141670988595598,False,False,0,0,0,0,0,0,0
2020-02-19,50.25,1.61430076747771,False,False,0,0,0,0,0,0,0
2020-02-20,91.58,1.6140847791712896,False,False,0,0,0,0,0,0,0
2020-02-21,90.01,1.61420068348333,False,False,0,0,0,0,0,0,0
2020-02-24,91.28,1.6142632385492297,False,False,0,0,0,0,0,0,0
2020-02-25,87.08,1.6140720305427798,False,False,0,0,0,0,0,0,0
2020-02-26,55.58,1.61415685745337,False,False,0,0,0,0,0,0,0
2020-02-27,79.22,1.61432204606971,False,False,0,0,0,0,0,0,0
2020-02-28,40.47,1.61431043117677,False,False,0,0,0,0,0,0,0
2020-03-02,88.95,1.61398223384377,False,False,0,0,0,0,0,0,0
2020-03-03,87.78,1.6139342623921795,False,False,0,0,0,0,0,0,0
2020-03-04,80.0,1.6142100812448996,False,False,0,0,0,0,0,0,0
2020-03-05,91.58,1.61410925143748,False,False,0,0,0,0,0,0,0
2020-03-06,66.35,1.6142280006618,False,False,0,0,0,0,0,0,0
2020-03-09,46.89,1.5207756714060068,False,False,0,0,0,0,0,0,0
2020-03-10,81.78,1.6141486167891297,False,False,0,0,0,0,0,0,0
2020-03-11,55.25,1.61418915823653,False,False,0,0,0,0,0,0,0
2020-03-12,47.99,1.5794551899539069,False,False,0,0,0,0,0,0,0
2020-03-13,36.15,1.57108192771084,False,False,0,0,0,0,0,0,0
2020-03-16,19.45,1.41856294800606,True,False,0,0,0,0,0,0,0
2020-03-17,32.58,1.4487849462365598,False,False,0,0,0,0,0,0,0
2020-03-18,24.04,1.3902632478632533,True,False,0,0,0,0,0,0,0
2020-03-19,34.16,1.42722765055132,False,False,0,0,0,0,0,0,0
2020-03-20,38.18,1.43421260898726,False,False,0,0,0,0,0,0,0
2020-03-23,15.48,1.2602732354996466,True,False,0,0,0,0,0,0,0
2020-03-24,33.88,1.3267692360397332,False,False,0,0,0,0,0,0,0
2020-03-25,40.3,1.4075590232480333,False,False,0,0,0,0,0,0,0
2020-03-26,22.17,1.3503841865179866,True,False,0,0,0,0,0,0,0
2020-03-27,24.13,1.3517994579945798,True,False,0,0,0,0,0,0,0
2020-03-30,16.73,1.29035739685828,True,False,0,0,0,0,0,0,0
2020-03-31,25.94,1.328706693849813,False,False,0,0,0,0,0,0,0
2020-04-01,20.84,1.307170996773647,True,False,0,0,0,0,0,0,0
2020-04-02,38.83,1.40519946905592,False,False,0,0,0,0,0,0,0
2020-04-03,25.37,1.3842797858099063,False,False,0,0,0,0,0,0,0
2020-04-07,43.48,1.4189249999999998,False,False,0,0,0,0,0,0,0
2020-04-08,35.77,1.4060704353476332,False,False,0,0,0,0,0,0,0
2020-04-09,36.83,1.4580067053513863,False,False,0,0,0,0,0,0,0
2020-04-10,19.71,1.4046005920078932,True,False,0,0,0,0,0,0,0
2020-04-13,24.06,1.3970807157057663,True,False,0,0,0,0,0,0,0
2020-04-14,46.46,1.4619466342254668,False,False,0,0,0,0,0,0,0
2020-04-15,44.66,1.4528799675588,False,False,0,0,0,0,0,0,0
2020-04-16,54.3,1.46445475040258,False,False,0,0,0,0,0,0,0
2020-04-17,54.48,1.48383148058644,False,False,0,0,0,0,0,0,0
2020-04-20,62.12,1.5412568514977734,False,False,0,0,0,0,0,0,0
2020-04-21,51.23,1.5111869746551132,False,False,0,0,0,0,0,0,0
2020-04-22,63.07,1.5253218566205733,False,False,0,0,0,0,0,0,0
2020-04-23,53.57,1.4920073365231266,False,False,0,0,0,0,0,0,0
2020-04-24,38.32,1.4464859632139333,False,False,0,0,0,0,0,0,0
2020-04-27,45.7,1.5013994898772531,False,False,0,0,0,0,0,0,0
2020-04-28,41.3,1.4800119814191932,False,False,0,0,0,0,0,0,0
2020-04-29,45.53,1.5211285512033998,False,False,0,0,0,0,0,0,0
2020-04-30,59.13,1.6712317147805398,False,False,0,0,0,0,0,0,0
2020-05-06,63.46,1.67376149469705,False,False,0,0,0,0,0,0,0
2020-05-07,53.9,1.67821849182406,False,False,0,0,0,0,0,0,0
2020-05-08,61.19,1.72876643966704,False,False,0,0,0,0,0,0,0
2020-05-11,55.13,1.7271051818553498,False,False,0,0,0,0,0,0,0
2020-05-12,53.88,1.72562183030698,False,False,0,0,0,0,0,0,0
2020-05-13,61.63,1.71141974688327,False,False,0,0,0,0,0,0,0
2020-05-14,54.13,1.7251993065705198,False,False,0,0,0,0,0,0,0
2020-05-15,52.97,1.708186942514,False,False,0,0,0,0,0,0,0
2020-05-18,49.56,1.7202270303512,False,False,0,0,0,0,0,0,0
2020-05-19,63.18,1.7199651637406,False,False,0,0,0,0,0,0,0
2020-05-20,47.54,1.70305759527256,False,False,0,0,0,0,0,0,0
2020-05-21,45.63,1.70134429711628,False,False,0,0,0,0,0,0,0
2020-05-22,40.01,1.74366002056121,False,False,0,0,0,0,0,0,0
2020-05-25,43.87,1.78888498732795,False,False,0,0,0,0,0,0,0
2020-05-26,61.79,1.77247907456173,False,False,0,0,0,0,0,0,0
2020-05-27,49.96,1.7736311432421796,False,False,0,0,0,0,0,0,0
2020-05-28,45.36,1.7589365131351895,False,False,0,0,0,0,0,0,0
2020-05-29,52.35,1.7323093443742097,False,False,0,0,0,0,0,0,0
2020-06-01,69.55,1.7713132579993098,False,False,0,0,0,0,0,0,0
2020-06-02,64.17,1.76235040231023,False,False,0,0,0,0,0,0,0
2020-06-03,62.24,1.7742618692774998,False,False,0,0,0,0,0,0,0
2020-06-04,59.49,1.7735468994517298,False,False,0,0,0,0,0,0,0
2020-06-05,54.66,1.77846702908233,False,False,0,0,0,0,0,0,0
2020-06-08,54.58,1.82873393622434,False,False,0,0,0,0,0,0,0
2020-06-09,60.21,1.8115749057348896,False,False,0,0,0,0,0,0,0
2020-06-10,54.12,1.80020669623578,False,False,0,0,0,0,0,0,0
2020-06-11,53.28,1.76821327746053,False,False,0,0,0,0,0,0,0
2020-06-12,55.23,1.75567092928069,False,False,0,0,0,0,0,0,0
2020-06-15,49.02,1.85165887989598,False,False,0,0,0,0,0,0,0
2020-06-16,66.9,1.83948086385362,False,False,0,0,0,0,0,0,0
2020-06-17,61.79,1.8476031705126297,False,False,0,0,0,0,0,0,0
2020-06-18,58.41,1.8288574943719,False,False,0,0,0,0,0,0,0
2020-06-19,63.61,1.7856179796772895,False,False,0,0,0,0,0,0,0
2020-06-22,62.68,1.82895136808634,False,False,0,0,0,0,0,0,0
2020-06-23,58.13,1.8175200867003096,False,False,0,0,0,0,0,0,0
2020-06-24,55.34,1.76062963614263,False,False,0,0,0,0,0,0,0
2020-06-29,52.28,1.8394703424070595,False,False,0,0,0,0,0,0,0
2020-06-30,68.19,1.81908261562507,False,False,0,0,0,0,0,0,0
2020-07-01,68.42,1.8213596510849897,False,False,0,0,0,0,0,0,0
2020-07-02,76.25,1.8171672879244296,False,False,0,0,0,0,0,0,0
2020-07-03,76.47,1.81317185782344,False,False,0,0,0,0,0,0,0
2020-07-06,86.19,1.84925996647008,False,False,0,0,0,0,0,0,0
2020-07-07,78.49,1.82755549253664,False,False,0,0,0,0,0,0,0
2020-07-08,82.11,1.81249597185656,False,False,0,0,0,0,0,0,0
2020-07-09,84.37,1.82160932141791,False,False,0,0,0,0,0,0,0
2020-07-10,53.31,1.80686206239844,False,False,0,0,0,0,0,0,0
2020-07-13,85.12,1.85648003755648,False,False,0,0,0,0,0,0,0
2020-07-14,51.97,1.8437223987191296,False,False,0,0,0,0,0,0,0
2020-07-15,44.16,1.8478215080959304,False,False,0,0,0,0,0,0,0
2020-07-16,43.67,1.8391265329579296,False,False,0,0,0,0,0,0,0
2020-07-17,67.8,1.8279009215020297,False,False,0,0,0,0,0,0,0
2020-07-20,82.4,1.82806395374238,False,False,0,0,0,0,0,0,0
2020-07-21,73.24,1.8245576538487696,False,False,0,0,0,0,0,0,0
2020-07-22,76.03,1.8266066004718096,False,False,0,0,0,0,0,0,0
2020-07-23,75.02,1.8097746672948,False,False,0,0,0,0,0,0,0
2020-07-24,45.97,1.81282002518084,False,False,0,0,0,0,0,0,0
2020-07-27,61.77,1.8139049047596096,False,False,0,0,0,0,0,0,0
2020-07-28,70.54,1.80981148598989,False,False,0,0,0,0,0,0,0
2020-07-29,81.81,1.8084382320354693,False,False,0,0,0,0,0,0,0
2020-07-30,66.66,1.8079614422742896,False,False,0,0,0,0,0,0,0
2020-07-31,81.74,1.80678933768579,False,False,0,0,0,0,0,0,0
2020-08-03,89.2,1.81463972104232,False,False,0,0,0,0,0,0,0
2020-08-04,59.31,1.8146166338296,False,False,0,0,0,0,0,0,0
2020-08-05,81.72,1.81473965818016,False,False,0,0,0,0,0,0,0
2020-08-06,61.96,1.81176563603991,False,False,0,0,0,0,0,0,0
2020-08-07,51.05,1.8159201227286896,False,False,0,0,0,0,0,0,0
2020-08-10,59.47,1.83031668989031,False,False,0,0,0,0,0,0,0
2020-08-11,41.97,1.82857517774238,False,False,0,0,0,0,0,0,0
2020-08-12,39.18,1.83131824759544,False,False,0,0,0,0,0,0,0
2020-08-13,46.19,1.829832388680689,False,False,0,0,0,0,0,0,0
2020-08-14,50.73,1.8240951461103696,False,False,0,0,0,0,0,0,0
2020-08-17,75.8,1.83919728377984,False,False,0,0,0,0,0,0,0
2020-08-18,71.89,1.83562899348784,False,False,0,0,0,0,0,0,0
2020-08-19,45.49,1.8325158673671496,False,False,0,0,0,0,0,0,0
2020-08-20,41.27,1.8356140892612096,False,False,0,0,0,0,0,0,0
2020-08-21,53.35,1.83473280433646,False,False,0,0,0,0,0,0,0
2020-08-24,63.64,1.8310056140834496,False,False,0,0,0,0,0,0,0
2020-08-25,61.0,1.8290873815793,False,False,0,0,0,0,0,0,0
2020-08-26,46.92,1.83497126961088,False,False,0,0,0,0,0,0,0
2020-08-27,57.98,1.8335703974665696,False,False,0,0,0,0,0,0,0
2020-08-28,59.71,1.83350271925811,False,False,0,0,0,0,0,0,0
2020-08-31,56.56,1.8335102382106097,False,False,0,0,0,0,0,0,0
2020-09-01,58.64,1.8335649310304,False,False,0,0,0,0,0,0,0
2020-09-02,60.37,1.83344843644573,False,False,0,0,0,0,0,0,0
2020-09-03,45.96,1.83337735669089,False,False,0,0,0,0,0,0,0
2020-09-04,50.42,1.8333336619666096,False,False,0,0,0,0,0,0,0
2020-09-07,37.34,1.8333190742535297,False,False,0,0,0,0,0,0,0
2020-09-08,47.51,1.8334629061187493,False,False,0,0,0,0,0,0,0
2020-09-09,28.98,1.83352390558678,False,False,0,0,0,0,0,0,0
2020-09-10,29.56,1.8284011945959096,False,False,0,0,0,0,0,0,0
2020-09-11,48.08,1.83381372574694,False,False,0,0,0,0,0,0,0
2020-09-14,51.61,1.83392544763286,False,False,0,0,0,0,0,0,0
2020-09-15,47.69,1.83394765149359,False,False,0,0,0,0,0,0,0
2020-09-16,40.66,1.83396543584584,False,False,0,0,0,0,0,0,0
2020-09-17,47.38,1.8338480968731896,False,False,0,0,0,0,0,0,0
2020-09-18,54.62,1.8337435199345693,False,False,0,0,0,0,0,0,0
2020-09-21,45.61,1.8338565712488,False,False,0,0,0,0,0,0,0
2020-09-22,38.37,1.83388145980925,False,False,0,0,0,0,0,0,0
2020-09-23,52.76,1.83266982718742,False,False,0,0,0,0,0,0,0
2020-09-24,32.28,1.82856565968941,False,False,0,0,0,0,0,0,0
2020-09-25,36.76,1.8336258748854093,False,False,0,0,0,0,0,0,0
2020-09-28,32.68,1.8337449315529697,False,False,0,0,0,0,0,0,0
2020-09-29,45.23,1.83371727590427,False,False,0,0,0,0,0,0,0
2020-09-30,37.15,1.83352862555964,False,False,0,0,0,0,0,0,0
2020-10-09,59.88,1.83362508874698,False,False,0,0,0,0,0,0,0
2020-10-12,64.7,1.83760637311779,False,False,0,0,0,0,0,0,0
2020-10-13,59.98,1.8374983787964296,False,False,0,0,0,0,0,0,0
2020-10-14,51.45,1.83747585672598,False,False,0,0,0,0,0,0,0
2020-10-15,48.07,1.8349782402214296,False,False,0,0,0,0,0,0,0
2020-10-16,50.97,1.83479153879949,False,False,0,0,0,0,0,0,0
2020-10-19,44.93,1.83483710404962,False,False,0,0,0,0,0,0,0
2020-10-20,60.92,1.8315277291723493,False,False,0,0,0,0,0,0,0
2020-10-21,43.9,1.8315220188333696,False,False,0,0,0,0,0,0,0
2020-10-22,46.21,1.83067716498271,False,False,0,0,0,0,0,0,0
2020-10-23,36.48,1.83243599966365,False,False,0,0,0,0,0,0,0
2020-10-26,47.42,1.8426294837594,False,False,0,0,0,0,0,0,0
2020-10-27,45.67,1.8425692189850296,False,False,0,0,0,0,0,0,0
2020-10-28,48.65,1.84251348607452,False,False,0,0,0,0,0,0,0
2020-10-29,46.6,1.84267357275192,False,False,0,0,0,0,0,0,0
2020-10-30,35.33,1.84243240636595,False,False,0,0,0,0,0,0,0
2020-11-02,46.96,1.84365069690755,False,False,0,0,0,0,0,0,0
2020-11-03,59.37,1.84365755231546,False,False,0,0,0,0,0,0,0
2020-11-04,48.0,1.84353415991872,False,False,0,0,0,0,0,0,0
2020-11-05,63.79,1.8436243144464,False,False,0,0,0,0,0,0,0
2020-11-06,46.66,1.84374576209658,False,False,0,0,0,0,0,0,0
2020-11-09,71.21,1.85238291871244,False,False,0,0,0,0,0,0,0
2020-11-10,47.04,1.85254790242184,False,False,0,0,0,0,0,0,0
2020-11-11,46.1,1.8525105165446696,False,False,0,0,0,0,0,0,0
2020-11-12,53.49,1.8524508283993093,False,False,0,0,0,0,0,0,0
2020-11-13,49.5,1.8521086540821,False,False,0,0,0,0,0,0,0
2020-11-16,59.57,1.85188424779344,False,False,0,0,0,0,0,0,0
2020-11-17,47.7,1.8520168375487,False,False,0,0,0,0,0,0,0
2020-11-18,52.71,1.85194356149226,False,False,0,0,0,0,0,0,0
2020-11-19,54.39,1.85332888100578,False,False,0,0,0,0,0,0,0
2020-11-20,54.63,1.85323781881024,False,False,0,0,0,0,0,0,0
2020-11-23,55.33,1.85332602193784,False,False,0,0,0,0,0,0,0
2020-11-24,48.87,1.8534200140789296,False,False,0,0,0,0,0,0,0
2020-11-25,39.44,1.85031543137544,False,False,0,0,0,0,0,0,0
2020-11-26,43.5,1.85029316369745,False,False,0,0,0,0,0,0,0
2020-11-27,48.16,1.85020663909546,False,False,0,0,0,0,0,0,0
2020-11-30,43.29,1.8501217675076096,False,False,0,0,0,0,0,0,0
2020-12-01,60.72,1.8502655852747,False,False,0,0,0,0,0,0,0
2020-12-02,58.61,1.850272945955609,False,False,0,0,0,0,0,0,0
2020-12-03,53.42,1.84685505968234,False,False,0,0,0,0,0,0,0
2020-12-04,51.66,1.84671591637158,False,False,0,0,0,0,0,0,0
2020-12-07,49.41,1.84665924875356,False,False,0,0,0,0,0,0,0
2020-12-08,48.48,1.84659729604437,False,False,0,0,0,0,0,0,0
2020-12-09,45.94,1.84682020866061,False,False,0,0,0,0,0,0,0
2020-12-10,48.76,1.8495464923935696,False,False,0,0,0,0,0,0,0
2020-12-11,39.64,1.84933186940726,False,False,0,0,0,0,0,0,0
2020-12-14,52.4,1.84931096660131,False,False,0,0,0,0,0,0,0
2020-12-15,48.93,1.8493140917664497,False,False,0,0,0,0,0,0,0
2020-12-16,44.12,1.84940058329246,False,False,0,0,0,0,0,0,0
2020-12-17,55.66,1.85114346554607,False,False,0,0,0,0,0,0,0
2020-12-18,47.08,1.85125200535688,False,False,0,0,0,0,0,0,0
2020-12-21,58.29,1.85104650793111,False,False,0,0,0,0,0,0,0
2020-12-22,38.85,1.85094958748622,False,False,0,0,0,0,0,0,0
2020-12-23,59.23,1.85122896314816,False,False,0,0,0,0,0,0,0
2020-12-24,40.97,1.85475153843715,False,False,0,0,0,0,0,0,0
2020-12-25,52.58,1.8549127551698297,False,False,0,0,0,0,0,0,0
2020-12-28,47.08,1.85501982587708,False,False,0,0,0,0,0,0,0
2020-12-29,41.65,1.8550114631257493,False,False,0,0,0,0,0,0,0
2020-12-30,53.21,1.85504442931448,False,False,0,0,0,0,0,0,0
2020-12-31,58.94,1.85493940729584,False,False,0,0,0,0,0,0,0
2021-01-04,67.14,1.8548707708544496,False,False,0,0,0,0,0,0,0
2021-01-05,62.21,1.85483556777946,False,False,0,0,0,0,0,0,0
2021-01-06,57.12,1.8548455158528896,False,False,0,0,0,0,0,0,0
2021-01-07,52.56,1.85485543569191,False,False,0,0,0,0,0,0,0
2021-01-08,46.81,1.85497355349225,False,False,0,0,0,0,0,0,0
2021-01-11,37.72,1.85492966348213,False,False,0,0,0,0,0,0,0
2021-01-12,63.0,1.854937913320189,False,False,0,0,0,0,0,0,0
2021-01-13,42.58,1.8547835451921293,False,False,0,0,0,0,0,0,0
2021-01-14,49.35,1.8549952421371696,False,False,0,0,0,0,0,0,0
2021-01-15,56.37,1.85492951207658,False,False,0,0,0,0,0,0,0
2021-01-18,64.54,1.85472656536015,False,False,0,0,0,0,0,0,0
2021-01-19,53.68,1.8548194837283896,False,False,0,0,0,0,0,0,0
2021-01-20,59.2,1.84387680205371,False,False,0,0,0,0,0,0,0
2021-01-21,66.28,1.84413040637326,False,False,0,0,0,0,0,0,0
2021-01-22,55.05,1.84414932108448,False,False,0,0,0,0,0,0,0
2021-01-25,54.42,1.84388686816932,False,False,0,0,0,0,0,0,0
2021-01-26,49.02,1.84383142656111,False,False,0,0,0,0,0,0,0
2021-01-27,54.93,1.8439359401931696,False,False,0,0,0,0,0,0,0
2021-01-28,45.56,1.8438472276833,False,False,0,0,0,0,0,0,0
2021-01-29,41.53,1.84397283463247,False,False,0,0,0,0,0,0,0
2021-02-01,51.85,1.84395161308022,False,False,0,0,0,0,0,0,0
2021-02-02,53.32,1.84403458165898,False,False,0,0,0,0,0,0,0
2021-02-03,44.38,1.8438105714688096,False,False,0,0,0,0,0,0,0
2021-02-04,38.7,1.84409524307614,False,False,0,0,0,0,0,0,0
2021-02-05,36.26,1.84388462902878,False,False,0,0,0,0,0,0,0
2021-02-08,44.72,1.8438416128645496,False,False,0,0,0,0,0,0,0
2021-02-09,57.16,1.843771089356269,False,False,0,0,0,0,0,0,0
2021-02-10,51.81,1.84405719159551,False,False,0,0,0,0,0,0,0
2021-02-18,58.75,1.84398070926988,False,False,0,0,0,0,0,0,0
2021-02-19,63.97,1.84394596683373,False,False,0,0,0,0,0,0,0
2021-02-22,42.81,1.84404432449104,False,False,0,0,0,0,0,0,0
2021-02-23,39.28,1.8439570131767693,False,False,0,0,0,0,0,0,0
2021-02-24,37.95,1.84399909240323,False,False,0,0,0,0,0,0,0
2021-02-25,39.5,1.8438935210586893,False,False,0,0,0,0,0,0,0
2021-02-26,36.78,1.84391271081512,False,False,0,0,0,0,0,0,0
2021-03-01,55.27,1.84399340950294,False,False,0,0,0,0,0,0,0
2021-03-02,40.3,1.84393798446514,False,False,0,0,0,0,0,0,0
2021-03-03,54.88,1.8440608457716696,False,False,0,0,0,0,0,0,0
2021-03-04,29.65,1.83473469384894,False,False,0,0,0,0,0,0,0
2021-03-05,42.7,1.8349557612439096,False,False,0,0,0,0,0,0,0
2021-03-08,23.88,1.8323863100002893,True,False,0,0,0,0,0,0,0
2021-03-09,18.09,1.83227369219366,True,False,0,0,0,0,0,0,0
2021-03-10,26.32,1.83253403373416,False,False,0,0,0,0,0,0,0
2021-03-11,45.63,1.83239647518274,False,False,0,0,0,0,0,0,0
2021-03-12,37.64,1.832464185105409,False,False,0,0,0,0,0,0,0
2021-03-15,31.83,1.83222774804994,False,False,0,0,0,0,0,0,0
2021-03-16,41.79,1.83235810798202,False,False,0,0,0,0,0,0,0
2021-03-17,42.02,1.83236303159797,False,False,0,0,0,0,0,0,0
2021-03-18,40.96,1.83249755736572,False,False,0,0,0,0,0,0,0
2021-03-19,35.71,1.8324188553976,False,False,0,0,0,0,0,0,0
2021-03-22,46.8,1.83235456370812,False,False,0,0,0,0,0,0,0
2021-03-23,29.32,1.83248034602746,False,False,0,0,0,0,0,0,0
2021-03-24,31.81,1.8323313812157,False,False,0,0,0,0,0,0,0
2021-03-25,32.32,1.8325013261577296,False,False,0,0,0,0,0,0,0
2021-03-26,47.16,1.83232597749406,False,False,0,0,0,0,0,0,0
2021-03-29,41.01,1.83226601520168,False,False,0,0,0,0,0,0,0
2021-03-30,39.05,1.83232237605982,False,False,0,0,0,0,0,0,0
2021-03-31,43.44,1.8300227696401297,False,False,0,0,0,0,0,0,0
2021-04-01,43.96,1.8299737461680297,False,False,0,0,0,0,0,0,0
2021-04-02,47.61,1.83012236882598,False,False,0,0,0,0,0,0,0
2021-04-06,53.48,1.8300054924489195,False,False,0,0,0,0,0,0,0
2021-04-07,58.81,1.83013137102237,False,False,0,0,0,0,0,0,0
2021-04-08,49.45,1.82002363552678,False,False,0,0,0,0,0,0,0
2021-04-09,49.49,1.8200402413446104,False,False,0,0,0,0,0,0,0
2021-04-12,34.39,1.82013378491721,False,False,0,0,0,0,0,0,0
2021-04-13,35.97,1.819939107583629,False,False,0,0,0,0,0,0,0
2021-04-14,54.82,1.8182264644866,False,False,0,0,0,0,0,0,0
2021-04-15,44.11,1.81823855602046,False,False,0,0,0,0,0,0,0
2021-04-16,54.46,1.81683626099618,False,False,0,0,0,0,0,0,0
2021-04-19,66.99,1.8169516432487096,False,False,0,0,0,0,0,0,0
2021-04-20,53.48,1.81502324116803,False,False,0,0,0,0,0,0,0
2021-04-21,49.63,1.8095670859096,False,False,0,0,0,0,0,0,0
2021-04-22,56.33,1.8095681724761497,False,False,0,0,0,0,0,0,0
2021-04-23,46.73,1.80835180451624,False,False,0,0,0,0,0,0,0
2021-04-26,46.01,1.81734177234603,False,False,0,0,0,0,0,0,0
2021-04-27,44.86,1.8162564106758,False,False,0,0,0,0,0,0,0
2021-04-28,50.41,1.80964781596032,False,False,0,0,0,0,0,0,0
2021-04-29,47.62,1.8241747522826093,False,False,0,0,0,0,0,0,0
2021-04-30,40.96,1.80213154326574,False,False,0,0,0,0,0,0,0
2021-05-06,47.88,1.80196766174952,False,False,0,0,0,0,0,0,0
2021-05-07,39.91,1.8003178569063798,False,False,0,0,0,0,0,0,0
2021-05-10,46.62,1.7901861369220595,False,False,0,0,0,0,0,0,0
2021-05-11,53.54,1.78556599110445,False,False,0,0,0,0,0,0,0
2021-05-12,53.89,1.7665418568067996,False,False,0,0,0,0,0,0,0
2021-05-13,39.36,1.7686447950519495,False,False,0,0,0,0,0,0,0
2021-05-14,61.28,1.7628742600225098,False,False,0,0,0,0,0,0,0
2021-05-17,46.85,1.7891578667928598,False,False,0,0,0,0,0,0,0
2021-05-18,55.91,1.7998499840743198,False,False,0,0,0,0,0,0,0
2021-05-19,55.18,1.7856780024384995,False,False,0,0,0,0,0,0,0
2021-05-20,52.65,1.7722623673805498,False,False,0,0,0,0,0,0,0
2021-05-21,55.0,1.7610495101614998,False,False,0,0,0,0,0,0,0
2021-05-24,59.47,1.7596607828401598,False,False,0,0,0,0,0,0,0
2021-05-25,64.56,1.76020609826122,False,False,0,0,0,0,0,0,0
2021-05-26,55.65,1.75488039903473,False,False,0,0,0,0,0,0,0
2021-05-27,62.22,1.75047641818329,False,False,0,0,0,0,0,0,0
2021-05-28,47.79,1.76753251172759,False,False,0,0,0,0,0,0,0
2021-05-31,63.08,1.79366177752876,False,False,0,0,0,0,0,0,0
2021-06-01,64.63,1.7826279831014098,False,False,0,0,0,0,0,0,0
2021-06-02,42.0,1.7665024006536196,False,False,0,0,0,0,0,0,0
2021-06-03,45.48,1.74620346613475,False,False,0,0,0,0,0,0,0
2021-06-04,49.44,1.7316791398224,False,False,0,0,0,0,0,0,0
2021-06-07,51.15,1.76497040779542,False,False,0,0,0,0,0,0,0
2021-06-08,38.92,1.7509613845325698,False,False,0,0,0,0,0,0,0
2021-06-09,47.7,1.7448237813815202,False,False,0,0,0,0,0,0,0
2021-06-10,55.76,1.7403691078729395,False,False,0,0,0,0,0,0,0
2021-06-11,35.33,1.7617583313517695,False,False,0,0,0,0,0,0,0
2021-06-15,35.62,1.5454552905847063,False,False,0,0,0,0,0,0,0
2021-06-16,42.24,1.5005759010220598,False,False,0,0,0,0,0,0,0
2021-06-17,56.84,1.5378444444444466,False,False,0,0,0,0,0,0,0
2021-06-18,62.54,1.5378024796316,False,False,0,0,0,0,0,0,0
2021-06-21,62.49,1.5510640674394065,False,False,0,0,0,0,0,0,0
2021-06-22,62.83,1.568065270506107,False,False,0,0,0,0,0,0,0
2021-06-23,58.23,1.5918632016632066,False,False,0,0,0,0,0,0,0
2021-06-24,49.77,1.5702723122495266,False,False,0,0,0,0,0,0,0
2021-06-25,60.63,1.6044777087646669,False,False,0,0,0,0,0,0,0
2021-06-28,59.9,1.61311278869356,False,False,0,0,0,0,0,0,0
2021-06-29,49.49,1.5810237747653866,False,False,0,0,0,0,0,0,0
2021-06-30,59.07,1.5994240635249466,False,False,0,0,0,0,0,0,0
2021-07-01,45.14,1.5644732354996531,False,False,0,0,0,0,0,0,0
2021-07-02,50.91,1.5280618015159464,False,False,0,0,0,0,0,0,0
2021-07-05,60.44,1.5507041119860066,False,False,0,0,0,0,0,0,0
2021-07-06,49.77,1.5518509638976532,False,False,0,0,0,0,0,0,0
2021-07-07,61.38,1.5574622129436333,False,False,0,0,0,0,0,0,0
2021-07-08,43.83,1.496436877946573,False,False,0,0,0,0,0,0,0
2021-07-09,52.54,1.536585285441613,False,False,0,0,0,0,0,0,0
2021-07-12,68.62,1.5362359027064063,False,False,0,0,0,0,0,0,0
2021-07-13,62.84,1.5542376634403134,False,False,0,0,0,0,0,0,0
2021-07-14,41.3,1.5365091157858732,False,False,0,0,0,0,0,0,0
2021-07-15,52.11,1.5760335369993266,False,False,0,0,0,0,0,0,0
2021-07-16,41.74,1.5607727891156469,False,False,0,0,0,0,0,0,0
2021-07-19,48.78,1.54497578245254,False,False,0,0,0,0,0,0,0
2021-07-20,50.69,1.53172991452992,False,False,0,0,0,0,0,0,0
2021-07-21,65.46,1.5649373901284669,False,False,0,0,0,0,0,0,0
2021-07-22,62.64,1.5937444164567534,False,False,0,0,0,0,0,0,0
2021-07-23,37.99,1.5616040567951333,False,False,0,0,0,0,0,0,0
2021-07-26,36.7,1.4794109908981663,False,False,0,0,0,0,0,0,0
2021-07-27,31.65,1.4300470423029663,False,False,0,0,0,0,0,0,0
2021-07-28,32.29,1.39097637626938,False,False,0,0,0,0,0,0,0
2021-07-29,62.31,1.4212661064425731,False,False,0,0,0,0,0,0,0
2021-07-30,46.25,1.3986368779465732,False,False,0,0,0,0,0,0,0
2021-08-02,65.88,1.42835739685828,False,False,0,0,0,0,0,0,0
2021-08-03,41.8,1.4096622129436267,False,False,0,0,0,0,0,0,0
2021-08-04,63.6,1.46336923603974,False,False,0,0,0,0,0,0,0
2021-08-05,46.29,1.4258941864465131,False,False,0,0,0,0,0,0,0
2021-08-06,51.31,1.44304627531754,False,False,0,0,0,0,0,0,0
2021-08-09,63.65,1.506306122448973,False,False,0,0,0,0,0,0,0
2021-08-10,66.41,1.5284772750381337,False,False,0,0,0,0,0,0,0
2021-08-11,55.2,1.5625182795698933,False,False,0,0,0,0,0,0,0
2021-08-12,50.42,1.5543162479061934,False,False,0,0,0,0,0,0,0
2021-08-13,49.17,1.5609444164567534,False,False,0,0,0,0,0,0,0
2021-08-16,46.84,1.554005907173,False,False,0,0,0,0,0,0,0
2021-08-17,30.84,1.46882406352494,False,False,0,0,0,0,0,0,0
2021-08-18,56.1,1.42375710809872,False,False,0,0,0,0,0,0,0
2021-08-19,45.56,1.41715710809872,False,False,0,0,0,0,0,0,0
2021-08-20,39.45,1.38330343007916,False,False,0,0,0,0,0,0,0
2021-08-23,63.7,1.4247163179916331,False,False,0,0,0,0,0,0,0
2021-08-24,60.96,1.4219955462769664,False,False,0,0,0,0,0,0,0
2021-08-25,60.11,1.4417280027691266,False,False,0,0,0,0,0,0,0
2021-08-26,42.49,1.41442807017544,False,False,0,0,0,0,0,0,0
2021-08-27,48.97,1.4117994397759133,False,False,0,0,0,0,0,0,0
2021-08-30,50.85,1.3257131367292263,False,False,0,0,0,0,0,0,0
2021-08-31,42.04,1.3411111111111134,False,False,0,0,0,0,0,0,0
2021-09-01,39.13,1.3013538131041933,False,False,0,0,0,0,0,0,0
2021-09-02,51.33,1.36498654692728,False,False,0,0,0,0,0,0,0
2021-09-03,41.33,1.3517734748010666,False,False,0,0,0,0,0,0,0
2021-09-06,65.43,1.3925401888772333,False,False,0,0,0,0,0,0,0
2021-09-07,68.53,1.4775780521262,False,False,0,0,0,0,0,0,0
2021-09-08,72.16,1.5088318011576398,False,False,0,0,0,0,0,0,0
2021-09-09,66.44,1.5534237687006267,False,False,0,0,0,0,0,0,0
2021-09-10,65.5,1.543396632996633,False,False,0,0,0,0,0,0,0
2021-09-13,55.39,1.5938666666666663,False,False,0,0,0,0,0,0,0
2021-09-14,47.66,1.5483392405063334,False,False,0,0,0,0,0,0,0
2021-09-15,58.6,1.5754110831234267,False,False,0,0,0,0,0,0,0
2021-09-16,36.77,1.506863247863253,False,False,0,0,0,0,0,0,0
2021-09-17,47.72,1.4772515918086333,False,False,0,0,0,0,0,0,0
2021-09-22,55.97,1.5061698485621933,False,False,0,0,0,0,0,0,0
2021-09-23,58.18,1.51679945799458,False,False,0,0,0,0,0,0,0
2021-09-24,42.98,1.46929422911284,False,False,0,0,0,0,0,0,0
2021-09-27,37.09,1.3793358129649331,False,False,0,0,0,0,0,0,0
2021-09-28,47.3,1.39059647266314,False,False,0,0,0,0,0,0,0
2021-09-29,32.47,1.2707231441048,False,False,0,0,0,0,0,0,0
2021-09-30,52.11,1.3283802548914068,False,False,0,0,0,0,0,0,0
2021-10-08,51.2,1.33456305916306,False,False,0,0,0,0,0,0,0
2021-10-11,44.03,1.358630532972,False,False,0,0,0,0,0,0,0
2021-10-12,36.62,1.2918560162152266,False,False,0,0,0,0,0,0,0
2021-10-13,47.07,1.28658934954856,False,False,0,0,0,0,0,0,0
2021-10-14,49.02,1.2989720844811798,False,False,0,0,0,0,0,0,0
2021-10-15,37.89,1.3098151164923937,False,False,0,0,0,0,0,0,0
2021-10-18,45.58,1.3834209586294932,False,False,0,0,0,0,0,0,0
2021-10-19,47.16,1.393430532972,False,False,0,0,0,0,0,0,0
2021-10-20,39.99,1.38124268402966,False,False,0,0,0,0,0,0,0
2021-10-21,36.6,1.35300239390642,False,False,0,0,0,0,0,0,0
2021-10-22,36.74,1.3278151164923866,False,False,0,0,0,0,0,0,0
2021-10-25,48.12,1.3389652968036534,False,False,0,0,0,0,0,0,0
2021-10-26,37.48,1.3182999633296666,False,False,0,0,0,0,0,0,0
2021-10-27,32.79,1.2837527669813134,False,False,0,0,0,0,0,0,0
2021-10-28,31.81,1.1736249619482533,False,False,0,0,0,0,0,0,0
2021-10-29,42.19,1.15291640819452,False,False,0,0,0,0,0,0,0
2021-11-01,48.37,1.1220875576036864,False,False,0,0,0,0,0,0,0
2021-11-02,33.66,1.1014852963818331,False,False,0,0,0,0,0,0,0
2021-11-03,43.51,1.13417689806846,False,False,0,0,0,0,0,0,0
2021-11-04,51.16,1.1520628679962066,False,False,0,0,0,0,0,0,0
2021-11-05,36.19,1.07383545279384,False,False,0,0,0,0,0,0,0
2021-11-08,48.03,1.0917408261287267,False,False,0,0,0,0,0,0,0
2021-11-09,50.94,1.1208314084238666,False,False,0,0,0,0,0,0,0
2021-11-10,48.55,1.1199700305810334,False,False,0,0,0,0,0,0,0
2021-11-11,46.38,1.16978787878788,False,False,0,0,0,0,0,0,0
2021-11-12,50.02,1.1865269571778865,False,False,0,0,0,0,0,0,0
2021-11-15,45.37,1.14609162861492,False,False,0,0,0,0,0,0,0
2021-11-16,35.74,1.1203830748611932,False,False,0,0,0,0,0,0,0
2021-11-17,51.81,1.152163816039533,False,False,0,0,0,0,0,0,0
2021-11-18,40.91,1.135718484675427,False,False,0,0,0,0,0,0,0
2021-11-19,52.14,1.19123942814146,False,False,0,0,0,0,0,0,0
2021-11-22,52.9,1.2069034393009863,False,False,0,0,0,0,0,0,0
2021-11-23,48.49,1.2109795728876531,False,False,0,0,0,0,0,0,0
2021-11-24,51.96,1.1947141796585066,False,False,0,0,0,0,0,0,0
2021-11-25,44.19,1.1789385474860334,False,False,0,0,0,0,0,0,0
2021-11-26,42.68,1.1451727357609731,False,False,0,0,0,0,0,0,0
2021-11-29,44.66,1.1568567169741066,False,False,0,0,0,0,0,0,0
2021-11-30,50.63,1.1651701059676534,False,False,0,0,0,0,0,0,0
2021-12-01,50.69,1.1855764923989665,False,False,0,0,0,0,0,0,0
2021-12-02,33.0,1.18649523809524,False,False,0,0,0,0,0,0,0
2021-12-03,45.07,1.2342241353936667,False,False,0,0,0,0,0,0,0
2021-12-06,33.28,1.16644751299184,False,False,0,0,0,0,0,0,0
2021-12-07,37.7,1.1723385474860333,False,False,0,0,0,0,0,0,0
2021-12-08,53.13,1.22219256396098,False,False,0,0,0,0,0,0,0
2021-12-09,52.12,1.2286387511478467,False,False,0,0,0,0,0,0,0
2021-12-10,47.13,1.21792013237728,False,False,0,0,0,0,0,0,0
2021-12-13,52.07,1.2404630036630064,False,False,0,0,0,0,0,0,0
2021-12-14,49.08,1.21929080206034,False,False,0,0,0,0,0,0,0
2021-12-15,44.13,1.2229867990439465,False,False,0,0,0,0,0,0,0
2021-12-16,54.33,1.2700915303525933,False,False,0,0,0,0,0,0,0
2021-12-17,35.46,1.2357825911673137,False,False,0,0,0,0,0,0,0
2021-12-20,36.73,1.1798847198957798,False,False,0,0,0,0,0,0,0
2021-12-21,57.18,1.2152560162152266,False,False,0,0,0,0,0,0,0
2021-12-22,56.77,1.21377208448118,False,False,0,0,0,0,0,0,0
2021-12-23,46.58,1.2272308337894533,False,False,0,0,0,0,0,0,0
2021-12-24,31.2,1.20508055861816,False,False,0,0,0,0,0,0,0
2021-12-27,46.02,1.1980534657106132,False,False,0,0,0,0,0,0,0
2021-12-28,46.75,1.191813891951487,False,False,0,0,0,0,0,0,0
2021-12-29,45.48,1.1614418329637866,False,False,0,0,0,0,0,0,0
2021-12-30,53.13,1.176566629996333,False,False,0,0,0,0,0,0,0
2021-12-31,48.02,1.20727941712204,False,False,0,0,0,0,0,0,0
2022-01-04,43.0,1.2060324936108069,False,False,0,0,0,0,0,0,0
2022-01-05,27.84,1.1577141796585066,False,False,0,0,0,0,0,0,0
2022-01-06,44.53,1.1786861003146465,False,False,0,0,0,0,0,0,0
2022-01-07,29.78,1.1522567169740998,False,False,0,0,0,0,0,0,0
2022-01-10,52.68,1.1563795728876534,False,False,0,0,0,0,0,0,0
2022-01-11,42.92,1.12478336137596,False,False,0,0,0,0,0,0,0
2022-01-12,58.44,1.1497795728876532,False,False,0,0,0,0,0,0,0
2022-01-13,37.74,1.0928484095614532,False,False,0,0,0,0,0,0,0
2022-01-14,45.24,1.0809001701644867,False,False,0,0,0,0,0,0,0
2022-01-17,57.15,1.1056919902457332,False,False,0,0,0,0,0,0,0
2022-01-18,43.7,1.0844512446191332,False,False,0,0,0,0,0,0,0
2022-01-19,41.92,1.05870609480812,False,False,0,0,0,0,0,0,0
2022-01-20,36.07,1.03018787878788,False,False,0,0,0,0,0,0,0
2022-01-21,34.92,0.9752490421455932,False,False,0,0,0,0,0,0,0
2022-01-24,37.68,0.9497791451025532,False,False,0,0,0,0,0,0,0
2022-01-25,27.55,0.8327066825302399,False,False,0,0,0,0,0,0,0
2022-01-26,39.69,0.8696230102442933,False,False,0,0,0,0,0,0,0
2022-01-27,23.17,0.7827959595959532,True,False,0,0,0,0,0,0,0
2022-01-28,37.97,0.7388365224456666,False,False,0,0,0,0,0,0,0
2022-02-07,39.58,0.8298258373205798,False,False,0,0,0,0,0,0,0
2022-02-08,41.17,0.8656862559241734,False,False,0,0,0,0,0,0,0
2022-02-09,48.08,0.9255097603740532,False,False,0,0,0,0,0,0,0
2022-02-10,34.86,0.9277856697819332,False,False,0,0,0,0,0,0,0
2022-02-11,26.99,0.9146268244575932,False,False,0,0,0,0,0,0,0
2022-02-14,36.12,0.8901419252187797,False,False,0,0,0,0,0,0,0
2022-02-15,39.25,0.9197601577909268,False,False,0,0,0,0,0,0,0
2022-02-16,48.5,0.92632999016716,False,False,0,0,0,0,0,0,0
2022-02-17,34.67,0.9247653899037532,False,False,0,0,0,0,0,0,0
2022-02-18,48.23,0.9754628549202666,False,False,0,0,0,0,0,0,0
2022-02-21,50.79,1.0061854870003932,False,False,0,0,0,0,0,0,0
2022-02-22,32.54,0.95843137254902,False,False,0,0,0,0,0,0,0
2022-02-23,50.52,0.9930239752513532,False,False,0,0,0,0,0,0,0
2022-02-24,19.84,0.9228748524203132,True,False,0,0,0,0,0,0,0
2022-02-25,47.86,0.9467993754878998,False,False,0,0,0,0,0,0,0
2022-02-28,39.87,0.9785327138985732,False,False,0,0,0,0,0,0,0
2022-03-01,48.54,1.0080746960046334,False,False,0,0,0,0,0,0,0
2022-03-02,47.53,1.0158381614522998,False,False,0,0,0,0,0,0,0
2022-03-03,40.37,1.01744631456762,False,False,0,0,0,0,0,0,0
2022-03-04,30.13,0.96263693270736,False,False,0,0,0,0,0,0,0
2022-03-07,29.44,0.86383521861212,False,False,0,0,0,0,0,0,0
2022-03-08,23.33,0.7287906899418134,True,False,0,0,0,0,0,0,0
2022-03-09,24.52,0.6568806102987934,True,False,0,0,0,0,0,0,0
2022-03-10,44.35,0.7334666666666666,False,False,0,0,0,0,0,0,0
2022-03-11,39.36,0.7244840363937198,False,False,0,0,0,0,0,0,0
2022-03-14,23.27,0.60963989834816,True,False,0,0,0,0,0,0,0
2022-03-15,16.93,0.3861036837376398,True,True,0,0,0,0,0,0,0
2022-03-16,46.47,0.5061681917211264,False,False,1,1,0,1,1,0,0
2022-03-17,48.64,0.5628673539518866,False,False,1,0,0,1,0,0,0
2022-03-18,39.81,0.6209178965224799,False,False,1,0,0,1,0,0,0
2022-03-21,44.32,0.6503762568652335,False,False,1,0,0,1,0,0,0
2022-03-22,31.43,0.6539957671957735,False,False,1,0,0,1,0,0,0
2022-03-23,36.15,0.6807011566771868,False,False,1,0,0,1,0,0,0
2022-03-24,27.83,0.6400148900169267,False,False,1,0,0,1,0,0,0
2022-03-25,28.46,0.5830616142153731,False,False,1,0,0,1,0,0,0
2022-03-28,26.22,0.5757098543273331,False,False,1,0,0,1,0,0,0
2022-03-29,23.36,0.6078758019970265,True,False,1,0,0,1,0,0,0
2022-03-30,43.66,0.6697572263993331,False,False,1,0,0,1,0,0,0
2022-03-31,27.68,0.6630225298930199,False,False,1,0,0,1,0,0,0
2022-04-01,31.92,0.6828666666666733,False,False,1,0,0,1,0,0,0
2022-04-06,37.7,0.6709942047112801,False,False,1,0,0,1,0,0,0
2022-04-07,21.36,0.5718527121888931,True,False,1,0,0,1,0,0,0
2022-04-08,28.66,0.591685083810733,False,False,1,0,0,1,0,0,0
2022-04-11,16.07,0.4680078791858134,True,True,1,0,0,1,0,0,0
2022-04-12,35.83,0.5514673539518932,False,False,1,0,0,1,0,0,0
2022-04-13,20.23,0.5074329432162998,True,False,1,0,0,1,0,0,0
2022-04-14,45.76,0.5592431876606732,False,False,1,0,0,1,0,0,0
2022-04-15,22.27,0.4840809057261068,True,True,1,0,0,1,0,0,0
2022-04-18,31.31,0.5306946796959866,False,False,1,0,0,1,0,0,0
2022-04-19,30.39,0.5599457334197464,False,False,1,0,0,1,0,0,0
2022-04-20,21.91,0.4678001768346601,True,True,1,0,0,1,0,0,0
2022-04-21,15.9,0.3177232876712335,True,True,1,0,0,1,0,0,0
2022-04-22,20.02,0.3057250286763064,True,True,1,0,0,1,0,0,0
2022-04-25,10.27,-0.02,True,True,1,0,0,1,0,0,0
2022-04-26,13.27,-0.0948399302962403,True,True,1,0,0,1,0,0,0
2022-04-27,35.23,0.1013515935777665,False,True,1,0,0,1,0,0,0
2022-04-28,17.25,0.0994506359491197,True,True,1,0,0,1,0,0,0
2022-04-29,43.89,0.2271329134592996,False,True,1,0,0,1,0,0,0
2022-05-05,38.88,0.3255031463748267,False,True,1,0,0,1,0,0,0
2022-05-06,22.84,0.2228620046620065,True,True,1,0,0,1,0,0,0
2022-05-09,37.76,0.2473037037037065,False,True,1,0,0,1,0,0,0
2022-05-10,39.83,0.3063899543378999,False,True,1,0,0,1,0,0,0
2022-05-11,42.81,0.3536811594202864,False,True,1,0,0,1,0,0,0
2022-05-12,35.09,0.3444224937768733,False,True,1,0,0,1,0,0,0
2022-05-13,38.21,0.3927002914144865,False,True,1,0,0,1,0,0,0
2022-05-16,32.8,0.3947499327052531,False,True,1,0,0,1,0,0,0
2022-05-17,32.18,0.4072612564274533,False,True,1,0,0,1,0,0,0
2022-05-18,40.13,0.3640621773288467,False,True,1,0,0,1,0,0,0
2022-05-19,42.03,0.3922911928651065,False,True,1,0,0,1,0,0,0
2022-05-20,54.95,0.4740350877192998,False,True,1,0,0,1,0,0,0
2022-05-23,58.63,0.4819982547993063,False,True,1,0,0,1,0,0,0
2022-05-24,23.34,0.3235593220338997,True,True,1,0,0,1,0,0,0
2022-05-25,57.91,0.3909239492995334,False,True,1,0,0,1,0,0,0
2022-05-26,53.69,0.4178143515470731,False,True,1,0,0,1,0,0,0
2022-05-27,47.73,0.4007292875989466,False,True,1,0,0,1,0,0,0
2022-05-30,54.04,0.44628003494976,False,True,1,0,0,1,0,0,0
2022-05-31,59.07,0.5134053937432599,False,False,1,0,0,1,0,0,0
2022-06-01,57.28,0.5217387270765932,False,False,1,0,0,1,0,0,0
2022-06-02,60.49,0.5528212218649534,False,False,1,0,0,1,0,0,0
2022-06-06,69.35,0.6376583227981468,False,False,1,0,0,1,0,0,0
2022-06-07,58.74,0.6296457912457935,False,False,1,0,0,1,0,0,0
2022-06-08,64.93,0.6564619765494134,False,False,1,0,0,1,0,0,0
2022-06-09,49.82,0.5975178965224801,False,False,1,0,0,1,0,0,0
2022-06-10,70.41,0.66579420471128,False,False,1,0,0,1,0,0,0
2022-06-13,60.57,0.7957030560615267,False,False,1,0,0,1,0,0,0
2022-06-14,65.0,0.8307357429718933,False,False,1,0,0,1,0,0,0
2022-06-15,66.15,0.8317979883323334,False,False,1,0,0,1,0,0,0
2022-06-16,69.03,0.8179005239822665,False,False,1,0,0,1,0,0,0
2022-06-17,67.13,0.8461293293293334,False,False,1,0,0,1,0,0,0
2022-06-20,68.85,0.8600641087130333,False,False,1,0,0,1,0,0,0
2022-06-21,48.61,0.8262338573155998,False,False,1,0,0,1,0,0,0
2022-06-22,52.72,0.7590430529977534,False,False,1,0,0,1,0,0,0
2022-06-23,72.93,0.8326246079614001,False,False,1,0,0,1,0,0,0
2022-06-24,72.03,0.8827228992433332,False,False,1,0,0,1,0,0,0
2022-06-27,72.96,0.9274195682313332,False,False,1,0,0,1,0,0,0
2022-06-28,78.37,0.9841982404692132,False,False,1,0,0,1,0,0,0
2022-06-29,39.91,0.9061671641791068,False,False,1,0,0,1,0,0,0
2022-06-30,69.36,0.9471966568338266,False,False,1,0,0,1,0,0,0
2022-07-01,54.76,0.9412262960772732,False,False,1,0,0,1,0,0,0
2022-07-04,66.78,1.0067961882535998,False,False,1,0,0,1,0,0,0
2022-07-05,50.68,0.9947856697819332,False,False,0,0,1,0,0,1,0
2022-07-06,50.73,0.9386118158466732,False,False,0,0,0,0,0,0,0
2022-07-07,64.36,0.9526169718448534,False,False,0,0,0,0,0,0,0
2022-07-08,54.56,0.9240126984127,False,False,0,0,0,0,0,0,0
2022-07-11,47.52,0.8707536022476468,False,False,0,0,0,0,0,0,0
2022-07-12,43.12,0.816848488537233,False,False,0,0,0,0,0,0,0
2022-07-13,61.45,0.8282790782292331,False,False,0,0,0,0,0,0,0
2022-07-14,57.21,0.8322692849949663,False,False,0,0,0,0,0,0,0
2022-07-15,36.05,0.7646430529977535,False,False,0,0,0,0,0,0,0
2022-07-18,65.48,0.8397357429718931,False,False,0,0,0,0,0,0,0
2022-07-19,55.52,0.8484472639807599,False,False,0,0,0,0,0,0,0
2022-07-20,60.6,0.8861529015646668,False,False,0,0,0,0,0,0,0
2022-07-21,47.76,0.8383293293293335,False,False,0,0,0,0,0,0,0
2022-07-22,46.51,0.8126925566343067,False,False,0,0,0,0,0,0,0
2022-07-25,41.81,0.7751946992864467,False,False,0,0,0,0,0,0,0
2022-07-26,56.28,0.8111541565778864,False,False,0,0,0,0,0,0,0
2022-07-27,56.97,0.8136621496269397,False,False,0,0,0,0,0,0,0
2022-07-28,62.89,0.8357579412947334,False,False,0,0,0,0,0,0,0
2022-07-29,40.97,0.7722926829268266,False,False,0,0,0,0,0,0,0
2022-08-01,54.0,0.7815098728043665,False,False,0,0,0,0,0,0,0
2022-08-02,23.52,0.6698332918223268,True,False,0,0,0,0,0,0,0
2022-08-03,30.14,0.6321828523630331,False,False,0,0,0,0,0,0,0
2022-08-04,51.3,0.6539312123102464,False,False,0,0,0,0,0,0,0
2022-08-05,52.06,0.7351281013693066,False,False,0,0,0,0,0,0,0
2022-08-08,56.04,0.7745817629179331,False,False,0,0,0,0,0,0,0
2022-08-09,53.07,0.7641031891123334,False,False,0,0,0,0,0,0,0
2022-08-10,53.4,0.74692803261978,False,False,0,0,0,0,0,0,0
2022-08-11,60.33,0.81472307692308,False,False,0,0,0,0,0,0,0
2022-08-12,44.2,0.8046483021900799,False,False,0,0,0,0,0,0,0
2022-08-15,51.33,0.75606907630522,False,False,0,0,0,0,0,0,0
2022-08-16,57.4,0.7571998400319931,False,False,0,0,0,0,0,0,0
2022-08-17,58.65,0.7471921709606598,False,False,0,0,0,0,0,0,0
2022-08-18,50.57,0.7087685519454532,False,False,0,0,0,0,0,0,0
2022-08-19,35.77,0.6796925566343065,False,False,0,0,0,0,0,0,0
2022-08-22,50.12,0.7458562325766601,False,False,0,0,0,0,0,0,0
2022-08-23,51.01,0.7629805207712198,False,False,0,0,0,0,0,0,0
2022-08-24,27.01,0.6600326397388797,False,False,0,0,0,0,0,0,0
2022-08-25,39.38,0.7262621496269398,False,False,0,0,0,0,0,0,0
2022-08-26,36.34,0.7068499594484999,False,False,0,0,0,0,0,0,0
2022-08-29,46.1,0.7128208232445532,False,False,0,0,0,0,0,0,0
2022-08-30,39.27,0.6794365224456668,False,False,0,0,0,0,0,0,0
2022-08-31,30.49,0.688244011368253,False,False,0,0,0,0,0,0,0
2022-09-01,35.45,0.6641946992864467,False,False,0,0,0,0,0,0,0
2022-09-02,46.17,0.6808791539556668,False,False,0,0,0,0,0,0,0
2022-09-05,42.27,0.7024790782292332,False,False,0,0,0,0,0,0,0
2022-09-06,53.26,0.7649419252187799,False,False,0,0,0,0,0,0,0
2022-09-07,45.51,0.7699419252187798,False,False,0,0,0,0,0,0,0
2022-09-08,37.58,0.7583840319361264,False,False,0,0,0,0,0,0,0
2022-09-09,43.36,0.7954862348980001,False,False,0,0,0,0,0,0,0
2022-09-13,46.78,0.7888162892332199,False,False,0,0,0,0,0,0,0
2022-09-14,40.04,0.7709959959959999,False,False,0,0,0,0,0,0,0
2022-09-15,31.34,0.6900326797385665,False,False,0,0,0,0,0,0,0
2022-09-16,27.43,0.5891278825995865,False,False,0,0,0,0,0,0,0
