date,fear_greed_index,score,baseline_held,baseline_buy,baseline_sell,fear_held,fear_buy,fear_sell,fear_le25,valuation_entry_zone
2015-04-16,70.08,4.469746091985181,0.0,0.0,0.0,0.0,0.0,0.0,False,False
2015-04-17,68.77,4.471546091985181,0.0,0.0,0.0,0.0,0.0,0.0,False,False
2015-04-20,42.92,4.390858123402702,0.0,0.0,0.0,0.0,0.0,0.0,False,False
2015-04-21,79.9,4.39521300428809,0.0,0.0,0.0,0.0,0.0,0.0,False,False
2015-04-22,83.84,4.420984604933555,0.0,0.0,0.0,0.0,0.0,0.0,False,False
2015-04-23,78.32,4.440892477432298,0.0,0.0,0.0,0.0,0.0,0.0,False,False
2015-04-24,59.39,4.460463237139272,0.0,0.0,0.0,0.0,0.0,0.0,False,False
2015-04-27,77.72,4.429820716101872,0.0,0.0,0.0,0.0,0.0,0.0,False,False
2015-04-28,50.59,4.380885421302963,0.0,0.0,0.0,0.0,0.0,0.0,False,False
2015-04-29,79.16,4.407338661166968,0.0,0.0,0.0,0.0,0.0,0.0,False,False
2015-04-30,63.14,4.374537499463127,0.0,0.0,0.0,0.0,0.0,0.0,False,False
2015-05-04,66.03,4.4006487888092805,0.0,0.0,0.0,0.0,0.0,0.0,False,False
2015-05-05,48.64,4.389873684210527,0.0,0.0,0.0,0.0,0.0,0.0,False,False
2015-05-06,57.13,4.42588268352652,0.0,0.0,0.0,0.0,0.0,0.0,False,False
2015-05-07,49.45,4.403799430655636,0.0,0.0,0.0,0.0,0.0,0.0,False,False
2015-05-08,70.38,4.399767979669631,0.0,0.0,0.0,0.0,0.0,0.0,False,False
2015-05-11,78.81,4.440482292931747,0.0,0.0,0.0,0.0,0.0,0.0,False,False
2015-05-12,76.61,4.479336420190566,0.0,0.0,0.0,0.0,0.0,0.0,False,False
2015-05-13,73.97,4.484786314760508,0.0,0.0,0.0,0.0,0.0,0.0,False,False
2015-05-14,60.29,4.475171784393851,0.0,0.0,0.0,0.0,0.0,0.0,False,False
2015-05-15,57.25,4.482831455344297,0.0,0.0,0.0,0.0,0.0,0.0,False,False
2015-05-18,63.5,4.518931445828615,0.0,0.0,0.0,0.0,0.0,0.0,False,False
2015-05-19,75.19,4.551483600103028,0.0,0.0,0.0,0.0,0.0,0.0,False,False
2015-05-20,78.47,4.568080820689407,0.0,0.0,0.0,0.0,0.0,0.0,False,False
2015-05-21,81.99,4.592953713298791,0.0,0.0,0.0,0.0,0.0,0.0,False,False
2015-05-22,79.61,4.5911799094277415,0.0,0.0,0.0,0.0,0.0,0.0,False,False
2015-05-25,79.86,4.608654043231871,0.0,0.0,0.0,0.0,0.0,0.0,False,False
2015-05-26,88.76,4.694581421621439,0.0,0.0,0.0,0.0,0.0,0.0,False,False
2015-05-27,82.66,4.692379359247084,0.0,0.0,0.0,0.0,0.0,0.0,False,False
2015-05-28,43.96,4.694578687406188,0.0,0.0,0.0,0.0,0.0,0.0,False,False
2015-05-29,73.54,4.725972517444981,0.0,0.0,0.0,0.0,0.0,0.0,False,False
2015-06-01,79.35,4.788547173545278,0.0,0.0,0.0,0.0,0.0,0.0,False,False
2015-06-02,81.51,4.779536365028327,0.0,0.0,0.0,0.0,0.0,0.0,False,False
2015-06-03,75.54,4.798126862852616,0.0,0.0,0.0,0.0,0.0,0.0,False,False
2015-06-04,60.8,4.781782211199903,0.0,0.0,0.0,0.0,0.0,0.0,False,False
2015-06-05,78.01,4.7827490957478975,0.0,0.0,0.0,0.0,0.0,0.0,False,False
2015-06-08,56.71,4.752135367484682,0.0,0.0,0.0,0.0,0.0,0.0,False,False
2015-06-09,64.91,4.749804820474593,0.0,0.0,0.0,0.0,0.0,0.0,False,False
2015-06-10,75.16,4.788513178294574,0.0,0.0,0.0,0.0,0.0,0.0,False,False
2015-06-11,73.89,4.819326736142039,0.0,0.0,0.0,0.0,0.0,0.0,False,False
2015-06-12,74.42,4.830322638365056,0.0,0.0,0.0,0.0,0.0,0.0,False,False
2015-06-15,55.26,4.824725326630047,0.0,0.0,0.0,0.0,0.0,0.0,False,False
2015-06-16,51.97,4.7572704327781565,0.0,0.0,0.0,0.0,0.0,0.0,False,False
2015-06-17,67.28,4.76830406504065,0.0,0.0,0.0,0.0,0.0,0.0,False,False
2015-06-18,50.46,4.73210073438617,0.0,0.0,0.0,0.0,0.0,0.0,False,False
2015-06-19,41.31,4.694105834982124,0.0,0.0,0.0,0.0,0.0,0.0,False,False
2015-06-23,45.26,4.71160636634143,0.0,0.0,0.0,0.0,0.0,0.0,False,False
2015-06-24,49.32,4.726380040733197,0.0,0.0,0.0,0.0,0.0,0.0,False,False
2015-06-25,18.02,4.692797674253705,0.0,0.0,0.0,0.0,0.0,0.0,True,False
2015-06-26,11.04,4.634353031880036,0.0,0.0,0.0,0.0,0.0,0.0,True,False
2015-06-29,10.45,4.573224929554119,0.0,0.0,0.0,0.0,0.0,0.0,True,False
2015-06-30,32.82,4.604276513797895,0.0,0.0,0.0,0.0,0.0,0.0,False,False
2015-07-01,11.46,4.568624556983287,0.0,0.0,0.0,0.0,0.0,0.0,True,False
2015-07-02,10.42,4.514695634170493,0.0,0.0,0.0,0.0,0.0,0.0,True,False
2015-07-03,10.17,4.422172051982929,0.0,0.0,0.0,0.0,0.0,0.0,True,False
2015-07-06,10.09,4.321206814635865,0.0,0.0,0.0,0.0,0.0,0.0,True,False
2015-07-07,9.29,4.225940701698344,0.0,0.0,0.0,0.0,0.0,0.0,True,False
2015-07-08,10.61,4.1922628017736905,0.0,0.0,0.0,0.0,0.0,0.0,True,False
2015-07-09,35.92,4.225910742041946,0.0,0.0,0.0,0.0,0.0,0.0,False,False
2015-07-10,37.58,4.293834648919156,0.0,0.0,0.0,0.0,0.0,0.0,False,False
2015-07-13,35.96,4.34865657401931,0.0,0.0,0.0,0.0,0.0,0.0,False,False
2015-07-14,30.04,4.401777135222827,0.0,0.0,0.0,0.0,0.0,0.0,False,False
2015-07-15,15.13,4.369970059283614,0.0,0.0,0.0,0.0,0.0,0.0,True,False
2015-07-16,26.86,4.360860797948408,0.0,0.0,0.0,0.0,0.0,0.0,False,False
2015-07-17,37.41,4.4058608187134505,0.0,0.0,0.0,0.0,0.0,0.0,False,False
2015-07-20,34.22,4.425544361175455,0.0,0.0,0.0,0.0,0.0,0.0,False,False
2015-07-21,33.35,4.457405492500105,0.0,0.0,0.0,0.0,0.0,0.0,False,False
2015-07-22,31.8,4.466383738768354,0.0,0.0,0.0,0.0,0.0,0.0,False,False
2015-07-23,41.5,4.4651984416911485,0.0,0.0,0.0,0.0,0.0,0.0,False,False
2015-07-24,20.88,4.447028699166022,0.0,0.0,0.0,0.0,0.0,0.0,True,False
2015-07-27,12.2,4.385607977522915,0.0,0.0,0.0,0.0,0.0,0.0,True,False
2015-07-28,13.63,4.328893827160495,0.0,0.0,0.0,0.0,0.0,0.0,True,False
2015-07-29,37.17,4.363822474502746,0.0,0.0,0.0,0.0,0.0,0.0,False,False
2015-07-30,14.82,4.34433986332574,0.0,0.0,0.0,0.0,0.0,0.0,True,False
2015-07-31,17.77,4.335830802432803,0.0,0.0,0.0,0.0,0.0,0.0,True,False
2015-08-03,25.06,4.276042736372595,0.0,0.0,0.0,0.0,0.0,0.0,False,False
2015-08-04,57.91,4.33581622678397,0.0,0.0,0.0,0.0,0.0,0.0,False,False
2015-08-05,43.67,4.33084043232621,0.0,0.0,0.0,0.0,0.0,0.0,False,False
2015-08-06,45.71,4.322075518141092,0.0,0.0,0.0,0.0,0.0,0.0,False,False
2015-08-07,61.73,4.35535147205234,0.0,0.0,0.0,0.0,0.0,0.0,False,False
2015-08-10,64.47,4.416342520039629,0.0,0.0,0.0,0.0,0.0,0.0,False,False
2015-08-11,55.99,4.45554541387024,0.0,0.0,0.0,0.0,0.0,0.0,False,False
2015-08-12,43.24,4.450380786026201,0.0,0.0,0.0,0.0,0.0,0.0,False,False
2015-08-13,60.02,4.459477284179816,0.0,0.0,0.0,0.0,0.0,0.0,False,False
2015-08-14,55.3,4.457292524186455,0.0,0.0,0.0,0.0,0.0,0.0,False,False
2015-08-17,54.61,4.477688750108422,0.0,0.0,0.0,0.0,0.0,0.0,False,False
2015-08-18,16.65,4.4065858138121285,0.0,0.0,0.0,0.0,0.0,0.0,True,False
2015-08-19,40.96,4.432614772155943,0.0,0.0,0.0,0.0,0.0,0.0,False,False
2015-08-20,17.19,4.390032585439743,0.0,0.0,0.0,0.0,0.0,0.0,True,False
2015-08-21,12.74,4.327258804653022,0.0,0.0,0.0,0.0,0.0,0.0,True,False
2015-08-24,11.11,4.236915797405674,0.0,0.0,0.0,0.0,0.0,0.0,True,False
2015-08-25,10.79,4.137795447382245,0.0,0.0,0.0,0.0,0.0,0.0,True,False
2015-08-26,14.85,4.061410237570414,0.0,0.0,0.0,0.0,0.0,0.0,True,False
2015-08-27,28.91,4.070294556487596,0.0,0.0,0.0,0.0,0.0,0.0,False,False
2015-08-28,35.72,4.121863554574775,0.0,0.0,0.0,0.0,0.0,0.0,False,False
2015-08-31,14.52,4.0324570142713325,0.0,0.0,0.0,0.0,0.0,0.0,True,False
2015-09-01,12.27,3.931017272669586,0.0,0.0,0.0,0.0,0.0,0.0,True,False
2015-09-02,14.45,3.8765941896631593,0.0,0.0,0.0,0.0,0.0,0.0,True,False
2015-09-07,24.82,3.931042703890397,0.0,0.0,0.0,0.0,0.0,0.0,True,False
2015-09-08,33.27,4.012904958271969,0.0,0.0,0.0,0.0,0.0,0.0,False,False
2015-09-09,36.08,4.051298813529307,0.0,0.0,0.0,0.0,0.0,0.0,False,False
2015-09-10,18.59,4.032236537885594,0.0,0.0,0.0,0.0,0.0,0.0,True,False
2015-09-11,29.33,4.039002708481818,0.0,0.0,0.0,0.0,0.0,0.0,False,False
2015-09-14,12.72,3.9464769074003314,0.0,0.0,0.0,0.0,0.0,0.0,True,False
2015-09-15,11.57,3.866360908908104,0.0,0.0,0.0,0.0,0.0,0.0,True,False
2015-09-16,35.89,3.949953645047763,0.0,0.0,0.0,0.0,0.0,0.0,False,False
2015-09-17,16.54,3.945449597362247,0.0,0.0,0.0,0.0,0.0,0.0,True,False
2015-09-18,29.42,3.9604280727998007,0.0,0.0,0.0,0.0,0.0,0.0,False,False
2015-09-21,35.16,4.014559232613909,0.0,0.0,0.0,0.0,0.0,0.0,False,False
2015-09-22,29.33,4.022470943080691,0.0,0.0,0.0,0.0,0.0,0.0,False,False
2015-09-23,22.44,4.020664838205221,0.0,0.0,0.0,0.0,0.0,0.0,True,False
2015-09-24,46.03,4.026604077761973,0.0,0.0,0.0,0.0,0.0,0.0,False,False
2015-09-25,27.64,3.975130402118357,0.0,0.0,0.0,0.0,0.0,0.0,False,False
2015-09-28,34.44,3.995339181496794,0.0,0.0,0.0,0.0,0.0,0.0,False,False
2015-09-29,18.85,3.947476944596485,0.0,0.0,0.0,0.0,0.0,0.0,True,False
2015-09-30,29.16,3.941365487048522,0.0,0.0,0.0,0.0,0.0,0.0,False,False
2015-10-08,52.1,3.995302557827885,0.0,0.0,0.0,0.0,0.0,0.0,False,False
2015-10-09,44.95,3.95102694449228,0.0,0.0,0.0,0.0,0.0,0.0,False,False
2015-10-12,66.69,3.9974537321654826,0.0,0.0,0.0,0.0,0.0,0.0,False,False
2015-10-13,57.55,3.985333810997117,0.0,0.0,0.0,0.0,0.0,0.0,False,False
2015-10-14,46.36,3.926581557941096,0.0,0.0,0.0,0.0,0.0,0.0,False,False
2015-10-15,66.81,3.9887933301369065,0.0,0.0,0.0,0.0,0.0,0.0,False,False
2015-10-16,68.44,4.030867128754463,0.0,0.0,0.0,0.0,0.0,0.0,False,False
2015-10-19,63.93,4.03304482867023,0.0,0.0,0.0,0.0,0.0,0.0,False,False
2015-10-20,71.9,4.014727422003284,0.0,0.0,0.0,0.0,0.0,0.0,False,False
2015-10-21,35.46,3.9449360078921343,0.0,0.0,0.0,0.0,0.0,0.0,False,False
2015-10-22,71.27,3.98104770632538,0.0,0.0,0.0,0.0,0.0,0.0,False,False
2015-10-23,77.39,4.000867825819356,0.0,0.0,0.0,0.0,0.0,0.0,False,False
2015-10-26,70.28,3.9919350390684847,0.0,0.0,0.0,0.0,0.0,0.0,False,False
2015-10-27,69.32,3.9711805026656513,0.0,0.0,0.0,0.0,0.0,0.0,False,False
2015-10-28,48.32,3.9470559732665,0.0,0.0,0.0,0.0,0.0,0.0,False,False
2015-10-29,64.19,3.99247983346344,0.0,0.0,0.0,0.0,0.0,0.0,False,False
2015-10-30,56.98,3.998007710742941,0.0,0.0,0.0,0.0,0.0,0.0,False,False
2015-11-02,49.91,3.96215373886922,0.0,0.0,0.0,0.0,0.0,0.0,False,False
2015-11-03,55.24,3.9778910576974784,0.0,0.0,0.0,0.0,0.0,0.0,False,False
2015-11-04,81.35,4.069137621235324,0.0,0.0,0.0,0.0,0.0,0.0,False,False
2015-11-05,71.71,4.054642035873065,0.0,0.0,0.0,0.0,0.0,0.0,False,False
2015-11-06,85.43,4.0880113466706485,0.0,0.0,0.0,0.0,0.0,0.0,False,False
2015-11-09,82.62,4.164275984194351,0.0,0.0,0.0,0.0,0.0,0.0,False,False
2015-11-10,78.14,4.165673673005275,0.0,0.0,0.0,0.0,0.0,0.0,False,False
2015-11-11,83.12,4.131930417438375,0.0,0.0,0.0,0.0,0.0,0.0,False,False
2015-11-12,64.82,4.142962437846285,0.0,0.0,0.0,0.0,0.0,0.0,False,False
2015-11-13,53.38,4.115111450012104,0.0,0.0,0.0,0.0,0.0,0.0,False,False
2015-11-16,75.41,4.147448567119155,0.0,0.0,0.0,0.0,0.0,0.0,False,False
2015-11-17,56.44,4.132986674270507,0.0,0.0,0.0,0.0,0.0,0.0,False,False
2015-11-18,55.91,4.124896760133662,0.0,0.0,0.0,0.0,0.0,0.0,False,False
2015-11-19,75.3,4.156873990821392,0.0,0.0,0.0,0.0,0.0,0.0,False,False
2015-11-20,76.78,4.164746745670847,0.0,0.0,0.0,0.0,0.0,0.0,False,False
2015-11-23,54.98,4.161002657038368,0.0,0.0,0.0,0.0,0.0,0.0,False,False
2015-11-24,69.16,4.156928768125887,0.0,0.0,0.0,0.0,0.0,0.0,False,False
2015-11-25,74.28,4.1618919497024205,0.0,0.0,0.0,0.0,0.0,0.0,False,False
2015-11-26,55.65,4.132267054211167,0.0,0.0,0.0,0.0,0.0,0.0,False,False
2015-11-27,38.48,4.076948061455467,0.0,0.0,0.0,0.0,0.0,0.0,False,False
2015-11-30,55.91,4.069766547020818,0.0,0.0,0.0,0.0,0.0,0.0,False,False
2015-12-01,51.92,4.072153985193725,0.0,0.0,0.0,0.0,0.0,0.0,False,False
2015-12-02,48.64,4.055322725943258,0.0,0.0,0.0,0.0,0.0,0.0,False,False
2015-12-03,63.19,4.072084805385673,0.0,0.0,0.0,0.0,0.0,0.0,False,False
2015-12-04,47.45,4.066317809781833,0.0,0.0,0.0,0.0,0.0,0.0,False,False
2015-12-07,49.48,4.083256723258969,0.0,0.0,0.0,0.0,0.0,0.0,False,False
2015-12-08,33.89,4.046453426813565,0.0,0.0,0.0,0.0,0.0,0.0,False,False
2015-12-09,31.5,4.041523722086734,0.0,0.0,0.0,0.0,0.0,0.0,False,False
2015-12-10,33.81,4.0463637544161175,0.0,0.0,0.0,0.0,0.0,0.0,False,False
2015-12-11,28.38,4.031869624704919,0.0,0.0,0.0,0.0,0.0,0.0,False,False
2015-12-14,49.37,4.080373679263019,0.0,0.0,0.0,0.0,0.0,0.0,False,False
2015-12-15,49.02,4.086849782950033,0.0,0.0,0.0,0.0,0.0,0.0,False,False
2015-12-16,46.47,4.086222746388737,0.0,0.0,0.0,0.0,0.0,0.0,False,False
2015-12-17,59.89,4.102643165978604,0.0,0.0,0.0,0.0,0.0,0.0,False,False
2015-12-18,49.32,4.068074609549309,0.0,0.0,0.0,0.0,0.0,0.0,False,False
2015-12-21,51.99,4.033500612190577,0.0,0.0,0.0,0.0,0.0,0.0,False,False
2015-12-22,53.66,4.028868889181711,0.0,0.0,0.0,0.0,0.0,0.0,False,False
2015-12-23,44.99,4.0045160483906965,0.0,0.0,0.0,0.0,0.0,0.0,False,False
2015-12-24,46.31,3.975829366140679,0.0,0.0,0.0,0.0,0.0,0.0,False,False
2015-12-25,54.47,3.9891323459402273,0.0,0.0,0.0,0.0,0.0,0.0,False,False
2015-12-28,36.12,3.964017163944017,0.0,0.0,0.0,0.0,0.0,0.0,False,False
2015-12-29,50.36,3.982436642238508,0.0,0.0,0.0,0.0,0.0,0.0,False,False
2015-12-30,51.17,4.009520337574877,0.0,0.0,0.0,0.0,0.0,0.0,False,False
2015-12-31,33.71,3.9928582489788673,0.0,0.0,0.0,0.0,0.0,0.0,False,False
2016-01-04,15.82,3.940337568764909,0.0,0.0,0.0,0.0,0.0,0.0,True,False
2016-01-05,20.56,3.929396007984032,0.0,0.0,0.0,0.0,0.0,0.0,True,False
2016-01-06,38.4,3.952249368318749,0.0,0.0,0.0,0.0,0.0,0.0,False,False
2016-01-07,13.78,3.8364506598552577,0.0,0.0,0.0,0.0,0.0,0.0,True,False
2016-01-08,26.96,3.828383001328021,0.0,0.0,0.0,0.0,0.0,0.0,False,False
2016-01-11,14.35,3.730302268941352,0.0,0.0,0.0,0.0,0.0,0.0,True,False
2016-01-12,23.93,3.709708045977012,0.0,0.0,0.0,0.0,0.0,0.0,True,False
2016-01-13,14.33,3.6167592326139086,0.0,0.0,0.0,0.0,0.0,0.0,True,False
2016-01-14,33.95,3.683981458477111,0.0,0.0,0.0,0.0,0.0,0.0,False,False
2016-01-15,15.29,3.640244519854736,0.0,0.0,0.0,0.0,0.0,0.0,True,False
2016-01-18,31.27,3.688885805589449,0.0,0.0,0.0,0.0,0.0,0.0,False,False
2016-01-19,36.85,3.741932210998877,0.0,0.0,0.0,0.0,0.0,0.0,False,False
2016-01-20,21.98,3.742596887908108,0.0,0.0,0.0,0.0,0.0,0.0,True,False
2016-01-21,15.11,3.670031820888406,0.0,0.0,0.0,0.0,0.0,0.0,True,False
2016-01-22,31.73,3.6748639417430113,0.0,0.0,0.0,0.0,0.0,0.0,False,False
2016-01-25,31.89,3.746982846546129,0.0,0.0,0.0,0.0,0.0,0.0,False,False
2016-01-26,13.76,3.653657587158264,0.0,0.0,0.0,0.0,0.0,0.0,True,False
2016-01-27,18.65,3.669137774403745,0.0,0.0,0.0,0.0,0.0,0.0,True,False
2016-01-28,13.57,3.596643245037509,0.0,0.0,0.0,0.0,0.0,0.0,True,False
2016-01-29,33.47,3.618927082536038,0.0,0.0,0.0,0.0,0.0,0.0,False,False
2016-02-01,18.09,3.601459882633649,0.0,0.0,0.0,0.0,0.0,0.0,True,False
2016-02-02,39.09,3.679966213616335,0.0,0.0,0.0,0.0,0.0,0.0,False,False
2016-02-03,29.82,3.695352954951624,0.0,0.0,0.0,0.0,0.0,0.0,False,False
2016-02-04,37.88,3.698005785572229,0.0,0.0,0.0,0.0,0.0,0.0,False,False
2016-02-05,22.28,3.6835642900670256,0.0,0.0,0.0,0.0,0.0,0.0,True,False
2016-02-15,29.21,3.674188631245816,0.0,0.0,0.0,0.0,0.0,0.0,False,False
2016-02-16,57.14,3.726232167832168,0.0,0.0,0.0,0.0,0.0,0.0,False,False
2016-02-17,50.67,3.744984793312722,0.0,0.0,0.0,0.0,0.0,0.0,False,False
2016-02-18,33.13,3.7428171972695465,0.0,0.0,0.0,0.0,0.0,0.0,False,False
2016-02-19,40.96,3.744577542421137,0.0,0.0,0.0,0.0,0.0,0.0,False,False
2016-02-22,59.47,3.777997855227882,0.0,0.0,0.0,0.0,0.0,0.0,False,False
2016-02-23,44.6,3.770987526736463,0.0,0.0,0.0,0.0,0.0,0.0,False,False
2016-02-24,45.61,3.7854169510615536,0.0,0.0,0.0,0.0,0.0,0.0,False,False
2016-02-25,24.15,3.68547690423708,0.0,0.0,0.0,0.0,0.0,0.0,True,False
2016-02-26,39.39,3.671114109673444,0.0,0.0,0.0,0.0,0.0,0.0,False,False
2016-02-29,18.93,3.5635923015236566,0.0,0.0,0.0,0.0,0.0,0.0,True,False
2016-03-01,40.98,3.592556742602776,0.0,0.0,0.0,0.0,0.0,0.0,False,False
2016-03-02,64.01,3.668126715364925,0.0,0.0,0.0,0.0,0.0,0.0,False,False
2016-03-03,49.56,3.684559460472087,0.0,0.0,0.0,0.0,0.0,0.0,False,False
2016-03-04,24.18,3.628558427697514,0.0,0.0,0.0,0.0,0.0,0.0,True,False
2016-03-07,49.93,3.683208130081301,0.0,0.0,0.0,0.0,0.0,0.0,False,False
2016-03-08,47.42,3.697036835474931,0.0,0.0,0.0,0.0,0.0,0.0,False,False
2016-03-09,26.32,3.642525102880658,0.0,0.0,0.0,0.0,0.0,0.0,False,False
2016-03-10,23.42,3.604290760692125,0.0,0.0,0.0,0.0,0.0,0.0,True,False
2016-03-11,28.54,3.586336557237402,0.0,0.0,0.0,0.0,0.0,0.0,False,False
2016-03-14,49.91,3.640027221172023,0.0,0.0,0.0,0.0,0.0,0.0,False,False
2016-03-15,31.79,3.624000558623754,0.0,0.0,0.0,0.0,0.0,0.0,False,False
2016-03-16,28.87,3.585497603905698,0.0,0.0,0.0,0.0,0.0,0.0,False,False
2016-03-17,49.54,3.6414502594514455,0.0,0.0,0.0,0.0,0.0,0.0,False,False
2016-03-18,66.3,3.696748148148148,0.0,0.0,0.0,0.0,0.0,0.0,False,False
2016-03-21,71.25,3.731598497978041,0.0,0.0,0.0,0.0,0.0,0.0,False,False
2016-03-22,44.46,3.733929759022253,0.0,0.0,0.0,0.0,0.0,0.0,False,False
2016-03-23,58.25,3.749865051745706,0.0,0.0,0.0,0.0,0.0,0.0,False,False
2016-03-24,36.95,3.736452465619426,0.0,0.0,0.0,0.0,0.0,0.0,False,False
2016-03-25,50.99,3.748966484517304,0.0,0.0,0.0,0.0,0.0,0.0,False,False
2016-03-28,50.06,3.769642926439536,0.0,0.0,0.0,0.0,0.0,0.0,False,False
2016-03-29,42.26,3.7343498950314906,0.0,0.0,0.0,0.0,0.0,0.0,False,False
2016-03-30,66.74,3.765054193403129,0.0,0.0,0.0,0.0,0.0,0.0,False,False
2016-03-31,57.01,3.7688541934031297,0.0,0.0,0.0,0.0,0.0,0.0,False,False
2016-04-01,49.27,3.7606273789270728,0.0,0.0,0.0,0.0,0.0,0.0,False,False
2016-04-05,71.55,3.8095676617736,0.0,0.0,0.0,0.0,0.0,0.0,False,False
2016-04-06,64.56,3.8193453809992346,0.0,0.0,0.0,0.0,0.0,0.0,False,False
2016-04-07,45.11,3.823076254106119,0.0,0.0,0.0,0.0,0.0,0.0,False,False
2016-04-08,46.51,3.821909974194997,0.0,0.0,0.0,0.0,0.0,0.0,False,False
2016-04-11,66.35,3.8436296734604425,0.0,0.0,0.0,0.0,0.0,0.0,False,False
2016-04-12,44.69,3.833131883336101,0.0,0.0,0.0,0.0,0.0,0.0,False,False
2016-04-13,69.41,3.861184682474789,0.0,0.0,0.0,0.0,0.0,0.0,False,False
2016-04-14,59.42,3.879620057090537,0.0,0.0,0.0,0.0,0.0,0.0,False,False
2016-04-15,49.03,3.8655234168687618,0.0,0.0,0.0,0.0,0.0,0.0,False,False
2016-04-18,40.91,3.839975438596492,0.0,0.0,0.0,0.0,0.0,0.0,False,False
2016-04-19,48.21,3.840661731644458,0.0,0.0,0.0,0.0,0.0,0.0,False,False
2016-04-20,20.68,3.7949315537065926,0.0,0.0,0.0,0.0,0.0,0.0,True,False
2016-04-21,30.36,3.773904212131872,0.0,0.0,0.0,0.0,0.0,0.0,False,False
2016-04-22,40.37,3.785777267682956,0.0,0.0,0.0,0.0,0.0,0.0,False,False
2016-04-25,34.02,3.779610365135453,0.0,0.0,0.0,0.0,0.0,0.0,False,False
2016-04-26,45.38,3.774996271544144,0.0,0.0,0.0,0.0,0.0,0.0,False,False
2016-04-27,37.79,3.752390993881067,0.0,0.0,0.0,0.0,0.0,0.0,False,False
2016-04-28,35.01,3.722782327146032,0.0,0.0,0.0,0.0,0.0,0.0,False,False
2016-04-29,32.89,3.704964716669723,0.0,0.0,0.0,0.0,0.0,0.0,False,False
2016-05-03,54.68,3.7355238095238095,0.0,0.0,0.0,0.0,0.0,0.0,False,False
2016-05-04,44.67,3.7415857865001487,0.0,0.0,0.0,0.0,0.0,0.0,False,False
2016-05-05,49.15,3.754943194149564,0.0,0.0,0.0,0.0,0.0,0.0,False,False
2016-05-06,23.78,3.713845868424265,0.0,0.0,0.0,0.0,0.0,0.0,True,False
2016-05-09,25.59,3.6455270825360375,0.0,0.0,0.0,0.0,0.0,0.0,False,False
2016-05-10,32.35,3.655704612239677,0.0,0.0,0.0,0.0,0.0,0.0,False,False
2016-05-11,28.39,3.6480939939358734,0.0,0.0,0.0,0.0,0.0,0.0,False,False
2016-05-12,31.65,3.641427327269208,0.0,0.0,0.0,0.0,0.0,0.0,False,False
2016-05-13,31.13,3.6424195949006655,0.0,0.0,0.0,0.0,0.0,0.0,False,False
2016-05-16,45.48,3.675993749202704,0.0,0.0,0.0,0.0,0.0,0.0,False,False
2016-05-17,34.2,3.677660415869371,0.0,0.0,0.0,0.0,0.0,0.0,False,False
2016-05-18,26.79,3.65273727194889,0.0,0.0,0.0,0.0,0.0,0.0,False,False
2016-05-19,39.32,3.66434714313764,0.0,0.0,0.0,0.0,0.0,0.0,False,False
2016-05-20,44.08,3.673674683216964,0.0,0.0,0.0,0.0,0.0,0.0,False,False
2016-05-23,50.69,3.70015873015873,0.0,0.0,0.0,0.0,0.0,0.0,False,False
2016-05-24,34.86,3.6731343858298033,0.0,0.0,0.0,0.0,0.0,0.0,False,False
2016-05-25,37.56,3.6720707882534778,0.0,0.0,0.0,0.0,0.0,0.0,False,False
2016-05-26,42.34,3.679000819882142,0.0,0.0,0.0,0.0,0.0,0.0,False,False
2016-05-27,36.82,3.679867719163137,0.0,0.0,0.0,0.0,0.0,0.0,False,False
2016-05-30,34.03,3.694577571299516,0.0,0.0,0.0,0.0,0.0,0.0,False,False
2016-05-31,62.98,3.75297877157172,0.0,0.0,0.0,0.0,0.0,0.0,False,False
2016-06-01,56.66,3.769504958271969,0.0,0.0,0.0,0.0,0.0,0.0,False,False
2016-06-02,55.95,3.795242523506218,0.0,0.0,0.0,0.0,0.0,0.0,False,False
2016-06-03,53.37,3.8013089150800847,0.0,0.0,0.0,0.0,0.0,0.0,False,False
2016-06-06,46.54,3.797623668353821,0.0,0.0,0.0,0.0,0.0,0.0,False,False
2016-06-07,45.3,3.802665777136675,0.0,0.0,0.0,0.0,0.0,0.0,False,False
2016-06-08,41.71,3.802198171538554,0.0,0.0,0.0,0.0,0.0,0.0,False,False
2016-06-13,26.28,3.760593190962551,0.0,0.0,0.0,0.0,0.0,0.0,False,False
2016-06-14,41.13,3.736853968253968,0.0,0.0,0.0,0.0,0.0,0.0,False,False
2016-06-15,56.63,3.7794988596334105,0.0,0.0,0.0,0.0,0.0,0.0,False,False
2016-06-16,41.37,3.770847438420708,0.0,0.0,0.0,0.0,0.0,0.0,False,False
2016-06-17,53.78,3.774677665305156,0.0,0.0,0.0,0.0,0.0,0.0,False,False
2016-06-20,44.44,3.78941364144176,0.0,0.0,0.0,0.0,0.0,0.0,False,False
2016-06-21,34.41,3.7685802645691817,0.0,0.0,0.0,0.0,0.0,0.0,False,False
2016-06-22,51.43,3.7852344142565,0.0,0.0,0.0,0.0,0.0,0.0,False,False
2016-06-23,39.11,3.783182499268364,0.0,0.0,0.0,0.0,0.0,0.0,False,False
2016-06-24,32.89,3.7401745042492847,0.0,0.0,0.0,0.0,0.0,0.0,False,False
2016-06-27,60.05,3.7373132079811393,0.0,0.0,0.0,0.0,0.0,0.0,False,False
2016-06-28,60.92,3.770452933151432,0.0,0.0,0.0,0.0,0.0,0.0,False,False
2016-06-29,53.52,3.769434259417079,0.0,0.0,0.0,0.0,0.0,0.0,False,False
2016-06-30,48.43,3.756216066450475,0.0,0.0,0.0,0.0,0.0,0.0,False,False
2016-07-01,47.36,3.728819112783663,0.0,0.0,0.0,0.0,0.0,0.0,False,False
2016-07-04,63.82,3.767904557160452,0.0,0.0,0.0,0.0,0.0,0.0,False,False
2016-07-05,57.35,3.785546572974172,0.0,0.0,0.0,0.0,0.0,0.0,False,False
2016-07-06,57.02,3.7797036728343616,0.0,0.0,0.0,0.0,0.0,0.0,False,False
2016-07-07,43.06,3.7603258025102746,0.0,0.0,0.0,0.0,0.0,0.0,False,False
2016-07-08,48.12,3.755880987324884,0.0,0.0,0.0,0.0,0.0,0.0,False,False
2016-07-11,37.42,3.7637084061869537,0.0,0.0,0.0,0.0,0.0,0.0,False,False
2016-07-12,63.16,3.780459135843608,0.0,0.0,0.0,0.0,0.0,0.0,False,False
2016-07-13,61.24,3.798696697490093,0.0,0.0,0.0,0.0,0.0,0.0,False,False
2016-07-14,52.37,3.7948832701916215,0.0,0.0,0.0,0.0,0.0,0.0,False,False
2016-07-15,42.78,3.777681412598251,0.0,0.0,0.0,0.0,0.0,0.0,False,False
2016-07-18,40.56,3.771581443758,0.0,0.0,0.0,0.0,0.0,0.0,False,False
2016-07-19,48.77,3.7723802879291255,0.0,0.0,0.0,0.0,0.0,0.0,False,False
2016-07-20,45.54,3.758612252132492,0.0,0.0,0.0,0.0,0.0,0.0,False,False
2016-07-21,46.91,3.747232641770401,0.0,0.0,0.0,0.0,0.0,0.0,False,False
2016-07-22,37.38,3.744893261936636,0.0,0.0,0.0,0.0,0.0,0.0,False,False
2016-07-25,34.97,3.754131188561215,0.0,0.0,0.0,0.0,0.0,0.0,False,False
2016-07-26,45.85,3.759187065498809,0.0,0.0,0.0,0.0,0.0,0.0,False,False
2016-07-27,21.86,3.7050463768115938,0.0,0.0,0.0,0.0,0.0,0.0,True,False
2016-07-28,38.34,3.6922988344988346,0.0,0.0,0.0,0.0,0.0,0.0,False,False
2016-07-29,35.52,3.6731355598751256,0.0,0.0,0.0,0.0,0.0,0.0,False,False
2016-08-01,34.11,3.655213321332133,0.0,0.0,0.0,0.0,0.0,0.0,False,False
2016-08-02,47.53,3.664022063718491,0.0,0.0,0.0,0.0,0.0,0.0,False,False
2016-08-03,46.09,3.662259932420416,0.0,0.0,0.0,0.0,0.0,0.0,False,False
2016-08-04,49.62,3.669657653841628,0.0,0.0,0.0,0.0,0.0,0.0,False,False
2016-08-05,40.28,3.65209801763418,0.0,0.0,0.0,0.0,0.0,0.0,False,False
2016-08-08,50.66,3.660026380835237,0.0,0.0,0.0,0.0,0.0,0.0,False,False
2016-08-09,56.9,3.6448662012798136,0.0,0.0,0.0,0.0,0.0,0.0,False,False
2016-08-10,42.29,3.6291243432574367,0.0,0.0,0.0,0.0,0.0,0.0,False,False
2016-08-11,42.63,3.60415924474528,0.0,0.0,0.0,0.0,0.0,0.0,False,False
2016-08-12,55.02,3.5986619764900465,0.0,0.0,0.0,0.0,0.0,0.0,False,False
2016-08-15,68.91,3.601653692441349,0.0,0.0,0.0,0.0,0.0,0.0,False,False
2016-08-16,57.51,3.62253204062788,0.0,0.0,0.0,0.0,0.0,0.0,False,False
2016-08-17,55.52,3.643578222375532,0.0,0.0,0.0,0.0,0.0,0.0,False,False
2016-08-18,58.19,3.637109835029028,0.0,0.0,0.0,0.0,0.0,0.0,False,False
2016-08-19,54.55,3.651433540087296,0.0,0.0,0.0,0.0,0.0,0.0,False,False
2016-08-22,39.59,3.619804107590874,0.0,0.0,0.0,0.0,0.0,0.0,False,False
2016-08-23,50.42,3.640723365581941,0.0,0.0,0.0,0.0,0.0,0.0,False,False
2016-08-24,45.99,3.6484205038078494,0.0,0.0,0.0,0.0,0.0,0.0,False,False
2016-08-25,44.37,3.633250120965363,0.0,0.0,0.0,0.0,0.0,0.0,False,False
2016-08-26,42.48,3.6181088512241057,0.0,0.0,0.0,0.0,0.0,0.0,False,False
2016-08-29,43.35,3.621604494116249,0.0,0.0,0.0,0.0,0.0,0.0,False,False
2016-08-30,38.98,3.654774504249292,0.0,0.0,0.0,0.0,0.0,0.0,False,False
2016-08-31,43.76,3.636154029566047,0.0,0.0,0.0,0.0,0.0,0.0,False,False
2016-09-01,35.03,3.629581079296477,0.0,0.0,0.0,0.0,0.0,0.0,False,False
2016-09-02,35.19,3.62371518880444,0.0,0.0,0.0,0.0,0.0,0.0,False,False
2016-09-05,44.2,3.632548525791149,0.0,0.0,0.0,0.0,0.0,0.0,False,False
2016-09-06,55.58,3.6604619764900463,0.0,0.0,0.0,0.0,0.0,0.0,False,False
2016-09-07,39.56,3.6739946534185,0.0,0.0,0.0,0.0,0.0,0.0,False,False
2016-09-08,42.99,3.672967673200306,0.0,0.0,0.0,0.0,0.0,0.0,False,False
2016-09-09,33.64,3.659382378750141,0.0,0.0,0.0,0.0,0.0,0.0,False,False
2016-09-12,32.6,3.6360268528727184,0.0,0.0,0.0,0.0,0.0,0.0,False,False
2016-09-13,44.59,3.6279423292000974,0.0,0.0,0.0,0.0,0.0,0.0,False,False
2016-09-14,41.76,3.618045868424265,0.0,0.0,0.0,0.0,0.0,0.0,False,False
2016-09-19,59.63,3.633259882913875,0.0,0.0,0.0,0.0,0.0,0.0,False,False
2016-09-20,45.35,3.624494412331407,0.0,0.0,0.0,0.0,0.0,0.0,False,False
2016-09-21,47.74,3.6328991107906687,0.0,0.0,0.0,0.0,0.0,0.0,False,False
2016-09-22,54.27,3.634370816887932,0.0,0.0,0.0,0.0,0.0,0.0,False,False
2016-09-23,40.67,3.619782327146032,0.0,0.0,0.0,0.0,0.0,0.0,False,False
2016-09-26,34.77,3.5824934364830847,0.0,0.0,0.0,0.0,0.0,0.0,False,False
2016-09-27,48.1,3.597919399006416,0.0,0.0,0.0,0.0,0.0,0.0,False,False
2016-09-28,46.13,3.6028216963960684,0.0,0.0,0.0,0.0,0.0,0.0,False,False
2016-09-29,48.17,3.609317658442187,0.0,0.0,0.0,0.0,0.0,0.0,False,False
2016-09-30,48.57,3.612961078998073,0.0,0.0,0.0,0.0,0.0,0.0,False,False
2016-10-10,58.29,3.604685096861567,0.0,0.0,0.0,0.0,0.0,0.0,False,False
2016-10-11,53.65,3.617353837141184,0.0,0.0,0.0,0.0,0.0,0.0,False,False
2016-10-12,40.24,3.6352988521902088,0.0,0.0,0.0,0.0,0.0,0.0,False,False
2016-10-13,43.67,3.631486262130247,0.0,0.0,0.0,0.0,0.0,0.0,False,False
2016-10-14,38.64,3.626593458545426,0.0,0.0,0.0,0.0,0.0,0.0,False,False
2016-10-17,32.95,3.61156690307328,0.0,0.0,0.0,0.0,0.0,0.0,False,False
2016-10-18,51.15,3.63053314659197,0.0,0.0,0.0,0.0,0.0,0.0,False,False
2016-10-19,43.02,3.6061597141685695,0.0,0.0,0.0,0.0,0.0,0.0,False,False
2016-10-20,43.59,3.6011416637498543,0.0,0.0,0.0,0.0,0.0,0.0,False,False
2016-10-21,37.37,3.586790987174962,0.0,0.0,0.0,0.0,0.0,0.0,False,False
2016-10-24,52.28,3.601353837141183,0.0,0.0,0.0,0.0,0.0,0.0,False,False
2016-10-25,53.98,3.6139909871749616,0.0,0.0,0.0,0.0,0.0,0.0,False,False
2016-10-26,35.77,3.6277265990870826,0.0,0.0,0.0,0.0,0.0,0.0,False,False
2016-10-27,41.97,3.60527687233915,0.0,0.0,0.0,0.0,0.0,0.0,False,False
2016-10-28,30.28,3.5640230474068573,0.0,0.0,0.0,0.0,0.0,0.0,False,False
2016-10-31,37.55,3.566185157137448,0.0,0.0,0.0,0.0,0.0,0.0,False,False
2016-11-01,51.21,3.574687421855457,0.0,0.0,0.0,0.0,0.0,0.0,False,False
2016-11-02,32.91,3.565988318227593,0.0,0.0,0.0,0.0,0.0,0.0,False,False
2016-11-03,54.84,3.568345550131431,0.0,0.0,0.0,0.0,0.0,0.0,False,False
2016-11-04,36.44,3.567343613883136,0.0,0.0,0.0,0.0,0.0,0.0,False,False
2016-11-07,43.43,3.5761738857501566,0.0,0.0,0.0,0.0,0.0,0.0,False,False
2016-11-08,48.17,3.594294621240484,0.0,0.0,0.0,0.0,0.0,0.0,False,False
2016-11-09,39.56,3.58577565239263,0.0,0.0,0.0,0.0,0.0,0.0,False,False
2016-11-10,66.41,3.621653968253968,0.0,0.0,0.0,0.0,0.0,0.0,False,False
2016-11-11,65.75,3.642098765432092,0.0,0.0,0.0,0.0,0.0,0.0,False,False
2016-11-14,58.54,3.6758014751982233,0.0,0.0,0.0,0.0,0.0,0.0,False,False
2016-11-15,59.63,3.677498050003056,0.0,0.0,0.0,0.0,0.0,0.0,False,False
2016-11-16,52.07,3.6898026237110257,0.0,0.0,0.0,0.0,0.0,0.0,False,False
2016-11-17,46.16,3.7101566678935103,0.0,0.0,0.0,0.0,0.0,0.0,False,False
2016-11-18,48.87,3.698081164762256,0.0,0.0,0.0,0.0,0.0,0.0,False,False
2016-11-21,51.46,3.699709348996573,0.0,0.0,0.0,0.0,0.0,0.0,False,False
2016-11-22,58.07,3.70069913349088,0.0,0.0,0.0,0.0,0.0,0.0,False,False
2016-11-23,49.55,3.6764026237110254,0.0,0.0,0.0,0.0,0.0,0.0,False,False
2016-11-24,47.4,3.671707560960629,0.0,0.0,0.0,0.0,0.0,0.0,False,False
2016-11-25,52.82,3.6847350364516327,0.0,0.0,0.0,0.0,0.0,0.0,False,False
2016-11-28,48.53,3.6739669425541046,0.0,0.0,0.0,0.0,0.0,0.0,False,False
2016-11-29,35.21,3.687217928212758,0.0,0.0,0.0,0.0,0.0,0.0,False,False
2016-11-30,42.76,3.726028239965258,0.0,0.0,0.0,0.0,0.0,0.0,False,False
2016-12-01,49.8,3.7576125131245752,0.0,0.0,0.0,0.0,0.0,0.0,False,False
2016-12-02,32.11,3.737034162270786,0.0,0.0,0.0,0.0,0.0,0.0,False,False
2016-12-05,37.88,3.758940244671459,0.0,0.0,0.0,0.0,0.0,0.0,False,False
2016-12-06,41.7,3.8172081743182753,0.0,0.0,0.0,0.0,0.0,0.0,False,False
2016-12-07,50.98,3.8121277871253128,0.0,0.0,0.0,0.0,0.0,0.0,False,False
2016-12-08,42.06,3.795888303543431,0.0,0.0,0.0,0.0,0.0,0.0,False,False
2016-12-09,36.95,3.797817248977022,0.0,0.0,0.0,0.0,0.0,0.0,False,False
2016-12-12,29.27,3.814161765460611,0.0,0.0,0.0,0.0,0.0,0.0,False,False
2016-12-13,48.31,3.835706249194692,0.0,0.0,0.0,0.0,0.0,0.0,False,False
2016-12-14,40.99,3.848464085100863,0.0,0.0,0.0,0.0,0.0,0.0,False,False
2016-12-15,50.39,3.938702122202987,0.0,0.0,0.0,0.0,0.0,0.0,False,False
2016-12-16,51.32,3.917992158355539,0.0,0.0,0.0,0.0,0.0,0.0,False,False
2016-12-19,42.28,3.950257161011564,0.0,0.0,0.0,0.0,0.0,0.0,False,False
2016-12-20,43.16,3.9777300146226713,0.0,0.0,0.0,0.0,0.0,0.0,False,False
2016-12-21,50.31,3.926234941658784,0.0,0.0,0.0,0.0,0.0,0.0,False,False
2016-12-22,43.43,3.866006911338126,0.0,0.0,0.0,0.0,0.0,0.0,False,False
2016-12-23,35.84,3.8422604158693705,0.0,0.0,0.0,0.0,0.0,0.0,False,False
2016-12-26,45.98,3.835490782299988,0.0,0.0,0.0,0.0,0.0,0.0,False,False
2016-12-27,43.64,3.84781724659606,0.0,0.0,0.0,0.0,0.0,0.0,False,False
2016-12-28,40.58,3.814106210392903,0.0,0.0,0.0,0.0,0.0,0.0,False,False
2016-12-29,39.74,3.7598633479559984,0.0,0.0,0.0,0.0,0.0,0.0,False,False
2016-12-30,43.84,3.735887447539108,0.0,0.0,0.0,0.0,0.0,0.0,False,False
2017-01-03,52.5,3.809073578004792,0.0,0.0,0.0,0.0,0.0,0.0,False,False
2017-01-04,57.12,3.8756602877966735,0.0,0.0,0.0,0.0,0.0,0.0,False,False
2017-01-05,46.5,3.8924947394664673,0.0,0.0,0.0,0.0,0.0,0.0,False,False
2017-01-06,39.37,3.873523908262645,0.0,0.0,0.0,0.0,0.0,0.0,False,False
2017-01-09,48.96,3.861078883464764,0.0,0.0,0.0,0.0,0.0,0.0,False,False
2017-01-10,42.07,3.862079517163335,0.0,0.0,0.0,0.0,0.0,0.0,False,False
2017-01-11,32.51,3.8657058225273326,0.0,0.0,0.0,0.0,0.0,0.0,False,False
2017-01-12,33.59,3.843322098242914,0.0,0.0,0.0,0.0,0.0,0.0,False,False
2017-01-13,31.32,3.826841069910405,0.0,0.0,0.0,0.0,0.0,0.0,False,False
2017-01-16,29.94,3.8002797814207647,0.0,0.0,0.0,0.0,0.0,0.0,False,False
2017-01-17,44.49,3.830212129798287,0.0,0.0,0.0,0.0,0.0,0.0,False,False
2017-01-18,35.43,3.819088258889116,0.0,0.0,0.0,0.0,0.0,0.0,False,False
2017-01-19,34.92,3.8069857601201447,0.0,0.0,0.0,0.0,0.0,0.0,False,False
2017-01-20,49.25,3.820745034889962,0.0,0.0,0.0,0.0,0.0,0.0,False,False
2017-01-23,48.0,3.831526894166168,0.0,0.0,0.0,0.0,0.0,0.0,False,False
2017-01-24,42.17,3.850982657567242,0.0,0.0,0.0,0.0,0.0,0.0,False,False
2017-01-25,47.47,3.898066453418632,0.0,0.0,0.0,0.0,0.0,0.0,False,False
2017-01-26,50.46,3.9069351208209135,0.0,0.0,0.0,0.0,0.0,0.0,False,False
2017-02-03,43.07,3.9526474862190346,0.0,0.0,0.0,0.0,0.0,0.0,False,False
2017-02-06,55.0,4.01492232500164,0.0,0.0,0.0,0.0,0.0,0.0,False,False
2017-02-07,48.43,4.01206404199475,0.0,0.0,0.0,0.0,0.0,0.0,False,False
2017-02-08,56.8,4.002965285379202,0.0,0.0,0.0,0.0,0.0,0.0,False,False
2017-02-09,53.09,3.983792075496089,0.0,0.0,0.0,0.0,0.0,0.0,False,False
2017-02-10,45.24,3.992667341903642,0.0,0.0,0.0,0.0,0.0,0.0,False,False
2017-02-13,47.11,3.9946976039056974,0.0,0.0,0.0,0.0,0.0,0.0,False,False
2017-02-14,42.73,3.986052913527783,0.0,0.0,0.0,0.0,0.0,0.0,False,False
2017-02-15,30.64,3.9704813312532496,0.0,0.0,0.0,0.0,0.0,0.0,False,False
2017-02-16,45.2,3.9435219225046896,0.0,0.0,0.0,0.0,0.0,0.0,False,False
2017-02-17,27.77,3.917122330856472,0.0,0.0,0.0,0.0,0.0,0.0,False,False
2017-02-20,45.5,3.895727339662856,0.0,0.0,0.0,0.0,0.0,0.0,False,False
2017-02-21,53.58,3.921521691294058,0.0,0.0,0.0,0.0,0.0,0.0,False,False
2017-02-22,51.56,3.9111480572597137,0.0,0.0,0.0,0.0,0.0,0.0,False,False
2017-02-23,45.79,3.901588357960725,0.0,0.0,0.0,0.0,0.0,0.0,False,False
2017-02-24,45.66,3.911608646013726,0.0,0.0,0.0,0.0,0.0,0.0,False,False
2017-02-27,33.76,3.891094428190625,0.0,0.0,0.0,0.0,0.0,0.0,False,False
2017-02-28,43.63,3.867438582520406,0.0,0.0,0.0,0.0,0.0,0.0,False,False
2017-03-01,45.45,3.890627995491015,0.0,0.0,0.0,0.0,0.0,0.0,False,False
2017-03-02,34.33,3.896997383002871,0.0,0.0,0.0,0.0,0.0,0.0,False,False
2017-03-03,40.2,3.907528010645376,0.0,0.0,0.0,0.0,0.0,0.0,False,False
2017-03-06,52.3,3.930469890570736,0.0,0.0,0.0,0.0,0.0,0.0,False,False
2017-03-07,51.26,3.93670156739812,0.0,0.0,0.0,0.0,0.0,0.0,False,False
2017-03-08,35.36,3.960455658334973,0.0,0.0,0.0,0.0,0.0,0.0,False,False
2017-03-09,35.92,3.9602509741969456,0.0,0.0,0.0,0.0,0.0,0.0,False,False
2017-03-10,38.4,3.958762006459693,0.0,0.0,0.0,0.0,0.0,0.0,False,False
2017-03-13,48.01,3.9508240940254655,0.0,0.0,0.0,0.0,0.0,0.0,False,False
2017-03-14,37.96,3.935060974811908,0.0,0.0,0.0,0.0,0.0,0.0,False,False
2017-03-15,41.12,3.926204109409763,0.0,0.0,0.0,0.0,0.0,0.0,False,False
2017-03-16,56.01,3.912470807453417,0.0,0.0,0.0,0.0,0.0,0.0,False,False
2017-03-17,28.63,3.901333385610665,0.0,0.0,0.0,0.0,0.0,0.0,False,False
2017-03-20,44.94,3.913643602202786,0.0,0.0,0.0,0.0,0.0,0.0,False,False
2017-03-21,43.43,3.9103612886464014,0.0,0.0,0.0,0.0,0.0,0.0,False,False
2017-03-22,36.41,3.898624094025465,0.0,0.0,0.0,0.0,0.0,0.0,False,False
2017-03-23,48.57,3.893280476470973,0.0,0.0,0.0,0.0,0.0,0.0,False,False
2017-03-24,52.87,3.862178940492521,0.0,0.0,0.0,0.0,0.0,0.0,False,False
2017-03-27,40.1,3.853384934826751,0.0,0.0,0.0,0.0,0.0,0.0,False,False
2017-03-28,41.08,3.8609198764702017,0.0,0.0,0.0,0.0,0.0,0.0,False,False
2017-03-29,30.72,3.8603184246982,0.0,0.0,0.0,0.0,0.0,0.0,False,False
2017-03-30,28.55,3.846681068712565,0.0,0.0,0.0,0.0,0.0,0.0,False,False
2017-03-31,42.47,3.861833499170806,0.0,0.0,0.0,0.0,0.0,0.0,False,False
2017-04-05,60.63,3.916061051952243,0.0,0.0,0.0,0.0,0.0,0.0,False,False
2017-04-06,51.22,3.9182746584171175,0.0,0.0,0.0,0.0,0.0,0.0,False,False
2017-04-07,44.63,3.9117251028806574,0.0,0.0,0.0,0.0,0.0,0.0,False,False
2017-04-10,27.16,3.907710524600848,0.0,0.0,0.0,0.0,0.0,0.0,False,False
2017-04-11,54.9,3.923444237966189,0.0,0.0,0.0,0.0,0.0,0.0,False,False
2017-04-12,29.74,3.916528970502051,0.0,0.0,0.0,0.0,0.0,0.0,False,False
2017-04-13,50.82,3.9110556641898055,0.0,0.0,0.0,0.0,0.0,0.0,False,False
2017-04-14,30.68,3.916919507838856,0.0,0.0,0.0,0.0,0.0,0.0,False,False
2017-04-17,34.11,3.9206653099986366,0.0,0.0,0.0,0.0,0.0,0.0,False,False
2017-04-18,36.83,3.84,0.0,0.0,0.0,0.0,0.0,0.0,False,False
2017-04-19,37.18,3.78,0.0,0.0,0.0,0.0,0.0,0.0,False,False
2017-04-20,42.97,3.74,0.0,0.0,0.0,0.0,0.0,0.0,False,False
2017-04-21,41.21,3.7,0.0,0.0,0.0,0.0,0.0,0.0,False,False
2017-04-24,37.97,3.46,0.0,0.0,0.0,0.0,0.0,0.0,False,False
2017-04-25,47.51,3.46,0.0,0.0,0.0,0.0,0.0,0.0,False,False
2017-04-26,46.94,3.4800000000000004,0.0,0.0,0.0,0.0,0.0,0.0,False,False
2017-04-27,52.73,3.52,0.0,0.0,0.0,0.0,0.0,0.0,False,False
2017-04-28,46.05,3.52,0.0,0.0,0.0,0.0,0.0,0.0,False,False
2017-05-02,40.7,3.52,0.0,0.0,0.0,0.0,0.0,0.0,False,False
2017-05-03,42.65,3.52,0.0,0.0,0.0,0.0,0.0,0.0,False,False
2017-05-04,41.37,3.5,0.0,0.0,0.0,0.0,0.0,0.0,False,False
2017-05-05,39.14,3.42,0.0,0.0,0.0,0.0,0.0,0.0,False,False
2017-05-08,37.51,3.3,0.0,0.0,0.0,0.0,0.0,0.0,False,False
2017-05-09,48.24,3.34,0.0,0.0,0.0,0.0,0.0,0.0,False,False
2017-05-10,37.2,3.22,0.0,0.0,0.0,0.0,0.0,0.0,False,False
2017-05-11,42.11,3.16,0.0,0.0,0.0,0.0,0.0,0.0,False,False
2017-05-12,42.27,3.16,0.0,0.0,0.0,0.0,0.0,0.0,False,False
2017-05-15,45.12,3.18,0.0,0.0,0.0,0.0,0.0,0.0,False,False
2017-05-16,58.86,3.3,0.0,0.0,0.0,0.0,0.0,0.0,False,False
2017-05-17,48.81,3.3,0.0,0.0,0.0,0.0,0.0,0.0,False,False
2017-05-18,42.01,3.26,0.0,0.0,0.0,0.0,0.0,0.0,False,False
2017-05-19,43.7,3.26,0.0,0.0,0.0,0.0,0.0,0.0,False,False
2017-05-22,37.86,3.14,0.0,0.0,0.0,0.0,0.0,0.0,False,False
2017-05-23,36.57,2.9400000000000004,0.0,0.0,0.0,0.0,0.0,0.0,False,False
2017-05-24,45.27,2.9800000000000004,0.0,0.0,0.0,0.0,0.0,0.0,False,False
2017-05-25,47.42,3.02,0.0,0.0,0.0,0.0,0.0,0.0,False,False
2017-05-26,44.06,3.02,0.0,0.0,0.0,0.0,0.0,0.0,False,False
2017-05-31,43.19,3.02,0.0,0.0,0.0,0.0,0.0,0.0,False,False
2017-06-01,35.89,2.8600000000000003,0.0,0.0,0.0,0.0,0.0,0.0,False,False
2017-06-02,48.77,2.92,0.0,0.0,0.0,0.0,0.0,0.0,False,False
2017-06-05,49.42,2.9800000000000004,0.0,0.0,0.0,0.0,0.0,0.0,False,False
2017-06-06,47.03,3.0,0.0,0.0,0.0,0.0,0.0,0.0,False,False
2017-06-07,56.8,3.14,0.0,0.0,0.0,0.0,0.0,0.0,False,False
2017-06-08,40.48,3.14,0.0,0.0,0.0,0.0,0.0,0.0,False,False
2017-06-09,39.86,3.14,0.0,0.0,0.0,0.0,0.0,0.0,False,False
2017-06-12,31.66,3.26,0.0,0.0,0.0,0.0,0.0,0.0,False,False
2017-06-13,49.15,3.34,0.0,0.0,0.0,0.0,0.0,0.0,False,False
2017-06-14,39.44,3.3600000000000003,0.0,0.0,0.0,0.0,0.0,0.0,False,False
2017-06-15,52.27,3.4400000000000004,0.0,0.0,0.0,0.0,0.0,0.0,False,False
2017-06-16,39.22,3.4400000000000004,0.0,0.0,0.0,0.0,0.0,0.0,False,False
2017-06-19,47.13,3.4800000000000004,0.0,0.0,0.0,0.0,0.0,0.0,False,False
2017-06-20,41.73,3.4800000000000004,0.0,0.0,0.0,0.0,0.0,0.0,False,False
2017-06-21,40.72,3.5,0.0,0.0,0.0,0.0,0.0,0.0,False,False
2017-06-22,27.8,3.38,0.0,0.0,0.0,0.0,0.0,0.0,False,False
2017-06-23,37.76,3.38,0.0,0.0,0.0,0.0,0.0,0.0,False,False
2017-06-26,48.6,3.46,0.0,0.0,0.0,0.0,0.0,0.0,False,False
2017-06-27,43.46,3.4800000000000004,0.0,0.0,0.0,0.0,0.0,0.0,False,False
2017-06-28,34.82,3.42,0.0,0.0,0.0,0.0,0.0,0.0,False,False
2017-06-29,44.38,3.46,0.0,0.0,0.0,0.0,0.0,0.0,False,False
2017-06-30,42.63,3.46,0.0,0.0,0.0,0.0,0.0,0.0,False,False
2017-07-03,44.35,3.54,0.0,0.0,0.0,0.0,0.0,0.0,False,False
2017-07-04,33.7,3.52,0.0,0.0,0.0,0.0,0.0,0.0,False,False
2017-07-05,44.56,3.56,0.0,0.0,0.0,0.0,0.0,0.0,False,False
2017-07-06,41.84,3.58,0.0,0.0,0.0,0.0,0.0,0.0,False,False
2017-07-07,45.22,3.6,0.0,0.0,0.0,0.0,0.0,0.0,False,False
2017-07-10,27.76,3.56,0.0,0.0,0.0,0.0,0.0,0.0,False,False
2017-07-11,28.11,3.4800000000000004,0.0,0.0,0.0,0.0,0.0,0.0,False,False
2017-07-12,36.34,3.4800000000000004,0.0,0.0,0.0,0.0,0.0,0.0,False,False
2017-07-13,38.09,3.4800000000000004,0.0,0.0,0.0,0.0,0.0,0.0,False,False
2017-07-14,31.2,3.4400000000000004,0.0,0.0,0.0,0.0,0.0,0.0,False,False
2017-07-17,23.94,3.1,0.0,0.0,0.0,0.0,0.0,0.0,True,False
2017-07-18,45.74,3.16,0.0,0.0,0.0,0.0,0.0,0.0,False,False
2017-07-19,56.24,3.24,0.0,0.0,0.0,0.0,0.0,0.0,False,False
2017-07-20,49.82,3.26,0.0,0.0,0.0,0.0,0.0,0.0,False,False
2017-07-21,43.5,3.28,0.0,0.0,0.0,0.0,0.0,0.0,False,False
2017-07-24,52.91,3.3,0.0,0.0,0.0,0.0,0.0,0.0,False,False
2017-07-25,41.46,3.28,0.0,0.0,0.0,0.0,0.0,0.0,False,False
2017-07-26,44.2,3.28,0.0,0.0,0.0,0.0,0.0,0.0,False,False
2017-07-27,65.19,3.3600000000000003,0.0,0.0,0.0,0.0,0.0,0.0,False,False
2017-07-28,52.04,3.3600000000000003,0.0,0.0,0.0,0.0,0.0,0.0,False,False
2017-07-31,60.77,3.42,0.0,0.0,0.0,0.0,0.0,0.0,False,False
2017-08-01,58.4,3.42,0.0,0.0,0.0,0.0,0.0,0.0,False,False
2017-08-02,36.2,3.3600000000000003,0.0,0.0,0.0,0.0,0.0,0.0,False,False
2017-08-03,47.65,3.4000000000000004,0.0,0.0,0.0,0.0,0.0,0.0,False,False
2017-08-04,39.54,3.3600000000000003,0.0,0.0,0.0,0.0,0.0,0.0,False,False
2017-08-07,56.85,3.4000000000000004,0.0,0.0,0.0,0.0,0.0,0.0,False,False
2017-08-08,56.68,3.42,0.0,0.0,0.0,0.0,0.0,0.0,False,False
2017-08-09,55.83,3.4400000000000004,0.0,0.0,0.0,0.0,0.0,0.0,False,False
2017-08-10,38.46,3.38,0.0,0.0,0.0,0.0,0.0,0.0,False,False
2017-08-11,32.73,3.3,0.0,0.0,0.0,0.0,0.0,0.0,False,False
2017-08-14,59.43,3.42,0.0,0.0,0.0,0.0,0.0,0.0,False,False
2017-08-15,52.52,3.4400000000000004,0.0,0.0,0.0,0.0,0.0,0.0,False,False
2017-08-16,56.4,3.46,0.0,0.0,0.0,0.0,0.0,0.0,False,False
2017-08-17,64.87,3.52,0.0,0.0,0.0,0.0,0.0,0.0,False,False
2017-08-18,44.61,3.4800000000000004,0.0,0.0,0.0,0.0,0.0,0.0,False,False
2017-08-21,57.98,3.52,0.0,0.0,0.0,0.0,0.0,0.0,False,False
2017-08-22,46.55,3.46,0.0,0.0,0.0,0.0,0.0,0.0,False,False
2017-08-23,52.57,3.42,0.0,0.0,0.0,0.0,0.0,0.0,False,False
2017-08-24,45.3,3.38,0.0,0.0,0.0,0.0,0.0,0.0,False,False
2017-08-25,59.38,3.42,0.0,0.0,0.0,0.0,0.0,0.0,False,False
2017-08-28,63.51,3.4800000000000004,0.0,0.0,0.0,0.0,0.0,0.0,False,False
2017-08-29,43.73,3.4400000000000004,0.0,0.0,0.0,0.0,0.0,0.0,False,False
2017-08-30,51.63,3.46,0.0,0.0,0.0,0.0,0.0,0.0,False,False
2017-08-31,54.4,3.46,0.0,0.0,0.0,0.0,0.0,0.0,False,False
2017-09-01,58.95,3.52,0.0,0.0,0.0,0.0,0.0,0.0,False,False
2017-09-04,53.28,3.56,0.0,0.0,0.0,0.0,0.0,0.0,False,False
2017-09-05,49.31,3.56,0.0,0.0,0.0,0.0,0.0,0.0,False,False
2017-09-06,56.13,3.6,0.0,0.0,0.0,0.0,0.0,0.0,False,False
2017-09-07,43.08,3.58,0.0,0.0,0.0,0.0,0.0,0.0,False,False
2017-09-08,49.41,3.6,0.0,0.0,0.0,0.0,0.0,0.0,False,False
2017-09-11,55.54,3.66,0.0,0.0,0.0,0.0,0.0,0.0,False,False
2017-09-12,44.81,3.64,0.0,0.0,0.0,0.0,0.0,0.0,False,False
2017-09-13,53.53,3.66,0.0,0.0,0.0,0.0,0.0,0.0,False,False
2017-09-14,42.09,3.66,0.0,0.0,0.0,0.0,0.0,0.0,False,False
2017-09-15,43.64,3.62,0.0,0.0,0.0,0.0,0.0,0.0,False,False
2017-09-18,48.5,3.66,0.0,0.0,0.0,0.0,0.0,0.0,False,False
2017-09-19,42.25,3.64,0.0,0.0,0.0,0.0,0.0,0.0,False,False
2017-09-20,55.3,3.68,0.0,0.0,0.0,0.0,0.0,0.0,False,False
2017-09-21,36.98,3.62,0.0,0.0,0.0,0.0,0.0,0.0,False,False
2017-09-22,42.12,3.58,0.0,0.0,0.0,0.0,0.0,0.0,False,False
2017-09-25,34.25,3.4800000000000004,0.0,0.0,0.0,0.0,0.0,0.0,False,False
2017-09-26,39.46,3.4800000000000004,0.0,0.0,0.0,0.0,0.0,0.0,False,False
2017-09-27,49.71,3.54,0.0,0.0,0.0,0.0,0.0,0.0,False,False
2017-09-28,38.67,3.5,0.0,0.0,0.0,0.0,0.0,0.0,False,False
2017-09-29,44.25,3.56,0.0,0.0,0.0,0.0,0.0,0.0,False,False
2017-10-09,53.48,3.64,0.0,0.0,0.0,0.0,0.0,0.0,False,False
2017-10-10,56.57,3.68,0.0,0.0,0.0,0.0,0.0,0.0,False,False
2017-10-11,42.09,3.66,0.0,0.0,0.0,0.0,0.0,0.0,False,False
2017-10-12,47.66,3.64,0.0,0.0,0.0,0.0,0.0,0.0,False,False
2017-10-13,51.63,3.68,0.0,0.0,0.0,0.0,0.0,0.0,False,False
2017-10-16,31.57,3.54,0.0,0.0,0.0,0.0,0.0,0.0,False,False
2017-10-17,44.62,3.54,0.0,0.0,0.0,0.0,0.0,0.0,False,False
2017-10-18,39.62,3.4800000000000004,0.0,0.0,0.0,0.0,0.0,0.0,False,False
2017-10-19,38.07,3.4000000000000004,0.0,0.0,0.0,0.0,0.0,0.0,False,False
2017-10-20,52.79,3.4800000000000004,0.0,0.0,0.0,0.0,0.0,0.0,False,False
2017-10-23,47.57,3.52,0.0,0.0,0.0,0.0,0.0,0.0,False,False
2017-10-24,36.02,3.46,0.0,0.0,0.0,0.0,0.0,0.0,False,False
2017-10-25,48.93,3.4800000000000004,0.0,0.0,0.0,0.0,0.0,0.0,False,False
2017-10-26,43.05,3.5,0.0,0.0,0.0,0.0,0.0,0.0,False,False
2017-10-27,38.03,3.4400000000000004,0.0,0.0,0.0,0.0,0.0,0.0,False,False
2017-10-30,28.45,3.24,0.0,0.0,0.0,0.0,0.0,0.0,False,False
2017-10-31,45.91,3.26,0.0,0.0,0.0,0.0,0.0,0.0,False,False
2017-11-01,41.2,3.26,0.0,0.0,0.0,0.0,0.0,0.0,False,False
2017-11-02,34.29,3.18,0.0,0.0,0.0,0.0,0.0,0.0,False,False
2017-11-03,35.39,3.14,0.0,0.0,0.0,0.0,0.0,0.0,False,False
2017-11-06,44.96,3.2,0.0,0.0,0.0,0.0,0.0,0.0,False,False
2017-11-07,47.07,3.24,0.0,0.0,0.0,0.0,0.0,0.0,False,False
2017-11-08,48.96,3.26,0.0,0.0,0.0,0.0,0.0,0.0,False,False
2017-11-09,56.05,3.28,0.0,0.0,0.0,0.0,0.0,0.0,False,False
2017-11-10,54.2,3.3,0.0,0.0,0.0,0.0,0.0,0.0,False,False
2017-11-13,51.62,3.3200000000000003,0.0,0.0,0.0,0.0,0.0,0.0,False,False
2017-11-14,41.54,3.26,0.0,0.0,0.0,0.0,0.0,0.0,False,False
2017-11-15,40.59,3.2,0.0,0.0,0.0,0.0,0.0,0.0,False,False
2017-11-16,42.35,3.18,0.0,0.0,0.0,0.0,0.0,0.0,False,False
2017-11-17,31.34,2.96,0.0,0.0,0.0,0.0,0.0,0.0,False,False
2017-11-20,44.02,2.9800000000000004,0.0,0.0,0.0,0.0,0.0,0.0,False,False
2017-11-21,44.65,2.9800000000000004,0.0,0.0,0.0,0.0,0.0,0.0,False,False
2017-11-22,47.15,2.9800000000000004,0.0,0.0,0.0,0.0,0.0,0.0,False,False
2017-11-23,38.93,2.84,0.0,0.0,0.0,0.0,0.0,0.0,False,False
2017-11-24,43.22,2.8600000000000003,0.0,0.0,0.0,0.0,0.0,0.0,False,False
2017-11-27,37.13,2.78,0.0,0.0,0.0,0.0,0.0,0.0,False,False
2017-11-28,51.64,2.88,0.0,0.0,0.0,0.0,0.0,0.0,False,False
2017-11-29,47.28,2.9000000000000004,0.0,0.0,0.0,0.0,0.0,0.0,False,False
2017-11-30,42.44,2.8600000000000003,0.0,0.0,0.0,0.0,0.0,0.0,False,False
2017-12-01,51.57,2.9000000000000004,0.0,0.0,0.0,0.0,0.0,0.0,False,False
2017-12-04,33.81,2.84,0.0,0.0,0.0,0.0,0.0,0.0,False,False
2017-12-05,32.05,2.68,0.0,0.0,0.0,0.0,0.0,0.0,False,False
2017-12-06,45.31,2.76,0.0,0.0,0.0,0.0,0.0,0.0,False,False
2017-12-07,40.12,2.74,0.0,0.0,0.0,0.0,0.0,0.0,False,False
2017-12-08,48.99,2.8,0.0,0.0,0.0,0.0,0.0,0.0,False,False
2017-12-11,51.73,3.0,0.0,0.0,0.0,0.0,0.0,0.0,False,False
2017-12-12,36.11,2.96,0.0,0.0,0.0,0.0,0.0,0.0,False,False
2017-12-13,56.61,3.0,0.0,0.0,0.0,0.0,0.0,0.0,False,False
2017-12-14,48.79,3.0,0.0,0.0,0.0,0.0,0.0,0.0,False,False
2017-12-15,40.32,2.9800000000000004,0.0,0.0,0.0,0.0,0.0,0.0,False,False
2017-12-18,36.98,2.92,0.0,0.0,0.0,0.0,0.0,0.0,False,False
2017-12-19,47.19,2.96,0.0,0.0,0.0,0.0,0.0,0.0,False,False
2017-12-20,36.85,2.9000000000000004,0.0,0.0,0.0,0.0,0.0,0.0,False,False
2017-12-21,44.98,2.92,0.0,0.0,0.0,0.0,0.0,0.0,False,False
2017-12-22,41.08,2.9000000000000004,0.0,0.0,0.0,0.0,0.0,0.0,False,False
2017-12-25,36.77,2.8200000000000003,0.0,0.0,0.0,0.0,0.0,0.0,False,False
2017-12-26,48.39,2.8600000000000003,0.0,0.0,0.0,0.0,0.0,0.0,False,False
2017-12-27,40.75,2.8200000000000003,0.0,0.0,0.0,0.0,0.0,0.0,False,False
2017-12-28,47.84,2.84,0.0,0.0,0.0,0.0,0.0,0.0,False,False
2017-12-29,48.52,2.88,0.0,0.0,0.0,0.0,0.0,0.0,False,False
2018-01-02,51.77,2.9400000000000004,0.0,0.0,0.0,0.0,0.0,0.0,False,False
2018-01-03,59.17,3.0,0.0,0.0,0.0,0.0,0.0,0.0,False,False
2018-01-04,50.89,3.0,0.0,0.0,0.0,0.0,0.0,0.0,False,False
2018-01-05,53.62,3.0,0.0,0.0,0.0,0.0,0.0,0.0,False,False
2018-01-08,54.54,3.0,0.0,0.0,0.0,0.0,0.0,0.0,False,False
2018-01-09,50.95,3.0,0.0,0.0,0.0,0.0,0.0,0.0,False,False
2018-01-10,49.02,2.96,0.0,0.0,0.0,0.0,0.0,0.0,False,False
2018-01-11,61.39,2.9800000000000004,0.0,0.0,0.0,0.0,0.0,0.0,False,False
2018-01-12,46.78,2.9400000000000004,0.0,0.0,0.0,0.0,0.0,0.0,False,False
2018-01-15,27.94,2.78,0.0,0.0,0.0,0.0,0.0,0.0,False,False
2018-01-16,55.3,2.8200000000000003,0.0,0.0,0.0,0.0,0.0,0.0,False,False
2018-01-17,37.26,2.8,0.0,0.0,0.0,0.0,0.0,0.0,False,False
2018-01-18,46.49,2.8200000000000003,0.0,0.0,0.0,0.0,0.0,0.0,False,False
2018-01-19,40.85,2.8,0.0,0.0,0.0,0.0,0.0,0.0,False,False
2018-01-22,53.19,2.8600000000000003,0.0,0.0,0.0,0.0,0.0,0.0,False,False
2018-01-23,52.21,2.8600000000000003,0.0,0.0,0.0,0.0,0.0,0.0,False,False
2018-01-24,57.73,2.9000000000000004,0.0,0.0,0.0,0.0,0.0,0.0,False,False
2018-01-25,38.65,2.9000000000000004,0.0,0.0,0.0,0.0,0.0,0.0,False,False
2018-01-26,43.73,2.88,0.0,0.0,0.0,0.0,0.0,0.0,False,False
2018-01-29,32.95,2.8,0.0,0.0,0.0,0.0,0.0,0.0,False,False
2018-01-30,43.06,2.8,0.0,0.0,0.0,0.0,0.0,0.0,False,False
2018-01-31,32.55,2.66,0.0,0.0,0.0,0.0,0.0,0.0,False,False
2018-02-01,29.01,2.4400000000000004,0.0,0.0,0.0,0.0,0.0,0.0,False,False
2018-02-02,43.15,2.4378168143796497,0.0,0.0,0.0,0.0,0.0,0.0,False,False
2018-02-05,39.44,2.4377396864778,0.0,0.0,0.0,0.0,0.0,0.0,False,False
2018-02-06,23.6,2.437749587503,0.0,0.0,0.0,0.0,0.0,0.0,True,False
2018-02-07,36.45,2.43783423704283,0.0,0.0,0.0,0.0,0.0,0.0,False,False
2018-02-08,42.04,2.43777351137216,0.0,0.0,0.0,0.0,0.0,0.0,False,False
2018-02-09,22.09,2.4376867506114,0.0,0.0,0.0,0.0,0.0,0.0,True,False
2018-02-12,43.6,2.43756626531109,0.0,0.0,0.0,0.0,0.0,0.0,False,False
2018-02-13,34.31,2.4376626312492697,0.0,0.0,0.0,0.0,0.0,0.0,False,False
2018-02-14,36.04,2.4375720921077297,0.0,0.0,0.0,0.0,0.0,0.0,False,False
2018-02-22,44.23,2.4376844947952,0.0,0.0,0.0,0.0,0.0,0.0,False,False
2018-02-23,39.77,2.4377487494305,0.0,0.0,0.0,0.0,0.0,0.0,False,False
2018-02-26,55.35,2.43769593761421,0.0,0.0,0.0,0.0,0.0,0.0,False,False
2018-02-27,35.11,2.43773040882836,0.0,0.0,0.0,0.0,0.0,0.0,False,False
2018-02-28,42.21,2.43779370032966,0.0,0.0,0.0,0.0,0.0,0.0,False,False
2018-03-01,58.66,2.46,0.0,0.0,0.0,0.0,0.0,0.0,False,False
2018-03-02,35.18,2.4400000000000004,0.0,0.0,0.0,0.0,0.0,0.0,False,False
2018-03-05,46.45,2.4800000000000004,0.0,0.0,0.0,0.0,0.0,0.0,False,False
2018-03-06,61.35,2.54,0.0,0.0,0.0,0.0,0.0,0.0,False,False
2018-03-07,39.55,2.46,0.0,0.0,0.0,0.0,0.0,0.0,False,False
2018-03-08,56.13,2.5,0.0,0.0,0.0,0.0,0.0,0.0,False,False
2018-03-09,68.57,2.6,0.0,0.0,0.0,0.0,0.0,0.0,False,False
2018-03-12,69.72,2.68,0.0,0.0,0.0,0.0,0.0,0.0,False,False
2018-03-13,38.71,2.64,0.0,0.0,0.0,0.0,0.0,0.0,False,False
2018-03-14,38.58,2.6,0.0,0.0,0.0,0.0,0.0,0.0,False,False
2018-03-15,45.96,2.58,0.0,0.0,0.0,0.0,0.0,0.0,False,False
2018-03-16,49.03,2.56,0.0,0.0,0.0,0.0,0.0,0.0,False,False
2018-03-19,49.07,2.58,0.0,0.0,0.0,0.0,0.0,0.0,False,False
2018-03-20,51.33,2.56,0.0,0.0,0.0,0.0,0.0,0.0,False,False
2018-03-21,40.28,2.54,0.0,0.0,0.0,0.0,0.0,0.0,False,False
2018-03-22,46.71,2.52,0.0,0.0,0.0,0.0,0.0,0.0,False,False
2018-03-23,20.3,2.4361661124918497,0.0,0.0,0.0,0.0,0.0,0.0,True,False
2018-03-26,49.54,2.4362046514098097,0.0,0.0,0.0,0.0,0.0,0.0,False,False
2018-03-27,63.44,2.4400000000000004,0.0,0.0,0.0,0.0,0.0,0.0,False,False
2018-03-28,34.37,2.42394473544836,0.0,0.0,0.0,0.0,0.0,0.0,False,False
2018-03-29,53.37,2.42399763655339,0.0,0.0,0.0,0.0,0.0,0.0,False,False
2018-03-30,61.39,2.5,0.0,0.0,0.0,0.0,0.0,0.0,False,False
2018-04-02,59.02,2.52,0.0,0.0,0.0,0.0,0.0,0.0,False,False
2018-04-03,38.83,2.46,0.0,0.0,0.0,0.0,0.0,0.0,False,False
2018-04-04,40.27,2.4019180719311097,0.0,0.0,0.0,0.0,0.0,0.0,False,False
2018-04-09,45.24,2.42,0.0,0.0,0.0,0.0,0.0,0.0,False,False
2018-04-10,46.26,2.42,0.0,0.0,0.0,0.0,0.0,0.0,False,False
2018-04-11,54.78,2.4400000000000004,0.0,0.0,0.0,0.0,0.0,0.0,False,False
2018-04-12,40.71,2.42,0.0,0.0,0.0,0.0,0.0,0.0,False,False
2018-04-13,39.82,2.4000000000000004,0.0,0.0,0.0,0.0,0.0,0.0,False,False
2018-04-16,38.84,2.42,0.0,0.0,0.0,0.0,0.0,0.0,False,False
2018-04-17,29.4,2.39801357567966,0.0,0.0,0.0,0.0,0.0,0.0,False,False
2018-04-18,50.36,2.39411753698922,0.0,0.0,0.0,0.0,0.0,0.0,False,False
2018-04-19,51.14,2.3942713490777296,0.0,0.0,0.0,0.0,0.0,0.0,False,False
2018-04-20,29.5,2.39305560228445,0.0,0.0,0.0,0.0,0.0,0.0,False,False
2018-04-23,36.92,2.39279600245111,0.0,0.0,0.0,0.0,0.0,0.0,False,False
2018-04-24,56.32,2.39237176074403,0.0,0.0,0.0,0.0,0.0,0.0,False,False
2018-04-25,46.94,2.39316491237141,0.0,0.0,0.0,0.0,0.0,0.0,False,False
2018-04-26,31.87,2.3904562077794496,0.0,0.0,0.0,0.0,0.0,0.0,False,False
2018-04-27,40.13,2.3904184097936,0.0,0.0,0.0,0.0,0.0,0.0,False,False
2018-05-02,36.6,2.4003828434119496,0.0,0.0,0.0,0.0,0.0,0.0,False,False
2018-05-03,47.3,2.39591559788706,0.0,0.0,0.0,0.0,0.0,0.0,False,False
2018-05-04,38.7,2.38874831518925,0.0,0.0,0.0,0.0,0.0,0.0,False,False
2018-05-07,53.27,2.3898619811799,0.0,0.0,0.0,0.0,0.0,0.0,False,False
2018-05-08,52.89,2.37848156557672,0.0,0.0,0.0,0.0,0.0,0.0,False,False
2018-05-09,48.42,2.37385614157733,0.0,0.0,0.0,0.0,0.0,0.0,False,False
2018-05-10,53.81,2.37073070487566,0.0,0.0,0.0,0.0,0.0,0.0,False,False
2018-05-11,39.01,2.36526438682363,0.0,0.0,0.0,0.0,0.0,0.0,False,False
2018-05-14,40.82,2.3798654980284497,0.0,0.0,0.0,0.0,0.0,0.0,False,False
2018-05-15,56.03,2.3786088427126,0.0,0.0,0.0,0.0,0.0,0.0,False,False
2018-05-16,43.61,2.38113169057628,0.0,0.0,0.0,0.0,0.0,0.0,False,False
2018-05-17,41.2,2.37677518739672,0.0,0.0,0.0,0.0,0.0,0.0,False,False
2018-05-18,47.59,2.36193205183133,0.0,0.0,0.0,0.0,0.0,0.0,False,False
2018-05-21,56.38,2.36615515436272,0.0,0.0,0.0,0.0,0.0,0.0,False,False
2018-05-22,50.64,2.38,0.0,0.0,0.0,0.0,0.0,0.0,False,False
2018-05-23,39.88,2.33306265410143,0.0,0.0,0.0,0.0,0.0,0.0,False,False
2018-05-24,45.39,2.32320758932703,0.0,0.0,0.0,0.0,0.0,0.0,False,False
2018-05-25,40.5,2.33390771648046,0.0,0.0,0.0,0.0,0.0,0.0,False,False
2018-05-28,38.64,2.34187310130834,0.0,0.0,0.0,0.0,0.0,0.0,False,False
2018-05-29,38.05,2.3265697587473,0.0,0.0,0.0,0.0,0.0,0.0,False,False
2018-05-30,30.53,2.31523527785185,0.0,0.0,0.0,0.0,0.0,0.0,False,False
2018-05-31,50.55,2.306048301374949,0.0,0.0,0.0,0.0,0.0,0.0,False,False
2018-06-01,36.06,2.30030595056232,0.0,0.0,0.0,0.0,0.0,0.0,False,False
2018-06-04,40.13,2.3065754520942097,0.0,0.0,0.0,0.0,0.0,0.0,False,False
2018-06-05,50.37,2.2969050985060697,0.0,0.0,0.0,0.0,0.0,0.0,False,False
2018-06-06,45.07,2.2771785372834,0.0,0.0,0.0,0.0,0.0,0.0,False,False
2018-06-07,39.72,2.26390016268721,0.0,0.0,0.0,0.0,0.0,0.0,False,False
2018-06-08,36.9,2.23405563041908,0.0,0.0,0.0,0.0,0.0,0.0,False,False
2018-06-11,38.39,2.24130109851508,0.0,0.0,0.0,0.0,0.0,0.0,False,False
2018-06-12,48.58,2.2446393664251,0.0,0.0,0.0,0.0,0.0,0.0,False,False
2018-06-13,34.39,2.23598927626274,0.0,0.0,0.0,0.0,0.0,0.0,False,False
2018-06-14,39.45,2.23580071556271,0.0,0.0,0.0,0.0,0.0,0.0,False,False
2018-06-15,31.91,2.21617002120784,0.0,0.0,0.0,0.0,0.0,0.0,False,False
2018-06-19,17.35,2.22913007768457,0.0,0.0,0.0,0.0,0.0,0.0,True,False
2018-06-20,37.35,2.235266244777009,0.0,0.0,0.0,0.0,0.0,0.0,False,False
2018-06-21,24.99,2.2328605086188897,0.0,0.0,0.0,0.0,0.0,0.0,True,False
2018-06-22,38.57,2.21130904505904,0.0,0.0,0.0,0.0,0.0,0.0,False,False
2018-06-25,30.34,2.20806870580863,0.0,0.0,0.0,0.0,0.0,0.0,False,False
2018-06-26,37.5,2.19823662218304,0.0,0.0,0.0,0.0,0.0,0.0,False,False
2018-06-27,29.4,2.1957084724503697,0.0,0.0,0.0,0.0,0.0,0.0,False,False
2018-06-28,26.53,2.1862625027185394,0.0,0.0,0.0,0.0,0.0,0.0,False,False
2018-06-29,47.19,2.17109946820669,0.0,0.0,0.0,0.0,0.0,0.0,False,False
2018-07-02,23.9,2.1794464851274,0.0,0.0,0.0,0.0,0.0,0.0,True,False
2018-07-03,44.91,2.18283883314921,0.0,0.0,0.0,0.0,0.0,0.0,False,False
2018-07-04,23.71,2.18217510561842,0.0,0.0,0.0,0.0,0.0,0.0,True,False
2018-07-05,23.07,2.16813829698548,0.0,0.0,0.0,0.0,0.0,0.0,True,False
2018-07-06,38.31,2.15241878069648,0.0,0.0,0.0,0.0,0.0,0.0,False,False
2018-07-09,40.96,2.15819889289244,0.0,0.0,0.0,0.0,0.0,0.0,False,False
2018-07-10,40.89,2.15398086241832,0.0,0.0,0.0,0.0,0.0,0.0,False,False
2018-07-11,22.26,2.14390139926284,0.0,0.0,0.0,0.0,0.0,0.0,True,False
2018-07-12,54.53,2.1303025581793698,0.0,0.0,0.0,0.0,0.0,0.0,False,False
2018-07-13,42.35,2.1262999478024702,0.0,0.0,0.0,0.0,0.0,0.0,False,False
2018-07-16,36.02,2.14047050510438,0.0,0.0,0.0,0.0,0.0,0.0,False,False
2018-07-17,38.63,2.13390722887832,0.0,0.0,0.0,0.0,0.0,0.0,False,False
2018-07-18,31.35,2.13206921654306,0.0,0.0,0.0,0.0,0.0,0.0,False,False
2018-07-19,31.67,2.13708385969089,0.0,0.0,0.0,0.0,0.0,0.0,False,False
2018-07-20,48.22,2.14204910811804,0.0,0.0,0.0,0.0,0.0,0.0,False,False
2018-07-23,52.93,2.1492866095943897,0.0,0.0,0.0,0.0,0.0,0.0,False,False
2018-07-24,68.16,2.1417691551455,0.0,0.0,0.0,0.0,0.0,0.0,False,False
2018-07-25,59.98,2.1421029113255496,0.0,0.0,0.0,0.0,0.0,0.0,False,False
2018-07-26,37.23,2.13314285413744,0.0,0.0,0.0,0.0,0.0,0.0,False,False
2018-07-27,36.35,2.1331287993823898,0.0,0.0,0.0,0.0,0.0,0.0,False,False
2018-07-30,29.4,2.13401571824152,0.0,0.0,0.0,0.0,0.0,0.0,False,False
2018-07-31,40.72,2.12849479517479,0.0,0.0,0.0,0.0,0.0,0.0,False,False
2018-08-01,31.82,2.13345944802046,0.0,0.0,0.0,0.0,0.0,0.0,False,False
2018-08-02,21.51,2.12727481699802,0.0,0.0,0.0,0.0,0.0,0.0,True,False
2018-08-03,29.23,2.12007747059155,0.0,0.0,0.0,0.0,0.0,0.0,False,False
2018-08-06,26.92,2.11906416126524,0.0,0.0,0.0,0.0,0.0,0.0,False,False
2018-08-07,45.83,2.1179524381498496,0.0,0.0,0.0,0.0,0.0,0.0,False,False
2018-08-08,25.7,2.11869872161204,0.0,0.0,0.0,0.0,0.0,0.0,False,False
2018-08-09,53.7,2.1150274778311497,0.0,0.0,0.0,0.0,0.0,0.0,False,False
2018-08-10,44.8,2.11792031364604,0.0,0.0,0.0,0.0,0.0,0.0,False,False
2018-08-13,40.81,2.11677653807427,0.0,0.0,0.0,0.0,0.0,0.0,False,False
2018-08-14,39.85,2.11628187454014,0.0,0.0,0.0,0.0,0.0,0.0,False,False
2018-08-15,28.83,2.11621037304359,0.0,0.0,0.0,0.0,0.0,0.0,False,False
2018-08-16,30.37,2.1166654165374097,0.0,0.0,0.0,0.0,0.0,0.0,False,False
2018-08-17,26.15,2.11274425244967,0.0,0.0,0.0,0.0,0.0,0.0,False,False
2018-08-20,38.23,2.10236296451363,0.0,0.0,0.0,0.0,0.0,0.0,False,False
2018-08-21,43.51,2.10321723165881,0.0,0.0,0.0,0.0,0.0,0.0,False,False
2018-08-22,29.09,2.10179318864947,0.0,0.0,0.0,0.0,0.0,0.0,False,False
2018-08-23,43.55,2.1036421687967097,0.0,0.0,0.0,0.0,0.0,0.0,False,False
2018-08-24,35.22,2.10296948818067,0.0,0.0,0.0,0.0,0.0,0.0,False,False
2018-08-27,52.46,2.10147641080279,0.0,0.0,0.0,0.0,0.0,0.0,False,False
2018-08-28,43.13,2.1006735521812896,0.0,0.0,0.0,0.0,0.0,0.0,False,False
2018-08-29,36.99,2.10073691221644,0.0,0.0,0.0,0.0,0.0,0.0,False,False
2018-08-30,30.43,2.1010183237596,0.0,0.0,0.0,0.0,0.0,0.0,False,False
2018-08-31,29.69,2.10036681503094,0.0,0.0,0.0,0.0,0.0,0.0,False,False
2018-09-03,38.69,2.1005124123546097,0.0,0.0,0.0,0.0,0.0,0.0,False,False
2018-09-04,50.61,2.0977553779506497,0.0,0.0,0.0,0.0,0.0,0.0,False,False
2018-09-05,35.37,2.093081573538,0.0,0.0,0.0,0.0,0.0,0.0,False,False
2018-09-06,36.07,2.09323656350549,0.0,0.0,0.0,0.0,0.0,0.0,False,False
2018-09-07,41.85,2.09303165504946,0.0,0.0,0.0,0.0,0.0,0.0,False,False
2018-09-10,26.19,2.09565630265127,0.0,0.0,0.0,0.0,0.0,0.0,False,False
2018-09-11,35.64,2.09559783033902,0.0,0.0,0.0,0.0,0.0,0.0,False,False
2018-09-12,35.46,2.09592887700523,0.0,0.0,0.0,0.0,0.0,0.0,False,False
2018-09-13,41.68,2.0967494655855794,0.0,0.0,0.0,0.0,0.0,0.0,False,False
2018-09-14,29.93,2.0958936643309,0.0,0.0,0.0,0.0,0.0,0.0,False,False
2018-09-17,27.94,2.064968848606915,0.0,0.0,0.0,0.0,0.0,0.0,False,False
2018-09-18,47.03,2.09701353272134,0.0,0.0,0.0,0.0,0.0,0.0,False,False
2018-09-19,56.26,2.09758666891538,0.0,0.0,0.0,0.0,0.0,0.0,False,False
2018-09-20,36.73,2.09764886587201,0.0,0.0,0.0,0.0,0.0,0.0,False,False
2018-09-21,58.4,2.09780208944723,0.0,0.0,0.0,0.0,0.0,0.0,False,False
2018-09-25,40.03,2.0968253936229697,0.0,0.0,0.0,0.0,0.0,0.0,False,False
2018-09-26,51.4,2.08162422293867,0.0,0.0,0.0,0.0,0.0,0.0,False,False
2018-09-27,27.75,2.07889326264801,0.0,0.0,0.0,0.0,0.0,0.0,False,False
2018-09-28,47.77,2.07864249110876,0.0,0.0,0.0,0.0,0.0,0.0,False,False
2018-10-08,27.64,2.048423768700621,0.0,0.0,0.0,0.0,0.0,0.0,False,False
2018-10-09,38.8,2.048490435367288,0.0,0.0,0.0,0.0,0.0,0.0,False,False
2018-10-10,39.02,2.048490435367288,0.0,0.0,0.0,0.0,0.0,0.0,False,False
2018-10-11,9.95,1.763878260869565,0.0,0.0,0.0,0.0,0.0,0.0,True,False
2018-10-12,32.92,1.7457460837887069,0.0,0.0,0.0,0.0,0.0,0.0,False,False
2018-10-15,21.3,1.692925531521538,0.0,0.0,0.0,0.0,0.0,0.0,True,False
2018-10-16,19.81,1.6002207340143777,0.0,0.0,0.0,0.0,0.0,0.0,True,False
2018-10-17,34.06,1.631264788732394,0.0,0.0,0.0,0.0,0.0,0.0,False,False
2018-10-18,18.42,1.482196114996115,0.0,0.0,0.0,0.0,0.0,0.0,True,True
2018-10-19,39.51,1.574195626544964,0.5,0.5,0.0,0.5,0.5,0.0,False,True
2018-10-22,56.24,1.764894574487389,0.5,0.0,0.0,0.5,0.0,0.0,False,False
2018-10-23,15.97,1.6810069552349238,0.5,0.0,0.0,0.5,0.0,0.0,True,False
2018-10-24,29.84,1.6507131515488775,0.5,0.0,0.0,0.5,0.0,0.0,False,False
2018-10-25,19.93,1.6004947170520776,0.5,0.0,0.0,0.5,0.0,0.0,True,False
2018-10-26,30.42,1.61113535808024,0.5,0.0,0.0,0.5,0.0,0.0,False,False
2018-10-29,20.21,1.520293982808016,0.5,0.0,0.0,0.5,0.0,0.0,True,True
2018-10-30,42.97,1.5323647417571942,0.5,0.0,0.0,0.5,0.0,0.0,False,True
2018-10-31,47.05,1.5554874006810442,0.5,0.0,0.0,0.5,0.0,0.0,False,True
2018-11-01,47.21,1.571080947012394,0.5,0.0,0.0,0.5,0.0,0.0,False,True
2018-11-02,56.13,1.7170936542669584,0.5,0.0,0.0,0.5,0.0,0.0,False,False
2018-11-05,31.87,1.7348788997466529,0.5,0.0,0.0,0.5,0.0,0.0,False,False
2018-11-06,24.59,1.7216122330799857,0.5,0.0,0.0,0.5,0.0,0.0,True,False
2018-11-07,27.41,1.6917612411540557,0.5,0.0,0.0,0.5,0.0,0.0,False,False
2018-11-08,28.81,1.671897500456121,0.5,0.0,0.0,0.5,0.0,0.0,False,False
2018-11-09,29.73,1.6585505305525066,0.5,0.0,0.0,0.5,0.0,0.0,False,False
2018-11-12,73.22,1.766880469583778,0.5,0.0,0.0,0.5,0.0,0.0,False,False
2018-11-13,77.9,1.821939902166317,0.5,0.0,0.0,0.5,0.0,0.0,False,False
2018-11-14,48.31,1.7871399021663168,0.5,0.0,0.0,0.5,0.0,0.0,False,False
2018-11-15,80.88,1.828112941984209,0.5,0.0,0.0,0.5,0.0,0.0,False,False
2018-11-16,76.73,1.8381709967736457,0.5,0.0,0.0,0.5,0.0,0.0,False,False
2018-11-19,76.31,1.870804056795132,0.5,0.0,0.0,0.5,0.0,0.0,False,False
2018-11-20,39.04,1.7809852854416104,0.5,0.0,0.0,0.5,0.0,0.0,False,False
2018-11-21,68.51,1.7970777087646588,0.5,0.0,0.0,0.5,0.0,0.0,False,False
2018-11-22,52.09,1.8140461220268875,0.5,0.0,0.0,0.5,0.0,0.0,False,False
2018-11-23,28.85,1.667242946990117,0.5,0.0,0.0,0.5,0.0,0.0,False,False
2018-11-26,45.62,1.6731297297297296,0.5,0.0,0.0,0.5,0.0,0.0,False,False
2018-11-27,58.58,1.6862871464375226,0.5,0.0,0.0,0.5,0.0,0.0,False,False
2018-11-28,66.88,1.7118487097914457,0.5,0.0,0.0,0.5,0.0,0.0,False,False
2018-11-29,37.48,1.622709350696328,0.5,0.0,0.0,0.5,0.0,0.0,False,False
2018-11-30,53.67,1.646646921558062,0.5,0.0,0.0,0.5,0.0,0.0,False,False
2018-12-03,72.66,1.748405645582854,0.5,0.0,0.0,0.5,0.0,0.0,False,False
2018-12-04,63.17,1.7508907301916103,0.5,0.0,0.0,0.5,0.0,0.0,False,False
2018-12-05,40.16,1.711111111111111,0.5,0.0,0.0,0.5,0.0,0.0,False,False
2018-12-06,35.11,1.650455290584703,0.5,0.0,0.0,0.5,0.0,0.0,False,False
2018-12-07,43.75,1.657255290584703,0.5,0.0,0.0,0.5,0.0,0.0,False,False
2018-12-10,37.03,1.6039131367292223,0.5,0.0,0.0,0.5,0.0,0.0,False,False
2018-12-11,55.2,1.6344691462982643,0.5,0.0,0.0,0.5,0.0,0.0,False,False
2018-12-12,47.75,1.639750362896088,0.5,0.0,0.0,0.5,0.0,0.0,False,False
2018-12-13,54.63,1.7138071541294058,0.5,0.0,0.0,0.5,0.0,0.0,False,False
2018-12-14,33.05,1.6373096136567835,0.5,0.0,0.0,0.5,0.0,0.0,False,False
2018-12-17,40.48,1.90081311914324,0.5,0.0,0.0,0.5,0.0,0.0,False,False
2018-12-18,34.62,1.880596632996633,0.5,0.0,0.0,0.5,0.0,0.0,False,False
2018-12-19,29.97,1.8156618219037863,0.5,0.0,0.0,0.5,0.0,0.0,False,False
2018-12-20,40.06,1.8005739588645246,0.5,0.0,0.0,0.5,0.0,0.0,False,False
2018-12-21,30.84,1.7888865160848737,0.5,0.0,0.0,0.5,0.0,0.0,False,False
2018-12-24,44.92,1.842943941704796,0.5,0.0,0.0,0.5,0.0,0.0,False,False
2018-12-25,34.78,1.7869757824525394,0.5,0.0,0.0,0.5,0.0,0.0,False,False
2018-12-26,37.98,1.7660776575648292,0.5,0.0,0.0,0.5,0.0,0.0,False,False
2018-12-27,30.38,1.6956723122495208,0.5,0.0,0.0,0.5,0.0,0.0,False,False
2018-12-28,37.34,1.6766772735176498,0.5,0.0,0.0,0.5,0.0,0.0,False,False
2019-01-02,35.05,1.6215399021663168,0.5,0.0,0.0,0.5,0.0,0.0,False,False
2019-01-03,34.67,1.5722532135939424,0.5,0.0,0.0,0.5,0.0,0.0,False,True
2019-01-04,59.2,1.6697464059015266,0.5,0.0,0.0,0.5,0.0,0.0,False,False
2019-01-07,64.54,1.7334632996632997,0.5,0.0,0.0,0.5,0.0,0.0,False,False
2019-01-08,53.47,1.7069141700404855,0.5,0.0,0.0,0.5,0.0,0.0,False,False
2019-01-09,62.42,1.7050286003031765,0.5,0.0,0.0,0.5,0.0,0.0,False,False
2019-01-10,42.75,1.689829246876055,0.5,0.0,0.0,0.5,0.0,0.0,False,False
2019-01-11,55.22,1.7204495812395306,0.5,0.0,0.0,0.5,0.0,0.0,False,False
2019-01-14,38.93,1.7143540381048723,0.5,0.0,0.0,0.5,0.0,0.0,False,False
2019-01-15,58.44,1.7555299966633302,0.5,0.0,0.0,0.5,0.0,0.0,False,False
2019-01-16,50.0,1.7113258220664327,0.5,0.0,0.0,0.5,0.0,0.0,False,False
2019-01-17,40.67,1.6836632996632996,0.5,0.0,0.0,0.5,0.0,0.0,False,False
2019-01-18,54.05,1.7189791144527984,0.5,0.0,0.0,0.5,0.0,0.0,False,False
2019-01-21,53.93,1.745770089730807,0.5,0.0,0.0,0.5,0.0,0.0,False,False
2019-01-22,42.82,1.7128777497900929,0.5,0.0,0.0,0.5,0.0,0.0,False,False
2019-01-23,46.23,1.7258792756539232,0.5,0.0,0.0,0.5,0.0,0.0,False,False
2019-01-24,50.3,1.7558666666666662,0.5,0.0,0.0,0.5,0.0,0.0,False,False
2019-01-25,41.46,1.7414319423495894,0.5,0.0,0.0,0.5,0.0,0.0,False,False
2019-01-28,38.15,1.7141841865179928,0.5,0.0,0.0,0.5,0.0,0.0,False,False
2019-01-29,31.98,1.6484109908981626,0.5,0.0,0.0,0.5,0.0,0.0,False,False
2019-01-30,30.02,1.5826732354996436,0.5,0.0,0.0,0.5,0.0,0.0,False,True
2019-01-31,31.05,1.524919262803473,0.5,0.0,0.0,0.5,0.0,0.0,False,True
2019-02-01,51.39,1.6252738292011015,0.5,0.0,0.0,0.5,0.0,0.0,False,False
2019-02-11,61.69,1.694582914572864,0.5,0.0,0.0,0.5,0.0,0.0,False,False
2019-02-12,68.87,1.7413472291149708,0.5,0.0,0.0,0.5,0.0,0.0,False,False
2019-02-13,73.18,1.792725,0.5,0.0,0.0,0.5,0.0,0.0,False,False
2019-02-14,68.47,1.8074341921892725,0.5,0.0,0.0,0.5,0.0,0.0,False,False
2019-02-15,47.92,1.802486396879571,0.5,0.0,0.0,0.5,0.0,0.0,False,False
2019-02-18,80.95,1.9267952178700645,0.5,0.0,0.0,0.5,0.0,0.0,False,False
2019-02-19,75.7,1.9480117647058823,0.5,0.0,0.0,0.5,0.0,0.0,False,False
2019-02-20,76.78,1.9424784313725487,0.5,0.0,0.0,0.5,0.0,0.0,False,False
2019-02-21,52.69,1.9341676767676768,0.5,0.0,0.0,0.5,0.0,0.0,False,False
2019-02-22,85.82,2.0017163107397087,0.5,0.0,0.0,0.5,0.0,0.0,False,False
2019-02-25,93.64,2.06470641857926,0.0,0.0,0.5,0.0,0.0,0.5,False,False
2019-02-26,61.39,2.06471557988815,0.0,0.0,0.0,0.0,0.0,0.0,False,False
2019-02-27,58.13,2.06469178173536,0.0,0.0,0.0,0.0,0.0,0.0,False,False
2019-02-28,81.01,2.0645895466529,0.0,0.0,0.0,0.0,0.0,0.0,False,False
2019-03-01,86.92,2.0648167462395297,0.0,0.0,0.0,0.0,0.0,0.0,False,False
2019-03-04,92.97,2.06469474596125,0.0,0.0,0.0,0.0,0.0,0.0,False,False
2019-03-05,93.08,2.06469247862917,0.0,0.0,0.0,0.0,0.0,0.0,False,False
2019-03-06,91.98,2.06455850527931,0.0,0.0,0.0,0.0,0.0,0.0,False,False
2019-03-07,70.18,2.06477734218329,0.0,0.0,0.0,0.0,0.0,0.0,False,False
2019-03-08,49.03,2.06473988752518,0.0,0.0,0.0,0.0,0.0,0.0,False,False
2019-03-11,94.13,2.06160166865068,0.0,0.0,0.0,0.0,0.0,0.0,False,False
2019-03-12,93.53,2.06184699535328,0.0,0.0,0.0,0.0,0.0,0.0,False,False
2019-03-13,52.77,2.06175533665263,0.0,0.0,0.0,0.0,0.0,0.0,False,False
2019-03-14,49.48,2.0617384192959403,0.0,0.0,0.0,0.0,0.0,0.0,False,False
2019-03-15,85.28,2.06172832217324,0.0,0.0,0.0,0.0,0.0,0.0,False,False
2019-03-18,91.7,2.06423767917228,0.0,0.0,0.0,0.0,0.0,0.0,False,False
2019-03-19,80.89,2.06441918882352,0.0,0.0,0.0,0.0,0.0,0.0,False,False
2019-03-20,67.72,2.06450759907844,0.0,0.0,0.0,0.0,0.0,0.0,False,False
2019-03-21,91.0,2.06439462440895,0.0,0.0,0.0,0.0,0.0,0.0,False,False
2019-03-22,86.79,2.06443937563223,0.0,0.0,0.0,0.0,0.0,0.0,False,False
2019-03-25,56.78,2.0644775693494,0.0,0.0,0.0,0.0,0.0,0.0,False,False
2019-03-26,50.07,2.06435503518667,0.0,0.0,0.0,0.0,0.0,0.0,False,False
2019-03-27,75.49,2.07680821151741,0.0,0.0,0.0,0.0,0.0,0.0,False,False
2019-03-28,56.96,2.0766933355355297,0.0,0.0,0.0,0.0,0.0,0.0,False,False
2019-03-29,88.66,2.07658850658126,0.0,0.0,0.0,0.0,0.0,0.0,False,False
2019-04-01,95.11,2.0766260277840303,0.0,0.0,0.0,0.0,0.0,0.0,False,False
2019-04-02,87.71,2.07666867104493,0.0,0.0,0.0,0.0,0.0,0.0,False,False
2019-04-03,89.71,2.0719835850505,0.0,0.0,0.0,0.0,0.0,0.0,False,False
2019-04-04,85.78,2.09423445253012,0.0,0.0,0.0,0.0,0.0,0.0,False,False
2019-04-08,65.16,2.09423172155812,0.0,0.0,0.0,0.0,0.0,0.0,False,False
2019-04-09,81.07,2.09349997211956,0.0,0.0,0.0,0.0,0.0,0.0,False,False
2019-04-10,74.05,2.08974483092033,0.0,0.0,0.0,0.0,0.0,0.0,False,False
2019-04-11,53.12,2.09472982513508,0.0,0.0,0.0,0.0,0.0,0.0,False,False
2019-04-12,64.22,2.0954342712753697,0.0,0.0,0.0,0.0,0.0,0.0,False,False
2019-04-15,59.85,2.09558375153418,0.0,0.0,0.0,0.0,0.0,0.0,False,False
2019-04-16,79.86,2.08901512437856,0.0,0.0,0.0,0.0,0.0,0.0,False,False
2019-04-17,79.92,2.0909428274889894,0.0,0.0,0.0,0.0,0.0,0.0,False,False
2019-04-18,64.54,2.0914984816307496,0.0,0.0,0.0,0.0,0.0,0.0,False,False
2019-04-19,77.1,2.08931474648644,0.0,0.0,0.0,0.0,0.0,0.0,False,False
2019-04-22,57.56,2.08990445624191,0.0,0.0,0.0,0.0,0.0,0.0,False,False
2019-04-23,51.5,2.0829821612977395,0.0,0.0,0.0,0.0,0.0,0.0,False,False
2019-04-24,70.41,2.07473505684195,0.0,0.0,0.0,0.0,0.0,0.0,False,False
2019-04-25,50.14,2.07015226177996,0.0,0.0,0.0,0.0,0.0,0.0,False,False
2019-04-26,48.73,2.0644649078591195,0.0,0.0,0.0,0.0,0.0,0.0,False,False
2019-04-29,34.8,2.06543351632203,0.0,0.0,0.0,0.0,0.0,0.0,False,False
2019-04-30,46.17,2.0570324164099296,0.0,0.0,0.0,0.0,0.0,0.0,False,False
2019-05-06,19.44,2.07033302194144,0.0,0.0,0.0,0.0,0.0,0.0,True,False
2019-05-07,35.62,2.07463320992452,0.0,0.0,0.0,0.0,0.0,0.0,False,False
2019-05-08,25.89,2.07808531977145,0.0,0.0,0.0,0.0,0.0,0.0,False,False
2019-05-09,20.82,2.07352690212854,0.0,0.0,0.0,0.0,0.0,0.0,True,False
2019-05-10,43.23,2.08206844731887,0.0,0.0,0.0,0.0,0.0,0.0,False,False
2019-05-13,25.32,2.0866480581848594,0.0,0.0,0.0,0.0,0.0,0.0,False,False
2019-05-14,23.84,2.0831793792708697,0.0,0.0,0.0,0.0,0.0,0.0,True,False
2019-05-15,43.18,2.07385727550531,0.0,0.0,0.0,0.0,0.0,0.0,False,False
2019-05-16,38.67,2.0703026194302696,0.0,0.0,0.0,0.0,0.0,0.0,False,False
2019-05-17,16.87,2.05850709392386,0.0,0.0,0.0,0.0,0.0,0.0,True,False
2019-05-20,22.88,2.06827544247719,0.0,0.0,0.0,0.0,0.0,0.0,True,False
2019-05-21,37.61,2.0633899174816497,0.0,0.0,0.0,0.0,0.0,0.0,False,False
2019-05-22,26.7,2.07246901739711,0.0,0.0,0.0,0.0,0.0,0.0,False,False
2019-05-23,15.66,2.07981774020449,0.0,0.0,0.0,0.0,0.0,0.0,True,False
2019-05-24,19.81,2.081589032564389,0.0,0.0,0.0,0.0,0.0,0.0,True,False
2019-05-27,39.1,2.0811317339639595,0.0,0.0,0.0,0.0,0.0,0.0,False,False
2019-05-28,32.8,2.06451548357092,0.0,0.0,0.0,0.0,0.0,0.0,False,False
2019-05-29,34.08,2.0452168560285697,0.0,0.0,0.0,0.0,0.0,0.0,False,False
2019-05-30,22.52,2.03523764179203,0.0,0.0,0.0,0.0,0.0,0.0,True,False
2019-05-31,29.01,2.00786308332346,0.0,0.0,0.0,0.0,0.0,0.0,False,False
2019-06-03,19.41,2.01783977498214,0.0,0.0,0.0,0.0,0.0,0.0,True,False
2019-06-04,17.02,2.00523824867476,0.0,0.0,0.0,0.0,0.0,0.0,True,False
2019-06-05,31.26,2.0205492701207897,0.0,0.0,0.0,0.0,0.0,0.0,False,False
2019-06-06,15.81,2.02509712583865,0.0,0.0,0.0,0.0,0.0,0.0,True,False
2019-06-10,33.28,2.07921483096398,0.0,0.0,0.0,0.0,0.0,0.0,False,False
2019-06-11,50.12,2.070564821075,0.0,0.0,0.0,0.0,0.0,0.0,False,False
2019-06-12,37.43,2.0483222434393,0.0,0.0,0.0,0.0,0.0,0.0,False,False
2019-06-13,47.94,2.003839331091409,0.0,0.0,0.0,0.0,0.0,0.0,False,False
2019-06-14,22.16,1.9963714023975696,0.0,0.0,0.0,0.0,0.0,0.0,True,False
2019-06-17,35.07,2.02491668436975,0.0,0.0,0.0,0.0,0.0,0.0,False,False
2019-06-18,38.43,2.00002214773192,0.0,0.0,0.0,0.0,0.0,0.0,False,False
2019-06-19,55.8,1.97197626643866,0.0,0.0,0.0,0.0,0.0,0.0,False,False
2019-06-20,59.18,1.95489254256785,0.0,0.0,0.0,0.0,0.0,0.0,False,False
2019-06-21,66.09,1.924960689732249,0.0,0.0,0.0,0.0,0.0,0.0,False,False
2019-06-24,55.71,1.94019810272446,0.0,0.0,0.0,0.0,0.0,0.0,False,False
2019-06-25,46.19,1.956079638126229,0.0,0.0,0.0,0.0,0.0,0.0,False,False
2019-06-26,49.28,1.95487570137123,0.0,0.0,0.0,0.0,0.0,0.0,False,False
2019-06-27,56.28,1.9465795281176097,0.0,0.0,0.0,0.0,0.0,0.0,False,False
2019-06-28,41.99,1.92477031320668,0.0,0.0,0.0,0.0,0.0,0.0,False,False
2019-07-01,72.09,1.9403603914984493,0.0,0.0,0.0,0.0,0.0,0.0,False,False
2019-07-02,57.54,1.9406355578895893,0.0,0.0,0.0,0.0,0.0,0.0,False,False
2019-07-03,50.56,1.93055530678566,0.0,0.0,0.0,0.0,0.0,0.0,False,False
2019-07-04,52.36,1.9318414255215,0.0,0.0,0.0,0.0,0.0,0.0,False,False
2019-07-05,59.74,1.93033324107706,0.0,0.0,0.0,0.0,0.0,0.0,False,False
2019-07-08,41.94,1.9465042363995697,0.0,0.0,0.0,0.0,0.0,0.0,False,False
2019-07-09,54.8,1.9450796063442,0.0,0.0,0.0,0.0,0.0,0.0,False,False
2019-07-10,45.16,1.93982266498107,0.0,0.0,0.0,0.0,0.0,0.0,False,False
2019-07-11,50.1,1.9431852701466497,0.0,0.0,0.0,0.0,0.0,0.0,False,False
2019-07-12,51.43,1.93834842043808,0.0,0.0,0.0,0.0,0.0,0.0,False,False
2019-07-15,58.58,1.9388786812109693,0.0,0.0,0.0,0.0,0.0,0.0,False,False
2019-07-16,59.09,1.9372535158971296,0.0,0.0,0.0,0.0,0.0,0.0,False,False
2019-07-17,56.19,1.93225391953098,0.0,0.0,0.0,0.0,0.0,0.0,False,False
2019-07-18,42.94,1.9235964871153293,0.0,0.0,0.0,0.0,0.0,0.0,False,False
2019-07-19,54.4,1.919429949375289,0.0,0.0,0.0,0.0,0.0,0.0,False,False
2019-07-22,32.63,1.9218593721289,0.0,0.0,0.0,0.0,0.0,0.0,False,False
2019-07-23,49.27,1.9224658098669896,0.0,0.0,0.0,0.0,0.0,0.0,False,False
2019-07-24,58.93,1.93013524449606,0.0,0.0,0.0,0.0,0.0,0.0,False,False
2019-07-25,56.49,1.9283387189327,0.0,0.0,0.0,0.0,0.0,0.0,False,False
2019-07-26,45.74,1.9314179833145293,0.0,0.0,0.0,0.0,0.0,0.0,False,False
2019-07-29,50.41,1.92830338146628,0.0,0.0,0.0,0.0,0.0,0.0,False,False
2019-07-30,57.47,1.9243451269759,0.0,0.0,0.0,0.0,0.0,0.0,False,False
2019-07-31,42.56,1.92950064281372,0.0,0.0,0.0,0.0,0.0,0.0,False,False
2019-08-01,45.61,1.93053557184866,0.0,0.0,0.0,0.0,0.0,0.0,False,False
2019-08-02,37.88,1.9365909973932296,0.0,0.0,0.0,0.0,0.0,0.0,False,False
2019-08-05,35.84,1.943325098877,0.0,0.0,0.0,0.0,0.0,0.0,False,False
2019-08-06,24.97,1.94176509686688,0.0,0.0,0.0,0.0,0.0,0.0,True,False
2019-08-07,34.19,1.9395663620573,0.0,0.0,0.0,0.0,0.0,0.0,False,False
2019-08-08,42.32,1.9387478277089296,0.0,0.0,0.0,0.0,0.0,0.0,False,False
2019-08-09,31.89,1.9362800528025297,0.0,0.0,0.0,0.0,0.0,0.0,False,False
2019-08-12,53.11,1.9361994497755897,0.0,0.0,0.0,0.0,0.0,0.0,False,False
2019-08-13,40.45,1.91762443833517,0.0,0.0,0.0,0.0,0.0,0.0,False,False
2019-08-14,52.25,1.9127789973225,0.0,0.0,0.0,0.0,0.0,0.0,False,False
2019-08-15,49.17,1.91152139092295,0.0,0.0,0.0,0.0,0.0,0.0,False,False
2019-08-16,51.44,1.9104152495671,0.0,0.0,0.0,0.0,0.0,0.0,False,False
2019-08-19,73.03,1.91467042267668,0.0,0.0,0.0,0.0,0.0,0.0,False,False
2019-08-20,66.4,1.92677529064294,0.0,0.0,0.0,0.0,0.0,0.0,False,False
2019-08-21,58.5,1.92639801397106,0.0,0.0,0.0,0.0,0.0,0.0,False,False
2019-08-22,66.18,1.92506408874693,0.0,0.0,0.0,0.0,0.0,0.0,False,False
2019-08-23,60.22,1.92346659037604,0.0,0.0,0.0,0.0,0.0,0.0,False,False
2019-08-26,47.22,1.92466156347451,0.0,0.0,0.0,0.0,0.0,0.0,False,False
2019-08-27,77.38,1.92426977596152,0.0,0.0,0.0,0.0,0.0,0.0,False,False
2019-08-28,52.63,1.9252609330824493,0.0,0.0,0.0,0.0,0.0,0.0,False,False
2019-08-29,51.91,1.92507220580651,0.0,0.0,0.0,0.0,0.0,0.0,False,False
2019-08-30,39.62,1.92503128620552,0.0,0.0,0.0,0.0,0.0,0.0,False,False
2019-09-02,78.73,1.9254585320979096,0.0,0.0,0.0,0.0,0.0,0.0,False,False
2019-09-03,74.0,1.9254289187559104,0.0,0.0,0.0,0.0,0.0,0.0,False,False
2019-09-04,77.84,1.92817156584402,0.0,0.0,0.0,0.0,0.0,0.0,False,False
2019-09-05,80.46,1.93269565894348,0.0,0.0,0.0,0.0,0.0,0.0,False,False
2019-09-06,73.99,1.93279846701182,0.0,0.0,0.0,0.0,0.0,0.0,False,False
2019-09-09,84.17,1.9328066275593,0.0,0.0,0.0,0.0,0.0,0.0,False,False
2019-09-10,60.91,1.93290098807222,0.0,0.0,0.0,0.0,0.0,0.0,False,False
2019-09-11,52.41,1.93284394512616,0.0,0.0,0.0,0.0,0.0,0.0,False,False
2019-09-12,72.92,1.93252550252194,0.0,0.0,0.0,0.0,0.0,0.0,False,False
2019-09-16,67.94,1.9340667826609896,0.0,0.0,0.0,0.0,0.0,0.0,False,False
2019-09-17,42.27,1.9338741938690096,0.0,0.0,0.0,0.0,0.0,0.0,False,False
2019-09-18,60.97,1.93410610361222,0.0,0.0,0.0,0.0,0.0,0.0,False,False
2019-09-19,68.8,1.93412381588714,0.0,0.0,0.0,0.0,0.0,0.0,False,False
2019-09-20,64.49,1.93338091862976,0.0,0.0,0.0,0.0,0.0,0.0,False,False
2019-09-23,47.91,1.93358228787386,0.0,0.0,0.0,0.0,0.0,0.0,False,False
2019-09-24,60.98,1.9321730981910097,0.0,0.0,0.0,0.0,0.0,0.0,False,False
2019-09-25,38.01,1.93092106508424,0.0,0.0,0.0,0.0,0.0,0.0,False,False
2019-09-26,35.14,1.9454000057371497,0.0,0.0,0.0,0.0,0.0,0.0,False,False
2019-09-27,53.72,1.94583963420507,0.0,0.0,0.0,0.0,0.0,0.0,False,False
2019-09-30,38.1,1.9438487578691697,0.0,0.0,0.0,0.0,0.0,0.0,False,False
2019-10-08,49.51,1.9400920116329896,0.0,0.0,0.0,0.0,0.0,0.0,False,False
2019-10-09,55.81,1.9401724899600097,0.0,0.0,0.0,0.0,0.0,0.0,False,False
2019-10-10,62.65,1.94047813856806,0.0,0.0,0.0,0.0,0.0,0.0,False,False
2019-10-11,55.87,1.94039050850872,0.0,0.0,0.0,0.0,0.0,0.0,False,False
2019-10-14,72.35,1.94402120650292,0.0,0.0,0.0,0.0,0.0,0.0,False,False
2019-10-15,42.06,1.9476367588815493,0.0,0.0,0.0,0.0,0.0,0.0,False,False
2019-10-16,46.55,1.94321952773491,0.0,0.0,0.0,0.0,0.0,0.0,False,False
2019-10-17,46.2,1.9430950605727493,0.0,0.0,0.0,0.0,0.0,0.0,False,False
2019-10-18,42.45,1.94320732436118,0.0,0.0,0.0,0.0,0.0,0.0,False,False
2019-10-21,45.05,1.94570687778486,0.0,0.0,0.0,0.0,0.0,0.0,False,False
2019-10-22,58.94,1.9454178979527696,0.0,0.0,0.0,0.0,0.0,0.0,False,False
2019-10-23,46.68,1.9472711056790093,0.0,0.0,0.0,0.0,0.0,0.0,False,False
2019-10-24,46.9,1.95038026700467,0.0,0.0,0.0,0.0,0.0,0.0,False,False
2019-10-25,54.71,1.9503723962083896,0.0,0.0,0.0,0.0,0.0,0.0,False,False
2019-10-28,69.03,1.9505578212325296,0.0,0.0,0.0,0.0,0.0,0.0,False,False
2019-10-29,36.35,1.9501319008012497,0.0,0.0,0.0,0.0,0.0,0.0,False,False
2019-10-30,38.78,1.95026384009247,0.0,0.0,0.0,0.0,0.0,0.0,False,False
2019-10-31,39.24,1.95157818048435,0.0,0.0,0.0,0.0,0.0,0.0,False,False
2019-11-01,54.75,1.9514187128435,0.0,0.0,0.0,0.0,0.0,0.0,False,False
2019-11-04,52.8,1.95126254352114,0.0,0.0,0.0,0.0,0.0,0.0,False,False
2019-11-05,50.87,1.95160222091742,0.0,0.0,0.0,0.0,0.0,0.0,False,False
2019-11-06,44.3,1.9515107137062693,0.0,0.0,0.0,0.0,0.0,0.0,False,False
2019-11-07,56.13,1.95142482971274,0.0,0.0,0.0,0.0,0.0,0.0,False,False
2019-11-08,46.95,1.9516007350870896,0.0,0.0,0.0,0.0,0.0,0.0,False,False
2019-11-11,38.59,1.9516258833432096,0.0,0.0,0.0,0.0,0.0,0.0,False,False
2019-11-12,48.77,1.9514995659532,0.0,0.0,0.0,0.0,0.0,0.0,False,False
2019-11-13,45.48,1.9515528354527,0.0,0.0,0.0,0.0,0.0,0.0,False,False
2019-11-14,55.31,1.95140176764135,0.0,0.0,0.0,0.0,0.0,0.0,False,False
2019-11-15,38.79,1.95134095538678,0.0,0.0,0.0,0.0,0.0,0.0,False,False
2019-11-18,52.37,1.95135900213952,0.0,0.0,0.0,0.0,0.0,0.0,False,False
2019-11-19,62.68,1.95159641415994,0.0,0.0,0.0,0.0,0.0,0.0,False,False
2019-11-20,45.02,1.95164900683431,0.0,0.0,0.0,0.0,0.0,0.0,False,False
2019-11-21,50.13,1.9515912503745896,0.0,0.0,0.0,0.0,0.0,0.0,False,False
2019-11-22,40.43,1.95160900675686,0.0,0.0,0.0,0.0,0.0,0.0,False,False
2019-11-25,44.21,1.9514440158195296,0.0,0.0,0.0,0.0,0.0,0.0,False,False
2019-11-26,44.02,1.9516191181451,0.0,0.0,0.0,0.0,0.0,0.0,False,False
2019-11-27,45.79,1.95154496747432,0.0,0.0,0.0,0.0,0.0,0.0,False,False
2019-11-28,43.0,1.9513070501862293,0.0,0.0,0.0,0.0,0.0,0.0,False,False
2019-11-29,48.11,1.95134449105814,0.0,0.0,0.0,0.0,0.0,0.0,False,False
2019-12-02,50.14,1.95142006399034,0.0,0.0,0.0,0.0,0.0,0.0,False,False
2019-12-03,58.29,1.95092548382416,0.0,0.0,0.0,0.0,0.0,0.0,False,False
2019-12-04,53.99,1.95087420404436,0.0,0.0,0.0,0.0,0.0,0.0,False,False
2019-12-05,63.62,1.95090024035552,0.0,0.0,0.0,0.0,0.0,0.0,False,False
2019-12-06,61.29,1.9509124994171296,0.0,0.0,0.0,0.0,0.0,0.0,False,False
2019-12-09,60.64,1.9500124183645,0.0,0.0,0.0,0.0,0.0,0.0,False,False
2019-12-10,65.79,1.94984599565165,0.0,0.0,0.0,0.0,0.0,0.0,False,False
2019-12-11,43.14,1.9498967641131897,0.0,0.0,0.0,0.0,0.0,0.0,False,False
2019-12-12,44.5,1.95013434547487,0.0,0.0,0.0,0.0,0.0,0.0,False,False
2019-12-13,66.7,1.95007753727688,0.0,0.0,0.0,0.0,0.0,0.0,False,False
2019-12-16,73.52,1.9500935763324696,0.0,0.0,0.0,0.0,0.0,0.0,False,False
2019-12-17,76.77,1.9501992838230096,0.0,0.0,0.0,0.0,0.0,0.0,False,False
2019-12-18,69.27,1.9501090356308897,0.0,0.0,0.0,0.0,0.0,0.0,False,False
2019-12-19,71.11,1.94986768511769,0.0,0.0,0.0,0.0,0.0,0.0,False,False
2019-12-20,42.63,1.94999195033401,0.0,0.0,0.0,0.0,0.0,0.0,False,False
2019-12-23,32.5,1.95012846991714,0.0,0.0,0.0,0.0,0.0,0.0,False,False
2019-12-24,65.09,1.95020132762878,0.0,0.0,0.0,0.0,0.0,0.0,False,False
2019-12-25,61.93,1.950070628266669,0.0,0.0,0.0,0.0,0.0,0.0,False,False
2019-12-26,69.2,1.9538254489654097,0.0,0.0,0.0,0.0,0.0,0.0,False,False
2019-12-27,42.15,1.95400828385333,0.0,0.0,0.0,0.0,0.0,0.0,False,False
2019-12-30,65.11,1.95285337833284,0.0,0.0,0.0,0.0,0.0,0.0,False,False
2019-12-31,64.78,1.95264549454224,0.0,0.0,0.0,0.0,0.0,0.0,False,False
2020-01-02,76.82,1.9525268255911497,0.0,0.0,0.0,0.0,0.0,0.0,False,False
2020-01-03,68.11,1.9524913734600493,0.0,0.0,0.0,0.0,0.0,0.0,False,False
2020-01-06,69.76,1.95269116977668,0.0,0.0,0.0,0.0,0.0,0.0,False,False
2020-01-07,73.43,1.9525765745346093,0.0,0.0,0.0,0.0,0.0,0.0,False,False
2020-01-08,39.98,1.95266173958346,0.0,0.0,0.0,0.0,0.0,0.0,False,False
2020-01-09,74.95,1.95471464475388,0.0,0.0,0.0,0.0,0.0,0.0,False,False
2020-01-10,46.71,1.9547324954457097,0.0,0.0,0.0,0.0,0.0,0.0,False,False
2020-01-13,72.09,1.9545923642855696,0.0,0.0,0.0,0.0,0.0,0.0,False,False
2020-01-14,49.13,1.9546745010707,0.0,0.0,0.0,0.0,0.0,0.0,False,False
2020-01-15,59.58,1.95475102620302,0.0,0.0,0.0,0.0,0.0,0.0,False,False
2020-01-16,56.89,1.9544860243790496,0.0,0.0,0.0,0.0,0.0,0.0,False,False
2020-01-17,52.69,1.95478508921454,0.0,0.0,0.0,0.0,0.0,0.0,False,False
2020-01-20,67.53,1.95488614066124,0.0,0.0,0.0,0.0,0.0,0.0,False,False
2020-01-21,40.99,1.95487543669326,0.0,0.0,0.0,0.0,0.0,0.0,False,False
2020-01-22,60.61,1.95469753805422,0.0,0.0,0.0,0.0,0.0,0.0,False,False
2020-01-23,32.94,1.95475070596598,0.0,0.0,0.0,0.0,0.0,0.0,False,False
2020-02-03,22.02,1.95454365705794,0.0,0.0,0.0,0.0,0.0,0.0,True,False
2020-02-04,44.89,1.95457562060586,0.0,0.0,0.0,0.0,0.0,0.0,False,False
2020-02-05,59.99,1.9544642236333696,0.0,0.0,0.0,0.0,0.0,0.0,False,False
2020-02-06,66.53,1.95456085206662,0.0,0.0,0.0,0.0,0.0,0.0,False,False
2020-02-07,59.5,1.9545544532211696,0.0,0.0,0.0,0.0,0.0,0.0,False,False
2020-02-10,63.26,1.95444258234052,0.0,0.0,0.0,0.0,0.0,0.0,False,False
2020-02-11,53.54,1.95465804295994,0.0,0.0,0.0,0.0,0.0,0.0,False,False
2020-02-12,72.13,1.9548791555221696,0.0,0.0,0.0,0.0,0.0,0.0,False,False
2020-02-13,40.51,1.95450353105586,0.0,0.0,0.0,0.0,0.0,0.0,False,False
2020-02-14,64.49,1.95490390850874,0.0,0.0,0.0,0.0,0.0,0.0,False,False
2020-02-17,87.02,1.9547124632061097,0.0,0.0,0.0,0.0,0.0,0.0,False,False
2020-02-18,87.03,1.95445909693106,0.0,0.0,0.0,0.0,0.0,0.0,False,False
2020-02-19,50.25,1.95471325865804,0.0,0.0,0.0,0.0,0.0,0.0,False,False
2020-02-20,91.58,1.96,0.0,0.0,0.0,0.0,0.0,0.0,False,False
2020-02-21,90.01,2.06,0.0,0.0,0.0,0.0,0.0,0.0,False,False
2020-02-24,91.28,2.16,0.0,0.0,0.0,0.0,0.0,0.0,False,False
2020-02-25,87.08,2.16,0.0,0.0,0.0,0.0,0.0,0.0,False,False
2020-02-26,55.58,2.02,0.0,0.0,0.0,0.0,0.0,0.0,False,False
2020-02-27,79.22,2.04,0.0,0.0,0.0,0.0,0.0,0.0,False,False
2020-02-28,40.47,1.94825201857172,0.0,0.0,0.0,0.0,0.0,0.0,False,False
2020-03-02,88.95,1.96,0.0,0.0,0.0,0.0,0.0,0.0,False,False
2020-03-03,87.78,2.02,0.0,0.0,0.0,0.0,0.0,0.0,False,False
2020-03-04,80.0,2.04,0.0,0.0,0.0,0.0,0.0,0.0,False,False
2020-03-05,91.58,2.12,0.0,0.0,0.0,0.0,0.0,0.0,False,False
2020-03-06,66.35,2.1,0.0,0.0,0.0,0.0,0.0,0.0,False,False
2020-03-09,46.89,1.94811859537578,0.0,0.0,0.0,0.0,0.0,0.0,False,False
2020-03-10,81.78,2.02,0.0,0.0,0.0,0.0,0.0,0.0,False,False
2020-03-11,55.25,1.95118539906085,0.0,0.0,0.0,0.0,0.0,0.0,False,False
2020-03-12,47.99,1.95094549044366,0.0,0.0,0.0,0.0,0.0,0.0,False,False
2020-03-13,36.15,1.95103627958522,0.0,0.0,0.0,0.0,0.0,0.0,False,False
2020-03-16,19.45,1.95108468527994,0.0,0.0,0.0,0.0,0.0,0.0,True,False
2020-03-17,32.58,1.9511673784222896,0.0,0.0,0.0,0.0,0.0,0.0,False,False
2020-03-18,24.04,1.9511451199894,0.0,0.0,0.0,0.0,0.0,0.0,True,False
2020-03-19,34.16,1.9437955307116,0.0,0.0,0.0,0.0,0.0,0.0,False,False
2020-03-20,38.18,1.9438568391844293,0.0,0.0,0.0,0.0,0.0,0.0,False,False
2020-03-23,15.48,1.94380012146356,0.0,0.0,0.0,0.0,0.0,0.0,True,False
2020-03-24,33.88,1.94386407904814,0.0,0.0,0.0,0.0,0.0,0.0,False,False
2020-03-25,40.3,1.94393089869858,0.0,0.0,0.0,0.0,0.0,0.0,False,False
2020-03-26,22.17,1.94372131207965,0.0,0.0,0.0,0.0,0.0,0.0,True,False
2020-03-27,24.13,1.943711834883,0.0,0.0,0.0,0.0,0.0,0.0,True,False
2020-03-30,16.73,1.94388282633262,0.0,0.0,0.0,0.0,0.0,0.0,True,False
2020-03-31,25.94,1.9438255842890493,0.0,0.0,0.0,0.0,0.0,0.0,False,False
2020-04-01,20.84,1.934784053156146,0.0,0.0,0.0,0.0,0.0,0.0,True,False
2020-04-02,38.83,1.9437895878078304,0.0,0.0,0.0,0.0,0.0,0.0,False,False
2020-04-03,25.37,1.9488324443560696,0.0,0.0,0.0,0.0,0.0,0.0,False,False
2020-04-07,43.48,1.94885889506775,0.0,0.0,0.0,0.0,0.0,0.0,False,False
2020-04-08,35.77,1.94814982086393,0.0,0.0,0.0,0.0,0.0,0.0,False,False
2020-04-09,36.83,1.94872806634472,0.0,0.0,0.0,0.0,0.0,0.0,False,False
2020-04-10,19.71,1.95564712727408,0.0,0.0,0.0,0.0,0.0,0.0,True,False
2020-04-13,24.06,1.95574867085984,0.0,0.0,0.0,0.0,0.0,0.0,True,False
2020-04-14,46.46,1.95570219212744,0.0,0.0,0.0,0.0,0.0,0.0,False,False
2020-04-15,44.66,1.95568419820338,0.0,0.0,0.0,0.0,0.0,0.0,False,False
2020-04-16,54.3,1.95795101062626,0.0,0.0,0.0,0.0,0.0,0.0,False,False
2020-04-17,54.48,1.95483440275086,0.0,0.0,0.0,0.0,0.0,0.0,False,False
2020-04-20,62.12,1.9633227848356896,0.0,0.0,0.0,0.0,0.0,0.0,False,False
2020-04-21,51.23,1.96286203860963,0.0,0.0,0.0,0.0,0.0,0.0,False,False
2020-04-22,63.07,1.95339638407839,0.0,0.0,0.0,0.0,0.0,0.0,False,False
2020-04-23,53.57,1.9611005621631,0.0,0.0,0.0,0.0,0.0,0.0,False,False
2020-04-24,38.32,1.967963154130569,0.0,0.0,0.0,0.0,0.0,0.0,False,False
2020-04-27,45.7,1.9826112139921497,0.0,0.0,0.0,0.0,0.0,0.0,False,False
2020-04-28,41.3,1.98098707802286,0.0,0.0,0.0,0.0,0.0,0.0,False,False
2020-04-29,45.53,1.98168894051658,0.0,0.0,0.0,0.0,0.0,0.0,False,False
2020-04-30,59.13,1.96344012569494,0.0,0.0,0.0,0.0,0.0,0.0,False,False
2020-05-06,63.46,1.96073471052094,0.0,0.0,0.0,0.0,0.0,0.0,False,False
2020-05-07,53.9,1.9601270670663693,0.0,0.0,0.0,0.0,0.0,0.0,False,False
2020-05-08,61.19,1.9651004830850896,0.0,0.0,0.0,0.0,0.0,0.0,False,False
2020-05-11,55.13,1.97603087094534,0.0,0.0,0.0,0.0,0.0,0.0,False,False
2020-05-12,53.88,1.9752117105420297,0.0,0.0,0.0,0.0,0.0,0.0,False,False
2020-05-13,61.63,1.97536900360116,0.0,0.0,0.0,0.0,0.0,0.0,False,False
2020-05-14,54.13,1.9738046671628795,0.0,0.0,0.0,0.0,0.0,0.0,False,False
2020-05-15,52.97,1.98253359747158,0.0,0.0,0.0,0.0,0.0,0.0,False,False
2020-05-18,49.56,1.98468399463112,0.0,0.0,0.0,0.0,0.0,0.0,False,False
2020-05-19,63.18,1.96948927590788,0.0,0.0,0.0,0.0,0.0,0.0,False,False
2020-05-20,47.54,1.9743339003531093,0.0,0.0,0.0,0.0,0.0,0.0,False,False
2020-05-21,45.63,1.9732428206650496,0.0,0.0,0.0,0.0,0.0,0.0,False,False
2020-05-22,40.01,1.95312409573683,0.0,0.0,0.0,0.0,0.0,0.0,False,False
2020-05-25,43.87,1.9824795806171,0.0,0.0,0.0,0.0,0.0,0.0,False,False
2020-05-26,61.79,1.9670855760698,0.0,0.0,0.0,0.0,0.0,0.0,False,False
2020-05-27,49.96,1.96581723004394,0.0,0.0,0.0,0.0,0.0,0.0,False,False
2020-05-28,45.36,1.9645364949387296,0.0,0.0,0.0,0.0,0.0,0.0,False,False
2020-05-29,52.35,1.95470224441428,0.0,0.0,0.0,0.0,0.0,0.0,False,False
2020-06-01,69.55,2.02,0.0,0.0,0.0,0.0,0.0,0.0,False,False
2020-06-02,64.17,2.02,0.0,0.0,0.0,0.0,0.0,0.0,False,False
2020-06-03,62.24,2.0,0.0,0.0,0.0,0.0,0.0,0.0,False,False
2020-06-04,59.49,2.02,0.0,0.0,0.0,0.0,0.0,0.0,False,False
2020-06-05,54.66,2.02,0.0,0.0,0.0,0.0,0.0,0.0,False,False
2020-06-08,54.58,2.02,0.0,0.0,0.0,0.0,0.0,0.0,False,False
2020-06-09,60.21,2.06,0.0,0.0,0.0,0.0,0.0,0.0,False,False
2020-06-10,54.12,2.06,0.0,0.0,0.0,0.0,0.0,0.0,False,False
2020-06-11,53.28,2.04,0.0,0.0,0.0,0.0,0.0,0.0,False,False
2020-06-12,55.23,2.06,0.0,0.0,0.0,0.0,0.0,0.0,False,False
2020-06-15,49.02,2.1,0.0,0.0,0.0,0.0,0.0,0.0,False,False
2020-06-16,66.9,2.2,0.0,0.0,0.0,0.0,0.0,0.0,False,False
2020-06-17,61.79,2.22,0.0,0.0,0.0,0.0,0.0,0.0,False,False
2020-06-18,58.41,2.18,0.0,0.0,0.0,0.0,0.0,0.0,False,False
2020-06-19,63.61,2.22,0.0,0.0,0.0,0.0,0.0,0.0,False,False
2020-06-22,62.68,2.24,0.0,0.0,0.0,0.0,0.0,0.0,False,False
2020-06-23,58.13,2.28,0.0,0.0,0.0,0.0,0.0,0.0,False,False
2020-06-24,55.34,2.28,0.0,0.0,0.0,0.0,0.0,0.0,False,False
2020-06-29,52.28,2.26,0.0,0.0,0.0,0.0,0.0,0.0,False,False
2020-06-30,68.19,2.3600000000000003,0.0,0.0,0.0,0.0,0.0,0.0,False,False
2020-07-01,68.42,2.38,0.0,0.0,0.0,0.0,0.0,0.0,False,False
2020-07-02,76.25,2.4400000000000004,0.0,0.0,0.0,0.0,0.0,0.0,False,False
2020-07-03,76.47,2.5,0.0,0.0,0.0,0.0,0.0,0.0,False,False
2020-07-06,86.19,2.7,0.0,0.0,0.0,0.0,0.0,0.0,False,False
2020-07-07,78.49,2.78,0.0,0.0,0.0,0.0,0.0,0.0,False,False
2020-07-08,82.11,2.92,0.0,0.0,0.0,0.0,0.0,0.0,False,False
2020-07-09,84.37,3.1,0.0,0.0,0.0,0.0,0.0,0.0,False,False
2020-07-10,53.31,3.1,0.0,0.0,0.0,0.0,0.0,0.0,False,False
2020-07-13,85.12,3.245500259786789,0.0,0.0,0.0,0.0,0.0,0.0,False,False
2020-07-14,51.97,3.1971152664859983,0.0,0.0,0.0,0.0,0.0,0.0,False,False
2020-07-15,44.16,3.1151403098617685,0.0,0.0,0.0,0.0,0.0,0.0,False,False
2020-07-16,43.67,2.78,0.0,0.0,0.0,0.0,0.0,0.0,False,False
2020-07-17,67.8,2.8,0.0,0.0,0.0,0.0,0.0,0.0,False,False
2020-07-20,82.4,3.0,0.0,0.0,0.0,0.0,0.0,0.0,False,False
2020-07-21,73.24,3.04,0.0,0.0,0.0,0.0,0.0,0.0,False,False
2020-07-22,76.03,3.06186927374301,0.0,0.0,0.0,0.0,0.0,0.0,False,False
2020-07-23,75.02,3.075922628688448,0.0,0.0,0.0,0.0,0.0,0.0,False,False
2020-07-24,45.97,2.8,0.0,0.0,0.0,0.0,0.0,0.0,False,False
2020-07-27,61.77,2.8,0.0,0.0,0.0,0.0,0.0,0.0,False,False
2020-07-28,70.54,2.88,0.0,0.0,0.0,0.0,0.0,0.0,False,False
2020-07-29,81.81,3.04,0.0,0.0,0.0,0.0,0.0,0.0,False,False
2020-07-30,66.66,3.02,0.0,0.0,0.0,0.0,0.0,0.0,False,False
2020-07-31,81.74,3.1,0.0,0.0,0.0,0.0,0.0,0.0,False,False
2020-08-03,89.2,3.1503410430839005,0.0,0.0,0.0,0.0,0.0,0.0,False,False
2020-08-04,59.31,3.130181286549708,0.0,0.0,0.0,0.0,0.0,0.0,False,False
2020-08-05,81.72,3.1562695731153503,0.0,0.0,0.0,0.0,0.0,0.0,False,False
2020-08-06,61.96,3.169220876523004,0.0,0.0,0.0,0.0,0.0,0.0,False,False
2020-08-07,51.05,3.15036551406178,0.0,0.0,0.0,0.0,0.0,0.0,False,False
2020-08-10,59.47,3.126894674774277,0.0,0.0,0.0,0.0,0.0,0.0,False,False
2020-08-11,41.97,3.0900773987407195,0.0,0.0,0.0,0.0,0.0,0.0,False,False
2020-08-12,39.18,3.02,0.0,0.0,0.0,0.0,0.0,0.0,False,False
2020-08-13,46.19,3.04,0.0,0.0,0.0,0.0,0.0,0.0,False,False
2020-08-14,50.73,3.0618392870686386,0.0,0.0,0.0,0.0,0.0,0.0,False,False
2020-08-17,75.8,3.09920260707635,0.0,0.0,0.0,0.0,0.0,0.0,False,False
2020-08-18,71.89,3.135962765760769,0.0,0.0,0.0,0.0,0.0,0.0,False,False
2020-08-19,45.49,3.1114941619585688,0.0,0.0,0.0,0.0,0.0,0.0,False,False
2020-08-20,41.27,3.04,0.0,0.0,0.0,0.0,0.0,0.0,False,False
2020-08-21,53.35,3.0779803247373447,0.0,0.0,0.0,0.0,0.0,0.0,False,False
2020-08-24,63.64,3.109150085082246,0.0,0.0,0.0,0.0,0.0,0.0,False,False
2020-08-25,61.0,3.1,0.0,0.0,0.0,0.0,0.0,0.0,False,False
2020-08-26,46.92,2.9400000000000004,0.0,0.0,0.0,0.0,0.0,0.0,False,False
2020-08-27,57.98,2.9800000000000004,0.0,0.0,0.0,0.0,0.0,0.0,False,False
2020-08-28,59.71,3.04,0.0,0.0,0.0,0.0,0.0,0.0,False,False
2020-08-31,56.56,3.06,0.0,0.0,0.0,0.0,0.0,0.0,False,False
2020-09-01,58.64,3.0966949201741656,0.0,0.0,0.0,0.0,0.0,0.0,False,False
2020-09-02,60.37,3.1,0.0,0.0,0.0,0.0,0.0,0.0,False,False
2020-09-03,45.96,3.04,0.0,0.0,0.0,0.0,0.0,0.0,False,False
2020-09-04,50.42,3.0,0.0,0.0,0.0,0.0,0.0,0.0,False,False
2020-09-07,37.34,2.88,0.0,0.0,0.0,0.0,0.0,0.0,False,False
2020-09-08,47.51,2.9000000000000004,0.0,0.0,0.0,0.0,0.0,0.0,False,False
2020-09-09,28.98,2.7,0.0,0.0,0.0,0.0,0.0,0.0,False,False
2020-09-10,29.56,2.54,0.0,0.0,0.0,0.0,0.0,0.0,False,False
2020-09-11,48.08,2.62,0.0,0.0,0.0,0.0,0.0,0.0,False,False
2020-09-14,51.61,2.7,0.0,0.0,0.0,0.0,0.0,0.0,False,False
2020-09-15,47.69,2.74,0.0,0.0,0.0,0.0,0.0,0.0,False,False
2020-09-16,40.66,2.68,0.0,0.0,0.0,0.0,0.0,0.0,False,False
2020-09-17,47.38,2.7,0.0,0.0,0.0,0.0,0.0,0.0,False,False
2020-09-18,54.62,2.78,0.0,0.0,0.0,0.0,0.0,0.0,False,False
2020-09-21,45.61,2.78,0.0,0.0,0.0,0.0,0.0,0.0,False,False
2020-09-22,38.37,2.68,0.0,0.0,0.0,0.0,0.0,0.0,False,False
2020-09-23,52.76,2.72,0.0,0.0,0.0,0.0,0.0,0.0,False,False
2020-09-24,32.28,2.56,0.0,0.0,0.0,0.0,0.0,0.0,False,False
2020-09-25,36.76,2.54,0.0,0.0,0.0,0.0,0.0,0.0,False,False
2020-09-28,32.68,2.46,0.0,0.0,0.0,0.0,0.0,0.0,False,False
2020-09-29,45.23,2.52,0.0,0.0,0.0,0.0,0.0,0.0,False,False
2020-09-30,37.15,2.52,0.0,0.0,0.0,0.0,0.0,0.0,False,False
2020-10-09,59.88,2.68,0.0,0.0,0.0,0.0,0.0,0.0,False,False
2020-10-12,64.7,2.8600000000000003,0.0,0.0,0.0,0.0,0.0,0.0,False,False
2020-10-13,59.98,2.88,0.0,0.0,0.0,0.0,0.0,0.0,False,False
2020-10-14,51.45,2.8200000000000003,0.0,0.0,0.0,0.0,0.0,0.0,False,False
2020-10-15,48.07,2.78,0.0,0.0,0.0,0.0,0.0,0.0,False,False
2020-10-16,50.97,2.76,0.0,0.0,0.0,0.0,0.0,0.0,False,False
2020-10-19,44.93,2.7,0.0,0.0,0.0,0.0,0.0,0.0,False,False
2020-10-20,60.92,2.74,0.0,0.0,0.0,0.0,0.0,0.0,False,False
2020-10-21,43.9,2.66,0.0,0.0,0.0,0.0,0.0,0.0,False,False
2020-10-22,46.21,2.62,0.0,0.0,0.0,0.0,0.0,0.0,False,False
2020-10-23,36.48,2.5,0.0,0.0,0.0,0.0,0.0,0.0,False,False
2020-10-26,47.42,2.52,0.0,0.0,0.0,0.0,0.0,0.0,False,False
2020-10-27,45.67,2.54,0.0,0.0,0.0,0.0,0.0,0.0,False,False
2020-10-28,48.65,2.4800000000000004,0.0,0.0,0.0,0.0,0.0,0.0,False,False
2020-10-29,46.6,2.4800000000000004,0.0,0.0,0.0,0.0,0.0,0.0,False,False
2020-10-30,35.33,2.34,0.0,0.0,0.0,0.0,0.0,0.0,False,False
2020-11-02,46.96,2.34,0.0,0.0,0.0,0.0,0.0,0.0,False,False
2020-11-03,59.37,2.4400000000000004,0.0,0.0,0.0,0.0,0.0,0.0,False,False
2020-11-04,48.0,2.4400000000000004,0.0,0.0,0.0,0.0,0.0,0.0,False,False
2020-11-05,63.79,2.54,0.0,0.0,0.0,0.0,0.0,0.0,False,False
2020-11-06,46.66,2.4800000000000004,0.0,0.0,0.0,0.0,0.0,0.0,False,False
2020-11-09,71.21,2.6,0.0,0.0,0.0,0.0,0.0,0.0,False,False
2020-11-10,47.04,2.56,0.0,0.0,0.0,0.0,0.0,0.0,False,False
2020-11-11,46.1,2.46,0.0,0.0,0.0,0.0,0.0,0.0,False,False
2020-11-12,53.49,2.4800000000000004,0.0,0.0,0.0,0.0,0.0,0.0,False,False
2020-11-13,49.5,2.4800000000000004,0.0,0.0,0.0,0.0,0.0,0.0,False,False
2020-11-16,59.57,2.52,0.0,0.0,0.0,0.0,0.0,0.0,False,False
2020-11-17,47.7,2.46,0.0,0.0,0.0,0.0,0.0,0.0,False,False
2020-11-18,52.71,2.46,0.0,0.0,0.0,0.0,0.0,0.0,False,False
2020-11-19,54.39,2.5,0.0,0.0,0.0,0.0,0.0,0.0,False,False
2020-11-20,54.63,2.54,0.0,0.0,0.0,0.0,0.0,0.0,False,False
2020-11-23,55.33,2.56,0.0,0.0,0.0,0.0,0.0,0.0,False,False
2020-11-24,48.87,2.56,0.0,0.0,0.0,0.0,0.0,0.0,False,False
2020-11-25,39.44,2.46,0.0,0.0,0.0,0.0,0.0,0.0,False,False
2020-11-26,43.5,2.4400000000000004,0.0,0.0,0.0,0.0,0.0,0.0,False,False
2020-11-27,48.16,2.4400000000000004,0.0,0.0,0.0,0.0,0.0,0.0,False,False
2020-11-30,43.29,2.42,0.0,0.0,0.0,0.0,0.0,0.0,False,False
2020-12-01,60.72,2.4800000000000004,0.0,0.0,0.0,0.0,0.0,0.0,False,False
2020-12-02,58.61,2.5,0.0,0.0,0.0,0.0,0.0,0.0,False,False
2020-12-03,53.42,2.5,0.0,0.0,0.0,0.0,0.0,0.0,False,False
2020-12-04,51.66,2.52,0.0,0.0,0.0,0.0,0.0,0.0,False,False
2020-12-07,49.41,2.52,0.0,0.0,0.0,0.0,0.0,0.0,False,False
2020-12-08,48.48,2.52,0.0,0.0,0.0,0.0,0.0,0.0,False,False
2020-12-09,45.94,2.42,0.0,0.0,0.0,0.0,0.0,0.0,False,False
2020-12-10,48.76,2.4400000000000004,0.0,0.0,0.0,0.0,0.0,0.0,False,False
2020-12-11,39.64,2.3600000000000003,0.0,0.0,0.0,0.0,0.0,0.0,False,False
2020-12-14,52.4,2.6,0.0,0.0,0.0,0.0,0.0,0.0,False,False
2020-12-15,48.93,2.62,0.0,0.0,0.0,0.0,0.0,0.0,False,False
2020-12-16,44.12,2.6,0.0,0.0,0.0,0.0,0.0,0.0,False,False
2020-12-17,55.66,2.64,0.0,0.0,0.0,0.0,0.0,0.0,False,False
2020-12-18,47.08,2.6,0.0,0.0,0.0,0.0,0.0,0.0,False,False
2020-12-21,58.29,2.72,0.0,0.0,0.0,0.0,0.0,0.0,False,False
2020-12-22,38.85,2.58,0.0,0.0,0.0,0.0,0.0,0.0,False,False
2020-12-23,59.23,2.64,0.0,0.0,0.0,0.0,0.0,0.0,False,False
2020-12-24,40.97,2.54,0.0,0.0,0.0,0.0,0.0,0.0,False,False
2020-12-25,52.58,2.6,0.0,0.0,0.0,0.0,0.0,0.0,False,False
2020-12-28,47.08,2.56,0.0,0.0,0.0,0.0,0.0,0.0,False,False
2020-12-29,41.65,2.52,0.0,0.0,0.0,0.0,0.0,0.0,False,False
2020-12-30,53.21,2.56,0.0,0.0,0.0,0.0,0.0,0.0,False,False
2020-12-31,58.94,2.66,0.0,0.0,0.0,0.0,0.0,0.0,False,False
2021-01-04,67.14,2.8,0.0,0.0,0.0,0.0,0.0,0.0,False,False
2021-01-05,62.21,2.8200000000000003,0.0,0.0,0.0,0.0,0.0,0.0,False,False
2021-01-06,57.12,2.76,0.0,0.0,0.0,0.0,0.0,0.0,False,False
2021-01-07,52.56,2.66,0.0,0.0,0.0,0.0,0.0,0.0,False,False
2021-01-08,46.81,2.62,0.0,0.0,0.0,0.0,0.0,0.0,False,False
2021-01-11,37.72,2.54,0.0,0.0,0.0,0.0,0.0,0.0,False,False
2021-01-12,63.0,2.6,0.0,0.0,0.0,0.0,0.0,0.0,False,False
2021-01-13,42.58,2.56,0.0,0.0,0.0,0.0,0.0,0.0,False,False
2021-01-14,49.35,2.56,0.0,0.0,0.0,0.0,0.0,0.0,False,False
2021-01-15,56.37,2.58,0.0,0.0,0.0,0.0,0.0,0.0,False,False
2021-01-18,64.54,2.68,0.0,0.0,0.0,0.0,0.0,0.0,False,False
2021-01-19,53.68,2.64,0.0,0.0,0.0,0.0,0.0,0.0,False,False
2021-01-20,59.2,2.7,0.0,0.0,0.0,0.0,0.0,0.0,False,False
2021-01-21,66.28,2.76,0.0,0.0,0.0,0.0,0.0,0.0,False,False
2021-01-22,55.05,2.74,0.0,0.0,0.0,0.0,0.0,0.0,False,False
2021-01-25,54.42,2.7,0.0,0.0,0.0,0.0,0.0,0.0,False,False
2021-01-26,49.02,2.6,0.0,0.0,0.0,0.0,0.0,0.0,False,False
2021-01-27,54.93,2.6,0.0,0.0,0.0,0.0,0.0,0.0,False,False
2021-01-28,45.56,2.46,0.0,0.0,0.0,0.0,0.0,0.0,False,False
2021-01-29,41.53,2.38,0.0,0.0,0.0,0.0,0.0,0.0,False,False
2021-02-01,51.85,2.4400000000000004,0.0,0.0,0.0,0.0,0.0,0.0,False,False
2021-02-02,53.32,2.5,0.0,0.0,0.0,0.0,0.0,0.0,False,False
2021-02-03,44.38,2.4000000000000004,0.0,0.0,0.0,0.0,0.0,0.0,False,False
2021-02-04,38.7,2.3,0.0,0.0,0.0,0.0,0.0,0.0,False,False
2021-02-05,36.26,2.2,0.0,0.0,0.0,0.0,0.0,0.0,False,False
2021-02-08,44.72,2.22,0.0,0.0,0.0,0.0,0.0,0.0,False,False
2021-02-09,57.16,2.38,0.0,0.0,0.0,0.0,0.0,0.0,False,False
2021-02-10,51.81,2.42,0.0,0.0,0.0,0.0,0.0,0.0,False,False
2021-02-18,58.75,2.5,0.0,0.0,0.0,0.0,0.0,0.0,False,False
2021-02-19,63.97,2.6,0.0,0.0,0.0,0.0,0.0,0.0,False,False
2021-02-22,42.81,2.6,0.0,0.0,0.0,0.0,0.0,0.0,False,False
2021-02-23,39.28,2.56,0.0,0.0,0.0,0.0,0.0,0.0,False,False
2021-02-24,37.95,2.5,0.0,0.0,0.0,0.0,0.0,0.0,False,False
2021-02-25,39.5,2.46,0.0,0.0,0.0,0.0,0.0,0.0,False,False
2021-02-26,36.78,2.38,0.0,0.0,0.0,0.0,0.0,0.0,False,False
2021-03-01,55.27,2.52,0.0,0.0,0.0,0.0,0.0,0.0,False,False
2021-03-02,40.3,2.5,0.0,0.0,0.0,0.0,0.0,0.0,False,False
2021-03-03,54.88,2.58,0.0,0.0,0.0,0.0,0.0,0.0,False,False
2021-03-04,29.65,2.46,0.0,0.0,0.0,0.0,0.0,0.0,False,False
2021-03-05,42.7,2.4800000000000004,0.0,0.0,0.0,0.0,0.0,0.0,False,False
2021-03-08,23.88,2.3600000000000003,0.0,0.0,0.0,0.0,0.0,0.0,True,False
2021-03-09,18.09,2.18,0.0,0.0,0.0,0.0,0.0,0.0,True,False
2021-03-10,26.32,2.14,0.0,0.0,0.0,0.0,0.0,0.0,False,False
2021-03-11,45.63,2.26,0.0,0.0,0.0,0.0,0.0,0.0,False,False
2021-03-12,37.64,2.26,0.0,0.0,0.0,0.0,0.0,0.0,False,False
2021-03-15,31.83,2.22,0.0,0.0,0.0,0.0,0.0,0.0,False,False
2021-03-16,41.79,2.26,0.0,0.0,0.0,0.0,0.0,0.0,False,False
2021-03-17,42.02,2.28,0.0,0.0,0.0,0.0,0.0,0.0,False,False
2021-03-18,40.96,2.3200000000000003,0.0,0.0,0.0,0.0,0.0,0.0,False,False
2021-03-19,35.71,2.28,0.0,0.0,0.0,0.0,0.0,0.0,False,False
2021-03-22,46.8,2.3600000000000003,0.0,0.0,0.0,0.0,0.0,0.0,False,False
2021-03-23,29.32,2.3,0.0,0.0,0.0,0.0,0.0,0.0,False,False
2021-03-24,31.81,2.22,0.0,0.0,0.0,0.0,0.0,0.0,False,False
2021-03-25,32.32,2.2,0.0,0.0,0.0,0.0,0.0,0.0,False,False
2021-03-26,47.16,2.3,0.0,0.0,0.0,0.0,0.0,0.0,False,False
2021-03-29,41.01,2.3200000000000003,0.0,0.0,0.0,0.0,0.0,0.0,False,False
2021-03-30,39.05,2.3,0.0,0.0,0.0,0.0,0.0,0.0,False,False
2021-03-31,43.44,2.28,0.0,0.0,0.0,0.0,0.0,0.0,False,False
2021-04-01,43.96,2.3200000000000003,0.0,0.0,0.0,0.0,0.0,0.0,False,False
2021-04-02,47.61,2.3200000000000003,0.0,0.0,0.0,0.0,0.0,0.0,False,False
2021-04-06,53.48,2.38,0.0,0.0,0.0,0.0,0.0,0.0,False,False
2021-04-07,58.81,2.38,0.0,0.0,0.0,0.0,0.0,0.0,False,False
2021-04-08,49.45,2.4000000000000004,0.0,0.0,0.0,0.0,0.0,0.0,False,False
2021-04-09,49.49,2.38,0.0,0.0,0.0,0.0,0.0,0.0,False,False
2021-04-12,34.39,2.24,0.0,0.0,0.0,0.0,0.0,0.0,False,False
2021-04-13,35.97,2.2,0.0,0.0,0.0,0.0,0.0,0.0,False,False
2021-04-14,54.82,2.26,0.0,0.0,0.0,0.0,0.0,0.0,False,False
2021-04-15,44.11,2.22,0.0,0.0,0.0,0.0,0.0,0.0,False,False
2021-04-16,54.46,2.28,0.0,0.0,0.0,0.0,0.0,0.0,False,False
2021-04-19,66.99,2.3600000000000003,0.0,0.0,0.0,0.0,0.0,0.0,False,False
2021-04-20,53.48,2.3600000000000003,0.0,0.0,0.0,0.0,0.0,0.0,False,False
2021-04-21,49.63,2.3600000000000003,0.0,0.0,0.0,0.0,0.0,0.0,False,False
2021-04-22,56.33,2.3600000000000003,0.0,0.0,0.0,0.0,0.0,0.0,False,False
2021-04-23,46.73,2.34,0.0,0.0,0.0,0.0,0.0,0.0,False,False
2021-04-26,46.01,2.3,0.0,0.0,0.0,0.0,0.0,0.0,False,False
2021-04-27,44.86,2.24,0.0,0.0,0.0,0.0,0.0,0.0,False,False
2021-04-28,50.41,2.28,0.0,0.0,0.0,0.0,0.0,0.0,False,False
2021-04-29,47.62,2.26,0.0,0.0,0.0,0.0,0.0,0.0,False,False
2021-04-30,40.96,2.22,0.0,0.0,0.0,0.0,0.0,0.0,False,False
2021-05-06,47.88,2.22,0.0,0.0,0.0,0.0,0.0,0.0,False,False
2021-05-07,39.91,2.16,0.0,0.0,0.0,0.0,0.0,0.0,False,False
2021-05-10,46.62,2.18,0.0,0.0,0.0,0.0,0.0,0.0,False,False
2021-05-11,53.54,2.18,0.0,0.0,0.0,0.0,0.0,0.0,False,False
2021-05-12,53.89,2.24,0.0,0.0,0.0,0.0,0.0,0.0,False,False
2021-05-13,39.36,2.18,0.0,0.0,0.0,0.0,0.0,0.0,False,False
2021-05-14,61.28,2.26,0.0,0.0,0.0,0.0,0.0,0.0,False,False
2021-05-17,46.85,2.28,0.0,0.0,0.0,0.0,0.0,0.0,False,False
2021-05-18,55.91,2.3,0.0,0.0,0.0,0.0,0.0,0.0,False,False
2021-05-19,55.18,2.3,0.0,0.0,0.0,0.0,0.0,0.0,False,False
2021-05-20,52.65,2.3,0.0,0.0,0.0,0.0,0.0,0.0,False,False
2021-05-21,55.0,2.3,0.0,0.0,0.0,0.0,0.0,0.0,False,False
2021-05-24,59.47,2.34,0.0,0.0,0.0,0.0,0.0,0.0,False,False
2021-05-25,64.56,2.42,0.0,0.0,0.0,0.0,0.0,0.0,False,False
2021-05-26,55.65,2.4400000000000004,0.0,0.0,0.0,0.0,0.0,0.0,False,False
2021-05-27,62.22,2.4802799178222905,0.0,0.0,0.0,0.0,0.0,0.0,False,False
2021-05-28,47.79,2.4800000000000004,0.0,0.0,0.0,0.0,0.0,0.0,False,False
2021-05-31,63.08,2.5018746049804004,0.0,0.0,0.0,0.0,0.0,0.0,False,False
2021-06-01,64.63,2.514734991208239,0.0,0.0,0.0,0.0,0.0,0.0,False,False
2021-06-02,42.0,2.493938814531549,0.0,0.0,0.0,0.0,0.0,0.0,False,False
2021-06-03,45.48,2.4804294478527606,0.0,0.0,0.0,0.0,0.0,0.0,False,False
2021-06-04,49.44,2.516165839378892,0.0,0.0,0.0,0.0,0.0,0.0,False,False
2021-06-07,51.15,2.5528544423440453,0.0,0.0,0.0,0.0,0.0,0.0,False,False
2021-06-08,38.92,2.531714322023128,0.0,0.0,0.0,0.0,0.0,0.0,False,False
2021-06-09,47.7,2.5323176500444107,0.0,0.0,0.0,0.0,0.0,0.0,False,False
2021-06-10,55.76,2.553788164342254,0.0,0.0,0.0,0.0,0.0,0.0,False,False
2021-06-11,35.33,2.557899620924943,0.0,0.0,0.0,0.0,0.0,0.0,False,False
2021-06-15,35.62,2.64,0.0,0.0,0.0,0.0,0.0,0.0,False,False
2021-06-16,42.24,2.5,0.0,0.0,0.0,0.0,0.0,0.0,False,False
2021-06-17,56.84,2.6,0.0,0.0,0.0,0.0,0.0,0.0,False,False
2021-06-18,62.54,2.66,0.0,0.0,0.0,0.0,0.0,0.0,False,False
2021-06-21,62.49,2.6952680876258075,0.0,0.0,0.0,0.0,0.0,0.0,False,False
2021-06-22,62.83,2.701921362083179,0.0,0.0,0.0,0.0,0.0,0.0,False,False
2021-06-23,58.23,2.7168643266643264,0.0,0.0,0.0,0.0,0.0,0.0,False,False
2021-06-24,49.77,2.694482341831917,0.0,0.0,0.0,0.0,0.0,0.0,False,False
2021-06-25,60.63,2.7052332040888265,0.0,0.0,0.0,0.0,0.0,0.0,False,False
2021-06-28,59.9,2.730826601444212,0.0,0.0,0.0,0.0,0.0,0.0,False,False
2021-06-29,49.49,2.70944882629108,0.0,0.0,0.0,0.0,0.0,0.0,False,False
2021-06-30,59.07,2.7273664342166435,0.0,0.0,0.0,0.0,0.0,0.0,False,False
2021-07-01,45.14,2.701154738330976,0.0,0.0,0.0,0.0,0.0,0.0,False,False
2021-07-02,50.91,2.6708790564689,0.0,0.0,0.0,0.0,0.0,0.0,False,False
2021-07-05,60.44,2.698708759553204,0.0,0.0,0.0,0.0,0.0,0.0,False,False
2021-07-06,49.77,2.694542593905032,0.0,0.0,0.0,0.0,0.0,0.0,False,False
2021-07-07,61.38,2.713243313581968,0.0,0.0,0.0,0.0,0.0,0.0,False,False
2021-07-08,43.83,2.664166434216644,0.0,0.0,0.0,0.0,0.0,0.0,False,False
2021-07-09,52.54,2.695395746648174,0.0,0.0,0.0,0.0,0.0,0.0,False,False
2021-07-12,68.62,2.690629982964225,0.0,0.0,0.0,0.0,0.0,0.0,False,False
2021-07-13,62.84,2.6943368302312467,0.0,0.0,0.0,0.0,0.0,0.0,False,False
2021-07-14,41.3,2.6755243440565826,0.0,0.0,0.0,0.0,0.0,0.0,False,False
2021-07-15,52.11,2.6889243440565824,0.0,0.0,0.0,0.0,0.0,0.0,False,False
2021-07-16,41.74,2.674327339281629,0.0,0.0,0.0,0.0,0.0,0.0,False,False
2021-07-19,48.78,2.6706394721744124,0.0,0.0,0.0,0.0,0.0,0.0,False,False
2021-07-20,50.69,2.665863468128856,0.0,0.0,0.0,0.0,0.0,0.0,False,False
2021-07-21,65.46,2.703196143065366,0.0,0.0,0.0,0.0,0.0,0.0,False,False
2021-07-22,62.64,2.722612263099213,0.0,0.0,0.0,0.0,0.0,0.0,False,False
2021-07-23,37.99,2.687729410438508,0.0,0.0,0.0,0.0,0.0,0.0,False,False
2021-07-26,36.7,2.629396801462189,0.0,0.0,0.0,0.0,0.0,0.0,False,False
2021-07-27,31.65,2.5924219795702714,0.0,0.0,0.0,0.0,0.0,0.0,False,False
2021-07-28,32.29,2.555188868897685,0.0,0.0,0.0,0.0,0.0,0.0,False,False
2021-07-29,62.31,2.607047817529228,0.0,0.0,0.0,0.0,0.0,0.0,False,False
2021-07-30,46.25,2.578460608162793,0.0,0.0,0.0,0.0,0.0,0.0,False,False
2021-08-02,65.88,2.610136966394187,0.0,0.0,0.0,0.0,0.0,0.0,False,False
2021-08-03,41.8,2.588696250287548,0.0,0.0,0.0,0.0,0.0,0.0,False,False
2021-08-04,63.6,2.638468512266487,0.0,0.0,0.0,0.0,0.0,0.0,False,False
2021-08-05,46.29,2.602911246888436,0.0,0.0,0.0,0.0,0.0,0.0,False,False
2021-08-06,51.31,2.619870163564573,0.0,0.0,0.0,0.0,0.0,0.0,False,False
2021-08-09,63.65,2.659212478920735,0.0,0.0,0.0,0.0,0.0,0.0,False,False
2021-08-10,66.41,2.6745749663526244,0.0,0.0,0.0,0.0,0.0,0.0,False,False
2021-08-11,55.2,2.6938243842639027,0.0,0.0,0.0,0.0,0.0,0.0,False,False
2021-08-12,50.42,2.684397779997773,0.0,0.0,0.0,0.0,0.0,0.0,False,False
2021-08-13,49.17,2.69576197464976,0.0,0.0,0.0,0.0,0.0,0.0,False,False
2021-08-16,46.84,2.689389964157706,0.0,0.0,0.0,0.0,0.0,0.0,False,False
2021-08-17,30.84,2.6024260869565152,0.0,0.0,0.0,0.0,0.0,0.0,False,False
2021-08-18,56.1,2.5823714053991424,0.0,0.0,0.0,0.0,0.0,0.0,False,False
2021-08-19,45.56,2.591768841330111,0.0,0.0,0.0,0.0,0.0,0.0,False,False
2021-08-20,39.45,2.585714484195901,0.0,0.0,0.0,0.0,0.0,0.0,False,False
2021-08-23,63.7,2.660735178933154,0.0,0.0,0.0,0.0,0.0,0.0,False,False
2021-08-24,60.96,2.6620757809875712,0.0,0.0,0.0,0.0,0.0,0.0,False,False
2021-08-25,60.11,2.679428641316433,0.0,0.0,0.0,0.0,0.0,0.0,False,False
2021-08-26,42.49,2.641657677389916,0.0,0.0,0.0,0.0,0.0,0.0,False,False
2021-08-27,48.97,2.620673635946813,0.0,0.0,0.0,0.0,0.0,0.0,False,False
2021-08-30,50.85,2.614096479195245,0.0,0.0,0.0,0.0,0.0,0.0,False,False
2021-08-31,42.04,2.611996801462189,0.0,0.0,0.0,0.0,0.0,0.0,False,False
2021-09-01,39.13,2.5628927536231885,0.0,0.0,0.0,0.0,0.0,0.0,False,False
2021-09-02,51.33,2.591839472174412,0.0,0.0,0.0,0.0,0.0,0.0,False,False
2021-09-03,41.33,2.5728478175292344,0.0,0.0,0.0,0.0,0.0,0.0,False,False
2021-09-06,65.43,2.60637949069316,0.0,0.0,0.0,0.0,0.0,0.0,False,False
2021-09-07,68.53,2.6637749663526176,0.0,0.0,0.0,0.0,0.0,0.0,False,False
2021-09-08,72.16,2.672770308123243,0.0,0.0,0.0,0.0,0.0,0.0,False,False
2021-09-09,66.44,2.6781968680089485,0.0,0.0,0.0,0.0,0.0,0.0,False,False
2021-09-10,65.5,2.680745596432553,0.0,0.0,0.0,0.0,0.0,0.0,False,False
2021-09-13,55.39,2.7130961585298348,0.0,0.0,0.0,0.0,0.0,0.0,False,False
2021-09-14,47.66,2.699419997775553,0.0,0.0,0.0,0.0,0.0,0.0,False,False
2021-09-15,58.6,2.7256966103566302,0.0,0.0,0.0,0.0,0.0,0.0,False,False
2021-09-16,36.77,2.660404462566542,0.0,0.0,0.0,0.0,0.0,0.0,False,False
2021-09-17,47.72,2.646014433458341,0.0,0.0,0.0,0.0,0.0,0.0,False,False
2021-09-22,55.97,2.6524397652900027,0.0,0.0,0.0,0.0,0.0,0.0,False,False
2021-09-23,58.18,2.6566372218476064,0.0,0.0,0.0,0.0,0.0,0.0,False,False
2021-09-24,42.98,2.6361766689450903,0.0,0.0,0.0,0.0,0.0,0.0,False,False
2021-09-27,37.09,2.5775503984997656,0.0,0.0,0.0,0.0,0.0,0.0,False,False
2021-09-28,47.3,2.57710936329588,0.0,0.0,0.0,0.0,0.0,0.0,False,False
2021-09-29,32.47,2.4819596018451016,0.0,0.0,0.0,0.0,0.0,0.0,False,False
2021-09-30,52.11,2.5585179941002947,0.0,0.0,0.0,0.0,0.0,0.0,False,False
2021-10-08,51.2,2.5830197216324606,0.0,0.0,0.0,0.0,0.0,0.0,False,False
2021-10-11,44.03,2.600364757500296,0.0,0.0,0.0,0.0,0.0,0.0,False,False
2021-10-12,36.62,2.553772131346177,0.0,0.0,0.0,0.0,0.0,0.0,False,False
2021-10-13,47.07,2.572058651307896,0.0,0.0,0.0,0.0,0.0,0.0,False,False
2021-10-14,49.02,2.5885605291383627,0.0,0.0,0.0,0.0,0.0,0.0,False,False
2021-10-15,37.89,2.5928012884753047,0.0,0.0,0.0,0.0,0.0,0.0,False,False
2021-10-18,45.58,2.6660092605716987,0.0,0.0,0.0,0.0,0.0,0.0,False,False
2021-10-19,47.16,2.669259093034128,0.0,0.0,0.0,0.0,0.0,0.0,False,False
2021-10-20,39.99,2.658530993330986,0.0,0.0,0.0,0.0,0.0,0.0,False,False
2021-10-21,36.6,2.626915307683257,0.0,0.0,0.0,0.0,0.0,0.0,False,False
2021-10-22,36.74,2.615914285714279,0.0,0.0,0.0,0.0,0.0,0.0,False,False
2021-10-25,48.12,2.641204607428303,0.0,0.0,0.0,0.0,0.0,0.0,False,False
2021-10-26,37.48,2.610318489490559,0.0,0.0,0.0,0.0,0.0,0.0,False,False
2021-10-27,32.79,2.5838630163304512,0.0,0.0,0.0,0.0,0.0,0.0,False,False
2021-10-28,31.81,2.504165008661223,0.0,0.0,0.0,0.0,0.0,0.0,False,False
2021-10-29,42.19,2.528446669120348,0.0,0.0,0.0,0.0,0.0,0.0,False,False
2021-11-01,48.37,2.5068391651319826,0.0,0.0,0.0,0.0,0.0,0.0,False,False
2021-11-02,33.66,2.46489281630624,0.0,0.0,0.0,0.0,0.0,0.0,False,False
2021-11-03,43.51,2.4779182483562767,0.0,0.0,0.0,0.0,0.0,0.0,False,False
2021-11-04,51.16,2.50245325009181,0.0,0.0,0.0,0.0,0.0,0.0,False,False
2021-11-05,36.19,2.445394539587987,0.0,0.0,0.0,0.0,0.0,0.0,False,False
2021-11-08,48.03,2.458646094813715,0.0,0.0,0.0,0.0,0.0,0.0,False,False
2021-11-09,50.94,2.4914250701818625,0.0,0.0,0.0,0.0,0.0,0.0,False,False
2021-11-10,48.55,2.5005975579975512,0.0,0.0,0.0,0.0,0.0,0.0,False,False
2021-11-11,46.38,2.5343054646795102,0.0,0.0,0.0,0.0,0.0,0.0,False,False
2021-11-12,50.02,2.567341633775857,0.0,0.0,0.0,0.0,0.0,0.0,False,False
2021-11-15,45.37,2.550594478453967,0.0,0.0,0.0,0.0,0.0,0.0,False,False
2021-11-16,35.74,2.524475712380259,0.0,0.0,0.0,0.0,0.0,0.0,False,False
2021-11-17,51.81,2.568641392465427,0.0,0.0,0.0,0.0,0.0,0.0,False,False
2021-11-18,40.91,2.5587080591320936,0.0,0.0,0.0,0.0,0.0,0.0,False,False
2021-11-19,52.14,2.59775406360424,0.0,0.0,0.0,0.0,0.0,0.0,False,False
2021-11-22,52.9,2.611055328011107,0.0,0.0,0.0,0.0,0.0,0.0,False,False
2021-11-23,48.49,2.610185185185185,0.0,0.0,0.0,0.0,0.0,0.0,False,False
2021-11-24,51.96,2.5934582465880176,0.0,0.0,0.0,0.0,0.0,0.0,False,False
2021-11-25,44.19,2.5844927536231883,0.0,0.0,0.0,0.0,0.0,0.0,False,False
2021-11-26,42.68,2.567593941496127,0.0,0.0,0.0,0.0,0.0,0.0,False,False
2021-11-29,44.66,2.587649219467401,0.0,0.0,0.0,0.0,0.0,0.0,False,False
2021-11-30,50.63,2.601791010723249,0.0,0.0,0.0,0.0,0.0,0.0,False,False
2021-12-01,50.69,2.611857677389916,0.0,0.0,0.0,0.0,0.0,0.0,False,False
2021-12-02,33.0,2.6015235592438914,0.0,0.0,0.0,0.0,0.0,0.0,False,False
2021-12-03,45.07,2.625594005948289,0.0,0.0,0.0,0.0,0.0,0.0,False,False
2021-12-06,33.28,2.558752586406866,0.0,0.0,0.0,0.0,0.0,0.0,False,False
2021-12-07,37.7,2.541852843518192,0.0,0.0,0.0,0.0,0.0,0.0,False,False
2021-12-08,53.13,2.588585185185185,0.0,0.0,0.0,0.0,0.0,0.0,False,False
2021-12-09,52.12,2.590930329289428,0.0,0.0,0.0,0.0,0.0,0.0,False,False
2021-12-10,47.13,2.5898568925772247,0.0,0.0,0.0,0.0,0.0,0.0,False,False
2021-12-13,52.07,2.523364322265858,0.0,0.0,0.0,0.0,0.0,0.0,False,False
2021-12-14,49.08,2.517514285714286,0.0,0.0,0.0,0.0,0.0,0.0,False,False
2021-12-15,44.13,2.511503212707512,0.0,0.0,0.0,0.0,0.0,0.0,False,False
2021-12-16,54.33,2.532654092526684,0.0,0.0,0.0,0.0,0.0,0.0,False,False
2021-12-17,35.46,2.494061131167268,0.0,0.0,0.0,0.0,0.0,0.0,False,False
2021-12-20,36.73,2.453919916758477,0.0,0.0,0.0,0.0,0.0,0.0,False,False
2021-12-21,57.18,2.4789326552851434,0.0,0.0,0.0,0.0,0.0,0.0,False,False
2021-12-22,56.77,2.487058651307895,0.0,0.0,0.0,0.0,0.0,0.0,False,False
2021-12-23,46.58,2.478118465227812,0.0,0.0,0.0,0.0,0.0,0.0,False,False
2021-12-24,31.2,2.439091736848529,0.0,0.0,0.0,0.0,0.0,0.0,False,False
2021-12-27,46.02,2.434985261102977,0.0,0.0,0.0,0.0,0.0,0.0,False,False
2021-12-28,46.75,2.4497227942953765,0.0,0.0,0.0,0.0,0.0,0.0,False,False
2021-12-29,45.48,2.438846040382058,0.0,0.0,0.0,0.0,0.0,0.0,False,False
2021-12-30,53.13,2.44638077430181,0.0,0.0,0.0,0.0,0.0,0.0,False,False
2021-12-31,48.02,2.476097625830952,0.0,0.0,0.0,0.0,0.0,0.0,False,False
2022-01-04,43.0,2.4743457231355666,0.0,0.0,0.0,0.0,0.0,0.0,False,False
2022-01-05,27.84,2.429451927769644,0.0,0.0,0.0,0.0,0.0,0.0,False,False
2022-01-06,44.53,2.4587326552851434,0.0,0.0,0.0,0.0,0.0,0.0,False,False
2022-01-07,29.78,2.412337970156609,0.0,0.0,0.0,0.0,0.0,0.0,False,False
2022-01-10,52.68,2.422119916758477,0.0,0.0,0.0,0.0,0.0,0.0,False,False
2022-01-11,42.92,2.387326498266469,0.0,0.0,0.0,0.0,0.0,0.0,False,False
2022-01-12,58.44,2.426261913467398,0.0,0.0,0.0,0.0,0.0,0.0,False,False
2022-01-13,37.74,2.3779636048097186,0.0,0.0,0.0,0.0,0.0,0.0,False,False
2022-01-14,45.24,2.393197530864191,0.0,0.0,0.0,0.0,0.0,0.0,False,False
2022-01-17,57.15,2.424243309002433,0.0,0.0,0.0,0.0,0.0,0.0,False,False
2022-01-18,43.7,2.381183486238532,0.0,0.0,0.0,0.0,0.0,0.0,False,False
2022-01-19,41.92,2.346298341994549,0.0,0.0,0.0,0.0,0.0,0.0,False,False
2022-01-20,36.07,2.287061857757529,0.0,0.0,0.0,0.0,0.0,0.0,False,False
2022-01-21,34.92,2.2386132511556243,0.0,0.0,0.0,0.0,0.0,0.0,False,False
2022-01-24,37.68,2.227162781186094,0.0,0.0,0.0,0.0,0.0,0.0,False,False
2022-01-25,27.55,2.14361526616222,0.0,0.0,0.0,0.0,0.0,0.0,False,False
2022-01-26,39.69,2.171558950006596,0.0,0.0,0.0,0.0,0.0,0.0,False,False
2022-01-27,23.17,2.1098639533306134,0.0,0.0,0.0,0.0,0.0,0.0,True,False
2022-01-28,37.97,2.09469799684405,0.0,0.0,0.0,0.0,0.0,0.0,False,False
2022-02-07,39.58,2.146126495726496,0.0,0.0,0.0,0.0,0.0,0.0,False,False
2022-02-08,41.17,2.1505982946975752,0.0,0.0,0.0,0.0,0.0,0.0,False,False
2022-02-09,48.08,2.2013215932914045,0.0,0.0,0.0,0.0,0.0,0.0,False,False
2022-02-10,34.86,2.1878616620571574,0.0,0.0,0.0,0.0,0.0,0.0,False,False
2022-02-11,26.99,2.1712279569892474,0.0,0.0,0.0,0.0,0.0,0.0,False,False
2022-02-14,36.12,2.167718158498717,0.0,0.0,0.0,0.0,0.0,0.0,False,False
2022-02-15,39.25,2.207432230636376,0.0,0.0,0.0,0.0,0.0,0.0,False,False
2022-02-16,48.5,2.220247875428873,0.0,0.0,0.0,0.0,0.0,0.0,False,False
2022-02-17,34.67,2.226526451273969,0.0,0.0,0.0,0.0,0.0,0.0,False,False
2022-02-18,48.23,2.2485688121402405,0.0,0.0,0.0,0.0,0.0,0.0,False,False
2022-02-21,50.79,2.296664076664076,0.0,0.0,0.0,0.0,0.0,0.0,False,False
2022-02-22,32.54,2.2666457598327456,0.0,0.0,0.0,0.0,0.0,0.0,False,False
2022-02-23,50.52,2.303762781186094,0.0,0.0,0.0,0.0,0.0,0.0,False,False
2022-02-24,19.84,2.2449790931660782,0.0,0.0,0.0,0.0,0.0,0.0,True,False
2022-02-25,47.86,2.2630125468891475,0.0,0.0,0.0,0.0,0.0,0.0,False,False
2022-02-28,39.87,2.2680222050090366,0.0,0.0,0.0,0.0,0.0,0.0,False,False
2022-03-01,48.54,2.2833520744474605,0.0,0.0,0.0,0.0,0.0,0.0,False,False
2022-03-02,47.53,2.2822793354101765,0.0,0.0,0.0,0.0,0.0,0.0,False,False
2022-03-03,40.37,2.2671512770137525,0.0,0.0,0.0,0.0,0.0,0.0,False,False
2022-03-04,30.13,2.2200152661622194,0.0,0.0,0.0,0.0,0.0,0.0,False,False
2022-03-07,29.44,2.151755119825709,0.0,0.0,0.0,0.0,0.0,0.0,False,False
2022-03-08,23.33,2.0947570364505,0.0,0.0,0.0,0.0,0.0,0.0,True,False
2022-03-09,24.52,2.0948731985519995,0.0,0.0,0.0,0.0,0.0,0.0,True,False
2022-03-10,44.35,2.1048852550663875,0.0,0.0,0.0,0.0,0.0,0.0,False,False
2022-03-11,39.36,2.09496680295254,0.0,0.0,0.0,0.0,0.0,0.0,False,False
2022-03-14,23.27,2.09471136722415,0.0,0.0,0.0,0.0,0.0,0.0,True,False
2022-03-15,16.93,2.04,0.0,0.0,0.0,0.0,0.0,0.0,True,False
2022-03-16,46.47,2.09190736694616,0.0,0.0,0.0,0.0,0.0,0.0,False,False
2022-03-17,48.64,2.09176088127412,0.0,0.0,0.0,0.0,0.0,0.0,False,False
2022-03-18,39.81,2.09185112852397,0.0,0.0,0.0,0.0,0.0,0.0,False,False
2022-03-21,44.32,2.09263599181318,0.0,0.0,0.0,0.0,0.0,0.0,False,False
2022-03-22,31.43,2.0923624144413298,0.0,0.0,0.0,0.0,0.0,0.0,False,False
2022-03-23,36.15,2.09389398128753,0.0,0.0,0.0,0.0,0.0,0.0,False,False
2022-03-24,27.83,2.09238537391898,0.0,0.0,0.0,0.0,0.0,0.0,False,False
2022-03-25,28.46,2.09248793139592,0.0,0.0,0.0,0.0,0.0,0.0,False,False
2022-03-28,26.22,2.09253902764197,0.0,0.0,0.0,0.0,0.0,0.0,False,False
2022-03-29,23.36,2.09095671274558,0.0,0.0,0.0,0.0,0.0,0.0,True,False
2022-03-30,43.66,2.0909494407894496,0.0,0.0,0.0,0.0,0.0,0.0,False,False
2022-03-31,27.68,2.09289030310607,0.0,0.0,0.0,0.0,0.0,0.0,False,False
2022-04-01,31.92,2.09312223028597,0.0,0.0,0.0,0.0,0.0,0.0,False,False
2022-04-06,37.7,2.09209670314028,0.0,0.0,0.0,0.0,0.0,0.0,False,False
2022-04-07,21.36,2.0913362625611995,0.0,0.0,0.0,0.0,0.0,0.0,True,False
2022-04-08,28.66,2.09135912220688,0.0,0.0,0.0,0.0,0.0,0.0,False,False
2022-04-11,16.07,1.9400000000000004,0.0,0.0,0.0,0.0,0.0,0.0,True,False
2022-04-12,35.83,2.0,0.0,0.0,0.0,0.0,0.0,0.0,False,False
2022-04-13,20.23,1.92,0.0,0.0,0.0,0.0,0.0,0.0,True,False
2022-04-14,45.76,1.96,0.0,0.0,0.0,0.0,0.0,0.0,False,False
2022-04-15,22.27,1.9000000000000004,0.0,0.0,0.0,0.0,0.0,0.0,True,False
2022-04-18,31.31,1.9400000000000004,0.0,0.0,0.0,0.0,0.0,0.0,False,False
2022-04-19,30.39,1.9400000000000004,0.0,0.0,0.0,0.0,0.0,0.0,False,False
2022-04-20,21.91,1.8600000000000003,0.0,0.0,0.0,0.0,0.0,0.0,True,False
2022-04-21,15.9,1.706303844931681,0.0,0.0,0.0,0.0,0.0,0.0,True,False
2022-04-22,20.02,1.6733214170692432,0.0,0.0,0.0,0.0,0.0,0.0,True,False
2022-04-25,10.27,1.406918618774937,0.0,0.0,0.0,0.0,0.0,0.0,True,True
2022-04-26,13.27,1.3036204797708555,0.5,0.5,0.0,0.5,0.5,0.0,True,True
2022-04-27,35.23,1.4770155817529471,0.5,0.0,0.0,0.5,0.0,0.0,False,True
2022-04-28,17.25,1.48726182190378,0.5,0.0,0.0,0.5,0.0,0.0,True,True
2022-04-29,43.89,1.6034672586745602,0.5,0.0,0.0,0.5,0.0,0.0,False,False
2022-05-05,38.88,1.6632981472530948,0.5,0.0,0.0,0.5,0.0,0.0,False,False
2022-05-06,22.84,1.6216915973241963,0.5,0.0,0.0,0.5,0.0,0.0,True,False
2022-05-09,37.76,1.654764813919768,0.5,0.0,0.0,0.5,0.0,0.0,False,False
2022-05-10,39.83,1.7100446552814672,0.5,0.0,0.0,0.5,0.0,0.0,False,False
2022-05-11,42.81,1.7498345864661589,0.5,0.0,0.0,0.5,0.0,0.0,False,False
2022-05-12,35.09,1.7521543498596817,0.5,0.0,0.0,0.5,0.0,0.0,False,False
2022-05-13,38.21,1.7708920975003877,0.5,0.0,0.0,0.5,0.0,0.0,False,False
2022-05-16,32.8,1.780291472868217,0.5,0.0,0.0,0.5,0.0,0.0,False,False
2022-05-17,32.18,1.793541817060003,0.5,0.0,0.0,0.5,0.0,0.0,False,False
2022-05-18,40.13,1.7698353993216158,0.5,0.0,0.0,0.5,0.0,0.0,False,False
2022-05-19,42.03,1.793496024464832,0.5,0.0,0.0,0.5,0.0,0.0,False,False
2022-05-20,54.95,1.842043156782858,0.5,0.0,0.0,0.5,0.0,0.0,False,False
2022-05-23,58.63,1.9000000000000004,0.5,0.0,0.0,0.5,0.0,0.0,False,False
2022-05-24,23.34,1.7367785026405718,0.5,0.0,0.0,0.5,0.0,0.0,True,False
2022-05-25,57.91,1.7999999999999998,0.5,0.0,0.0,0.5,0.0,0.0,False,False
2022-05-26,53.69,1.8200000000000005,0.5,0.0,0.0,0.5,0.0,0.0,False,False
2022-05-27,47.73,1.8200000000000005,0.5,0.0,0.0,0.5,0.0,0.0,False,False
2022-05-30,54.04,1.88,0.5,0.0,0.0,0.5,0.0,0.0,False,False
2022-05-31,59.07,1.96,0.5,0.0,0.0,0.5,0.0,0.0,False,False
2022-06-01,57.28,1.96,0.5,0.0,0.0,0.5,0.0,0.0,False,False
2022-06-02,60.49,1.9751804997304696,0.5,0.0,0.0,0.5,0.0,0.0,False,False
2022-06-06,69.35,2.01047685305502,0.5,0.0,0.0,0.5,0.0,0.0,False,False
2022-06-07,58.74,2.01843815369201,0.0,0.0,0.5,0.0,0.0,0.5,False,False
2022-06-08,64.93,2.00964262397558,0.0,0.0,0.0,0.0,0.0,0.0,False,False
2022-06-09,49.82,2.02480531384648,0.0,0.0,0.0,0.0,0.0,0.0,False,False
2022-06-10,70.41,2.02088112965213,0.0,0.0,0.0,0.0,0.0,0.0,False,False
2022-06-13,60.57,2.00955718762202,0.0,0.0,0.0,0.0,0.0,0.0,False,False
2022-06-14,65.0,2.0034045690772,0.0,0.0,0.0,0.0,0.0,0.0,False,False
2022-06-15,66.15,1.99215988844657,0.0,0.0,0.0,0.0,0.0,0.0,False,False
2022-06-16,69.03,1.95691890517449,0.0,0.0,0.0,0.0,0.0,0.0,False,False
2022-06-17,67.13,1.980281130721768,0.0,0.0,0.0,0.0,0.0,0.0,False,False
2022-06-20,68.85,2.0175708120386147,0.0,0.0,0.0,0.0,0.0,0.0,False,False
2022-06-21,48.61,1.9882493402180144,0.0,0.0,0.0,0.0,0.0,0.0,False,False
2022-06-22,52.72,1.98614634324972,0.0,0.0,0.0,0.0,0.0,0.0,False,False
2022-06-23,72.93,2.009392263936292,0.0,0.0,0.0,0.0,0.0,0.0,False,False
2022-06-24,72.03,2.058182456140351,0.0,0.0,0.0,0.0,0.0,0.0,False,False
2022-06-27,72.96,2.1096643323607056,0.0,0.0,0.0,0.0,0.0,0.0,False,False
2022-06-28,78.37,2.141720561519405,0.0,0.0,0.0,0.0,0.0,0.0,False,False
2022-06-29,39.91,2.06379983065199,0.0,0.0,0.0,0.0,0.0,0.0,False,False
2022-06-30,69.36,2.095593706488444,0.0,0.0,0.0,0.0,0.0,0.0,False,False
2022-07-01,54.76,2.0989270398217768,0.0,0.0,0.0,0.0,0.0,0.0,False,False
2022-07-04,66.78,2.143787228186072,0.0,0.0,0.0,0.0,0.0,0.0,False,False
2022-07-05,50.68,2.121466638992666,0.0,0.0,0.0,0.0,0.0,0.0,False,False
2022-07-06,50.73,2.090455998880022,0.0,0.0,0.0,0.0,0.0,0.0,False,False
2022-07-07,64.36,2.119549348850097,0.0,0.0,0.0,0.0,0.0,0.0,False,False
2022-07-08,54.56,2.105198662207358,0.0,0.0,0.0,0.0,0.0,0.0,False,False
2022-07-11,47.52,2.0583437614808533,0.0,0.0,0.0,0.0,0.0,0.0,False,False
2022-07-12,43.12,2.0033785242606945,0.0,0.0,0.0,0.0,0.0,0.0,False,False
2022-07-13,61.45,2.0221304843304844,0.0,0.0,0.0,0.0,0.0,0.0,False,False
2022-07-14,57.21,2.043961949021265,0.0,0.0,0.0,0.0,0.0,0.0,False,False
2022-07-15,36.05,2.0105634500426985,0.0,0.0,0.0,0.0,0.0,0.0,False,False
2022-07-18,65.48,2.049963860830528,0.0,0.0,0.0,0.0,0.0,0.0,False,False
2022-07-19,55.52,2.070198662207358,0.0,0.0,0.0,0.0,0.0,0.0,False,False
2022-07-20,60.6,2.101589236683141,0.0,0.0,0.0,0.0,0.0,0.0,False,False
2022-07-21,47.76,2.082951434878587,0.0,0.0,0.0,0.0,0.0,0.0,False,False
