date,spot_close,active_contract_after_close,im_close_after_actions,base_lots,grid_lots,total_lots,futures_pnl,futures_cost,futures_net_flow,p0_interest,p0_nav,margin_reserve_end,buffer_shortfall,grid_anchor,frozen_grid_anchor,pending_grid_entries,pending_grid_exits,rolled,roll_from,roll_to
2022-07-22,7034.6,IM2208,6956.6,2,0,2,0.0,278.264,-278.264,0.0,9999721.736000001,834792.0,0.0,7034.6,,0,0,False,,
2022-07-25,6948.91,IM2208,6878.6,2,0,2,-28320.000000000073,0.0,-28320.000000000073,1075.0802950645768,9972476.816295067,825432.0,0.0,7034.6,,0,0,False,,
2022-07-26,7027.42,IM2208,6991.0,2,0,2,31439.99999999978,0.0,31439.99999999978,1072.982327561557,10004989.798622629,838919.9999999999,0.0,7034.6,,0,0,False,,
2022-07-27,7099.43,IM2208,7066.2,2,0,2,38000.0,0.0,38000.0,1075.2140286442147,10044065.012651272,847943.9999999999,0.0,7099.43,,0,0,False,,
2022-07-28,7150.2,IM2208,7119.0,2,0,2,21200.0,0.0,21200.0,1078.7391476550085,10066343.751798928,854279.9999999999,0.0,7150.2,,0,0,False,,
2022-07-29,7117.43,IM2208,7087.0,2,0,2,-8879.999999999927,0.0,-8879.999999999927,1080.6092901657223,10058544.361089094,850440.0,0.0,7150.2,,0,0,False,,
2022-08-01,7180.45,IM2208,7136.6,2,0,2,15920.000000000073,0.0,15920.000000000073,1080.1448389309373,10075544.505928025,856392.0,0.0,7180.45,,0,0,False,,
2022-08-02,6957.98,IM2208,6948.2,2,0,2,-61840.000000000146,0.0,-61840.000000000146,1081.4408273515248,10014785.946755376,833784.0,0.0,7180.45,,0,0,False,,
2022-08-03,6916.67,IM2208,6882.8,2,0,2,-24319.99999999971,0.0,-24319.99999999971,1076.965625075712,9991542.912380451,825936.0,0.0,7180.45,,0,0,False,,
2022-08-04,6960.31,IM2208,6890.8,2,0,2,-17040.000000000146,0.0,-17040.000000000146,1075.1597303689246,9975578.07211082,826895.9999999999,0.0,7180.45,,0,0,False,,
2022-08-05,7090.0,IM2208,7080.0,2,0,2,71759.99999999985,0.0,71759.99999999985,1073.174383749242,10048411.246494569,849600.0,0.0,7180.45,,0,0,False,,
2022-08-08,7176.11,IM2208,7132.2,2,0,2,31680.00000000029,0.0,31680.00000000029,1079.0547220759104,10081170.301216645,855864.0,0.0,7180.45,,0,0,False,,
2022-08-09,7207.4,IM2208,7160.6,2,0,2,9519.999999999709,0.0,9519.999999999709,1082.162690393057,10091772.463907039,859271.9999999999,0.0,7207.4,,0,0,False,,
2022-08-10,7212.08,IM2208,7168.4,2,0,2,1520.0000000000728,0.0,1520.0000000000728,1083.0065923945692,10094375.470499434,860208.0,0.0,7212.08,,0,0,False,,
2022-08-11,7294.49,IM2208,7284.8,2,0,2,48160.00000000022,0.0,48160.00000000022,1083.2021384588438,10143618.672637893,874176.0,0.0,7294.49,,0,0,False,,
2022-08-12,7228.83,IM2208,7222.4,2,0,2,-19920.000000000073,0.0,-19920.000000000073,1087.3400506759458,10124786.01268857,866687.9999999999,0.0,7294.49,,0,0,False,,
2022-08-15,7283.5,IM2208,7266.0,2,0,2,13439.999999999782,0.0,13439.999999999782,1086.0092799317013,10139312.0219685,871919.9999999999,0.0,7294.49,,0,0,False,,
2022-08-16,7324.62,IM2209,7263.0,2,0,2,19440.000000000146,582.96,18857.040000000146,1087.099501736649,10159256.161470236,871560.0,0.0,7324.62,,0,0,True,IM2208,IM2209
2022-08-17,7328.67,IM2209,7278.2,2,0,2,5679.999999999927,0.0,5679.999999999927,1089.4812527064155,10166025.642722942,873384.0,0.0,7328.67,,0,0,False,,
2022-08-18,7351.44,IM2209,7316.6,2,0,2,12079.999999999927,0.0,12079.999999999927,1090.0613760240565,10179195.704098966,877992.0,0.0,7351.44,,0,0,False,,
2022-08-19,7234.41,IM2209,7186.4,2,0,2,-41679.99999999993,0.0,-41679.99999999993,1091.0657376215424,10138606.769836588,862367.9999999999,0.0,7351.44,,0,0,False,,
2022-08-22,7288.58,IM2209,7232.4,2,0,2,14479.999999999927,0.0,14479.999999999927,1088.1372581169328,10154174.907094704,867887.9999999999,0.0,7351.44,,0,0,False,,
2022-08-23,7306.02,IM2209,7253.6,2,0,2,640.0000000001455,0.0,640.0000000001455,1089.315941934428,10155904.223036638,870432.0,0.0,7351.44,,0,0,False,,
2022-08-24,7039.41,IM2209,6969.8,2,0,2,-105359.99999999985,0.0,-105359.99999999985,1089.2203764688152,10051633.443413107,836376.0,0.0,7351.44,,0,0,False,,
2022-08-25,7016.31,IM2209,6940.4,2,0,2,-25520.000000000073,0.0,-25520.000000000073,1080.9839220529075,10027194.42733516,832848.0,0.0,7351.44,,0,0,False,,
2022-08-26,6980.18,IM2209,6911.6,2,0,2,-879.9999999999272,0.0,-879.9999999999272,1078.5309822069125,10027392.958317367,829392.0,0.0,7351.44,,0,0,False,,
2022-08-29,7021.31,IM2209,6950.0,2,0,2,16879.999999999927,0.0,16879.999999999927,1078.9596722634485,10045351.91798963,834000.0,0.0,7351.44,,0,0,False,,
2022-08-30,6976.72,IM2209,6941.0,2,0,2,-8560.000000000218,0.0,-8560.000000000218,1080.525789416259,10037872.443779046,832919.9999999999,0.0,7351.44,,0,0,False,,
2022-08-31,6750.74,IM2209,6710.2,2,0,2,-80559.99999999985,0.0,-80559.99999999985,1079.7751073247696,9958392.21888637,805224.0,0.0,7351.44,,0,0,False,,
2022-09-01,6717.1,IM2209,6682.6,2,0,2,-20720.000000000073,0.0,-20720.000000000073,1073.7006254268204,9938745.919511797,801912.0,0.0,7351.44,,0,0,False,,
2022-09-02,6776.83,IM2209,6730.2,2,0,2,18479.999999999927,0.0,18479.999999999927,1071.7845514472992,9958297.704063244,807624.0,0.0,7351.44,,0,0,False,,
2022-09-05,6791.09,IM2209,6747.2,2,0,2,5120.000000000073,0.0,5120.000000000073,1073.4080095738527,9964491.112072818,809664.0,0.0,7351.44,,0,0,False,,
2022-09-06,6919.65,IM2209,6879.8,2,0,2,51040.000000000146,0.0,51040.000000000146,1073.8952197584454,10016605.007292576,825576.0,0.0,7351.44,,0,0,False,,
2022-09-07,6963.52,IM2209,6920.2,2,0,2,20800.0,0.0,20800.0,1078.1418365155687,10038483.14912909,830424.0,0.0,7351.44,,0,0,False,,
2022-09-08,6897.1,IM2209,6874.4,2,0,2,-16879.999999999927,0.0,-16879.999999999927,1080.1395354001193,10022683.288664492,824927.9999999999,0.0,7351.44,,0,0,False,,
2022-09-09,6913.58,IM2209,6913.0,2,0,2,13839.999999999782,0.0,13839.999999999782,1078.9308543007899,10037602.219518792,829560.0,0.0,7351.44,,0,0,False,,
2022-09-13,6904.08,IM2210,6836.4,2,0,2,-7520.000000000073,549.1120000000001,-8069.112000000073,1080.1375494939573,10030613.245068286,820367.9999999999,0.0,7351.44,,0,0,True,IM2209,IM2210
2022-09-14,6829.56,IM2210,6767.0,2,0,2,-29439.99999999978,0.0,-29439.99999999978,1080.3959725725852,10002253.641040858,812040.0,0.0,7351.44,,0,0,False,,
2022-09-15,6619.19,IM2210,6518.6,2,0,2,-106400.0,0.0,-106400.0,1078.0461910261067,9896931.687231883,782232.0,0.0,7351.44,,0,0,False,,
2022-09-16,6481.24,IM2210,6383.2,2,0,2,-39920.00000000007,0.0,-39920.00000000007,1069.188123797991,9858080.875355681,765983.9999999999,0.0,7351.44,,0,0,False,,
2022-09-19,6399.8,IM2210,6298.2,2,0,2,-39520.00000000007,0.0,-39520.00000000007,1066.536730021811,9819627.412085703,755783.9999999999,0.0,7351.44,,0,0,False,,
2022-09-20,6482.13,IM2210,6388.8,2,0,2,29600.0,0.0,29600.0,1063.2224938515574,9850290.634579554,766656.0,0.0,7351.44,,0,0,False,,
2022-09-21,6480.6,IM2210,6412.6,2,0,2,20879.999999999927,0.0,20879.999999999927,1065.5440777514102,9872236.178657306,769512.0,0.0,7351.44,,0,0,False,,
2022-09-22,6487.27,IM2210,6435.8,2,0,2,5600.0,0.0,5600.0,1067.7833521671369,9878903.962009473,772296.0,0.0,7351.44,,0,0,False,,
2022-09-23,6363.68,IM2210,6323.4,2,0,2,-42000.0,0.0,-42000.0,1068.2389343780744,9837972.20094385,758807.9999999999,0.0,7351.44,,0,0,False,,
2022-09-26,6283.59,IM2210,6255.0,2,0,2,-23839.99999999978,0.0,-23839.99999999978,1065.0196792834915,9815197.220623134,750600.0,0.0,7351.44,7351.44,1,0,False,,
2022-09-27,6409.78,IM2210,6398.8,2,1,3,41439.99999999978,127.976,41312.02399999978,1063.3109183925183,9857572.555541527,1151783.9999999998,0.0,7351.44,7351.44,0,0,False,,
2022-09-28,6211.11,IM2210,6202.6,2,1,3,-86600.0,0.0,-86600.0,1021.2213294224647,9771993.77687095,1116468.0,0.0,7351.44,7351.44,0,0,False,,
2022-09-29,6228.78,IM2210,6232.4,2,1,3,-15119.99999999989,0.0,-15119.99999999989,1015.3253188167671,9757889.102189766,1121831.9999999998,0.0,7351.44,7351.44,0,0,False,,
2022-09-30,6124.86,IM2210,6103.0,2,1,3,-55560.00000000022,0.0,-55560.00000000022,1013.0415709732296,9703342.143760739,1098540.0,0.0,7351.44,7351.44,0,0,False,,
2022-10-10,5984.5,IM2210,5976.0,2,1,3,-86639.99999999978,0.0,-86639.99999999978,1009.3752482737633,9617711.519009013,1075680.0,0.0,7351.44,7351.44,0,0,False,,
2022-10-11,6017.72,IM2210,5994.2,2,1,3,11160.000000000218,0.0,11160.000000000218,1002.0120208706772,9629873.531029884,1078956.0,0.0,7351.44,7351.44,0,0,False,,
2022-10-12,6192.65,IM2210,6169.2,2,1,3,83039.99999999978,0.0,83039.99999999978,1003.054383081903,9713916.585412966,1110455.9999999998,0.0,7351.44,7351.44,0,0,False,,
2022-10-13,6252.22,IM2210,6242.4,2,1,3,66000.0,0.0,66000.0,1009.217878497244,9780925.803291464,1123631.9999999998,0.0,7351.44,7351.44,0,0,False,,
2022-10-14,6406.46,IM2210,6418.0,2,1,3,99600.0,0.0,99600.0,1015.5327148820509,9881541.336006347,1155240.0,0.0,7351.44,7351.44,0,0,False,,
2022-10-17,6472.45,IM2210,6448.0,2,1,3,33360.00000000022,0.0,33360.00000000022,1023.6275547520589,9915924.963561099,1160640.0,0.0,7351.44,7351.44,0,0,False,,
2022-10-18,6508.5,IM2211,6447.4,2,1,3,18359.999999999673,776.6760000000002,17583.323999999673,1027.0274419046257,9934535.315003006,1160531.9999999998,0.0,7351.44,7351.44,0,0,True,IM2210,IM2211
2022-10-19,6461.15,IM2211,6409.4,2,1,3,-17639.99999999978,0.0,-17639.99999999978,1029.2231740456198,9917924.53817705,1153691.9999999998,0.0,7351.44,7351.44,0,0,False,,
2022-10-20,6429.7,IM2211,6366.0,2,1,3,-29519.99999999989,0.0,-29519.99999999989,1028.0770256368878,9889432.615202688,1145880.0,0.0,7351.44,7351.44,0,0,False,,
2022-10-21,6432.33,IM2211,6377.4,2,1,3,-119.99999999989086,0.0,-119.99999999989086,1025.6511938701847,9890338.266396558,1147931.9999999998,0.0,7351.44,7351.44,0,0,False,,
2022-10-24,6378.43,IM2211,6360.0,2,1,3,-21840.000000000327,0.0,-21840.000000000327,1025.516722897876,9869523.783119455,1144799.9999999998,0.0,7351.44,7351.44,0,0,False,,
2022-10-25,6355.78,IM2211,6340.8,2,1,3,6119.999999999891,0.0,6119.999999999891,1023.4425019396562,9876667.225621395,1141343.9999999998,0.0,7351.44,7351.44,0,0,False,,
2022-10-26,6491.69,IM2211,6500.6,2,1,3,80280.00000000012,0.0,80280.00000000012,1024.6858559097084,9957971.911477305,1170108.0,0.0,7351.44,7351.44,0,0,False,,
2022-10-27,6461.61,IM2211,6473.0,2,1,3,5160.000000000218,0.0,5160.000000000218,1030.8490734880158,9964162.760550793,1165140.0,0.0,7351.44,7351.44,0,0,False,,
2022-10-28,6239.93,IM2211,6224.2,2,1,3,-140400.0,0.0,-140400.0,1032.1580479264542,9824794.918598719,1120355.9999999998,0.0,7351.44,7351.44,0,0,False,,
2022-10-31,6292.62,IM2211,6286.6,2,1,3,14039.999999999782,0.0,14039.999999999782,1021.0630119967452,9839855.981610715,1131588.0,0.0,7351.44,7351.44,0,0,False,,
2022-11-01,6439.82,IM2211,6471.0,2,1,3,93360.00000000022,0.0,93360.00000000022,1021.5121753085585,9934237.493786024,1164780.0,0.0,7351.44,7351.44,0,0,False,,
2022-11-02,6524.51,IM2211,6532.0,2,1,3,59400.0,0.0,59400.0,1028.6899323344405,9994666.18371836,1175759.9999999998,0.0,7351.44,7351.44,0,0,False,,
2022-11-03,6566.84,IM2211,6563.4,2,1,3,23039.99999999978,0.0,23039.99999999978,1034.4904473077515,10018740.674165666,1181412.0,0.0,7351.44,7351.44,0,0,False,,
2022-11-04,6709.64,IM2211,6746.6,2,1,3,98400.0,0.0,98400.0,1036.6514738553003,10118177.325639522,1214388.0,0.0,7351.44,7351.44,0,0,False,,
2022-11-07,6713.64,IM2211,6711.8,2,1,3,-8519.99999999989,0.0,-8519.99999999989,1044.4475550970405,10110701.773194619,1208124.0,0.0,7351.44,7351.44,0,0,False,,
2022-11-08,6694.96,IM2211,6707.6,2,1,3,-17160.00000000022,0.0,-17160.00000000022,1044.305435495748,10094586.078630114,1207368.0,0.0,7351.44,7351.44,0,0,False,,
2022-11-09,6676.01,IM2211,6674.8,2,1,3,-3119.999999999891,0.0,-3119.999999999891,1042.5036862799689,10092508.582316393,1201464.0,0.0,7351.44,7351.44,0,0,False,,
2022-11-10,6603.31,IM2211,6616.0,2,1,3,-38400.0,0.0,-38400.0,1042.9525493733706,10055151.534865767,1190880.0,0.0,7351.44,7351.44,0,0,False,,
2022-11-11,6643.48,IM2211,6645.0,2,1,3,39960.00000000022,0.0,39960.00000000022,1039.8119714767463,10096151.346837243,1196099.9999999998,0.0,7351.44,7351.44,0,0,False,,
2022-11-14,6599.67,IM2211,6592.2,2,1,3,-58680.00000000011,0.0,-58680.00000000011,1044.0090763012988,10038515.355913544,1186596.0,0.0,7351.44,7351.44,0,0,False,,
2022-11-15,6752.51,IM2212,6742.8,2,1,3,99000.0,809.748,98190.25200000001,1038.3630150117028,10137743.970928557,1213704.0,0.0,7351.44,7351.44,0,0,True,IM2211,IM2212
2022-11-16,6702.04,IM2212,6684.2,2,1,3,-33719.99999999989,0.0,-33719.99999999989,1046.8230309969883,10105070.793959554,1203155.9999999998,0.0,7351.44,7351.44,0,0,False,,
2022-11-17,6714.5,IM2212,6707.0,2,1,3,-3600.0,0.0,-3600.0,1044.22766556928,10102515.021625124,1207259.9999999998,0.0,7351.44,7351.44,0,0,False,,
2022-11-18,6658.4,IM2212,6646.4,2,1,3,-9720.000000000437,0.0,-9720.000000000437,1043.4464495411594,10093838.468074664,1196351.9999999998,0.0,7351.44,7351.44,0,0,False,,
2022-11-21,6689.33,IM2212,6685.0,2,1,3,12600.0,0.0,12600.0,1043.7082064969131,10107482.176281162,1203299.9999999998,0.0,7351.44,7351.44,0,0,False,,
2022-11-22,6583.23,IM2212,6557.2,2,1,3,-83879.99999999956,0.0,-83879.99999999956,1044.493637936287,10024646.669919098,1180296.0,0.0,7351.44,7351.44,0,0,False,,
2022-11-23,6567.99,IM2212,6553.4,2,1,3,600.0,0.0,600.0,1037.4751800357076,10026284.145099133,1179612.0,0.0,7351.44,7351.44,0,0,False,,
2022-11-24,6586.86,IM2212,6559.2,2,1,3,10800.0,0.0,10800.0,1037.7474976959002,10038121.89259683,1180655.9999999998,0.0,7351.44,7351.44,0,0,False,,
2022-11-25,6512.16,IM2212,6497.0,2,1,3,-37680.00000000011,0.0,-37680.00000000011,1039.0136443635713,10001480.906241193,1169459.9999999998,0.0,7351.44,7351.44,0,0,False,,
2022-11-28,6492.71,IM2212,6492.0,2,1,3,-12600.0,0.0,-12600.0,1036.0288529655882,9989916.93509416,1168559.9999999998,0.0,7351.44,7351.44,0,0,False,,
2022-11-29,6594.32,IM2212,6597.0,2,1,3,70800.0,0.0,70800.0,1034.7779295458176,10061751.713023705,1187459.9999999998,0.0,7351.44,7351.44,0,0,False,,
2022-11-30,6590.31,IM2212,6582.8,2,1,3,-15719.99999999989,0.0,-15719.99999999989,1040.9873755879553,10047072.700399293,1184904.0,0.0,7351.44,7351.44,0,0,False,,
2022-12-01,6658.43,IM2212,6662.0,2,1,3,60239.99999999978,0.0,60239.99999999978,1039.5653011842498,10108352.265700476,1199159.9999999998,0.0,7351.44,7351.44,0,0,False,,
2022-12-02,6680.54,IM2212,6681.8,2,1,3,10439.999999999782,0.0,10439.999999999782,1045.0813400318154,10119837.347040508,1202724.0,0.0,7351.44,7351.44,0,0,False,,
2022-12-05,6714.37,IM2212,6703.0,2,1,3,3360.0000000002183,0.0,3360.0000000002183,1046.010512290586,10124243.357552798,1206540.0,0.0,7351.44,7351.44,0,0,False,,
2022-12-06,6703.55,IM2212,6697.8,2,1,3,-5280.000000000109,0.0,-5280.000000000109,1046.079722714879,10120009.437275514,1205604.0,0.0,7351.44,7351.44,0,0,False,,
2022-12-07,6705.29,IM2212,6695.2,2,1,3,1440.0000000003274,0.0,1440.0000000003274,1045.6928644184234,10122495.130139932,1205135.9999999998,0.0,7351.44,7351.44,0,0,False,,
2022-12-08,6662.34,IM2212,6663.8,2,1,3,-22080.00000000011,0.0,-22080.00000000011,1046.039343560946,10101461.169483492,1199483.9999999998,0.0,7351.44,7351.44,0,0,False,,
2022-12-09,6680.38,IM2212,6684.8,2,1,3,14759.999999999673,0.0,14759.999999999673,1044.2349824498901,10117265.404465942,1203264.0,0.0,7351.44,7351.44,0,0,False,,
2022-12-12,6655.67,IM2212,6654.6,2,1,3,-6959.999999999673,0.0,-6959.999999999673,1045.6454698693497,10111351.04993581,1197828.0,0.0,7351.44,7351.44,0,0,False,,
2022-12-13,6593.67,IM2301,6580.0,2,1,3,-36600.0,791.0880000000001,-37391.08800000001,1045.5893571064357,10075005.551292915,1184399.9999999998,0.0,7351.44,7351.44,0,0,True,IM2212,IM2301
2022-12-14,6570.02,IM2301,6539.0,2,1,3,-28439.99999999978,0.0,-28439.99999999978,1042.9010494038282,10047608.452342318,1177020.0,0.0,7351.44,7351.44,0,0,False,,
2022-12-15,6597.55,IM2301,6567.0,2,1,3,21600.0,0.0,21600.0,1040.5529693567316,10070249.005311675,1182059.9999999998,0.0,7351.44,7351.44,0,0,False,,
2022-12-16,6519.44,IM2301,6531.8,2,1,3,-35520.00000000044,0.0,-35520.00000000044,1042.617579585577,10035771.62289126,1175724.0,0.0,7351.44,7351.44,0,0,False,,
2022-12-19,6390.77,IM2301,6417.0,2,1,3,-66600.0,0.0,-66600.0,1039.316490915227,9970210.939382175,1155059.9999999998,0.0,7351.44,7351.44,0,0,False,,
2022-12-20,6341.58,IM2301,6350.4,2,1,3,-25079.999999999563,0.0,-25079.999999999563,1034.0499432007614,9946164.989325376,1143071.9999999998,0.0,7351.44,7351.44,0,0,False,,
2022-12-21,6289.14,IM2301,6302.2,2,1,3,-38640.00000000033,0.0,-38640.00000000033,1032.6355008778685,9908557.624826254,1134396.0,0.0,7351.44,7351.44,0,0,False,,
2022-12-22,6186.93,IM2301,6206.0,2,1,3,-55080.00000000011,0.0,-55080.00000000011,1029.2417443758234,9854506.866570631,1117080.0,0.0,7351.44,7351.44,0,0,False,,
2022-12-23,6160.75,IM2301,6165.2,2,1,3,-28319.99999999989,0.0,-28319.99999999989,1024.9326208056282,9827211.799191436,1109735.9999999998,0.0,7351.44,7351.44,0,0,False,,
2022-12-26,6275.52,IM2301,6285.2,2,1,3,80880.00000000012,0.0,80880.00000000012,1022.5922865070871,9909114.391477942,1131335.9999999998,0.0,7351.44,7351.44,0,0,False,,
2022-12-27,6325.63,IM2301,6336.2,2,1,3,24960.00000000022,0.0,24960.00000000022,1029.6660045361389,9935104.05748248,1140515.9999999998,0.0,7351.44,7351.44,0,0,False,,
2022-12-28,6268.47,IM2301,6293.4,2,1,3,-28080.00000000011,0.0,-28080.00000000011,1031.6378407867878,9908055.695323266,1132812.0,0.0,7351.44,7351.44,0,0,False,,
2022-12-29,6261.83,IM2301,6269.2,2,1,3,-1200.0,0.0,-1200.0,1029.3686752637536,9907885.06399853,1128455.9999999998,0.0,7351.44,7351.44,0,0,False,,
2022-12-30,6281.62,IM2301,6285.8,2,1,3,1200.0,0.0,1200.0,1029.8596345531282,9910114.923633084,1131443.9999999998,0.0,7351.44,7351.44,0,0,False,,
2023-01-03,6423.7,IM2301,6420.0,2,1,3,85919.99999999988,0.0,85919.99999999988,1029.7707018726537,9997064.694334956,1155599.9999999998,0.0,7351.44,7351.44,0,0,False,,
2023-01-04,6421.28,IM2301,6414.4,2,1,3,-12239.999999999782,0.0,-12239.999999999782,1037.136644381652,9985861.830979338,1154591.9999999998,0.0,7351.44,7351.44,0,0,False,,
2023-01-05,6485.47,IM2301,6490.4,2,1,3,46919.99999999989,0.0,46919.99999999989,1035.9407490480035,10033817.771728385,1168271.9999999998,0.0,7351.44,7351.44,0,0,False,,
2023-01-06,6500.32,IM2301,6505.2,2,1,3,8639.999999999782,0.0,8639.999999999782,1039.9614441930362,10043497.733172579,1170935.9999999998,0.0,7351.44,7351.44,0,0,False,,
2023-01-09,6535.75,IM2301,6518.2,2,1,3,18240.000000000327,0.0,18240.000000000327,1040.7844425265594,10062778.517615106,1173275.9999999998,0.0,7351.44,7351.44,0,0,False,,
2023-01-10,6540.2,IM2301,6532.2,2,1,3,3839.9999999997817,0.0,3839.9999999997817,1042.7716594569367,10067661.289274562,1175796.0,0.0,7351.44,7351.44,0,0,False,,
2023-01-11,6486.9,IM2301,6494.4,2,1,3,-23160.00000000022,0.0,-23160.00000000022,1043.0488213475337,10045544.338095909,1168991.9999999998,0.0,7351.44,7351.44,0,0,False,,
2023-01-12,6489.57,IM2301,6492.0,2,1,3,2280.000000000109,0.0,2280.000000000109,1041.252555304512,10048865.590651214,1168559.9999999998,0.0,7351.44,7351.44,0,0,False,,
2023-01-13,6517.51,IM2301,6542.4,2,1,3,9600.0,0.0,9600.0,1041.692825768208,10059507.283476982,1177631.9999999998,0.0,7351.44,7351.44,0,0,False,,
2023-01-16,6591.81,IM2301,6597.4,2,1,3,51360.00000000022,0.0,51360.00000000022,1041.8769565662499,10111909.16043355,1187531.9999999998,0.0,7351.44,7351.44,0,0,False,,
2023-01-17,6597.49,IM2302,6608.6,2,1,3,3839.9999999997817,793.008,3046.991999999781,1046.86258457819,10116003.01501813,1189548.0,0.0,7351.44,7351.44,0,0,True,IM2301,IM2302
2023-01-18,6613.01,IM2302,6637.8,2,1,3,19079.999999999563,0.0,19079.999999999563,1047.1063246377691,10136130.121342767,1194804.0,0.0,7351.44,7351.44,0,0,False,,
2023-01-19,6676.08,IM2302,6717.0,2,1,3,38640.00000000033,0.0,38640.00000000033,1048.8507606384762,10175818.972103406,1209059.9999999998,0.0,7351.44,7351.44,0,0,False,,
2023-01-20,6736.85,IM2302,6777.6,2,1,3,35759.99999999967,0.0,35759.99999999967,1051.8341284860962,10212630.806231892,1219968.0,0.0,7351.44,7351.44,0,0,False,,
2023-01-30,6786.45,IM2302,6792.8,2,1,3,21480.00000000011,0.0,21480.00000000011,1054.8727444319193,10235165.678976323,1222704.0,0.0,7351.44,7351.44,0,0,False,,
2023-01-31,6805.28,IM2302,6818.0,2,1,3,11880.00000000011,0.0,11880.00000000011,1057.1952257345768,10248102.874202058,1227240.0,0.0,7351.44,7351.44,0,0,False,,
2023-02-01,6916.72,IM2302,6922.6,2,1,3,54000.0,0.0,54000.0,1058.1807171352036,10303161.054919193,1246068.0,0.0,7351.44,7351.44,0,0,False,,
2023-02-02,6933.23,IM2302,6928.0,2,1,3,14039.999999999782,0.0,14039.999999999782,1062.4306518862168,10318263.485571079,1247040.0,0.0,7351.44,7351.44,0,0,False,,
2023-02-03,6925.08,IM2302,6920.0,2,1,3,-11639.999999999782,0.0,-11639.999999999782,1064.0882038797633,10307687.573774958,1245599.9999999998,0.0,7351.44,7351.44,0,0,False,,
2023-02-06,6891.41,IM2302,6893.6,2,1,3,-18600.0,0.0,-18600.0,1063.0165274968142,10290150.590302454,1240848.0,0.0,7351.44,7351.44,0,0,False,,
2023-02-07,6924.32,IM2302,6912.8,2,1,3,7080.000000000109,0.0,7080.000000000109,1061.5168014541775,10298292.107103908,1244304.0,0.0,7351.44,7351.44,0,0,False,,
2023-02-08,6877.72,IM2302,6865.8,2,1,3,-14880.00000000011,0.0,-14880.00000000011,1062.0664299762218,10284474.173533885,1235843.9999999998,0.0,7351.44,7351.44,0,0,False,,
2023-02-09,6999.18,IM2302,7020.8,2,1,3,83280.00000000012,0.0,83280.00000000012,1061.4379244699799,10368815.611458356,1263743.9999999998,0.0,7351.44,7351.44,0,0,False,,
2023-02-10,6975.39,IM2302,6977.6,2,1,3,-24119.99999999989,0.0,-24119.99999999989,1068.0587147526767,10345763.670173109,1255968.0,0.0,7351.44,7351.44,0,0,False,,
2023-02-13,7052.18,IM2302,7039.6,2,1,3,38279.99999999956,0.0,38279.99999999956,1066.2667901076002,10385109.936963215,1267128.0,0.0,7351.44,7351.44,0,0,False,,
2023-02-14,7061.45,IM2303,7037.8,2,1,3,13920.000000000437,845.604,13074.396000000435,1069.5731438812084,10399253.906107094,1266804.0,0.0,7351.44,7351.44,0,0,True,IM2302,IM2303
2023-02-15,7063.6,IM2303,7030.4,2,1,3,-7319.999999999891,0.0,-7319.999999999891,1071.2702903934276,10393005.176397488,1265471.9999999998,0.0,7351.44,7351.44,0,0,False,,
2023-02-16,6925.2,IM2303,6909.2,2,1,3,-55320.00000000044,0.0,-55320.00000000044,1070.6935397385705,10338755.869937226,1243655.9999999998,0.0,7351.44,7351.44,0,0,False,,
2023-02-17,6868.55,IM2303,6849.8,2,1,3,-36959.99999999967,0.0,-36959.99999999967,1066.8889924388511,10302862.758929664,1232964.0,0.0,7351.44,7351.44,0,0,False,,
2023-02-20,6959.36,IM2303,6922.0,2,1,3,25559.999999999673,0.0,25559.999999999673,1063.93280852491,10329486.691738188,1245959.9999999998,0.0,7351.44,7351.44,0,0,False,,
2023-02-21,6990.48,IM2303,6935.2,2,1,3,8160.000000000218,0.0,8160.000000000218,1065.531415655236,10338712.223153843,1248335.9999999998,0.0,7351.44,7351.44,0,0,False,,
2023-02-22,6998.43,IM2303,6968.0,2,1,3,18600.0,0.0,18600.0,1066.334891128318,10358378.55804497,1254240.0,0.0,7351.44,7351.44,0,0,False,,
2023-02-23,6966.79,IM2303,6944.8,2,1,3,-21239.99999999978,0.0,-21239.99999999978,1067.9492641220806,10338206.507309092,1250064.0,0.0,7351.44,7351.44,0,0,False,,
2023-02-24,6944.82,IM2303,6928.6,2,1,3,-3000.0,0.0,-3000.0,1066.072867964078,10336272.580177056,1247148.0,0.0,7351.44,7351.44,0,0,False,,
2023-02-27,6894.3,IM2303,6879.2,2,1,3,-32160.00000000022,0.0,-32160.00000000022,1066.188068758746,10305178.768245814,1238255.9999999998,0.0,7351.44,7351.44,0,0,False,,
2023-02-28,6955.57,IM2303,6937.4,2,1,3,33839.99999999978,0.0,33839.99999999978,1063.5837137653575,10340082.35195958,1248731.9999999998,0.0,7351.44,7351.44,0,0,False,,
2023-03-01,7002.77,IM2303,6980.6,2,1,3,32400.0,0.0,32400.0,1066.4491600549843,10373548.801119635,1256508.0,0.0,7351.44,7351.44,0,0,False,,
2023-03-02,6972.31,IM2303,6961.6,2,1,3,-12239.999999999782,0.0,-12239.999999999782,1069.4627451515337,10362378.263864787,1253088.0,0.0,7351.44,7351.44,0,0,False,,
2023-03-03,6967.94,IM2303,6942.0,2,1,3,-7680.000000000109,0.0,-7680.000000000109,1068.5535783473279,10355766.817443134,1249559.9999999998,0.0,7351.44,7351.44,0,0,False,,
2023-03-06,6997.04,IM2303,6956.4,2,1,3,11880.00000000011,0.0,11880.00000000011,1068.1918786306583,10368715.009321764,1252151.9999999998,0.0,7351.44,7351.44,0,0,False,,
2023-03-07,6855.34,IM2303,6846.8,2,1,3,-56400.0,0.0,-56400.0,1069.4066983992038,10313384.416020162,1232424.0,0.0,7351.44,7351.44,0,0,False,,
2023-03-08,6891.46,IM2303,6871.0,2,1,3,-1319.9999999998909,0.0,-1319.9999999998909,1065.2303819827885,10313129.646402145,1236780.0,0.0,7351.44,7351.44,0,0,False,,
2023-03-09,6892.86,IM2303,6878.6,2,1,3,7319.999999999891,0.0,7319.999999999891,1064.68952158296,10321514.335923728,1238148.0,0.0,7351.44,7351.44,0,0,False,,
2023-03-10,6798.3,IM2303,6798.4,2,1,3,-43319.99999999989,0.0,-43319.99999999989,1065.512605322665,10279259.84852905,1223712.0,0.0,7351.44,7351.44,0,0,False,,
2023-03-13,6832.62,IM2303,6832.6,2,1,3,5880.000000000109,0.0,5880.000000000109,1062.2493934380125,10286202.097922489,1229868.0,0.0,7351.44,7351.44,0,0,False,,
2023-03-14,6769.85,IM2304,6745.8,2,1,3,-23880.00000000011,811.296,-24691.29600000011,1062.3416234118629,10262573.143545901,1214243.9999999998,0.0,7351.44,7351.44,0,0,True,IM2303,IM2304
2023-03-15,6803.47,IM2304,6775.4,2,1,3,14639.999999999782,0.0,14639.999999999782,1061.4026125344137,10278274.546158437,1219571.9999999998,0.0,7351.44,7351.44,0,0,False,,
2023-03-16,6689.78,IM2304,6679.0,2,1,3,-55319.99999999989,0.0,-55319.99999999989,1062.6194511859642,10224017.165609622,1202220.0,0.0,7351.44,7351.44,0,0,False,,
2023-03-17,6736.37,IM2304,6726.0,2,1,3,26519.99999999989,0.0,26519.99999999989,1058.2903129871147,10251595.45592261,1210680.0,0.0,7351.44,7351.44,0,0,False,,
2023-03-20,6721.45,IM2304,6719.8,2,1,3,-2519.999999999891,0.0,-2519.999999999891,1060.5329594429932,10250135.988882052,1209564.0,0.0,7351.44,7351.44,0,0,False,,
2023-03-21,6809.39,IM2304,6791.4,2,1,3,43680.00000000011,0.0,43680.00000000011,1060.492669483556,10294876.481551535,1222451.9999999998,0.0,7351.44,7351.44,0,0,False,,
2023-03-22,6840.33,IM2304,6825.6,2,1,3,20519.99999999989,0.0,20519.99999999989,1064.229085168571,10316460.710636703,1228608.0,0.0,7351.44,7351.44,0,0,False,,
2023-03-23,6868.83,IM2304,6850.4,2,1,3,11400.0,0.0,11400.0,1066.03887373815,10328926.749510441,1233071.9999999998,0.0,7351.44,7351.44,0,0,False,,
2023-03-24,6867.95,IM2304,6857.0,2,1,3,4080.000000000109,0.0,4080.000000000109,1066.9775426162869,10334073.727053057,1234259.9999999998,0.0,7351.44,7351.44,0,0,False,,
2023-03-27,6886.69,IM2304,6860.0,2,1,3,7319.999999999891,0.0,7319.999999999891,1067.441945385023,10342461.168998443,1234799.9999999998,0.0,7351.44,7351.44,0,0,False,,
2023-03-28,6825.38,IM2304,6827.4,2,1,3,-24239.99999999978,0.0,-24239.99999999978,1068.362479469317,10319289.531477911,1228931.9999999998,0.0,7351.44,7351.44,0,0,False,,
2023-03-29,6806.28,IM2304,6806.0,2,1,3,-11520.000000000437,0.0,-11520.000000000437,1066.3326985253136,10308835.864176437,1225080.0,0.0,7351.44,7351.44,0,0,False,,
2023-03-30,6807.64,IM2304,6821.6,2,1,3,3120.0000000004366,0.0,3120.0000000004366,1065.5582984333512,10313021.42247487,1227888.0,0.0,7351.44,7351.44,0,0,False,,
2023-03-31,6875.81,IM2304,6873.8,2,1,3,34439.99999999978,0.0,34439.99999999978,1065.719891137781,10348527.142366009,1237283.9999999998,0.0,7351.44,7351.44,0,0,False,,
2023-04-03,6962.2,IM2304,6940.0,2,1,3,47160.00000000022,0.0,47160.00000000022,1068.7826582481885,10396755.925024256,1249199.9999999998,0.0,7351.44,7351.44,0,0,False,,
2023-04-04,6953.36,IM2304,6950.2,2,1,3,-5520.000000000437,0.0,-5520.000000000437,1073.042282513664,10392308.96730677,1251035.9999999998,0.0,7351.44,7351.44,0,0,False,,
2023-04-06,6983.03,IM2304,6959.4,2,1,3,11400.0,0.0,11400.0,1072.3052682395382,10404781.27257501,1252691.9999999998,0.0,7351.44,7351.44,0,0,False,,
2023-04-07,7042.89,IM2304,7026.2,2,1,3,42480.00000000011,0.0,42480.00000000011,1073.5740610174698,10448334.846636027,1264715.9999999998,0.0,7351.44,7351.44,0,0,False,,
2023-04-10,6968.57,IM2304,6971.0,2,1,3,-34319.99999999989,0.0,-34319.99999999989,1077.2725971504456,10415092.119233178,1254780.0,0.0,7351.44,7351.44,0,0,False,,
2023-04-11,6984.14,IM2304,6972.4,2,1,3,-600.0,0.0,-600.0,1074.5386314687642,10415566.657864647,1255031.9999999998,0.0,7351.44,7351.44,0,0,False,,
2023-04-12,7021.02,IM2304,7002.2,2,1,3,20519.99999999989,0.0,20519.99999999989,1074.564736076707,10437161.222600725,1260396.0,0.0,7351.44,7351.44,0,0,False,,
2023-04-13,6966.82,IM2304,6967.0,2,1,3,-18480.00000000011,0.0,-18480.00000000011,1076.4686415978795,10419757.691242322,1254059.9999999998,0.0,7351.44,7351.44,0,0,False,,
2023-04-14,7020.09,IM2304,7004.2,2,1,3,20880.00000000011,0.0,20880.00000000011,1075.1703790665597,10441712.86162139,1260755.9999999998,0.0,7351.44,7351.44,0,0,False,,
2023-04-17,7012.77,IM2304,7009.6,2,1,3,119.99999999989086,0.0,119.99999999989086,1076.9603364220568,10442909.821957812,1261728.0,0.0,7351.44,7351.44,0,0,False,,
2023-04-18,6997.07,IM2305,6959.0,2,1,3,-15119.99999999989,836.352,-15956.35199999989,1076.9867251049845,10428030.456682917,1252620.0,0.0,7351.44,7351.44,0,0,True,IM2304,IM2305
2023-04-19,6965.58,IM2305,6930.2,2,1,3,-16200.0,0.0,-16200.0,1076.3097225243444,10412906.76640544,1247435.9999999998,0.0,7351.44,7351.44,0,0,False,,
2023-04-20,6963.9,IM2305,6929.0,2,1,3,-7560.000000000218,0.0,-7560.000000000218,1075.1437599404321,10406421.91016538,1247220.0,0.0,7351.44,7351.44,0,0,False,,
2023-04-21,6773.51,IM2305,6770.2,2,1,3,-84359.99999999968,0.0,-84359.99999999968,1074.408399821979,10323136.318565203,1218635.9999999998,0.0,7351.44,7351.44,0,0,False,,
2023-04-24,6725.27,IM2305,6722.2,2,1,3,-42119.99999999989,0.0,-42119.99999999989,1067.9916999746226,10282084.310265178,1209996.0,0.0,7351.44,7351.44,0,0,False,,
2023-04-25,6603.24,IM2305,6612.0,2,1,3,-67200.0,0.0,-67200.0,1064.1896510281967,10215948.499916205,1190159.9999999998,0.0,7351.44,7351.44,0,0,False,,
2023-04-26,6624.4,IM2305,6629.0,2,1,3,21600.0,0.0,21600.0,1058.7585113244315,10238607.25842753,1193220.0,0.0,7351.44,7351.44,0,0,False,,
2023-04-27,6633.49,IM2305,6647.6,2,1,3,7559.999999999673,0.0,7559.999999999673,1061.0575184843547,10247228.315946015,1196568.0,0.0,7351.44,7351.44,0,0,False,,
2023-04-28,6723.3,IM2305,6738.4,2,1,3,46800.0,0.0,46800.0,1061.6760677145355,10295089.992013728,1212912.0,0.0,7351.44,7351.44,0,0,False,,
2023-05-04,6733.97,IM2305,6725.2,2,1,3,-600.0,0.0,-600.0,1065.3732081687094,10295555.365221897,1210535.9999999998,0.0,7351.44,7351.44,0,0,False,,
2023-05-05,6653.65,IM2305,6650.0,2,1,3,-46080.00000000011,0.0,-46080.00000000011,1065.7065117984173,10250541.071733696,1196999.9999999998,0.0,7351.44,7351.44,0,0,False,,
2023-05-08,6702.5,IM2305,6687.8,2,1,3,29760.00000000022,0.0,29760.00000000022,1062.0139910670805,10281363.085724764,1203804.0,0.0,7351.44,7351.44,0,0,False,,
2023-05-09,6611.64,IM2305,6613.6,2,1,3,-41519.99999999989,0.0,-41519.99999999989,1064.8313933071606,10240907.91711807,1190448.0,0.0,7351.44,7351.44,0,0,False,,
2023-05-10,6627.31,IM2305,6624.4,2,1,3,-7440.000000000327,0.0,-7440.000000000327,1061.6525601877695,10234529.569678258,1192391.9999999998,0.0,7351.44,7351.44,0,0,False,,
2023-05-11,6622.52,IM2305,6615.6,2,1,3,4080.000000000109,0.0,4080.000000000109,1060.676317925259,10239670.245996183,1190808.0,0.0,7351.44,7351.44,0,0,False,,
2023-05-12,6535.94,IM2305,6538.6,2,1,3,-44519.99999999989,0.0,-44519.99999999989,1061.465147431686,10196211.711143615,1176948.0,0.0,7351.44,7351.44,0,0,False,,
2023-05-15,6585.91,IM2305,6577.2,2,1,3,12000.0,0.0,12000.0,1057.9931293694215,10209269.704272984,1183896.0,0.0,7351.44,7351.44,0,0,False,,
2023-05-16,6516.29,IM2306,6499.6,2,1,3,-28080.00000000011,781.1280000000002,-28861.12800000011,1058.7098542549993,10181467.286127238,1169928.0,0.0,7351.44,7351.44,0,0,True,IM2305,IM2306
2023-05-17,6554.98,IM2306,6521.0,2,1,3,11159.999999999673,0.0,11159.999999999673,1057.0870256277647,10193684.373152865,1173780.0,0.0,7351.44,7351.44,0,0,False,,
2023-05-18,6583.74,IM2306,6551.8,2,1,3,17160.00000000022,0.0,17160.00000000022,1058.0682814024192,10211902.441434268,1179324.0,0.0,7351.44,7351.44,0,0,False,,
2023-05-19,6602.32,IM2306,6590.6,2,1,3,23880.00000000011,0.0,23880.00000000011,1059.554996681219,10236841.996430948,1186308.0,0.0,7351.44,7351.44,0,0,False,,
2023-05-22,6595.98,IM2306,6578.2,2,1,3,-9000.0,0.0,-9000.0,1061.6612499662883,10228903.657680914,1184075.9999999998,0.0,7351.44,7351.44,0,0,False,,
2023-05-23,6528.45,IM2306,6513.0,2,1,3,-24720.000000000437,0.0,-24720.000000000437,1060.991875238512,10205244.649556153,1172340.0,0.0,7351.44,7351.44,0,0,False,,
2023-05-24,6513.18,IM2306,6497.0,2,1,3,-8759.999999999673,0.0,-8759.999999999673,1059.5932621053992,10197544.242818259,1169459.9999999998,0.0,7351.44,7351.44,0,0,False,,
2023-05-25,6501.0,IM2306,6476.8,2,1,3,-38400.0,0.0,-38400.0,1059.0278104928516,10160203.270628752,1165824.0,0.0,7351.44,7351.44,0,0,False,,
2023-05-26,6546.41,IM2306,6535.8,2,1,3,50639.99999999978,0.0,50639.99999999978,1055.0740920803357,10211898.344720833,1176443.9999999998,0.0,7351.44,7351.44,0,0,False,,
2023-05-29,6534.12,IM2306,6525.4,2,1,3,-9600.0,0.0,-9600.0,1059.8923508173618,10203358.23707165,1174571.9999999998,0.0,7351.44,7351.44,0,0,False,,
2023-05-30,6564.47,IM2306,6558.0,2,1,3,15119.99999999989,0.0,15119.99999999989,1059.1101570258647,10219537.347228676,1180440.0,0.0,7351.44,7351.44,0,0,False,,
2023-05-31,6561.65,IM2306,6547.0,2,1,3,600.0,0.0,600.0,1060.31968854104,10221197.666917218,1178459.9999999998,0.0,7351.44,7351.44,0,0,False,,
2023-06-01,6574.76,IM2306,6567.6,2,1,3,12120.000000000437,0.0,12120.000000000437,1060.7467115600507,10234378.413628777,1182168.0,0.0,7351.44,7351.44,0,0,False,,
2023-06-02,6626.28,IM2306,6612.4,2,1,3,30119.99999999989,0.0,30119.99999999989,1061.8578999295296,10265560.271528708,1190231.9999999998,0.0,7351.44,7351.44,0,0,False,,
2023-06-05,6632.96,IM2306,6611.8,2,1,3,-719.9999999998909,0.0,-719.9999999998909,1064.5697105170887,10265904.841239225,1190124.0,0.0,7351.44,7351.44,0,0,False,,
2023-06-06,6489.81,IM2306,6467.8,2,1,3,-77760.00000000022,0.0,-77760.00000000022,1064.6227986249012,10189209.46403785,1164204.0,0.0,7351.44,7351.44,0,0,False,,
2023-06-07,6488.56,IM2306,6470.8,2,1,3,-9960.000000000218,0.0,-9960.000000000218,1058.666658307835,10180308.130696159,1164743.9999999998,0.0,7351.44,7351.44,0,0,False,,
2023-06-08,6442.48,IM2306,6438.4,2,1,3,-22200.0,0.0,-22200.0,1057.5591548433056,10159165.689851003,1158912.0,0.0,7351.44,7351.44,0,0,False,,
2023-06-09,6495.56,IM2306,6484.0,2,1,3,29400.0,0.0,29400.0,1055.7631832717261,10189621.453034274,1167120.0,0.0,7351.44,7351.44,0,0,False,,
2023-06-12,6530.16,IM2306,6513.2,2,1,3,25680.00000000011,0.0,25680.00000000011,1058.3729285176332,10216359.825962791,1172375.9999999998,0.0,7351.44,7351.44,0,0,False,,
2023-06-13,6554.96,IM2307,6520.2,2,1,3,9480.00000000011,783.6120000000001,8696.38800000011,1060.892890644125,10226117.106853435,1173635.9999999998,0.0,7351.44,7351.44,0,0,True,IM2306,IM2307
2023-06-14,6578.12,IM2307,6542.0,2,1,3,16560.00000000022,0.0,16560.00000000022,1061.889653250092,10243738.996506685,1177559.9999999998,0.0,7351.44,7351.44,0,0,False,,
2023-06-15,6613.95,IM2307,6585.0,2,1,3,23400.0,0.0,23400.0,1063.4964665781126,10268202.492973264,1185299.9999999998,0.0,7351.44,7351.44,0,0,False,,
2023-06-16,6669.01,IM2307,6632.6,2,1,3,30600.0,0.0,30600.0,1065.4581948219395,10299867.951168086,1193868.0,0.0,7351.44,7351.44,0,0,False,,
2023-06-19,6693.3,IM2307,6647.8,2,1,3,9600.0,0.0,9600.0,1068.167612448328,10310536.118780535,1196604.0,0.0,7351.44,7351.44,0,0,False,,
2023-06-20,6693.91,IM2307,6652.2,2,1,3,3719.999999999891,0.0,3719.999999999891,1069.0980851680256,10315325.216865703,1197396.0,0.0,7351.44,7351.44,0,0,False,,
2023-06-21,6548.41,IM2307,6525.2,2,1,3,-68760.00000000022,0.0,-68760.00000000022,1069.5669596179766,10247634.783825321,1174535.9999999998,0.0,7351.44,7351.44,0,0,False,,
2023-06-26,6420.97,IM2307,6427.2,2,1,3,-75359.99999999968,0.0,-75359.99999999968,1064.308183329533,10173339.09200865,1156896.0,0.0,7351.44,7351.44,0,0,False,,
2023-06-27,6507.27,IM2307,6478.4,2,1,3,38519.99999999989,0.0,38519.99999999989,1057.6622602695777,10212916.75426892,1166112.0,0.0,7351.44,7351.44,0,0,False,,
2023-06-28,6475.51,IM2307,6463.0,2,1,3,-17519.99999999989,0.0,-17519.99999999989,1061.2237960108944,10196457.97806493,1163340.0,0.0,7351.44,7351.44,0,0,False,,
2023-06-29,6520.04,IM2307,6491.8,2,1,3,25559.999999999673,0.0,25559.999999999673,1059.6182863317456,10223077.596351262,1168524.0,0.0,7351.44,7351.44,0,0,False,,
2023-06-30,6602.04,IM2307,6575.0,2,1,3,46440.00000000033,0.0,46440.00000000033,1062.13276396507,10270579.729115227,1183499.9999999998,0.0,7351.44,7351.44,0,0,False,,
2023-07-03,6612.88,IM2307,6583.6,2,1,3,7080.000000000109,0.0,7080.000000000109,1065.9482001349554,10278725.677315362,1185048.0,0.0,7351.44,7351.44,0,0,False,,
2023-07-04,6638.45,IM2307,6613.4,2,1,3,11519.99999999989,0.0,11519.99999999989,1066.7221639625184,10291312.399479324,1190412.0,0.0,7351.44,7351.44,0,0,False,,
2023-07-05,6584.42,IM2307,6566.2,2,1,3,-22800.0,0.0,-22800.0,1067.5694160963455,10269579.96889542,1181915.9999999998,0.0,7351.44,7351.44,0,0,False,,
2023-07-06,6567.08,IM2307,6535.6,2,1,3,-15719.99999999989,0.0,-15719.99999999989,1066.0167336309419,10254925.985629052,1176408.0,0.0,7351.44,7351.44,0,0,False,,
2023-07-07,6521.43,IM2307,6513.0,2,1,3,-18600.0,0.0,-18600.0,1064.943875827129,10237390.929504879,1172340.0,0.0,7351.44,7351.44,0,0,False,,
2023-07-10,6526.85,IM2307,6520.4,2,1,3,239.99999999978172,0.0,239.99999999978172,1063.3641401293467,10238694.293645008,1173671.9999999998,0.0,7351.44,7351.44,0,0,False,,
2023-07-11,6579.37,IM2307,6571.0,2,1,3,34319.99999999989,0.0,34319.99999999989,1063.3607810366348,10274077.654426044,1182780.0,0.0,7351.44,7351.44,0,0,False,,
2023-07-12,6482.99,IM2307,6483.8,2,1,3,-45239.99999999978,0.0,-45239.99999999978,1066.4429784385904,10229904.097404482,1167083.9999999998,0.0,7351.44,7351.44,0,0,False,,
2023-07-13,6548.31,IM2307,6549.6,2,1,3,33719.99999999989,0.0,33719.99999999989,1063.1024552390288,10264687.199859722,1178928.0,0.0,7351.44,7351.44,0,0,False,,
2023-07-14,6544.46,IM2307,6541.0,2,1,3,239.99999999978172,0.0,239.99999999978172,1065.7932971490575,10265992.99315687,1177380.0,0.0,7351.44,7351.44,0,0,False,,
2023-07-17,6516.56,IM2307,6514.8,2,1,3,-27239.99999999978,0.0,-27239.99999999978,1066.128057701329,10239819.121214572,1172664.0,0.0,7351.44,7351.44,0,0,False,,
2023-07-18,6510.03,IM2308,6500.4,2,1,3,6600.0,780.924,5819.076,1063.6109696315134,10246701.808184203,1170071.9999999998,0.0,7351.44,7351.44,0,0,True,IM2307,IM2308
2023-07-19,6492.35,IM2308,6483.4,2,1,3,-15359.999999999673,0.0,-15359.999999999673,1064.7223856004698,10232406.530569803,1167012.0,0.0,7351.44,7351.44,0,0,False,,
2023-07-20,6408.76,IM2308,6408.2,2,1,3,-30719.99999999989,0.0,-30719.99999999989,1063.4044458103397,10202749.935015613,1153475.9999999998,0.0,7351.44,7351.44,0,0,False,,
2023-07-21,6401.42,IM2308,6407.0,2,1,3,-9360.000000000218,0.0,-9360.000000000218,1061.51344008261,10194451.448455695,1153259.9999999998,0.0,7351.44,7351.44,0,0,False,,
2023-07-24,6393.79,IM2308,6393.6,2,1,3,-6480.000000000109,0.0,-6480.000000000109,1060.5653343921147,10189032.013790088,1150848.0,0.0,7351.44,7351.44,0,0,False,,
2023-07-25,6498.27,IM2308,6497.6,2,1,3,59519.99999999989,0.0,59519.99999999989,1060.2125511367244,10249612.226341225,1169568.0,0.0,7351.44,7351.44,0,0,False,,
2023-07-26,6457.25,IM2308,6468.4,2,1,3,-21600.0,0.0,-21600.0,1065.1229095308722,10229077.349250756,1164312.0,0.0,7351.44,7351.44,0,0,False,,
2023-07-27,6407.55,IM2308,6421.0,2,1,3,-26639.99999999978,0.0,-26639.99999999978,1063.3306405049402,10203500.67989126,1155780.0,0.0,7351.44,7351.44,0,0,False,,
2023-07-28,6465.38,IM2308,6473.6,2,1,3,35880.00000000011,0.0,35880.00000000011,1061.331237487991,10240442.011128748,1165248.0,0.0,7351.44,7351.44,0,0,False,,
2023-07-31,6515.85,IM2308,6524.6,2,1,3,25680.00000000011,0.0,25680.00000000011,1064.5539612735524,10267186.565090021,1174428.0,0.0,7351.44,7351.44,0,0,False,,
2023-08-01,6507.41,IM2308,6509.0,2,1,3,-5760.000000000218,0.0,-5760.000000000218,1066.6143486850553,10262493.179438706,1171620.0,0.0,7351.44,7351.44,0,0,False,,
2023-08-02,6496.02,IM2308,6495.8,2,1,3,-13800.0,0.0,-13800.0,1066.3931859461459,10249759.572624652,1169243.9999999998,0.0,7351.44,7351.44,0,0,False,,
2023-08-03,6499.54,IM2308,6495.6,2,1,3,1680.0000000001091,0.0,1680.0000000001091,1065.1782002004204,10252504.750824852,1169208.0,0.0,7351.44,7351.44,0,0,False,,
2023-08-04,6535.32,IM2308,6534.6,2,1,3,31439.99999999978,0.0,31439.99999999978,1065.5044427321393,10285010.255267585,1176228.0,0.0,7351.44,7351.44,0,0,False,,
2023-08-07,6503.98,IM2308,6515.6,2,1,3,-19080.00000000011,0.0,-19080.00000000011,1068.4939870522162,10266998.749254636,1172808.0,0.0,7351.44,7351.44,0,0,False,,
2023-08-08,6471.34,IM2308,6484.8,2,1,3,-16439.99999999978,0.0,-16439.99999999978,1066.7823492064597,10251625.531603843,1167264.0,0.0,7351.44,7351.44,0,0,False,,
2023-08-09,6420.98,IM2308,6433.2,2,1,3,-29160.00000000022,0.0,-29160.00000000022,1065.6293454719344,10223531.160949314,1157975.9999999998,0.0,7351.44,7351.44,0,0,False,,
2023-08-10,6426.81,IM2308,6424.6,2,1,3,-4559.999999999673,0.0,-4559.999999999673,1063.423288350411,10220034.584237665,1156428.0,0.0,7351.44,7351.44,0,0,False,,
2023-08-11,6304.64,IM2308,6304.0,2,1,3,-63960.00000000022,0.0,-63960.00000000022,1063.1947130654432,10157137.77895073,1134720.0,0.0,7351.44,7351.44,0,0,False,,
2023-08-14,6319.41,IM2308,6323.2,2,1,3,-5400.0,0.0,-5400.0,1058.3631132368819,10152796.142063968,1138175.9999999998,0.0,7351.44,7351.44,0,0,False,,
2023-08-15,6261.73,IM2309,6270.2,2,1,3,-25200.0,752.3040000000001,-25952.304,1057.448421470932,10127901.286485441,1128635.9999999998,0.0,7351.44,7351.44,0,0,True,IM2308,IM2309
2023-08-16,6186.4,IM2309,6200.0,2,1,3,-35280.00000000011,0.0,-35280.00000000011,1055.6472398861792,10093676.933725327,1115999.9999999998,0.0,7351.44,7351.44,0,0,False,,
2023-08-17,6247.6,IM2309,6257.6,2,1,3,26280.00000000011,0.0,26280.00000000011,1053.1148459318497,10121010.048571259,1126368.0,0.0,7351.44,7351.44,0,0,False,,
2023-08-18,6117.11,IM2309,6127.4,2,1,3,-62400.0,0.0,-62400.0,1055.1049169089054,10059665.153488168,1102931.9999999998,0.0,7351.44,7351.44,0,0,False,,
2023-08-21,6057.17,IM2309,6053.8,2,1,3,-46200.0,0.0,-46200.0,1050.6580627282985,10014515.811550897,1089684.0,0.0,7351.44,7351.44,0,0,False,,
2023-08-22,6099.19,IM2309,6084.0,2,1,3,-2159.9999999996726,0.0,-2159.9999999996726,1046.9159168427539,10013402.72746774,1095120.0,0.0,7351.44,7351.44,0,0,False,,
2023-08-23,5973.67,IM2309,5974.8,2,1,3,-51240.00000000033,0.0,-51240.00000000033,1046.1476849575854,9963208.875152698,1075464.0,0.0,7351.44,7351.44,0,0,False,,
2023-08-24,5987.97,IM2309,5977.6,2,1,3,4680.000000000109,0.0,4680.000000000109,1042.565481468503,9968931.440634167,1075968.0,0.0,7351.44,7351.44,0,0,False,,
2023-08-25,5879.03,IM2309,5881.8,2,1,3,-68760.00000000022,0.0,-68760.00000000022,1043.1776385803676,9901214.618272748,1058724.0,0.0,7351.44,7351.44,0,0,False,,
2023-08-28,5922.16,IM2309,5907.6,2,1,3,25680.00000000011,0.0,25680.00000000011,1037.2569890696668,9927931.875261817,1063368.0,0.0,7351.44,7351.44,0,0,False,,
2023-08-29,6108.76,IM2309,6099.2,2,1,3,108480.00000000012,0.0,108480.00000000012,1039.8462640909067,10037451.721525908,1097856.0,0.0,7351.44,7351.44,0,0,False,,
2023-08-30,6139.63,IM2309,6128.2,2,1,3,22560.00000000022,0.0,22560.00000000022,1048.6477783135401,10061060.369304221,1103075.9999999998,0.0,7351.44,7351.44,0,0,False,,
2023-08-31,6104.3,IM2309,6110.6,2,1,3,-20040.000000000327,0.0,-20040.000000000327,1050.80483499033,10042071.174139211,1099908.0,0.0,7351.44,7351.44,0,0,False,,
2023-09-01,6107.2,IM2309,6103.0,2,1,3,-5159.999999999673,0.0,-5159.999999999673,1048.9489500401746,10037960.123089252,1098540.0,0.0,7351.44,7351.44,0,0,False,,
2023-09-04,6198.76,IM2309,6198.0,2,1,3,49800.0,0.0,49800.0,1048.6271799647768,10088808.750269217,1115640.0,0.0,7351.44,7351.44,0,0,False,,
2023-09-05,6167.64,IM2309,6162.2,2,1,3,-15600.0,0.0,-15600.0,1052.586019269801,10074261.336288488,1109196.0,0.0,7351.44,7351.44,0,0,False,,
2023-09-06,6195.38,IM2309,6178.8,2,1,3,19439.99999999978,0.0,19439.99999999978,1051.6354587151234,10094752.971747203,1112183.9999999998,0.0,7351.44,7351.44,0,0,False,,
2023-09-07,6083.49,IM2309,6077.2,2,1,3,-62400.0,0.0,-62400.0,1053.688700160035,10033406.660447363,1093896.0,0.0,7351.44,7351.44,0,0,False,,
2023-09-08,6102.49,IM2309,6075.4,2,1,3,5400.0,0.0,5400.0,1048.637800333124,10039855.298247697,1093571.9999999998,0.0,7351.44,7351.44,0,0,False,,
2023-09-11,6182.64,IM2309,6165.0,2,1,3,45360.00000000022,0.0,45360.00000000022,1049.4322558995589,10086264.730503596,1109699.9999999998,0.0,7351.44,7351.44,0,0,False,,
2023-09-12,6184.61,IM2310,6164.8,2,1,3,2759.9999999996726,740.22,2019.779999999673,1052.9843803634021,10089337.494883958,1109664.0,0.0,7351.44,7351.44,0,0,True,IM2309,IM2310
2023-09-13,6103.14,IM2310,6082.0,2,1,3,-64080.00000000011,0.0,-64080.00000000011,1053.3490499706547,10026310.843933929,1094759.9999999998,0.0,7351.44,7351.44,0,0,False,,
2023-09-14,6068.71,IM2310,6058.8,2,1,3,-9480.00000000011,0.0,-9480.00000000011,1047.7040842946574,10017878.548018223,1090584.0,0.0,7351.44,7351.44,0,0,False,,
2023-09-15,6079.06,IM2310,6067.4,2,1,3,1440.0000000003274,0.0,1440.0000000003274,1047.2048049765667,10020365.7528232,1092131.9999999998,0.0,7351.44,7351.44,0,0,False,,
2023-09-18,6083.97,IM2310,6083.6,2,1,3,26759.999999999673,0.0,26759.999999999673,1047.3149771882418,10048173.067800388,1095048.0,0.0,7351.44,7351.44,0,0,False,,
2023-09-19,6031.04,IM2310,6039.2,2,1,3,-34319.99999999989,0.0,-34319.99999999989,1050.234820877289,10014903.302621266,1087056.0,0.0,7351.44,7351.44,0,0,False,,
2023-09-20,5982.56,IM2310,5987.2,2,1,3,-24719.99999999989,0.0,-24719.99999999989,1047.2696451443428,9991230.572266411,1077696.0,0.0,7351.44,7351.44,0,0,False,,
2023-09-21,5939.66,IM2310,5941.8,2,1,3,-26640.000000000327,0.0,-26640.000000000327,1045.5907087186072,9965636.162975129,1069524.0,0.0,7351.44,7351.44,0,0,False,,
2023-09-22,6054.93,IM2310,6065.0,2,1,3,63480.00000000011,0.0,63480.00000000011,1043.546995404796,10030159.709970534,1091699.9999999998,0.0,7351.44,7351.44,0,0,False,,
2023-09-25,6027.39,IM2310,6031.4,2,1,3,-15359.999999999673,0.0,-15359.999999999673,1048.5145199391359,10015848.224490473,1085651.9999999998,0.0,7351.44,7351.44,0,0,False,,
2023-09-26,5996.11,IM2310,6007.2,2,1,3,-9480.00000000011,0.0,-9480.00000000011,1047.5451824031077,10007415.769672876,1081296.0,0.0,7351.44,7351.44,0,0,False,,
2023-09-27,6034.06,IM2310,6050.2,2,1,3,29159.999999999673,0.0,29159.999999999673,1047.0669991137252,10037622.83667199,1089035.9999999998,0.0,7351.44,7351.44,0,0,False,,
2023-09-28,6078.94,IM2310,6075.0,2,1,3,6360.000000000218,0.0,6360.000000000218,1049.7024695116886,10045032.5391415,1093499.9999999998,0.0,7351.44,7351.44,0,0,False,,
2023-10-09,6059.97,IM2310,6055.0,2,1,3,-7080.000000000109,0.0,-7080.000000000109,1050.0480113512135,10039002.587152852,1089899.9999999998,0.0,7351.44,7351.44,0,0,False,,
2023-10-10,6043.48,IM2310,6033.8,2,1,3,-12480.00000000011,0.0,-12480.00000000011,1049.7629689585058,10027572.350121811,1086084.0,0.0,7351.44,7351.44,0,0,False,,
2023-10-11,6059.4,IM2310,6040.4,2,1,3,2640.0000000003274,0.0,2640.0000000003274,1048.8697906767488,10031261.219912488,1087271.9999999998,0.0,7351.44,7351.44,0,0,False,,
2023-10-12,6104.46,IM2310,6093.0,2,1,3,28800.0,0.0,28800.0,1049.1631519910115,10061110.383064479,1096740.0,0.0,7351.44,7351.44,0,0,False,,
2023-10-13,6081.87,IM2310,6084.2,2,1,3,-7919.999999999891,0.0,-7919.999999999891,1051.553938121006,10054241.9370026,1095156.0,0.0,7351.44,7351.44,0,0,False,,
2023-10-16,6024.36,IM2310,6013.4,2,1,3,-39480.00000000011,0.0,-39480.00000000011,1050.9340529723897,10015812.871055571,1082412.0,0.0,7351.44,7351.44,0,0,False,,
2023-10-17,6011.37,IM2311,5994.4,2,1,3,-2519.999999999891,720.0600000000001,-3240.0599999998917,1047.9210993467204,10013620.732154919,1078991.9999999998,0.0,7351.44,7351.44,0,0,True,IM2310,IM2311
2023-10-18,5908.01,IM2311,5887.4,2,1,3,-59039.99999999978,0.0,-59039.99999999978,1048.065132013747,9955628.797286933,1059731.9999999998,0.0,7351.44,7351.44,0,0,False,,
2023-10-19,5842.89,IM2311,5830.4,2,1,3,-32639.99999999978,0.0,-32639.99999999978,1043.521732209738,9924032.319019143,1049471.9999999998,0.0,7351.44,7351.44,0,0,False,,
2023-10-20,5774.32,IM2311,5766.2,2,1,3,-50160.00000000022,0.0,-50160.00000000022,1041.0188840687783,9874913.33790321,1037915.9999999998,0.0,7351.44,7351.44,0,0,False,,
2023-10-23,5638.14,IM2311,5602.0,2,1,3,-92519.99999999988,0.0,-92519.99999999988,1036.6126068811861,9783429.950510092,1008359.9999999999,0.0,7351.44,7351.44,0,0,False,,
2023-10-24,5719.32,IM2311,5675.2,2,1,3,51959.99999999967,0.0,51959.99999999967,1029.3482943519089,9836419.298804443,1021535.9999999999,0.0,7351.44,7351.44,0,0,False,,
2023-10-25,5778.9,IM2311,5739.6,2,1,3,35640.00000000033,0.0,35640.00000000033,1034.0185479670206,9873093.31735241,1033127.9999999999,0.0,7351.44,7351.44,0,0,False,,
2023-10-26,5811.69,IM2311,5780.8,2,1,3,14759.999999999673,0.0,14759.999999999673,1036.9607618931616,9888890.278114304,1040543.9999999999,0.0,7351.44,7351.44,0,0,False,,
2023-10-27,5916.68,IM2311,5907.0,2,1,3,83400.0,0.0,83400.0,1037.9438797160326,9973328.22199402,1063259.9999999998,0.0,7351.44,7351.44,0,0,False,,
2023-10-30,6006.56,IM2311,5975.0,2,1,3,43680.00000000011,0.0,43680.00000000011,1045.1840929582047,10018053.406086978,1075499.9999999998,0.0,7351.44,7351.44,0,0,False,,
2023-10-31,5969.34,IM2311,5945.0,2,1,3,-29400.0,0.0,-29400.0,1048.9947256969044,9989702.400812674,1070099.9999999998,0.0,7351.44,7351.44,0,0,False,,
2023-11-01,5958.42,IM2311,5936.2,2,1,3,-2159.9999999996726,0.0,-2159.9999999996726,1046.3024875419947,9988588.703300217,1068515.9999999998,0.0,7351.44,7351.44,0,0,False,,
2023-11-02,5885.25,IM2311,5877.4,2,1,3,-30360.00000000022,0.0,-30360.00000000022,1046.3576557704089,9959275.060955988,1057931.9999999998,0.0,7351.44,7351.44,0,0,False,,
2023-11-03,5973.17,IM2311,5958.0,2,1,3,50639.99999999978,0.0,50639.99999999978,1044.16059916464,10010959.221555153,1072440.0,0.0,7351.44,7351.44,0,0,False,,
2023-11-06,6096.57,IM2311,6085.8,2,1,3,65280.00000000011,0.0,65280.00000000011,1048.521500869028,10077287.743056022,1095443.9999999998,0.0,7351.44,7351.44,0,0,False,,
2023-11-07,6116.76,IM2311,6098.0,2,1,3,18480.00000000011,0.0,18480.00000000011,1053.6036281411803,10096821.346684163,1097640.0,0.0,7351.44,7351.44,0,0,False,,
2023-11-08,6138.94,IM2311,6110.6,2,1,3,-5039.999999999782,0.0,-5039.999999999782,1055.637393435751,10092836.984077599,1099908.0,0.0,7351.44,7351.44,0,0,False,,
2023-11-09,6100.69,IM2311,6072.2,2,1,3,-16920.000000000437,0.0,-16920.000000000437,1054.9039680817611,10076971.88804568,1092996.0,0.0,7351.44,7351.44,0,0,False,,
2023-11-10,6088.56,IM2311,6066.0,2,1,3,-3119.999999999891,0.0,-3119.999999999891,1053.8537366669007,10074905.741782347,1091880.0,0.0,7351.44,7351.44,0,0,False,,
2023-11-13,6144.63,IM2311,6124.0,2,1,3,27480.00000000011,0.0,27480.00000000011,1053.7422809815257,10103439.48406333,1102320.0,0.0,7351.44,7351.44,0,0,False,,
2023-11-14,6181.98,IM2312,6123.2,2,1,3,32639.99999999978,737.316,31902.68399999978,1055.8647441482483,10136398.032807479,1102175.9999999998,0.0,7351.44,7351.44,0,0,True,IM2311,IM2312
2023-11-15,6207.27,IM2312,6153.4,2,1,3,12960.000000000218,0.0,12960.000000000218,1059.7477960533229,10150417.780603532,1107612.0,0.0,7351.44,7351.44,0,0,False,,
2023-11-16,6145.15,IM2312,6088.8,2,1,3,-26280.00000000011,0.0,-26280.00000000011,1060.7547015484183,10125198.535305081,1095984.0,0.0,7351.44,7351.44,0,0,False,,
2023-11-17,6199.23,IM2312,6153.2,2,1,3,27000.0,0.0,27000.0,1059.160397999275,10153257.69570308,1107575.9999999998,0.0,7351.44,7351.44,0,0,False,,
2023-11-20,6253.28,IM2312,6213.8,2,1,3,37560.00000000022,0.0,37560.00000000022,1061.0920570702679,10191878.78776015,1118483.9999999998,0.0,7351.44,7351.44,0,0,False,,
2023-11-21,6212.13,IM2312,6161.8,2,1,3,-23880.00000000011,0.0,-23880.00000000011,1064.342905690398,10169063.13066584,1109124.0,0.0,7351.44,7351.44,0,0,False,,
2023-11-22,6132.97,IM2312,6093.0,2,1,3,-35880.00000000011,0.0,-35880.00000000011,1062.7645071411528,10134245.895172982,1096740.0,0.0,7351.44,7351.44,0,0,False,,
2023-11-23,6197.53,IM2312,6176.6,2,1,3,36360.00000000022,0.0,36360.00000000022,1060.1330053045176,10171666.028178286,1111788.0,0.0,7351.44,7351.44,0,0,False,,
2023-11-24,6115.41,IM2312,6081.0,2,1,3,-52320.00000000044,0.0,-52320.00000000044,1062.757339592438,10120408.785517879,1094580.0,0.0,7351.44,7351.44,0,0,False,,
2023-11-27,6111.36,IM2312,6081.2,2,1,3,-5879.999999999563,0.0,-5879.999999999563,1058.763236975122,10115587.548754854,1094615.9999999998,0.0,7351.44,7351.44,0,0,False,,
2023-11-28,6143.3,IM2312,6097.2,2,1,3,12839.999999999782,0.0,12839.999999999782,1058.193465063846,10129485.742219917,1097496.0,0.0,7351.44,7351.44,0,0,False,,
2023-11-29,6113.37,IM2312,6074.6,2,1,3,-15000.0,0.0,-15000.0,1059.4859400770445,10115545.228159994,1093428.0,0.0,7351.44,7351.44,0,0,False,,
2023-11-30,6080.55,IM2312,6036.0,2,1,3,-26880.00000000011,0.0,-26880.00000000011,1058.3278575129325,10089723.556017507,1086480.0,0.0,7351.44,7351.44,0,0,False,,
2023-12-01,6130.05,IM2312,6092.2,2,1,3,39600.0,0.0,39600.0,1056.113905676925,10130379.669923184,1096596.0,0.0,7351.44,7351.44,0,0,False,,
2023-12-04,6114.39,IM2312,6058.6,2,1,3,-12719.99999999989,0.0,-12719.99999999989,1059.696374458988,10118719.366297644,1090548.0,0.0,7351.44,7351.44,0,0,False,,
2023-12-05,5992.6,IM2312,5958.2,2,1,3,-57119.99999999989,0.0,-57119.99999999989,1059.0380304005455,10062658.404328045,1072475.9999999998,0.0,7351.44,7351.44,0,0,False,,
2023-12-06,6023.8,IM2312,5997.8,2,1,3,14880.00000000011,0.0,14880.00000000011,1054.5817840767959,10078592.986112121,1079604.0,0.0,7351.44,7351.44,0,0,False,,
2023-12-07,6020.83,IM2312,6014.2,2,1,3,14879.999999999563,0.0,14879.999999999563,1055.614828826255,10094528.600940948,1082556.0,0.0,7351.44,7351.44,0,0,False,,
2023-12-08,6003.14,IM2312,6000.8,2,1,3,-8639.999999999782,0.0,-8639.999999999782,1057.1378550646725,10086945.738796012,1080143.9999999998,0.0,7351.44,7351.44,0,0,False,,
2023-12-11,6075.08,IM2312,6070.6,2,1,3,36960.00000000022,0.0,36960.00000000022,1056.5312937313454,10124962.270089744,1092708.0,0.0,7351.44,7351.44,0,0,False,,
2023-12-12,6078.99,IM2401,6045.0,2,1,3,5039.999999999782,727.44,4312.559999999783,1059.5169701785876,10130334.34705992,1088099.9999999998,0.0,7351.44,7351.44,0,0,True,IM2312,IM2401
2023-12-13,6019.55,IM2401,5982.0,2,1,3,-30000.0,0.0,-30000.0,1060.687670271543,10101395.034730192,1076759.9999999998,0.0,7351.44,7351.44,0,0,False,,
2023-12-14,5991.86,IM2401,5956.0,2,1,3,-20400.0,0.0,-20400.0,1058.6232055743335,10082053.657935767,1072080.0,0.0,7351.44,7351.44,0,0,False,,
2023-12-15,5951.6,IM2401,5903.0,2,1,3,-38280.00000000011,0.0,-38280.00000000011,1056.9033716264212,10044830.561307393,1062540.0,0.0,7351.44,7351.44,0,0,False,,
2023-12-18,5857.01,IM2401,5831.6,2,1,3,-43439.99999999978,0.0,-43439.99999999978,1053.6560415814752,10002444.217348974,1049688.0,0.0,7351.44,7351.44,0,0,False,,
2023-12-19,5863.54,IM2401,5838.0,2,1,3,-960.0000000002183,0.0,-960.0000000002183,1050.1915533494885,10002534.408902323,1050840.0,0.0,7351.44,7351.44,0,0,False,,
2023-12-20,5761.31,IM2401,5745.0,2,1,3,-42959.99999999967,0.0,-42959.99999999967,1050.0669992753155,9960624.475901598,1034099.9999999998,0.0,7351.44,7351.44,0,0,False,,
2023-12-21,5798.91,IM2401,5770.2,2,1,3,12959.999999999673,0.0,12959.999999999673,1047.1144726573664,9974631.590374256,1038635.9999999999,0.0,7351.44,7351.44,0,0,False,,
2023-12-22,5733.91,IM2401,5722.8,2,1,3,-34080.00000000011,0.0,-34080.00000000011,1048.2254695591603,9941599.815843815,1030103.9999999999,0.0,7351.44,7351.44,0,0,False,,
2023-12-25,5735.73,IM2401,5717.6,2,1,3,-2039.9999999997817,0.0,-2039.9999999997817,1045.3515550186328,9940605.167398833,1029168.0,0.0,7351.44,7351.44,0,0,False,,
2023-12-26,5651.59,IM2401,5636.6,2,1,3,-43319.99999999989,0.0,-43319.99999999989,1045.344675338226,9898330.51207417,1014587.9999999999,0.0,7351.44,7351.44,0,0,False,,
2023-12-27,5696.16,IM2401,5673.0,2,1,3,20519.99999999989,0.0,20519.99999999989,1042.095989415278,9919892.608063586,1021140.0,0.0,7351.44,7351.44,0,0,False,,
2023-12-28,5805.53,IM2401,5803.4,2,1,3,76560.00000000022,0.0,76560.00000000022,1043.856729419848,9997496.464793006,1044611.9999999999,0.0,7351.44,7351.44,0,0,False,,
2023-12-29,5887.24,IM2401,5894.8,2,1,3,51239.99999999978,0.0,51239.99999999978,1050.2065972509633,10049786.671390258,1061064.0,0.0,7351.44,7351.44,0,0,False,,
2024-01-02,5854.75,IM2401,5833.6,2,1,3,-22560.00000000022,0.0,-22560.00000000022,1054.410551981987,10028281.08194224,1050048.0,0.0,7351.44,7351.44,0,0,False,,
2024-01-03,5824.04,IM2401,5809.4,2,1,3,-31319.99999999989,0.0,-31319.99999999989,1053.180084183136,9998014.262026424,1045691.9999999998,0.0,7351.44,7351.44,0,0,False,,
2024-01-04,5783.02,IM2401,5765.2,2,1,3,-23159.999999999673,0.0,-23159.999999999673,1050.140648778515,9975904.402675202,1037735.9999999999,0.0,7351.44,7351.44,0,0,False,,
2024-01-05,5675.81,IM2401,5664.8,2,1,3,-57000.0,0.0,-57000.0,1048.4803485115265,9919952.883023713,1019664.0,0.0,7351.44,7351.44,0,0,False,,
2024-01-08,5543.57,IM2401,5480.2,2,1,3,-95400.0,0.0,-95400.0,1044.0369401781418,9825596.91996389,986435.9999999999,0.0,7351.44,7351.44,0,0,False,,
2024-01-09,5553.3,IM2401,5513.4,2,1,3,-2280.000000000109,0.0,-2280.000000000109,1036.8664030920895,9824353.786366982,992411.9999999999,0.0,7351.44,7351.44,0,0,False,,
2024-01-10,5512.07,IM2401,5484.6,2,1,3,-1560.0000000002183,0.0,-1560.0000000002183,1036.0195719105052,9823829.805938892,987227.9999999999,0.0,7351.44,7351.44,0,0,False,,
2024-01-11,5611.11,IM2401,5595.2,2,1,3,55200.0,0.0,55200.0,1036.5662095128314,9880066.372148406,1007135.9999999999,0.0,7351.44,7351.44,0,0,False,,
2024-01-12,5574.49,IM2401,5551.0,2,1,3,-14880.00000000011,0.0,-14880.00000000011,1040.827685247488,9866227.199833654,999179.9999999999,0.0,7351.44,7351.44,0,0,False,,
2024-01-15,5559.38,IM2401,5530.2,2,1,3,-16559.999999999673,0.0,-16559.999999999673,1040.1375672858396,9850707.33740094,995435.9999999999,0.0,7351.44,7351.44,0,0,False,,
2024-01-16,5539.47,IM2402,5464.6,2,1,3,-15480.00000000011,658.6560000000001,-16138.656000000108,1038.7562148888787,9835607.43761583,983627.9999999999,0.0,7351.44,7351.44,0,0,True,IM2401,IM2402
2024-01-17,5389.12,IM2402,5258.6,2,1,3,-88680.00000000012,0.0,-88680.00000000012,1038.3700628185145,9747965.80767865,946548.0,0.0,7351.44,7351.44,0,0,False,,
2024-01-18,5373.42,IM2402,5272.8,2,1,3,-73680.00000000012,0.0,-73680.00000000012,1032.43899584936,9675318.246674499,949103.9999999999,0.0,7351.44,7351.44,0,0,False,,
2024-01-19,5306.99,IM2402,5217.4,2,1,3,25680.00000000011,0.0,25680.00000000011,1023.6173388499977,9702021.864013348,939131.9999999998,0.0,7351.44,7351.44,1,0,False,,
2024-01-22,5000.83,IM2402,4830.4,2,2,4,-216960.00000000023,96.60799999999999,-217056.60800000024,1027.9195249710158,9485993.17553832,1159296.0,0.0,7351.44,7351.44,0,0,False,,
2024-01-23,5079.63,IM2402,4998.0,2,2,4,128640.00000000032,0.0,128640.00000000032,976.7525026654622,9615609.928040985,1199520.0,0.0,7351.44,7351.44,0,0,False,,
2024-01-24,5143.41,IM2402,5090.8,2,2,4,18879.999999999563,0.0,18879.999999999563,987.2386045239085,9635477.166645508,1221792.0,0.0,7351.44,7351.44,0,0,False,,
2024-01-25,5316.2,IM2402,5306.6,2,2,4,185120.00000000044,0.0,185120.00000000044,986.9565170813333,9821584.12316259,1273584.0,0.0,7351.44,7351.44,0,0,False,,
2024-01-26,5269.76,IM2402,5216.8,2,2,4,-39200.0,0.0,-39200.0,1002.7121603042996,9783386.835322894,1252032.0,0.0,7351.44,7351.44,0,0,False,,
2024-01-29,5131.25,IM2402,5063.0,2,2,4,-110240.00000000015,0.0,-110240.00000000015,1000.7596062228599,9674147.594929118,1215120.0,0.0,7351.44,7351.44,0,0,False,,
2024-01-30,4984.66,IM2402,4907.2,2,2,4,-125440.00000000015,0.0,-125440.00000000015,992.275352313273,9549699.870281432,1177728.0,0.0,7351.44,7351.44,0,0,False,,
2024-01-31,4785.03,IM2402,4727.2,2,2,4,-147359.99999999985,0.0,-147359.99999999985,982.0633925015502,9403321.933673933,1134528.0,0.0,7351.44,7351.44,0,0,False,,
2024-02-01,4750.44,IM2402,4699.2,2,2,4,-34240.000000000146,0.0,-34240.000000000146,969.9602373517153,9370051.893911285,1127808.0,0.0,7351.44,7351.44,0,0,False,,
2024-02-02,4574.67,IM2402,4507.2,2,2,4,-182559.99999999985,0.0,-182559.99999999985,966.8458190851044,9188458.739730371,1081728.0,0.0,7351.44,7351.44,0,0,False,,
2024-02-05,4293.07,IM2402,4176.6,2,2,4,-162240.00000000015,0.0,-162240.00000000015,950.9496228262628,9027169.689353198,1002384.0,0.0,7351.44,7351.44,0,0,False,,
2024-02-06,4592.44,IM2402,4609.0,2,2,4,238080.0000000003,0.0,238080.0000000003,941.3371640866694,9266191.026517285,1106160.0,0.0,7351.44,7351.44,0,0,False,,
2024-02-07,4797.85,IM2402,4825.0,2,2,4,157759.99999999985,0.0,157759.99999999985,957.2019444148091,9424908.2284617,1158000.0,0.0,7351.44,7351.44,0,0,False,,
2024-02-08,4993.1,IM2402,5002.4,2,2,4,178400.0,0.0,178400.0,969.7390371271233,9604277.967498826,1200575.9999999998,0.0,7351.44,7351.44,0,0,False,,
2024-02-19,5029.59,IM2403,4954.6,2,2,4,-8480.000000000291,795.2,-9275.200000000288,985.7854507454787,9595988.552949568,1189104.0,0.0,7351.44,7351.44,0,0,True,IM2402,IM2403
2024-02-20,5046.01,IM2403,4989.0,2,2,4,33919.99999999971,0.0,33919.99999999971,986.1587798384462,9630894.711729407,1197360.0,0.0,7351.44,7351.44,0,0,False,,
2024-02-21,5073.48,IM2403,5001.4,2,2,4,61440.000000000146,0.0,61440.000000000146,989.284942437599,9693323.996671844,1200335.9999999998,0.0,7351.44,7351.44,0,0,False,,
2024-02-22,5151.53,IM2403,5122.4,2,2,4,19040.000000000146,0.0,19040.000000000146,996.2590335610047,9713360.255705405,1229375.9999999998,0.0,7351.44,7351.44,0,0,False,,
2024-02-23,5225.67,IM2403,5217.0,2,2,4,75039.99999999942,0.0,75039.99999999942,995.202861307238,9789395.458566712,1252080.0,0.0,7351.44,7351.44,0,0,False,,
2024-02-26,5255.4,IM2403,5215.0,2,2,4,29120.000000000437,0.0,29120.000000000437,1001.4588094661277,9819516.91737618,1251600.0,0.0,7351.44,7351.44,0,0,False,,
2024-02-27,5394.03,IM2403,5386.0,2,2,4,97279.99999999956,0.0,97279.99999999956,1005.0484742332301,9917801.965850413,1292640.0,0.0,7351.44,7351.44,0,0,False,,
2024-02-28,5152.05,IM2403,5117.6,2,2,4,-127200.0,0.0,-127200.0,1011.7635310178907,9791613.72938143,1228224.0,0.0,7351.44,7351.44,0,0,False,,
2024-02-29,5344.61,IM2403,5333.8,2,2,4,78400.0,0.0,78400.0,1004.5174182682194,9871018.2467997,1280112.0,0.0,7351.44,7351.44,0,0,False,,
2024-03-01,5401.94,IM2403,5392.0,2,2,4,69920.00000000044,0.0,69920.00000000044,1007.7452079531727,9941945.992007652,1294080.0,0.0,7351.44,7351.44,0,0,False,,
2024-03-04,5428.34,IM2403,5383.4,2,2,4,-480.00000000029104,0.0,-480.00000000029104,1014.4267976051294,9942480.418805258,1292015.9999999998,0.0,7351.44,7351.44,0,0,False,,
2024-03-05,5375.13,IM2403,5311.4,2,2,4,-43679.99999999956,0.0,-43679.99999999956,1014.7316027186156,9899815.150407977,1274735.9999999998,0.0,7351.44,7351.44,0,0,False,,
2024-03-06,5381.46,IM2403,5345.0,2,2,4,30079.999999999563,0.0,30079.999999999563,1011.7538164589303,9930906.904224437,1282800.0,0.0,7351.44,7351.44,0,0,False,,
2024-03-07,5303.28,IM2403,5277.0,2,2,4,-47679.99999999956,0.0,-47679.99999999956,1014.4550575028663,9884241.35928194,1266480.0,0.0,7351.44,7351.44,0,0,False,,
2024-03-08,5370.37,IM2403,5348.0,2,2,4,38719.99999999971,0.0,38719.99999999971,1010.8954123827813,9923972.254694324,1283520.0,0.0,7351.44,7351.44,0,0,False,,
2024-03-11,5466.65,IM2403,5463.0,2,2,4,68159.99999999985,0.0,68159.99999999985,1013.557138684883,9993145.81183301,1311120.0,0.0,7351.44,7351.44,0,0,False,,
2024-03-12,5496.36,IM2404,5446.2,2,2,4,44800.0,874.7520000000001,43925.24799999999,1018.4338713345594,10038089.493704347,1307088.0,0.0,7351.44,7351.44,0,0,True,IM2403,IM2404
2024-03-13,5521.78,IM2404,5473.0,2,2,4,27680.00000000029,0.0,27680.00000000029,1024.1789007056418,10066793.672605053,1313520.0,0.0,7351.44,7351.44,0,0,False,,
2024-03-14,5486.65,IM2404,5437.2,2,2,4,-53759.999999999854,0.0,-53759.999999999854,1026.79151000588,10014060.464115059,1304928.0,0.0,7351.44,7351.44,0,0,False,,
2024-03-15,5555.64,IM2404,5532.2,2,2,4,68959.99999999985,0.0,68959.99999999985,1021.6135823168629,10084042.077697376,1327728.0,0.0,7351.44,7351.44,0,0,False,,
2024-03-18,5648.01,IM2404,5639.6,2,2,4,90079.99999999956,0.0,90079.99999999956,1027.1481608147706,10175149.225858191,1353504.0,0.0,7351.44,7351.44,0,0,False,,
2024-03-19,5607.48,IM2404,5581.6,2,2,4,-13439.999999999418,0.0,-13439.999999999418,1034.8117471231028,10162744.037605314,1339584.0,0.0,7351.44,7351.44,0,0,False,,
2024-03-20,5659.15,IM2404,5629.0,2,2,4,28000.0,0.0,28000.0,1034.9894401668003,10191779.02704548,1350960.0,0.0,7351.44,7351.44,0,0,False,,
2024-03-21,5658.28,IM2404,5627.0,2,2,4,5279.999999999563,0.0,5279.999999999563,1037.0609052106952,10198096.087950692,1350480.0,0.0,7351.44,7351.44,0,0,False,,
2024-03-22,5595.88,IM2404,5558.8,2,2,4,-44319.99999999971,0.0,-44319.99999999971,1037.8582256980355,10154813.94617639,1334112.0,0.0,7351.44,7351.44,0,0,False,,
2024-03-25,5466.06,IM2404,5435.4,2,2,4,-90559.99999999985,0.0,-90559.99999999985,1034.701096913243,10065288.647273302,1304496.0,0.0,7351.44,7351.44,0,0,False,,
2024-03-26,5447.75,IM2404,5401.0,2,2,4,-42400.0,0.0,-42400.0,1027.6735136586926,10023916.32078696,1296240.0,0.0,7351.44,7351.44,0,0,False,,
2024-03-27,5266.23,IM2404,5216.8,2,2,4,-109600.0,0.0,-109600.0,1023.7888455732907,9915340.109632533,1252032.0,0.0,7351.44,7351.44,0,0,False,,
2024-03-28,5382.24,IM2404,5349.6,2,2,4,58239.99999999942,0.0,58239.99999999942,1016.2382153519964,9974596.347847885,1283904.0,0.0,7351.44,7351.44,0,0,False,,
2024-03-29,5441.26,IM2404,5412.0,2,2,4,35360.00000000058,0.0,35360.00000000058,1019.4504881951843,10010975.79833608,1298880.0,0.0,7351.44,7351.44,0,0,False,,
2024-04-01,5559.06,IM2404,5541.6,2,2,4,109439.99999999942,0.0,109439.99999999942,1021.9611924263213,10121437.759528507,1329984.0,0.0,7351.44,7351.44,0,0,False,,
2024-04-02,5531.05,IM2404,5506.6,2,2,4,-29279.999999999563,0.0,-29279.999999999563,1031.2701759965232,10093189.029704504,1321584.0,0.0,7351.44,7351.44,0,0,False,,
2024-04-03,5500.93,IM2404,5475.0,2,2,4,-25280.00000000029,0.0,-25280.00000000029,1028.941846273271,10068937.971550778,1314000.0,0.0,7351.44,7351.44,0,0,False,,
2024-04-08,5399.91,IM2404,5348.4,2,2,4,-82240.00000000015,0.0,-82240.00000000015,1026.9867384531442,9987724.95828923,1283615.9999999998,0.0,7351.44,7351.44,0,0,False,,
2024-04-09,5468.91,IM2404,5431.6,2,2,4,42560.00000000058,0.0,42560.00000000058,1021.0243064270242,10031305.982595658,1303584.0,0.0,7351.44,7351.44,0,0,False,,
2024-04-10,5367.05,IM2404,5330.0,2,2,4,-72320.00000000044,0.0,-72320.00000000044,1023.7942018730313,9960009.776797531,1279200.0,0.0,7351.44,7351.44,0,0,False,,
2024-04-11,5379.92,IM2404,5353.8,2,2,4,32640.000000000146,0.0,32640.000000000146,1018.2912259087451,9993668.06802344,1284912.0,0.0,7351.44,7351.44,0,0,False,,
2024-04-12,5338.77,IM2404,5309.0,2,2,4,-35680.00000000029,0.0,-35680.00000000029,1021.5694296574432,9959009.637453098,1274160.0,0.0,7351.44,7351.44,0,0,False,,
2024-04-15,5287.51,IM2404,5262.8,2,2,4,-75679.99999999956,0.0,-75679.99999999956,1018.7651165670167,9884348.402569665,1263072.0,0.0,7351.44,7351.44,0,0,False,,
2024-04-16,5066.66,IM2405,4986.4,2,2,4,-136640.00000000017,803.312,-137443.31200000015,1011.3077400147203,9747916.39830968,1196735.9999999998,0.0,7351.44,7351.44,0,0,True,IM2404,IM2405
2024-04-17,5287.46,IM2405,5232.0,2,2,4,170560.00000000058,0.0,170560.00000000058,1003.0852183900687,9919479.48352807,1255680.0,0.0,7351.44,7351.44,0,0,False,,
2024-04-18,5286.72,IM2405,5234.0,2,2,4,38400.0,0.0,38400.0,1016.2958553348242,9958895.779383404,1256160.0,0.0,7351.44,7351.44,0,0,False,,
2024-04-19,5264.39,IM2405,5191.8,2,2,4,-47200.0,0.0,-47200.0,1020.8632274416117,9912716.642610846,1246032.0,0.0,7351.44,7351.44,0,0,False,,
2024-04-22,5246.08,IM2405,5189.2,2,2,4,6879.999999999563,0.0,6879.999999999563,1016.6342952102369,9920613.276906056,1245408.0,0.0,7351.44,7351.44,0,0,False,,
2024-04-23,5218.43,IM2405,5151.8,2,2,4,-32479.999999999563,0.0,-32479.999999999563,1017.6337972572903,9889150.910703314,1236432.0,0.0,7351.44,7351.44,0,0,False,,
2024-04-24,5305.61,IM2405,5275.4,2,2,4,80639.99999999942,0.0,80639.99999999942,1014.9960629910672,9970805.906766305,1266096.0,0.0,7351.44,7351.44,0,0,False,,
2024-04-25,5313.99,IM2405,5279.2,2,2,4,16160.000000000582,0.0,16160.000000000582,1021.0947999152082,9987987.00156622,1267008.0,0.0,7351.44,7351.44,0,0,False,,
2024-04-26,5415.94,IM2405,5408.6,2,2,4,97759.99999999985,0.0,97759.99999999985,1023.003225155963,10086770.004791375,1298064.0000000002,0.0,7351.44,7351.44,0,0,False,,
2024-04-29,5545.23,IM2405,5557.0,2,2,4,123840.00000000015,0.0,123840.00000000015,1030.9478541611513,10211640.952645537,1333680.0,0.0,7351.44,7351.44,0,0,False,,
2024-04-30,5497.43,IM2405,5493.0,2,2,4,-43040.000000000146,0.0,-43040.000000000146,1041.4177910225446,10169642.370436558,1318320.0,0.0,7351.44,7351.44,0,0,False,,
2024-05-06,5606.84,IM2405,5590.2,2,2,4,76640.00000000015,0.0,76640.00000000015,1038.2929863981471,10247320.663422957,1341648.0,0.0,7351.44,7351.44,0,0,False,,
2024-05-07,5625.34,IM2405,5606.8,2,2,4,8000.0,0.0,8000.0,1044.668477613442,10256365.33190057,1345632.0,0.0,7351.44,7351.44,0,0,False,,
2024-05-08,5536.66,IM2405,5519.8,2,2,4,-67040.00000000015,0.0,-67040.00000000015,1045.2621128203511,10190370.594013391,1324752.0,0.0,7351.44,7351.44,0,0,False,,
2024-05-09,5626.83,IM2405,5617.0,2,2,4,78079.99999999956,0.0,78079.99999999956,1039.9699865175173,10269490.563999908,1348080.0,0.0,7351.44,7351.44,0,0,False,,
2024-05-10,5574.23,IM2405,5563.6,2,2,4,-52639.99999999942,0.0,-52639.99999999942,1046.5145917990758,10217897.078591706,1335264.0000000002,0.0,7351.44,7351.44,0,0,False,,
2024-05-13,5520.8,IM2405,5512.0,2,2,4,-43200.0,0.0,-43200.0,1041.9658487475326,10175739.044440454,1322880.0,0.0,7351.44,7351.44,0,0,False,,
2024-05-14,5551.68,IM2406,5470.0,2,2,4,29119.99999999971,880.5600000000001,28239.43999999971,1038.473243965757,10205016.957684416,1312800.0,0.0,7351.44,7351.44,0,0,True,IM2405,IM2406
2024-05-15,5497.23,IM2406,5424.0,2,2,4,-29280.00000000029,0.0,-29280.00000000029,1043.090073358048,10176780.047757775,1301760.0,0.0,7351.44,7351.44,0,0,False,,
2024-05-16,5488.95,IM2406,5415.0,2,2,4,-4479.999999999563,0.0,-4479.999999999563,1041.0728119571763,10173341.120569732,1299600.0,0.0,7351.44,7351.44,0,0,False,,
2024-05-17,5563.23,IM2406,5530.2,2,2,4,51200.0,0.0,51200.0,1040.922789048295,10225582.04335878,1327248.0,0.0,7351.44,7351.44,0,0,False,,
2024-05-20,5596.78,IM2406,5539.2,2,2,4,38719.99999999971,0.0,38719.99999999971,1043.8076302254942,10265345.850989006,1329408.0,0.0,7351.44,7351.44,0,0,False,,
2024-05-21,5536.74,IM2406,5476.8,2,2,4,-62240.000000000146,0.0,-62240.000000000146,1048.218696514836,10204154.06968552,1314432.0,0.0,7351.44,7351.44,0,0,False,,
2024-05-22,5539.66,IM2406,5479.6,2,2,4,17920.000000000437,0.0,17920.000000000437,1042.7974137301765,10223116.867099252,1315104.0,0.0,7351.44,7351.44,0,0,False,,
2024-05-23,5412.82,IM2406,5359.0,2,2,4,-109600.0,0.0,-109600.0,1044.9429921958006,10114561.810091447,1286160.0,0.0,7351.44,7351.44,0,0,False,,
2024-05-24,5350.11,IM2406,5291.2,2,2,4,-31359.999999999854,0.0,-31359.999999999854,1035.604319546499,10084237.414410993,1269888.0,0.0,7351.44,7351.44,0,0,False,,
2024-05-27,5404.62,IM2406,5335.8,2,2,4,6879.999999999563,0.0,6879.999999999563,1033.9559213449106,10092151.370332338,1280592.0,0.0,7351.44,7351.44,0,0,False,,
2024-05-28,5348.03,IM2406,5279.0,2,2,4,-33279.99999999956,0.0,-33279.99999999956,1033.6286388127226,10059904.998971151,1266960.0,0.0,7351.44,7351.44,0,0,False,,
2024-05-29,5351.25,IM2406,5284.0,2,2,4,-160.00000000058208,0.0,-160.00000000058208,1031.4451039213618,10060776.444075072,1268160.0,0.0,7351.44,7351.44,0,0,False,,
2024-05-30,5334.3,IM2406,5291.4,2,2,4,8480.000000000291,0.0,8480.000000000291,1031.4065632118532,10070287.850638283,1269935.9999999998,0.0,7351.44,7351.44,0,0,False,,
2024-05-31,5355.21,IM2406,5314.0,2,2,4,27040.000000000146,0.0,27040.000000000146,1032.3139551297372,10098360.164593413,1275360.0,0.0,7351.44,7351.44,0,0,False,,
2024-06-03,5284.62,IM2406,5222.4,2,2,4,-90400.0,0.0,-90400.0,1034.9706864687626,10008995.135279883,1253375.9999999998,0.0,7351.44,7351.44,0,0,False,,
2024-06-04,5313.71,IM2406,5268.6,2,2,4,40959.999999999854,0.0,40959.999999999854,1027.0666414882976,10050982.201921372,1264464.0000000002,0.0,7351.44,7351.44,0,0,False,,
2024-06-05,5244.09,IM2406,5209.6,2,2,4,-28000.0,0.0,-28000.0,1030.6912167593623,10024012.893138131,1250304.0,0.0,7351.44,7351.44,0,0,False,,
2024-06-06,5130.87,IM2406,5101.8,2,2,4,-99200.0,0.0,-99200.0,1029.188637267436,9925842.081775399,1224432.0,0.0,7351.44,7351.44,0,0,False,,
2024-06-07,5153.59,IM2406,5115.0,2,2,4,21600.0,0.0,21600.0,1020.7077181887712,9948462.789493587,1227600.0,0.0,7351.44,7351.44,0,0,False,,
2024-06-11,5198.92,IM2406,5174.0,2,2,4,34719.99999999971,0.0,34719.99999999971,1022.9895930482508,9984205.779086635,1241760.0,0.0,7351.44,7351.44,0,0,False,,
2024-06-12,5216.46,IM2406,5180.6,2,2,4,15840.000000000146,0.0,15840.000000000146,1025.5213578831654,10001071.300444517,1243344.0,0.0,7351.44,7351.44,0,0,False,,
2024-06-13,5180.24,IM2406,5148.4,2,2,4,-34079.99999999956,0.0,-34079.99999999956,1027.3139370914855,9968018.61438161,1235615.9999999998,0.0,7351.44,7351.44,0,0,False,,
2024-06-14,5180.65,IM2406,5178.8,2,2,4,17279.999999999563,0.0,17279.999999999563,1024.343257364615,9986322.957638973,1242912.0,0.0,7351.44,7351.44,0,0,False,,
2024-06-17,5183.97,IM2406,5173.8,2,2,4,6080.000000000291,0.0,6080.000000000291,1025.6345769118682,9993428.592215884,1241712.0,0.0,7351.44,7351.44,0,0,False,,
2024-06-18,5227.25,IM2407,5180.6,2,2,4,43359.999999999854,832.8480000000002,42527.151999999856,1026.6088586934916,10036982.35307458,1243344.0,0.0,7351.44,7351.44,0,0,True,IM2406,IM2407
2024-06-19,5159.99,IM2407,5106.0,2,2,4,-56800.0,0.0,-56800.0,1031.5264369326962,9981213.879511513,1225440.0,0.0,7351.44,7351.44,0,0,False,,
2024-06-20,5056.14,IM2407,5002.8,2,2,4,-82560.00000000058,0.0,-82560.00000000058,1027.0847935613622,9899680.964305075,1200672.0,0.0,7351.44,7351.44,0,0,False,,
2024-06-21,5055.33,IM2407,4994.6,2,2,4,0.0,0.0,0.0,1020.4260581921494,9900701.390363267,1198704.0,0.0,7351.44,7351.44,0,0,False,,
2024-06-24,4887.78,IM2407,4834.0,2,2,4,-122400.0,0.0,-122400.0,1020.776611667295,9779322.166974934,1160160.0,0.0,7351.44,7351.44,0,0,False,,
2024-06-25,4847.61,IM2407,4808.4,2,2,4,-48000.0,0.0,-48000.0,1011.0597323275373,9732333.226707261,1154015.9999999998,0.0,7351.44,7351.44,0,0,False,,
2024-06-26,4986.38,IM2407,4954.4,2,2,4,118560.00000000058,0.0,118560.00000000058,1006.268469142793,9851899.495176405,1189056.0,0.0,7351.44,7351.44,0,0,False,,
2024-06-27,4864.09,IM2407,4835.0,2,2,4,-87360.00000000058,0.0,-87360.00000000058,1016.1837143507913,9765555.678890755,1160400.0,0.0,7351.44,7351.44,0,0,False,,
2024-06-28,4895.99,IM2407,4851.4,2,2,4,20480.00000000029,0.0,20480.00000000029,1009.4167192574853,9787045.095610013,1164335.9999999998,0.0,7351.44,7351.44,0,0,False,,
2024-07-01,4940.25,IM2407,4893.2,2,2,4,36800.0,0.0,36800.0,1011.4758002291379,9824856.571410242,1174367.9999999998,0.0,7351.44,7351.44,0,0,False,,
2024-07-02,4905.65,IM2407,4863.8,2,2,4,-34559.999999999854,0.0,-34559.999999999854,1014.7344359088789,9791311.305846151,1167312.0,0.0,7351.44,7351.44,0,0,False,,
2024-07-03,4867.13,IM2407,4832.2,2,2,4,-19680.00000000029,0.0,-19680.00000000029,1011.6271466814641,9772642.932992833,1159728.0,0.0,7351.44,7351.44,0,0,False,,
2024-07-04,4761.87,IM2407,4729.0,2,2,4,-89119.99999999971,0.0,-89119.99999999971,1010.3269085802441,9684533.259901414,1134960.0,0.0,7351.44,7351.44,0,0,False,,
2024-07-05,4810.79,IM2407,4778.2,2,2,4,47040.000000000146,0.0,47040.000000000146,1002.896695086133,9732576.1565965,1146767.9999999998,0.0,7351.44,7351.44,0,0,False,,
2024-07-08,4693.96,IM2407,4663.0,2,2,4,-101600.0,0.0,-101600.0,1007.1471830388743,9631983.303779539,1119120.0,0.0,7351.44,7351.44,0,0,False,,
2024-07-09,4797.06,IM2407,4766.6,2,2,4,95519.99999999971,0.0,95519.99999999971,998.5904808983374,9728501.894260436,1143984.0,0.0,7351.44,7351.44,0,0,False,,
2024-07-10,4777.68,IM2407,4758.0,2,2,4,-8959.999999999854,0.0,-8959.999999999854,1006.9958304750332,9720548.89009091,1141920.0,0.0,7351.44,7351.44,0,0,False,,
2024-07-11,4893.59,IM2407,4881.4,2,2,4,89759.99999999985,0.0,89759.99999999985,1006.3050284151614,9811315.195119325,1171535.9999999998,0.0,7351.44,7351.44,0,0,False,,
2024-07-12,4878.02,IM2407,4864.2,2,2,4,-1759.9999999998545,0.0,-1759.9999999998545,1013.4781862971038,9810568.673305621,1167408.0,0.0,7351.44,7351.44,0,0,False,,
2024-07-15,4827.6,IM2407,4808.8,2,2,4,-55840.000000000146,0.0,-55840.000000000146,1013.8748462466065,9755742.548151867,1154112.0,0.0,7351.44,7351.44,0,0,False,,
2024-07-16,4836.72,IM2408,4769.4,2,2,4,9280.000000000291,766.8800000000001,8513.12000000029,1009.0032083300617,9765264.671360195,1144656.0,0.0,7351.44,7351.44,0,0,True,IM2407,IM2408
2024-07-17,4795.62,IM2408,4729.8,2,2,4,-27359.999999999854,0.0,-27359.999999999854,1011.2294126640062,9738915.900772858,1135152.0,0.0,7351.44,7351.44,0,0,False,,
2024-07-18,4812.43,IM2408,4756.8,2,2,4,11040.000000000146,0.0,11040.000000000146,1009.2534585154224,9750965.154231373,1141632.0,0.0,7351.44,7351.44,0,0,False,,
2024-07-19,4821.42,IM2408,4757.0,2,2,4,12000.0,0.0,12000.0,1009.9067526293916,9763975.060984002,1141680.0,0.0,7351.44,7351.44,0,0,False,,
2024-07-22,4826.87,IM2408,4766.2,2,2,4,-1919.999999999709,0.0,-1919.999999999709,1011.4272324298507,9763066.488216432,1143888.0,0.0,7351.44,7351.44,0,0,False,,
2024-07-23,4694.95,IM2408,4625.0,2,2,4,-83040.00000000015,0.0,-83040.00000000015,1011.0616468697795,9681037.549863301,1110000.0,0.0,7351.44,7351.44,0,0,False,,
2024-07-24,4631.01,IM2408,4570.2,2,2,4,-60320.00000000044,0.0,-60320.00000000044,1005.4145360134819,9621722.964399315,1096848.0,0.0,7351.44,7351.44,0,0,False,,
2024-07-25,4632.57,IM2408,4579.2,2,2,4,1280.000000000291,0.0,1280.000000000291,999.9994932983562,9624002.963892614,1099008.0,0.0,7351.44,7351.44,0,0,False,,
2024-07-26,4702.08,IM2408,4664.6,2,2,4,58400.0,0.0,58400.0,1000.0135696845784,9683402.9774623,1119504.0,0.0,7351.44,7351.44,0,0,False,,
2024-07-29,4685.65,IM2408,4638.6,2,2,4,-11519.999999999709,0.0,-11519.999999999709,1004.5771549593683,9672887.554617258,1113264.0000000002,0.0,7351.44,7351.44,0,0,False,,
2024-07-30,4702.49,IM2408,4656.0,2,2,4,11359.999999999854,0.0,11359.999999999854,1004.0756319814323,9685251.63024924,1117440.0,0.0,7351.44,7351.44,0,0,False,,
2024-07-31,4889.08,IM2408,4895.0,2,2,4,175200.0,0.0,175200.0,1005.0361236622211,9861456.6663729,1174800.0,0.0,7351.44,7351.44,0,0,False,,
2024-08-01,4878.29,IM2408,4859.4,2,2,4,-7840.0000000001455,0.0,-7840.0000000001455,1018.9770877703158,9854635.64346067,1166256.0,0.0,7351.44,7351.44,0,0,False,,
2024-08-02,4809.89,IM2408,4792.8,2,2,4,-54719.99999999971,0.0,-54719.99999999971,1019.1791993815629,9800934.822660051,1150272.0,0.0,7351.44,7351.44,0,0,False,,
2024-08-05,4678.78,IM2408,4670.6,2,2,4,-96800.0,0.0,-96800.0,1014.7548762276218,9705149.57753628,1120944.0,0.0,7351.44,7351.44,0,0,False,,
2024-08-06,4749.95,IM2408,4729.8,2,2,4,32639.999999999418,0.0,32639.999999999418,1006.9591945633971,9738796.536730843,1135152.0,0.0,7351.44,7351.44,0,0,False,,
2024-08-07,4743.41,IM2408,4719.0,2,2,4,6240.0000000001455,0.0,6240.0000000001455,1009.2394566699957,9746045.776187513,1132560.0,0.0,7351.44,7351.44,0,0,False,,
2024-08-08,4739.49,IM2408,4735.0,2,2,4,10240.000000000146,0.0,10240.000000000146,1010.3938706069972,9757296.17005812,1136400.0,0.0,7351.44,7351.44,0,0,False,,
2024-08-09,4702.75,IM2408,4687.0,2,2,4,-33919.99999999971,0.0,-33919.99999999971,1011.2631373289954,9724387.43319545,1124880.0,0.0,7351.44,7351.44,0,0,False,,
2024-08-12,4674.1,IM2408,4678.4,2,2,4,-23840.000000000146,0.0,-23840.000000000146,1008.7541590607764,9701556.18735451,1122815.9999999998,0.0,7351.44,7351.44,0,0,False,,
2024-08-13,4697.59,IM2409,4639.0,2,2,4,19200.0,746.3040000000001,18453.696,1006.3180839975213,9721016.20143851,1113360.0,0.0,7351.44,7351.44,0,0,True,IM2408,IM2409
2024-08-14,4649.28,IM2409,4590.6,2,2,4,-27040.000000000146,0.0,-27040.000000000146,1009.7100398388637,9694985.91147835,1101744.0,0.0,7351.44,7351.44,0,0,False,,
2024-08-15,4691.85,IM2409,4637.4,2,2,4,26240.000000000146,0.0,26240.000000000146,1008.0191900942502,9722233.930668443,1112975.9999999998,0.0,7351.44,7351.44,0,0,False,,
2024-08-16,4655.65,IM2409,4606.2,2,2,4,-18719.99999999971,0.0,-18719.99999999971,1009.897928626092,9704523.828597069,1105488.0,0.0,7351.44,7351.44,0,0,False,,
2024-08-19,4663.61,IM2409,4622.8,2,2,4,7039.999999999418,0.0,7039.999999999418,1008.698838089925,9712572.52743516,1109472.0,0.0,7351.44,7351.44,0,0,False,,
2024-08-20,4579.3,IM2409,4537.0,2,2,4,-73119.99999999971,0.0,-73119.99999999971,1009.1756423592516,9640461.70307752,1088880.0,0.0,7351.44,7351.44,0,0,False,,
2024-08-21,4548.26,IM2409,4522.0,2,2,4,-9440.000000000146,0.0,-9440.000000000146,1003.1322929297157,9632024.83537045,1085280.0,0.0,7351.44,7351.44,0,0,False,,
2024-08-22,4491.84,IM2409,4473.2,2,2,4,-41919.99999999971,0.0,-41919.99999999971,1002.5649103843505,9591107.400280833,1073567.9999999998,0.0,7351.44,7351.44,0,0,False,,
2024-08-23,4495.34,IM2409,4475.0,2,2,4,2559.9999999998545,0.0,2559.9999999998545,999.1390043841876,9594666.539285218,1074000.0,0.0,7351.44,7351.44,0,0,False,,
2024-08-26,4512.89,IM2409,4489.2,2,2,4,11040.000000000146,0.0,11040.000000000146,999.5058294030785,9606706.045114622,1077408.0,0.0,7351.44,7351.44,0,0,False,,
2024-08-27,4459.68,IM2409,4442.2,2,2,4,-33280.00000000029,0.0,-33280.00000000029,1000.5183370928512,9574426.563451715,1066128.0,0.0,7351.44,7351.44,0,0,False,,
2024-08-28,4470.55,IM2409,4450.2,2,2,4,9120.000000000437,0.0,9120.000000000437,998.0550199051938,9584544.61847162,1068048.0,0.0,7351.44,7351.44,0,0,False,,
2024-08-29,4542.46,IM2409,4527.4,2,2,4,65919.99999999971,0.0,65919.99999999971,999.0166822052479,9651463.635153826,1086575.9999999998,0.0,7351.44,7351.44,0,0,False,,
2024-08-30,4629.32,IM2409,4621.0,2,2,4,83840.00000000015,0.0,83840.00000000015,1004.6931281782954,9736308.328282004,1109040.0,0.0,7351.44,7351.44,0,0,False,,
2024-09-02,4532.51,IM2409,4515.6,2,2,4,-91040.00000000015,0.0,-91040.00000000015,1012.0106151537977,9646280.338897157,1083744.0,0.0,7351.44,7351.44,0,0,False,,
2024-09-03,4572.4,IM2409,4547.4,2,2,4,15359.999999999854,0.0,15359.999999999854,1004.4173123950632,9662644.756209552,1091375.9999999998,0.0,7351.44,7351.44,0,0,False,,
2024-09-04,4550.77,IM2409,4536.2,2,2,4,-11840.000000000146,0.0,-11840.000000000146,1005.4416573765593,9651810.19786693,1088688.0,0.0,7351.44,7351.44,0,0,False,,
2024-09-05,4586.78,IM2409,4577.2,2,2,4,30880.00000000029,0.0,30880.00000000029,1004.4860358280007,9683694.683902757,1098528.0,0.0,7351.44,7351.44,0,0,False,,
2024-09-06,4508.23,IM2409,4497.2,2,2,4,-61280.00000000029,0.0,-61280.00000000029,1007.0719359095749,9623421.755838666,1079328.0,0.0,7351.44,7351.44,0,0,False,,
2024-09-09,4475.53,IM2409,4457.4,2,2,4,-30559.999999999854,0.0,-30559.999999999854,1002.2539289096018,9593864.009767575,1069775.9999999998,0.0,7351.44,7351.44,0,0,False,,
2024-09-10,4487.58,IM2409,4473.6,2,2,4,12480.000000000291,0.0,12480.000000000291,999.9071805974339,9607343.916948173,1073664.0000000002,0.0,7351.44,7351.44,0,0,False,,
2024-09-11,4486.01,IM2409,4474.8,2,2,4,-5759.9999999998545,0.0,-5759.9999999998545,1001.0323469324734,9602584.949295105,1073952.0,0.0,7351.44,7351.44,0,0,False,,
2024-09-12,4468.74,IM2409,4468.4,2,2,4,8319.999999999709,0.0,8319.999999999709,1000.4403188831662,9611905.389613988,1072415.9999999998,0.0,7351.44,7351.44,0,0,False,,
2024-09-13,4413.19,IM2409,4416.8,2,2,4,-40319.99999999971,0.0,-40319.99999999971,1001.7138196515931,9572587.103433639,1060032.0,0.0,7351.44,7351.44,0,0,False,,
2024-09-18,4399.13,IM2410,4365.6,2,2,4,-15680.000000000291,701.6480000000001,-16381.648000000292,998.5543278531584,9557204.00976149,1047744.0,0.0,7351.44,7351.44,0,0,True,IM2409,IM2410
2024-09-19,4482.27,IM2410,4454.0,2,2,4,65439.99999999942,0.0,65439.99999999942,998.1912618707497,9623642.20102336,1068960.0,0.0,7351.44,7351.44,0,0,False,,
2024-09-20,4463.36,IM2410,4422.6,2,2,4,-27679.999999999563,0.0,-27679.999999999563,1003.4959928534989,9596965.697016215,1061424.0,0.0,7351.44,7351.44,0,0,False,,
2024-09-23,4469.13,IM2410,4437.0,2,2,4,19040.000000000146,0.0,19040.000000000146,1001.2507406487977,9617006.947756864,1064880.0,0.0,7351.44,7351.44,0,0,False,,
2024-09-24,4642.56,IM2410,4653.2,2,2,4,150239.99999999942,0.0,150239.99999999942,1003.1962521555513,9768250.14400902,1116767.9999999998,0.0,7351.44,7351.44,0,0,False,,
2024-09-25,4686.26,IM2410,4676.4,2,2,4,52960.00000000058,0.0,52960.00000000058,1014.8509856646798,9822224.994994685,1122335.9999999998,0.0,7351.44,7351.44,0,0,False,,
2024-09-26,4874.13,IM2410,4937.4,2,2,4,147679.99999999956,0.0,147679.99999999956,1020.529289060329,9970925.524283746,1184975.9999999998,0.0,7351.44,7351.44,0,0,False,,
2024-09-27,5136.44,IM2410,5362.2,2,2,4,327840.0000000001,0.0,327840.0000000001,1030.6245087604943,10299796.148792507,1286928.0,0.0,7351.44,7351.44,0,0,False,,
2024-09-30,5708.83,IM2410,5813.4,2,2,4,412959.9999999999,0.0,412959.9999999999,1057.2429061535768,10713813.39169866,1395215.9999999998,0.0,7351.44,7351.44,0,1,False,,
2024-10-08,6201.99,IM2410,6219.8,2,1,3,307640.0,124.396,307515.604,1093.106081774263,11022422.101780435,1119564.0,0.0,7351.44,7351.44,0,0,False,,
2024-10-09,5727.38,IM2410,5749.8,2,1,3,-192600.0,0.0,-192600.0,1161.6420329144073,10830983.743813349,1034964.0,0.0,7351.44,7351.44,0,0,False,,
2024-10-10,5654.53,IM2410,5664.0,2,1,3,-92159.99999999968,0.0,-92159.99999999968,1149.109496744894,10739972.853310093,1019519.9999999999,0.0,7351.44,7351.44,0,0,False,,
2024-10-11,5416.76,IM2410,5423.0,2,1,3,-179160.00000000023,0.0,-179160.00000000023,1140.245219845941,10561953.098529939,976140.0,0.0,7351.44,7351.44,0,0,False,,
2024-10-14,5615.76,IM2410,5613.0,2,1,3,113760.00000000022,0.0,113760.00000000022,1124.4514765804693,10676837.55000652,1010340.0,0.0,7351.44,7351.44,0,0,False,,
2024-10-15,5507.18,IM2411,5452.0,2,1,3,-65640.00000000032,656.004,-66296.00400000034,1133.9160623873677,10611675.462068908,981359.9999999999,0.0,7351.44,7351.44,0,0,True,IM2410,IM2411
2024-10-16,5524.25,IM2411,5501.4,2,1,3,20280.00000000011,0.0,20280.00000000011,1129.671769098001,10633085.133838005,990251.9999999999,0.0,7351.44,7351.44,0,0,False,,
2024-10-17,5505.61,IM2411,5469.2,2,1,3,10439.999999999782,0.0,10439.999999999782,1131.140138485077,10644656.27397649,984456.0,0.0,7351.44,7351.44,0,0,False,,
2024-10-18,5749.43,IM2411,5732.8,2,1,3,204000.0,0.0,204000.0,1133.1773685220044,10849789.451345012,1031903.9999999999,0.0,7351.44,7351.44,0,0,False,,
2024-10-21,5860.57,IM2411,5840.0,2,1,3,360.0000000002183,0.0,360.0000000002183,1151.674425443976,10851301.125770455,1051199.9999999998,0.0,7351.44,7351.44,0,0,False,,
2024-10-22,5888.81,IM2411,5873.8,2,1,3,11039.999999999782,0.0,11039.999999999782,1149.5882580060393,10863490.71402846,1057284.0,0.0,7351.44,7351.44,0,0,False,,
2024-10-23,5903.58,IM2411,5891.2,2,1,3,18119.99999999989,0.0,18119.99999999989,1150.3044661838474,10882761.018494645,1060415.9999999998,0.0,7351.44,7351.44,0,0,False,,
2024-10-24,5861.63,IM2411,5859.0,2,1,3,-25800.0,0.0,-25800.0,1152.197549232722,10858113.216043878,1054620.0,0.0,7351.44,7351.44,0,0,False,,
2024-10-25,5974.91,IM2411,5996.0,2,1,3,73200.0,0.0,73200.0,1149.9861627927737,10932463.202206671,1079280.0,0.0,7351.44,7351.44,0,0,False,,
2024-10-28,6082.09,IM2411,6069.2,2,1,3,51120.00000000044,0.0,51120.00000000044,1155.8149827100517,10984739.017189382,1092456.0,0.0,7351.44,7351.44,0,0,False,,
2024-10-29,5983.84,IM2411,5977.8,2,1,3,-46200.0,0.0,-46200.0,1160.4015362177634,10939699.418725599,1076004.0,0.0,7351.44,7351.44,0,0,False,,
2024-10-30,6019.35,IM2411,6006.0,2,1,3,1319.9999999998909,0.0,1319.9999999998909,1157.0481047483536,10942176.466830347,1081080.0,0.0,7351.44,7351.44,0,0,False,,
2024-10-31,6116.66,IM2411,6095.4,2,1,3,81839.99999999978,0.0,81839.99999999978,1156.7432380389635,11025173.210068386,1097171.9999999998,0.0,7351.44,7351.44,0,0,False,,
2024-11-01,5930.23,IM2411,5917.8,2,1,3,-112319.99999999988,0.0,-112319.99999999988,1164.5914128939257,10914017.80148128,1065204.0,0.0,7351.44,7351.44,0,0,False,,
2024-11-04,6053.11,IM2411,6065.4,2,1,3,56039.99999999978,0.0,56039.99999999978,1155.3024357777324,10971213.103917059,1091771.9999999998,0.0,7351.44,7351.44,0,0,False,,
2024-11-05,6266.54,IM2411,6283.4,2,1,3,149160.00000000023,0.0,149160.00000000023,1158.89513209818,11121531.999049157,1131012.0,0.0,7351.44,7351.44,0,0,False,,
2024-11-06,6293.19,IM2411,6293.8,2,1,3,11880.00000000011,0.0,11880.00000000011,1171.9250990258024,11134583.924148183,1132883.9999999998,0.0,7351.44,7351.44,0,0,False,,
2024-11-07,6403.92,IM2411,6408.0,2,1,3,55559.99999999967,0.0,55559.99999999967,1173.2365457603091,11191317.160693944,1153440.0,0.0,7351.44,7351.44,0,0,False,,
2024-11-08,6423.12,IM2411,6408.6,2,1,3,16560.00000000022,0.0,16560.00000000022,1177.4802699633942,11209054.640963906,1153548.0,0.0,7351.44,7351.44,0,0,False,,
2024-11-11,6579.01,IM2411,6525.6,2,1,3,69360.00000000022,0.0,69360.00000000022,1179.548273472032,11279594.189237379,1174608.0,0.0,7351.44,7351.44,0,0,False,,
2024-11-12,6491.97,IM2412,6407.8,2,1,3,-43560.00000000022,771.828,-44331.82800000021,1185.3524082433612,11236447.71364562,1153404.0,0.0,7351.44,7351.44,0,0,True,IM2411,IM2412
2024-11-13,6474.39,IM2412,6397.4,2,1,3,-2640.0000000003274,0.0,-2640.0000000003274,1182.7784743657262,11234990.492119987,1151531.9999999998,0.0,7351.44,7351.44,0,0,False,,
2024-11-14,6272.19,IM2412,6239.6,2,1,3,-96119.99999999988,0.0,-96119.99999999988,1182.827129421188,11140053.319249408,1123128.0,0.0,7351.44,7351.44,0,0,False,,
2024-11-15,6125.51,IM2412,6103.0,2,1,3,-61439.99999999978,0.0,-61439.99999999978,1175.0225411502797,11079788.341790559,1098540.0,0.0,7351.44,7351.44,0,0,False,,
2024-11-18,5974.56,IM2412,5954.2,2,1,3,-121440.00000000032,0.0,-121440.00000000032,1170.8374991959688,10959519.179289754,1071756.0,0.0,7351.44,7351.44,0,0,False,,
2024-11-19,6130.28,IM2412,6093.0,2,1,3,70440.00000000032,0.0,70440.00000000032,1159.8713424462073,11031119.050632201,1096740.0,0.0,7351.44,7351.44,0,0,False,,
2024-11-20,6250.8,IM2412,6190.8,2,1,3,70800.0,0.0,70800.0,1165.3395572783052,11103084.39018948,1114343.9999999998,0.0,7351.44,7351.44,0,0,False,,
2024-11-21,6262.16,IM2412,6187.2,2,1,3,-4680.000000000109,0.0,-4680.000000000109,1171.7163442973897,11099576.106533777,1113696.0,0.0,7351.44,7351.44,0,0,False,,
2024-11-22,6030.49,IM2412,5951.2,2,1,3,-94200.0,0.0,-94200.0,1171.3808224019556,11006547.487356178,1071215.9999999998,0.0,7351.44,7351.44,0,0,False,,
2024-11-25,6052.13,IM2412,5992.8,2,1,3,-42960.00000000022,0.0,-42960.00000000022,1165.4512816432202,10964752.938637821,1078704.0,0.0,7351.44,7351.44,0,0,False,,
2024-11-26,5981.57,IM2412,5914.0,2,1,3,-9839.999999999782,0.0,-9839.999999999782,1159.6702556513296,10956072.608893473,1064520.0,0.0,7351.44,7351.44,0,0,False,,
2024-11-27,6118.66,IM2412,6086.8,2,1,3,64680.00000000011,0.0,64680.00000000011,1160.3158566120378,11021912.924750084,1095624.0,0.0,7351.44,7351.44,0,0,False,,
2024-11-28,6086.09,IM2412,6036.8,2,1,3,13919.99999999989,0.0,13919.99999999989,1164.3905554669448,11036997.315305552,1086624.0,0.0,7351.44,7351.44,0,0,False,,
2024-11-29,6189.13,IM2412,6156.0,2,1,3,67080.00000000012,0.0,67080.00000000012,1167.2157439245404,11105244.531049477,1108080.0,0.0,7351.44,7351.44,0,0,False,,
2024-12-02,6313.61,IM2412,6266.8,2,1,3,61919.99999999989,0.0,61919.99999999989,1172.7045273061317,11168337.235576782,1128024.0,0.0,7351.44,7351.44,0,0,False,,
2024-12-03,6303.28,IM2412,6265.4,2,1,3,12480.00000000011,0.0,12480.00000000011,1177.76603059433,11181995.001607377,1127771.9999999998,0.0,7351.44,7351.44,0,0,False,,
2024-12-04,6204.94,IM2412,6171.8,2,1,3,-77160.00000000022,0.0,-77160.00000000022,1179.3976978082871,11106014.399305185,1110924.0,0.0,7351.44,7351.44,0,0,False,,
2024-12-05,6285.6,IM2412,6255.6,2,1,3,50280.00000000011,0.0,50280.00000000011,1172.4612239495445,11157466.860529134,1126008.0,0.0,7351.44,7351.44,0,0,False,,
2024-12-06,6349.62,IM2412,6333.6,2,1,3,55080.00000000011,0.0,55080.00000000011,1176.727379517558,11213723.587908652,1140048.0,0.0,7351.44,7351.44,0,0,False,,
2024-12-09,6303.27,IM2412,6264.0,2,1,3,-43800.0,0.0,-43800.0,1181.6795584251117,11171105.267467076,1127520.0,0.0,7351.44,7351.44,0,0,False,,
2024-12-10,6362.02,IM2412,6358.2,2,1,3,62639.99999999978,0.0,62639.99999999978,1178.1498520868463,11234923.417319164,1144475.9999999998,0.0,7351.44,7351.44,0,0,False,,
2024-12-11,6447.37,IM2412,6430.2,2,1,3,39480.00000000011,0.0,39480.00000000011,1183.6469563027626,11275587.064275466,1157435.9999999998,0.0,7351.44,7351.44,0,0,False,,
2024-12-12,6490.15,IM2412,6477.8,2,1,3,28319.99999999989,0.0,28319.99999999989,1186.8966969774954,11305093.960972443,1166004.0,0.0,7351.44,7351.44,0,0,False,,
2024-12-13,6354.99,IM2412,6359.0,2,1,3,-67680.00000000012,0.0,-67680.00000000012,1189.3529073236466,11238603.313879767,1144620.0,0.0,7351.44,7351.44,0,0,False,,
2024-12-16,6277.52,IM2412,6263.4,2,1,3,-63959.99999999967,0.0,-63959.99999999967,1184.061730101056,11175827.37560987,1127412.0,0.0,7351.44,7351.44,0,0,False,,
2024-12-17,6143.94,IM2501,6105.4,2,1,3,-69719.99999999988,734.94,-70454.93999999989,1178.7164417102179,11106551.152051577,1098971.9999999998,0.0,7351.44,7351.44,0,0,True,IM2412,IM2501
2024-12-18,6195.87,IM2501,6151.0,2,1,3,29400.0,0.0,29400.0,1173.9262010278565,11137125.078252606,1107180.0,0.0,7351.44,7351.44,0,0,False,,
2024-12-19,6207.19,IM2501,6180.6,2,1,3,8520.000000000437,0.0,8520.000000000437,1176.5498072345843,11146821.62805984,1112508.0,0.0,7351.44,7351.44,0,0,False,,
2024-12-20,6271.75,IM2501,6226.2,2,1,3,32879.99999999956,0.0,32879.99999999956,1177.0622543510435,11180878.69031419,1120715.9999999998,0.0,7351.44,7351.44,0,0,False,,
2024-12-23,6096.38,IM2501,6063.0,2,1,3,-90839.99999999978,0.0,-90839.99999999978,1180.0944453526167,11091218.784759544,1091340.0,0.0,7351.44,7351.44,0,0,False,,
2024-12-24,6164.36,IM2501,6130.2,2,1,3,24119.99999999989,0.0,24119.99999999989,1173.0229193466116,11116511.807678891,1103435.9999999998,0.0,7351.44,7351.44,0,0,False,,
2024-12-25,6094.69,IM2501,6080.0,2,1,3,-28680.00000000011,0.0,-28680.00000000011,1174.5709791466095,11089006.378658038,1094399.9999999998,0.0,7351.44,7351.44,0,0,False,,
2024-12-26,6160.45,IM2501,6131.0,2,1,3,43440.00000000033,0.0,43440.00000000033,1172.4044465300615,11133618.783104567,1103580.0,0.0,7351.44,7351.44,0,0,False,,
2024-12-27,6171.57,IM2501,6143.6,2,1,3,9839.999999999782,0.0,9839.999999999782,1176.5607991617237,11144635.343903728,1105848.0,0.0,7351.44,7351.44,0,0,False,,
2024-12-30,6145.93,IM2501,6133.6,2,1,3,-13919.99999999989,0.0,-13919.99999999989,1177.5870378341717,11131892.930941561,1104048.0,0.0,7351.44,7351.44,0,0,False,,
2024-12-31,5957.72,IM2501,5926.4,2,1,3,-104519.99999999988,0.0,-104519.99999999988,1176.3034521553993,11028549.234393716,1066751.9999999998,0.0,7351.44,7351.44,0,0,False,,
2025-01-02,5797.09,IM2501,5778.0,2,1,3,-108960.00000000022,0.0,-108960.00000000022,1168.5558120601263,10920757.790205777,1040040.0,0.0,7351.44,7351.44,0,0,False,,
2025-01-03,5625.21,IM2501,5625.0,2,1,3,-81480.00000000012,0.0,-81480.00000000012,1159.044892141248,10840436.835097918,1012499.9999999998,0.0,7351.44,7351.44,0,0,False,,
2025-01-06,5608.03,IM2501,5597.2,2,1,3,-27600.0,0.0,-27600.0,1152.853490087367,10813989.688588006,1007495.9999999999,0.0,7351.44,7351.44,0,0,False,,
2025-01-07,5692.04,IM2501,5672.8,2,1,3,40320.00000000044,0.0,40320.00000000044,1150.3381293654581,10855460.026717372,1021103.9999999999,0.0,7351.44,7351.44,0,0,False,,
2025-01-08,5661.78,IM2501,5639.6,2,1,3,-120.00000000043656,0.0,-120.00000000043656,1153.606485104144,10856493.633202476,1015127.9999999999,0.0,7351.44,7351.44,0,0,False,,
2025-01-09,5672.78,IM2501,5640.2,2,1,3,-4319.999999999891,0.0,-4319.999999999891,1154.4287379773648,10853328.061940454,1015235.9999999999,0.0,7351.44,7351.44,0,0,False,,
2025-01-10,5544.92,IM2501,5530.4,2,1,3,-54480.00000000011,0.0,-54480.00000000011,1154.0447359108277,10800002.106676364,995471.9999999998,0.0,7351.44,7351.44,0,0,False,,
2025-01-13,5559.47,IM2501,5557.6,2,1,3,-8639.999999999782,0.0,-8639.999999999782,1150.1077939148045,10792512.214470278,1000368.0,0.0,7351.44,7351.44,0,0,False,,
2025-01-14,5811.05,IM2502,5784.0,2,1,3,163200.00000000006,696.1800000000001,162503.81999999998,1148.6548827598774,10956164.689353038,1041119.9999999999,0.0,7351.44,7351.44,0,0,True,IM2501,IM2502
2025-01-15,5775.57,IM2502,5737.0,2,1,3,-27119.99999999989,0.0,-27119.99999999989,1163.0715648956425,10930207.760917934,1032659.9999999999,0.0,7351.44,7351.44,0,0,False,,
2025-01-16,5801.31,IM2502,5753.0,2,1,3,10919.99999999989,0.0,10919.99999999989,1161.019110209509,10942288.780028144,1035540.0,0.0,7351.44,7351.44,0,0,False,,
2025-01-17,5841.57,IM2502,5811.8,2,1,3,37800.0,0.0,37800.0,1162.0984239221984,10981250.878452066,1046124.0,0.0,7351.44,7351.44,0,0,False,,
2025-01-20,5879.15,IM2502,5848.6,2,1,3,18000.0,0.0,18000.0,1165.4272802588841,11000416.305732325,1052748.0,0.0,7351.44,7351.44,0,0,False,,
2025-01-21,5908.02,IM2502,5881.6,2,1,3,9000.0,0.0,9000.0,1166.8984362556432,11010583.20416858,1058688.0,0.0,7351.44,7351.44,0,0,False,,
2025-01-22,5855.74,IM2502,5843.0,2,1,3,-20760.00000000022,0.0,-20760.00000000022,1167.394267140217,10990990.59843572,1051740.0,0.0,7351.44,7351.44,0,0,False,,
2025-01-23,5829.03,IM2502,5809.0,2,1,3,-4919.999999999891,0.0,-4919.999999999891,1165.9110079277802,10987236.509443648,1045619.9999999999,0.0,7351.44,7351.44,0,0,False,,
2025-01-24,5938.13,IM2502,5945.0,2,1,3,66840.00000000032,0.0,66840.00000000032,1166.1885380756119,11055242.697981725,1070099.9999999998,0.0,7351.44,7351.44,0,0,False,,
2025-01-27,5846.07,IM2502,5825.8,2,1,3,-47760.00000000022,0.0,-47760.00000000022,1171.2943216401866,11008653.992303364,1048643.9999999998,0.0,7351.44,7351.44,0,0,False,,
2025-02-05,5881.44,IM2502,5866.0,2,1,3,1560.0000000002183,0.0,1560.0000000002183,1168.3461619254067,11011382.33846529,1055880.0,0.0,7351.44,7351.44,0,0,False,,
2025-02-06,6041.83,IM2502,6024.0,2,1,3,98279.99999999956,0.0,98279.99999999956,1167.8173973895207,11110830.15586268,1084320.0,0.0,7351.44,7351.44,0,0,False,,
2025-02-07,6134.05,IM2502,6127.8,2,1,3,47520.00000000044,0.0,47520.00000000044,1176.1468780815128,11159526.302740762,1103004.0,0.0,7351.44,7351.44,0,0,False,,
2025-02-10,6210.55,IM2502,6181.8,2,1,3,53039.99999999978,0.0,53039.99999999978,1179.6674143704568,11213745.970155133,1112724.0,0.0,7351.44,7351.44,0,0,False,,
2025-02-11,6190.17,IM2502,6179.8,2,1,3,-6719.999999999891,0.0,-6719.999999999891,1184.8873906225604,11208210.857545756,1112364.0,0.0,7351.44,7351.44,0,0,False,,
2025-02-12,6284.61,IM2502,6268.0,2,1,3,45480.00000000011,0.0,45480.00000000011,1184.280330693969,11254875.13787645,1128240.0,0.0,7351.44,7351.44,0,0,False,,
2025-02-13,6212.5,IM2502,6215.6,2,1,3,-18600.0,0.0,-18600.0,1187.8919103193355,11237463.02978677,1118808.0,0.0,7351.44,7351.44,0,0,False,,
2025-02-14,6248.83,IM2502,6240.2,2,1,3,8639.999999999782,0.0,8639.999999999782,1186.9558140036156,11247289.985600773,1123235.9999999998,0.0,7351.44,7351.44,0,0,False,,
2025-02-17,6281.57,IM2502,6262.8,2,1,3,8639.999999999782,0.0,8639.999999999782,1187.5891315714264,11257117.574732345,1127304.0,0.0,7351.44,7351.44,0,0,False,,
2025-02-18,6142.14,IM2503,6110.2,2,1,3,-59279.99999999956,735.7080000000001,-60015.707999999555,1188.2647527667202,11198290.131485112,1099835.9999999998,0.0,7351.44,7351.44,0,0,True,IM2502,IM2503
2025-02-19,6288.53,IM2503,6240.0,2,1,3,71640.00000000032,0.0,71640.00000000032,1184.5861736100392,11271114.717658723,1123199.9999999998,0.0,7351.44,7351.44,0,0,False,,
2025-02-20,6334.41,IM2503,6254.4,2,1,3,22800.0,0.0,22800.0,1190.3880840566326,11295105.105742779,1125791.9999999998,0.0,7351.44,7351.44,0,0,False,,
2025-02-21,6449.23,IM2503,6399.0,2,1,3,81359.99999999968,0.0,81359.99999999968,1192.898194448963,11377658.003937228,1151820.0,0.0,7351.44,7351.44,0,0,False,,
2025-02-24,6464.02,IM2503,6366.6,2,1,3,-28319.99999999989,0.0,-28319.99999999989,1199.528774931286,11350537.53271216,1145988.0,0.0,7351.44,7351.44,0,0,False,,
2025-02-25,6435.43,IM2503,6355.4,2,1,3,1560.0000000002183,0.0,1560.0000000002183,1197.031558194728,11353294.564270355,1143971.9999999998,0.0,7351.44,7351.44,0,0,False,,
2025-02-26,6524.41,IM2503,6420.8,2,1,3,32519.99999999989,0.0,32519.99999999989,1197.5914525227531,11387012.155722877,1155743.9999999998,0.0,7351.44,7351.44,0,0,False,,
2025-02-27,6499.53,IM2503,6415.0,2,1,3,-13080.00000000011,0.0,-13080.00000000011,1200.1657519024275,11375132.32147478,1154699.9999999998,0.0,7351.44,7351.44,0,0,False,,
2025-02-28,6270.42,IM2503,6230.4,2,1,3,-96600.0,0.0,-96600.0,1198.8946683026313,11279731.216143083,1121471.9999999998,0.0,7351.44,7351.44,0,0,False,,
2025-03-03,6273.67,IM2503,6215.4,2,1,3,-4319.999999999891,0.0,-4319.999999999891,1191.6015321466027,11276602.81767523,1118771.9999999998,0.0,7351.44,7351.44,0,0,False,,
2025-03-04,6357.63,IM2503,6279.2,2,1,3,40200.0,0.0,40200.0,1191.5512794153226,11317994.368954644,1130255.9999999998,0.0,7351.44,7351.44,0,0,False,,
2025-03-05,6398.24,IM2503,6313.0,2,1,3,10080.00000000011,0.0,10080.00000000011,1195.059546252092,11329269.428500896,1136340.0,0.0,7351.44,7351.44,0,0,False,,
2025-03-06,6534.97,IM2503,6475.8,2,1,3,105839.99999999978,0.0,105839.99999999978,1195.6684768156033,11436305.096977713,1165643.9999999998,0.0,7351.44,7351.44,0,1,False,,
2025-03-07,6507.76,IM2503,6452.8,2,0,2,-21799.999999999818,129.056,-21929.05599999982,1204.786690210482,11415580.827667924,774336.0,0.0,6507.76,,0,0,False,,
2025-03-10,6520.97,IM2503,6427.4,2,0,2,-5840.0000000001455,0.0,-5840.0000000001455,1248.2575381070692,11410989.08520603,771287.9999999999,0.0,6520.97,,0,0,False,,
2025-03-11,6551.73,IM2503,6490.0,2,0,2,15120.000000000073,0.0,15120.000000000073,1248.076451383085,11427357.161657413,778800.0,0.0,6551.73,,0,0,False,,
2025-03-12,6566.97,IM2503,6513.8,2,0,2,24720.000000000073,0.0,24720.000000000073,1249.1153020408342,11453326.276959455,781656.0,0.0,6566.97,,0,0,False,,
2025-03-13,6466.85,IM2503,6426.0,2,0,2,-49840.000000000146,0.0,-49840.000000000146,1251.8265563040475,11404738.10351576,771120.0,0.0,6566.97,,0,0,False,,
2025-03-14,6571.17,IM2503,6562.8,2,0,2,59520.00000000007,0.0,59520.00000000007,1247.3628950396294,11465505.466410799,787536.0,0.0,6571.17,,0,0,False,,
2025-03-17,6589.57,IM2503,6543.4,2,0,2,79.99999999992724,0.0,79.99999999992724,1252.565474620837,11466838.031885419,785207.9999999999,0.0,6589.57,,0,0,False,,
2025-03-18,6611.93,IM2504,6505.2,2,0,2,9600.0,523.288,9076.712,1252.9948725457439,11477167.738757966,780624.0,0.0,6611.93,,0,0,True,IM2503,IM2504
2025-03-19,6564.68,IM2504,6479.4,2,0,2,-16400.0,0.0,-16400.0,1254.744305748932,11462022.483063715,777527.9999999999,0.0,6611.93,,0,0,False,,
2025-03-20,6535.06,IM2504,6452.4,2,0,2,-4079.9999999999272,0.0,-4079.9999999999272,1253.3308833070555,11459195.813947022,774287.9999999999,0.0,6611.93,,0,0,False,,
2025-03-21,6405.61,IM2504,6318.2,2,0,2,-56320.00000000007,0.0,-56320.00000000007,1253.37936855471,11404129.193315577,758183.9999999999,0.0,6611.93,,0,0,False,,
2025-03-24,6360.34,IM2504,6280.0,2,0,2,-28079.999999999927,0.0,-28079.999999999927,1248.8089084539188,11377298.00222403,753600.0,0.0,6611.93,,0,0,False,,
2025-03-25,6310.76,IM2504,6250.8,2,0,2,-1759.9999999998545,0.0,-1759.9999999998545,1246.1992303164957,11376784.201454347,750096.0,0.0,6611.93,,0,0,False,,
2025-03-26,6334.91,IM2504,6261.8,2,0,2,14800.0,0.0,14800.0,1246.5499917913166,11392830.751446139,751416.0,0.0,6611.93,,0,0,False,,
2025-03-27,6328.77,IM2504,6281.4,2,0,2,3279.9999999999272,0.0,3279.9999999999272,1248.2774707973226,11397359.028916936,753767.9999999999,0.0,6611.93,,0,0,False,,
2025-03-28,6268.32,IM2504,6212.6,2,0,2,-21279.999999999927,0.0,-21279.999999999927,1248.5327562269813,11377327.561673163,745512.0,0.0,6611.93,,0,0,False,,
2025-03-31,6226.65,IM2504,6184.0,2,0,2,-22240.000000000146,0.0,-22240.000000000146,1247.1514501871507,11356334.71312335,742079.9999999999,0.0,6611.93,,0,0,False,,
2025-04-01,6259.48,IM2504,6204.0,2,0,2,13200.0,0.0,13200.0,1245.0914974341733,11370779.804620784,744479.9999999999,0.0,6611.93,,0,0,False,,
2025-04-02,6277.25,IM2504,6239.0,2,0,2,11440.000000000146,0.0,11440.000000000146,1246.5044314002982,11383466.309052184,748679.9999999999,0.0,6611.93,,0,0,False,,
2025-04-03,6203.26,IM2504,6168.4,2,0,2,-26240.000000000146,0.0,-26240.000000000146,1247.499929887574,11358473.808982072,740207.9999999999,0.0,6611.93,,0,0,False,,
2025-04-07,5496.44,IM2504,5554.0,2,0,2,-246800.0,0.0,-246800.0,1245.5620138749475,11112919.370995948,666480.0,0.0,6611.93,6611.93,1,0,False,,
2025-04-08,5530.02,IM2504,5462.4,2,1,3,-56000.0,109.248,-56109.248,1225.4061345642306,11058035.529130513,983231.9999999998,0.0,6611.93,6611.93,0,0,False,,
2025-04-09,5652.33,IM2504,5594.2,2,1,3,107920.00000000007,0.0,107920.00000000007,1181.811870119423,11167137.341000631,1006956.0,0.0,6611.93,6611.93,0,0,False,,
2025-04-10,5784.59,IM2504,5744.8,2,1,3,94200.0,0.0,94200.0,1191.8270045308468,11262529.168005163,1034064.0,0.0,6611.93,6611.93,0,0,False,,
2025-04-11,5862.19,IM2504,5835.0,2,1,3,50760.00000000022,0.0,50760.00000000022,1199.8369510333073,11314489.004956197,1050299.9999999998,0.0,6611.93,6611.93,0,0,False,,
2025-04-14,5938.53,IM2504,5879.8,2,1,3,23879.999999999563,0.0,23879.999999999563,1204.02748978008,11339573.032445977,1058364.0,0.0,6611.93,6611.93,0,0,False,,
2025-04-15,5914.03,IM2505,5793.0,2,1,3,-2039.9999999997817,700.86,-2740.8599999997814,1206.0240022141954,11338038.196448194,1042740.0,0.0,6611.93,6611.93,0,0,True,IM2504,IM2505
2025-04-16,5835.35,IM2505,5713.8,2,1,3,-55680.00000000011,0.0,-55680.00000000011,1207.6767134764782,11283565.87316167,1028484.0,0.0,6611.93,6611.93,0,0,False,,
2025-04-17,5839.56,IM2505,5749.8,2,1,3,40800.0,0.0,40800.0,1202.9591893982022,11325568.832351068,1034964.0,0.0,6611.93,6611.93,0,0,False,,
2025-04-18,5831.69,IM2505,5738.2,2,1,3,-1200.0,0.0,-1200.0,1207.1261644375081,11325575.958515506,1032875.9999999999,0.0,6611.93,6611.93,0,0,False,,
2025-04-21,5952.64,IM2505,5867.4,2,1,3,62040.00000000033,0.0,62040.00000000033,1207.3719305175484,11388823.330446023,1056131.9999999998,0.0,6611.93,6611.93,0,0,False,,
2025-04-22,5949.31,IM2505,5870.0,2,1,3,7800.0,0.0,7800.0,1212.0630669663328,11397835.39351299,1056599.9999999998,0.0,6611.93,6611.93,0,0,False,,
2025-04-23,5984.58,IM2505,5915.8,2,1,3,22079.999999999563,0.0,22079.999999999563,1213.065317295324,11421128.458830286,1064843.9999999998,0.0,6611.93,6611.93,0,0,False,,
2025-04-24,5920.48,IM2505,5866.0,2,1,3,-34319.99999999989,0.0,-34319.99999999989,1214.8306285467797,11388023.289458832,1055880.0,0.0,6611.93,6611.93,0,0,False,,
2025-04-25,5939.5,IM2505,5885.0,2,1,3,13200.0,0.0,13200.0,1211.9987797232018,11402435.288238555,1059299.9999999998,0.0,6611.93,6611.93,0,0,False,,
2025-04-28,5877.06,IM2505,5828.2,2,1,3,-30719.99999999989,0.0,-30719.99999999989,1213.288182002527,11372928.576420559,1049075.9999999998,0.0,6611.93,6611.93,0,0,False,,
2025-04-29,5903.38,IM2505,5868.0,2,1,3,19080.00000000011,0.0,19080.00000000011,1211.0262482934766,11393219.602668852,1056240.0,0.0,6611.93,6611.93,0,0,False,,
2025-04-30,5950.12,IM2505,5905.4,2,1,3,30000.0,0.0,30000.0,1212.5660972240037,11424432.168766076,1062971.9999999998,0.0,6611.93,6611.93,0,0,False,,
2025-05-06,6102.92,IM2505,6059.6,2,1,3,82319.99999999988,0.0,82319.99999999988,1215.437758543978,11507967.60652462,1090728.0,0.0,6611.93,6611.93,0,0,False,,
2025-05-07,6111.49,IM2505,6065.2,2,1,3,239.99999999978172,0.0,239.99999999978172,1221.9808937486525,11509429.587418368,1091735.9999999998,0.0,6611.93,6611.93,0,0,False,,
2025-05-08,6158.08,IM2505,6127.6,2,1,3,42600.0,0.0,42600.0,1222.034147393499,11553251.621565761,1102968.0,0.0,6611.93,6611.93,0,0,False,,
2025-05-09,6082.08,IM2505,6056.2,2,1,3,-39479.99999999956,0.0,-39479.99999999956,1225.8570794329798,11514997.478645194,1090115.9999999998,0.0,6611.93,6611.93,0,0,False,,
2025-05-12,6167.46,IM2505,6151.6,2,1,3,47759.99999999967,0.0,47759.99999999967,1222.8773137290439,11563980.355958924,1107288.0,0.0,6611.93,6611.93,0,0,False,,
2025-05-13,6151.01,IM2506,5996.6,2,1,3,-6239.999999999782,727.404,-6967.403999999781,1226.6088477782764,11558239.560806701,1079388.0,0.0,6611.93,6611.93,0,0,True,IM2505,IM2506
2025-05-14,6160.37,IM2506,6043.0,2,1,3,17639.99999999978,0.0,17639.99999999978,1229.2082048025388,11577108.769011503,1087740.0,0.0,6611.93,6611.93,0,0,False,,
2025-05-15,6057.04,IM2506,5949.0,2,1,3,-49800.0,0.0,-49800.0,1230.4419123841324,11528539.210923888,1070820.0,0.0,6611.93,6611.93,0,0,False,,
2025-05-16,6068.12,IM2506,5933.8,2,1,3,3480.000000000109,0.0,3480.000000000109,1226.729301679236,11533245.940225568,1068084.0,0.0,6611.93,6611.93,0,0,False,,
2025-05-19,6095.34,IM2506,5975.4,2,1,3,10680.00000000011,0.0,10680.00000000011,1227.6023614673875,11545153.542587034,1075571.9999999998,0.0,6611.93,6611.93,0,0,False,,
2025-05-20,6146.02,IM2506,6019.4,2,1,3,27000.0,0.0,27000.0,1228.1207972380591,11573381.663384272,1083491.9999999998,0.0,6611.93,6611.93,0,0,False,,
2025-05-21,6132.18,IM2506,6000.6,2,1,3,-7800.0,0.0,-7800.0,1230.5030152285735,11566812.166399501,1080108.0,0.0,6611.93,6611.93,0,0,False,,
2025-05-22,6066.1,IM2506,5950.0,2,1,3,-29640.000000000327,0.0,-29640.000000000327,1230.1293446018515,11538402.295744102,1070999.9999999998,0.0,6611.93,6611.93,0,0,False,,
2025-05-23,5989.68,IM2506,5872.0,2,1,3,-31800.0,0.0,-31800.0,1227.8651634900211,11507830.160907593,1056959.9999999998,0.0,6611.93,6611.93,0,0,False,,
2025-05-26,6028.79,IM2506,5925.0,2,1,3,15000.0,0.0,15000.0,1225.9258826760868,11524056.08679027,1066499.9999999998,0.0,6611.93,6611.93,0,0,False,,
2025-05-27,6008.46,IM2506,5915.0,2,1,3,-1919.9999999998909,0.0,-1919.9999999998909,1226.7101666125466,11523362.796956882,1064699.9999999998,0.0,6611.93,6611.93,0,0,False,,
2025-05-28,5984.46,IM2506,5899.0,2,1,3,-15239.999999999782,0.0,-15239.999999999782,1226.8399878252285,11509349.636944707,1061820.0,0.0,6611.93,6611.93,0,0,False,,
2025-05-29,6089.58,IM2506,6031.0,2,1,3,75839.99999999978,0.0,75839.99999999978,1225.5340268090872,11586415.170971517,1085580.0,0.0,6611.93,6611.93,0,0,False,,
2025-05-30,6026.56,IM2506,5966.0,2,1,3,-36960.00000000022,0.0,-36960.00000000022,1231.7869639183605,11550686.957935436,1073880.0,0.0,6611.93,6611.93,0,0,False,,
2025-06-03,6070.04,IM2506,5998.0,2,1,3,28440.000000000327,0.0,28440.000000000327,1228.968365292423,11580355.926300729,1079640.0,0.0,6611.93,6611.93,0,0,False,,
2025-06-04,6123.17,IM2506,6054.0,2,1,3,28200.0,0.0,28200.0,1231.7729760756222,11609787.699276805,1089720.0,0.0,6611.93,6611.93,0,0,False,,
2025-06-05,6167.01,IM2506,6101.6,2,1,3,29400.0,0.0,29400.0,1234.043010914997,11640421.74228772,1098288.0,0.0,6611.93,6611.93,0,0,False,,
2025-06-06,6152.84,IM2506,6100.2,2,1,3,-3960.0000000002183,0.0,-3960.0000000002183,1236.631439709808,11637698.37372743,1098035.9999999998,0.0,6611.93,6611.93,0,0,False,,
2025-06-09,6218.96,IM2506,6167.8,2,1,3,44880.00000000011,0.0,44880.00000000011,1236.3415389994323,11683814.715266429,1110204.0,0.0,6611.93,6611.93,0,0,False,,
2025-06-10,6161.69,IM2506,6113.8,2,1,3,-38039.99999999978,0.0,-38039.99999999978,1240.3238055404772,11647015.03907197,1100484.0,0.0,6611.93,6611.93,0,0,False,,
2025-06-11,6186.51,IM2506,6144.0,2,1,3,27839.99999999978,0.0,27839.99999999978,1237.1472589534328,11676092.186330924,1105920.0,0.0,6611.93,6611.93,0,0,False,,
2025-06-12,6192.22,IM2506,6156.8,2,1,3,480.00000000010914,0.0,480.00000000010914,1239.9204533262152,11677812.10678425,1108224.0,0.0,6611.93,6611.93,0,0,False,,
2025-06-13,6106.01,IM2506,6084.2,2,1,3,-41519.99999999989,0.0,-41519.99999999989,1239.8519386262158,11637531.958722876,1095156.0,0.0,6611.93,6611.93,0,0,False,,
2025-06-16,6147.46,IM2506,6127.4,2,1,3,27119.99999999989,0.0,27119.99999999989,1236.6598525972036,11665888.618575474,1102931.9999999998,0.0,6611.93,6611.93,0,0,False,,
2025-06-17,6141.47,IM2507,6038.6,2,1,3,719.9999999998909,730.116,-10.116000000108215,1239.074040431077,11667117.576615907,1086948.0,0.0,6611.93,6611.93,0,0,True,IM2506,IM2507
2025-06-18,6135.39,IM2507,6035.8,2,1,3,-3960.0000000002183,0.0,-3960.0000000002183,1241.0931843352962,11664398.669800242,1086443.9999999998,0.0,6611.93,6611.93,0,0,False,,
2025-06-19,6048.22,IM2507,5971.2,2,1,3,-41639.99999999978,0.0,-41639.99999999978,1240.8333675400215,11623999.503167782,1074815.9999999998,0.0,6611.93,6611.93,0,0,False,,
2025-06-20,5999.59,IM2507,5934.8,2,1,3,-12600.0,0.0,-12600.0,1237.458402842684,11612636.961570624,1068264.0,0.0,6611.93,6611.93,0,0,False,,
2025-06-23,6078.22,IM2507,6001.4,2,1,3,38159.99999999967,0.0,38159.99999999967,1236.8941084477824,11652033.855679072,1080251.9999999998,0.0,6611.93,6611.93,0,0,False,,
2025-06-24,6194.67,IM2507,6134.2,2,1,3,73680.00000000012,0.0,73680.00000000012,1240.1092735187985,11726953.964952592,1104156.0,0.0,6611.93,6611.93,0,0,False,,
2025-06-25,6276.16,IM2507,6239.0,2,1,3,59880.00000000011,0.0,59880.00000000011,1246.0936526019664,11788080.058605194,1123020.0,0.0,6611.93,6611.93,0,1,False,,
2025-06-26,6247.79,IM2507,6211.8,2,0,2,-7120.000000000073,124.236,-7244.236000000073,1251.051153141836,11782086.873758337,745416.0,0.0,6247.79,,0,0,False,,
2025-06-27,6276.94,IM2507,6230.2,2,0,2,6640.0000000001455,0.0,6640.0000000001455,1294.6424818603466,11790021.516240196,747624.0,0.0,6276.94,,0,0,False,,
2025-06-30,6356.18,IM2507,6283.0,2,0,2,21919.99999999971,0.0,21919.99999999971,1295.3142382912708,11813236.830478488,753960.0,0.0,6356.18,,0,0,False,,
2025-07-01,6373.77,IM2507,6286.8,2,0,2,-959.9999999998545,0.0,-959.9999999998545,1297.294244538401,11813574.124723027,754416.0,0.0,6373.77,,0,0,False,,
2025-07-02,6309.48,IM2507,6262.2,2,0,2,-14079.999999999927,0.0,-14079.999999999927,1297.280319912432,11800791.405042939,751464.0,0.0,6373.77,,0,0,False,,
2025-07-03,6342.64,IM2507,6279.4,2,0,2,11359.999999999854,0.0,11359.999999999854,1296.1271399842924,11813447.532182923,753527.9999999999,0.0,6373.77,,0,0,False,,
2025-07-04,6312.2,IM2507,6262.0,2,0,2,-8400.0,0.0,-8400.0,1297.369635835219,11806344.901818758,751440.0,0.0,6373.77,,0,0,False,,
2025-07-07,6327.14,IM2507,6267.2,2,0,2,4000.0,0.0,4000.0,1296.7814010699956,11811641.683219828,752064.0,0.0,6373.77,,0,0,False,,
2025-07-08,6407.7,IM2507,6379.8,2,0,2,40240.000000000146,0.0,40240.000000000146,1297.3295356822775,11853179.01275551,765576.0,0.0,6407.7,,0,0,False,,
2025-07-09,6390.47,IM2507,6358.8,2,0,2,-1920.0000000000728,0.0,-1920.0000000000728,1300.6170109182474,11852559.629766427,763056.0,0.0,6407.7,,0,0,False,,
2025-07-10,6406.57,IM2507,6375.2,2,0,2,8479.999999999927,0.0,8479.999999999927,1300.8399603522048,11862340.469726779,765024.0,0.0,6407.7,,0,0,False,,
2025-07-11,6461.1,IM2507,6452.8,2,0,2,27600.0,0.0,27600.0,1301.7564354951483,11891242.226162273,774336.0,0.0,6461.1,,0,0,False,,
2025-07-14,6462.31,IM2507,6442.2,2,0,2,-1839.9999999997817,0.0,-1839.9999999997817,1304.054386678144,11890706.28054895,773064.0,0.0,6462.31,,0,0,False,,
2025-07-15,6442.83,IM2508,6352.8,2,0,2,-11440.000000000146,510.992,-11950.992000000144,1304.1407285912856,11880059.429277543,762336.0,0.0,6462.31,,0,0,True,IM2507,IM2508
2025-07-16,6462.06,IM2508,6372.8,2,0,2,8959.999999999854,0.0,8959.999999999854,1304.1502476385224,11890323.579525182,764736.0,0.0,6462.31,,0,0,False,,
2025-07-17,6535.67,IM2508,6466.0,2,0,2,33120.00000000007,0.0,33120.00000000007,1305.0727416687225,11924748.65226685,775920.0,0.0,6535.67,,0,0,False,,
2025-07-18,6552.07,IM2508,6490.0,2,0,2,8079.999999999927,0.0,8079.999999999927,1307.7990058148168,11934136.451272665,778800.0,0.0,6552.07,,0,0,False,,
2025-07-21,6612.26,IM2508,6535.6,2,0,2,26800.0,0.0,26800.0,1308.562394807087,11962245.013667472,784272.0,0.0,6612.26,,0,0,False,,
2025-07-22,6637.1,IM2508,6590.0,2,0,2,9120.000000000073,0.0,9120.000000000073,1311.217747644443,11972676.231415115,790800.0,0.0,6637.1,,0,0,False,,
2025-07-23,6607.22,IM2508,6568.4,2,0,2,1120.0000000000728,0.0,1120.0000000000728,1311.675609582146,11975107.907024698,788207.9999999999,0.0,6637.1,,0,0,False,,
2025-07-24,6701.12,IM2508,6675.8,2,0,2,38159.999999999854,0.0,38159.999999999854,1312.2649053882499,12014580.171930086,801096.0,0.0,6701.12,,0,0,False,,
2025-07-25,6706.61,IM2508,6668.2,2,0,2,400.0,0.0,400.0,1315.3833383912106,12016295.555268478,800183.9999999999,0.0,6706.61,,0,0,False,,
2025-07-28,6729.98,IM2508,6674.6,2,0,2,3200.0,0.0,3200.0,1315.6915402144707,12020811.246808693,800952.0,0.0,6729.98,,0,0,False,,
2025-07-29,6773.88,IM2508,6731.0,2,0,2,12079.999999999927,0.0,12079.999999999927,1316.131158350444,12034207.377967043,807720.0,0.0,6773.88,,0,0,False,,
2025-07-30,6718.48,IM2508,6675.6,2,0,2,-15839.999999999782,0.0,-15839.999999999782,1316.9086627511,12019684.286629794,801072.0,0.0,6773.88,,0,0,False,,
2025-07-31,6661.19,IM2508,6612.2,2,0,2,-25200.0,0.0,-25200.0,1315.9848852904554,11995800.271515084,793464.0,0.0,6773.88,,0,0,False,,
2025-08-01,6670.47,IM2508,6616.8,2,0,2,8959.999999999854,0.0,8959.999999999854,1314.0756482710742,12006074.347163355,794016.0,0.0,6773.88,,0,0,False,,
2025-08-04,6739.69,IM2508,6711.8,2,0,2,27679.999999999927,0.0,27679.999999999927,1315.216083850796,12035069.563247206,805416.0,0.0,6773.88,,0,0,False,,
2025-08-05,6787.48,IM2508,6754.4,2,0,2,20080.00000000029,0.0,20080.00000000029,1317.2800680431512,12056466.84331525,810527.9999999999,0.0,6787.48,,0,0,False,,
2025-08-06,6861.31,IM2508,6834.4,2,0,2,38239.99999999978,0.0,38239.99999999978,1319.190391875967,12096026.033707125,820127.9999999999,0.0,6861.31,,0,0,False,,
2025-08-07,6862.15,IM2508,6828.0,2,0,2,-5839.999999999782,0.0,-5839.999999999782,1322.7047161724072,12091508.738423297,819360.0,0.0,6862.15,,0,0,False,,
2025-08-08,6838.13,IM2508,6810.2,2,0,2,-2480.000000000291,0.0,-2480.000000000291,1322.2649099113523,12090351.00333321,817224.0,0.0,6862.15,,0,0,False,,
2025-08-11,6943.94,IM2508,6925.6,2,0,2,45440.000000000146,0.0,45440.000000000146,1322.379664018399,12137113.382997228,831071.9999999999,0.0,6943.94,,0,0,False,,
2025-08-12,6963.61,IM2509,6883.6,2,0,2,8479.999999999927,553.512,7926.487999999927,1326.2406429915452,12146366.111640217,826032.0,0.0,6963.61,,0,0,True,IM2508,IM2509
2025-08-13,7064.33,IM2509,7001.8,2,0,2,44719.99999999971,0.0,44719.99999999971,1327.917233142196,12192414.02887336,840216.0,0.0,7064.33,,0,0,False,,
2025-08-14,6976.49,IM2509,6929.2,2,0,2,-23679.999999999927,0.0,-23679.999999999927,1331.654988970957,12170065.68386233,831503.9999999999,0.0,7064.33,,0,0,False,,
2025-08-15,7117.5,IM2509,7086.2,2,0,2,54560.00000000022,0.0,54560.00000000022,1330.0553950580354,12225955.739257388,850343.9999999999,0.0,7117.5,,0,0,False,,
2025-08-18,7237.6,IM2509,7184.4,2,0,2,42879.99999999993,0.0,42879.99999999993,1334.4015041536477,12270170.140761541,862127.9999999999,0.0,7237.6,,0,0,False,,
2025-08-19,7242.85,IM2509,7177.4,2,0,2,3039.9999999997817,0.0,3039.9999999997817,1338.2057106912273,12274548.346472232,861287.9999999999,0.0,7242.85,,0,0,False,,
2025-08-20,7305.46,IM2509,7276.0,2,0,2,18480.00000000029,0.0,18480.00000000029,1338.8178256006433,12294367.164297832,873119.9999999999,0.0,7305.46,,0,0,False,,
2025-08-21,7253.34,IM2509,7202.2,2,0,2,-18560.00000000022,0.0,-18560.00000000022,1339.7547089933055,12277146.919006826,864264.0,0.0,7305.46,,0,0,False,,
2025-08-22,7362.94,IM2509,7348.6,2,0,2,52960.00000000022,0.0,52960.00000000022,1338.7735519572482,12331445.692558784,881832.0,0.0,7362.94,,0,0,False,,
2025-08-25,7477.73,IM2509,7412.2,2,0,2,41359.999999999854,0.0,41359.999999999854,1343.082208106905,12374148.77476689,889464.0,0.0,7477.73,,0,0,False,,
2025-08-26,7476.47,IM2509,7415.4,2,0,2,7600.0,0.0,7600.0,1347.196176298109,12383095.970943188,889848.0,0.0,7477.73,,0,0,False,,
2025-08-27,7336.5,IM2509,7287.2,2,0,2,-34320.00000000007,0.0,-34320.00000000007,1348.200671011882,12350124.1716142,874464.0,0.0,7477.73,,0,0,False,,
2025-08-28,7447.11,IM2509,7363.2,2,0,2,-13520.000000000073,0.0,-13520.000000000073,1346.1375568324165,12337950.309171032,883584.0,0.0,7477.73,,0,0,False,,
2025-08-29,7438.68,IM2509,7366.6,2,0,2,12560.000000000218,0.0,12560.000000000218,1343.639707685953,12351853.948878719,883992.0,0.0,7477.73,,0,0,False,,
2025-09-01,7501.15,IM2509,7380.6,2,0,2,13600.0,0.0,13600.0,1345.2227963442363,12366799.171675064,885671.9999999999,0.0,7501.15,,0,0,False,,
2025-09-02,7313.88,IM2509,7251.4,2,0,2,-62800.0,0.0,-62800.0,1346.778856243089,12305345.950531308,870167.9999999999,0.0,7501.15,,0,0,False,,
2025-09-03,7206.88,IM2509,7142.6,2,0,2,-27760.00000000022,0.0,-27760.00000000022,1341.388841955126,12278927.339373263,857112.0000000001,0.0,7501.15,,0,0,False,,
2025-09-04,7041.15,IM2509,7003.0,2,0,2,-74879.99999999993,0.0,-74879.99999999993,1339.8213580397617,12205387.160731303,840360.0,0.0,7501.15,,0,0,False,,
2025-09-05,7245.67,IM2509,7226.0,2,0,2,92800.0,0.0,92800.0,1333.1598937831657,12299520.320625085,867119.9999999999,0.0,7501.15,,0,0,False,,
2025-09-08,7311.03,IM2509,7236.0,2,0,2,16720.000000000073,0.0,16720.000000000073,1341.0630156514685,12317581.383640736,868319.9999999999,0.0,7501.15,,0,0,False,,
2025-09-09,7226.03,IM2509,7165.8,2,0,2,-37840.000000000146,0.0,-37840.000000000146,1343.040880962401,12281084.4245217,859895.9999999999,0.0,7501.15,,0,0,False,,
2025-09-10,7230.17,IM2509,7151.0,2,0,2,9280.000000000291,0.0,9280.000000000291,1339.7478185994153,12291704.172340298,858119.9999999999,0.0,7501.15,,0,0,False,,
2025-09-11,7399.89,IM2509,7387.8,2,0,2,75600.0,0.0,75600.0,1341.2018858542922,12368645.374226153,886536.0,0.0,7501.15,,0,0,False,,
2025-09-12,7422.88,IM2509,7392.8,2,0,2,14079.999999999927,0.0,14079.999999999927,1346.8940722500695,12384072.268298402,887136.0,0.0,7501.15,,0,0,False,,
2025-09-15,7415.57,IM2509,7368.6,2,0,2,-5760.000000000218,0.0,-5760.000000000218,1348.6333219893743,12379660.901620392,884232.0,0.0,7501.15,,0,0,False,,
2025-09-16,7483.63,IM2510,7392.0,2,0,2,30240.000000000146,594.1600000000001,29645.840000000142,1348.4565022799334,12410655.19812267,887040.0,0.0,7501.15,,0,0,True,IM2509,IM2510
2025-09-17,7554.81,IM2510,7480.2,2,0,2,34320.00000000007,0.0,34320.00000000007,1351.7628595388896,12446326.96098221,897624.0,0.0,7554.81,,0,0,False,,
2025-09-18,7476.4,IM2510,7370.2,2,0,2,-44400.0,0.0,-44400.0,1354.7057472941115,12403281.666729502,884424.0,0.0,7554.81,,0,0,False,,
2025-09-19,7438.19,IM2510,7343.8,2,0,2,-2320.0000000000728,0.0,-2320.0000000000728,1351.204783437787,12402312.87151294,881256.0,0.0,7554.81,,0,0,False,,
2025-09-22,7489.48,IM2510,7395.6,2,0,2,5120.000000000073,0.0,5120.000000000073,1351.4627583263666,12408784.334271267,887471.9999999999,0.0,7554.81,,0,0,False,,
2025-09-23,7408.07,IM2510,7305.6,2,0,2,-49360.00000000022,0.0,-49360.00000000022,1351.4927250566648,12360775.826996325,876671.9999999999,0.0,7554.81,,0,0,False,,
2025-09-24,7534.22,IM2510,7472.0,2,0,2,81760.00000000022,0.0,81760.00000000022,1347.1280289670779,12443882.955025291,896640.0,0.0,7554.81,,0,0,False,,
2025-09-25,7506.51,IM2510,7444.6,2,0,2,639.9999999997817,0.0,639.9999999997817,1354.5344831731445,12445877.489508465,893352.0,0.0,7554.81,,0,0,False,,
2025-09-26,7397.59,IM2510,7357.0,2,0,2,-38239.99999999978,0.0,-38239.99999999978,1355.1541440864794,12408992.64365255,882840.0,0.0,7554.81,,0,0,False,,
2025-09-29,7497.83,IM2510,7484.2,2,0,2,43520.00000000007,0.0,43520.00000000007,1352.060511323197,12453864.704163874,898103.9999999999,0.0,7554.81,,0,0,False,,
2025-09-30,7574.96,IM2510,7556.6,2,0,2,34719.99999999971,0.0,34719.99999999971,1355.5336467806103,12489940.237810655,906792.0,0.0,7574.96,,0,0,False,,
2025-10-09,7648.05,IM2510,7607.4,2,0,2,24960.00000000022,0.0,24960.00000000022,1358.7463061901437,12516258.984116845,912887.9999999999,0.0,7648.05,,0,0,False,,
2025-10-10,7533.82,IM2510,7514.2,2,0,2,-39679.99999999993,0.0,-39679.99999999993,1361.1185094357918,12477940.10262628,901703.9999999999,0.0,7648.05,,0,0,False,,
2025-10-13,7519.76,IM2510,7476.8,2,0,2,-18640.000000000146,0.0,-18640.000000000146,1357.935487062491,12460658.038113343,897216.0,0.0,7648.05,,0,0,False,,
2025-10-14,7373.15,IM2511,7230.0,2,0,2,-53200.0,582.8,-53782.8,1356.4346957800858,12408231.672809122,867600.0,0.0,7648.05,,0,0,True,IM2510,IM2511
2025-10-15,7483.45,IM2511,7362.6,2,0,2,51040.000000000146,0.0,51040.000000000146,1353.7589552159802,12460625.431764338,883512.0000000001,0.0,7648.05,,0,0,False,,
2025-10-16,7401.84,IM2511,7293.2,2,0,2,-32320.000000000073,0.0,-32320.000000000073,1358.0384010286402,12429663.470165366,875184.0,0.0,7648.05,,0,0,False,,
2025-10-17,7185.48,IM2511,7100.0,2,0,2,-69120.00000000007,0.0,-69120.00000000007,1355.3833532742944,12361898.85351864,852000.0,0.0,7648.05,,0,0,False,,
2025-10-20,7239.18,IM2511,7137.6,2,0,2,12240.000000000146,0.0,12240.000000000146,1350.1538813766037,12375489.007400017,856512.0000000001,0.0,7648.05,,0,0,False,,
2025-10-21,7344.05,IM2511,7261.0,2,0,2,55359.999999999854,0.0,55359.999999999854,1351.2187825416497,12432200.22618256,871319.9999999999,0.0,7648.05,,0,0,False,,
2025-10-22,7312.21,IM2511,7237.2,2,0,2,-13600.0,0.0,-13600.0,1356.1341857264595,12419956.360368285,868464.0,0.0,7648.05,,0,0,False,,
2025-10-23,7308.1,IM2511,7248.8,2,0,2,-13120.000000000073,0.0,-13120.000000000073,1355.0329542014656,12408191.393322486,869856.0,0.0,7648.05,,0,0,False,,
2025-10-24,7419.24,IM2511,7369.2,2,0,2,54960.00000000022,0.0,54960.00000000022,1353.489593104196,12464504.88291559,884303.9999999999,0.0,7648.05,,0,0,False,,
2025-10-27,7495.38,IM2511,7399.4,2,0,2,25519.99999999971,0.0,25519.99999999971,1358.4005705149646,12491383.283486106,887927.9999999999,0.0,7648.05,,0,0,False,,
2025-10-28,7479.22,IM2511,7410.0,2,0,2,3440.0000000001455,0.0,3440.0000000001455,1361.12839806488,12496184.41188417,889200.0,0.0,7648.05,,0,0,False,,
2025-10-29,7569.12,IM2511,7519.6,2,0,2,35520.00000000007,0.0,35520.00000000007,1361.5423779325715,12533065.954262102,902352.0,0.0,7648.05,,0,0,False,,
2025-10-30,7485.08,IM2511,7438.4,2,0,2,-26079.999999999927,0.0,-26079.999999999927,1364.325941381095,12508350.280203484,892608.0,0.0,7648.05,,0,0,False,,
2025-10-31,7506.67,IM2511,7439.6,2,0,2,10559.999999999854,0.0,10559.999999999854,1362.5697084117,12520272.849911897,892752.0,0.0,7648.05,,0,0,False,,
2025-11-03,7538.12,IM2511,7471.4,2,0,2,2959.9999999998545,0.0,2959.9999999998545,1363.9513783821549,12524596.80129028,896567.9999999999,0.0,7648.05,,0,0,False,,
2025-11-04,7435.73,IM2511,7365.2,2,0,2,-53759.999999999854,0.0,-53759.999999999854,1364.0109629652864,12472200.812253244,883824.0,0.0,7648.05,,0,0,False,,
2025-11-05,7464.86,IM2511,7391.8,2,0,2,27679.999999999927,0.0,27679.999999999927,1359.3596373903194,12501240.171890635,887016.0,0.0,7648.05,,0,0,False,,
2025-11-06,7551.83,IM2511,7487.8,2,0,2,29440.000000000146,0.0,29440.000000000146,1362.3916286685999,12532042.563519303,898536.0,0.0,7648.05,,0,0,False,,
2025-11-07,7541.88,IM2511,7493.4,2,0,2,4320.000000000073,0.0,4320.000000000073,1364.653524818253,12537727.21704412,899208.0,0.0,7648.05,,0,0,False,,
2025-11-10,7563.25,IM2511,7508.8,2,0,2,2639.9999999997817,0.0,2639.9999999997817,1365.2415276928793,12541732.458571814,901056.0,0.0,7648.05,,0,0,False,,
2025-11-11,7540.79,IM2511,7476.6,2,0,2,-4959.9999999998545,0.0,-4959.9999999998545,1365.4945801357158,12538137.95315195,897192.0,0.0,7648.05,,0,0,False,,
2025-11-12,7486.38,IM2511,7458.2,2,0,2,-15840.000000000146,0.0,-15840.000000000146,1365.5261928508241,12523663.479344802,894984.0,0.0,7648.05,,0,0,False,,
2025-11-13,7590.58,IM2511,7566.0,2,0,2,41200.0,0.0,41200.0,1364.0872899175924,12566227.56663472,907919.9999999999,0.0,7648.05,,0,0,False,,
2025-11-14,7502.76,IM2511,7468.4,2,0,2,-17279.999999999927,0.0,-17279.999999999927,1367.5627745905113,12550315.129409311,896208.0,0.0,7648.05,,0,0,False,,
2025-11-17,7523.08,IM2511,7495.4,2,0,2,-2879.9999999999272,0.0,-2879.9999999999272,1367.0700477042421,12548802.199457016,899448.0,0.0,7648.05,,0,0,False,,
2025-11-18,7448.1,IM2512,7351.8,2,0,2,-21679.999999999927,591.896,-22271.895999999928,1366.512511369243,12527896.815968383,882216.0,0.0,7648.05,,0,0,True,IM2511,IM2512
2025-11-19,7387.21,IM2512,7298.2,2,0,2,-21200.0,0.0,-21200.0,1366.0816098436883,12508062.897578226,875784.0,0.0,7648.05,,0,0,False,,
2025-11-20,7340.41,IM2512,7263.6,2,0,2,-12160.000000000218,0.0,-12160.000000000218,1364.5095150440166,12497267.40709327,871632.0,0.0,7648.05,,0,0,False,,
2025-11-21,7067.7,IM2512,7018.2,2,0,2,-92879.99999999993,0.0,-92879.99999999993,1363.7302089373075,12405751.137302207,842184.0,0.0,7648.05,,0,0,False,,
2025-11-24,7156.41,IM2512,7095.2,2,0,2,30160.00000000022,0.0,30160.00000000022,1356.4493703795372,12437267.586672585,851424.0,0.0,7648.05,,0,0,False,,
2025-11-25,7249.95,IM2512,7172.0,2,0,2,28479.999999999927,0.0,28479.999999999927,1359.0624806217277,12467106.649153206,860640.0,0.0,7648.05,,0,0,False,,
2025-11-26,7248.45,IM2512,7176.2,2,0,2,720.0000000000728,0.0,720.0000000000728,1361.4816424413443,12469188.130795648,861143.9999999999,0.0,7648.05,,0,0,False,,
2025-11-27,7257.45,IM2512,7179.0,2,0,2,3119.999999999709,0.0,3119.999999999709,1361.6666868965085,12473669.797482545,861479.9999999999,0.0,7648.05,,0,0,False,,
2025-11-28,7334.21,IM2512,7260.8,2,0,2,22960.00000000022,0.0,22960.00000000022,1362.1529889952012,12497991.950471539,871295.9999999999,0.0,7648.05,,0,0,False,,
2025-12-01,7386.68,IM2512,7290.0,2,0,2,14479.999999999927,0.0,14479.999999999927,1363.854614614261,12513835.805086153,874800.0,0.0,7648.05,,0,0,False,,
2025-12-02,7313.18,IM2512,7239.6,2,0,2,-19520.000000000073,0.0,-19520.000000000073,1365.3021253887323,12495681.107211541,868752.0,0.0,7648.05,,0,0,False,,
2025-12-03,7248.27,IM2512,7195.4,2,0,2,-20720.000000000073,0.0,-20720.000000000073,1363.8819647657688,12476324.989176307,863448.0,0.0,7648.05,,0,0,False,,
2025-12-04,7248.66,IM2512,7213.4,2,0,2,7440.0000000001455,0.0,7440.0000000001455,1362.2335991329958,12485127.22277544,865608.0,0.0,7648.05,,0,0,False,,
2025-12-05,7342.49,IM2512,7319.8,2,0,2,42959.999999999854,0.0,42959.999999999854,1363.01275780233,12529450.235533243,878376.0,0.0,7648.05,,0,0,False,,
2025-12-08,7423.05,IM2512,7380.4,2,0,2,30240.000000000146,0.0,30240.000000000146,1366.7142779889136,12561056.949811231,885648.0,0.0,7648.05,,0,0,False,,
2025-12-09,7380.58,IM2512,7347.8,2,0,2,-14000.0,0.0,-14000.0,1369.5688303488218,12548426.51864158,881736.0,0.0,7648.05,,0,0,False,,
2025-12-10,7408.24,IM2512,7371.4,2,0,2,9040.000000000146,0.0,9040.000000000146,1368.5461259938118,12558835.064767573,884567.9999999999,0.0,7648.05,,0,0,False,,
2025-12-11,7312.0,IM2512,7304.6,2,0,2,-24880.00000000029,0.0,-24880.00000000029,1369.4348829924288,12535324.499650566,876552.0,0.0,7648.05,,0,0,False,,
2025-12-12,7370.94,IM2512,7361.8,2,0,2,22320.000000000073,0.0,22320.000000000073,1367.6173129599542,12559012.116963526,883416.0,0.0,7648.05,,0,0,False,,
2025-12-15,7309.08,IM2512,7308.0,2,0,2,-20879.999999999927,0.0,-20879.999999999927,1369.590785750894,12539501.707749277,876960.0,0.0,7648.05,,0,0,False,,
2025-12-16,7181.62,IM2601,7117.4,2,0,2,-50800.0,572.2560000000001,-51372.255999999994,1368.0594550681478,12489497.511204345,854087.9999999999,0.0,7648.05,,0,0,True,IM2512,IM2601
2025-12-17,7288.74,IM2601,7228.0,2,0,2,42800.0,0.0,42800.0,1364.876747648941,12533662.387951994,867360.0,0.0,7648.05,,0,0,False,,
2025-12-18,7272.4,IM2601,7213.0,2,0,2,-719.999999999709,0.0,-719.999999999709,1368.5005968224702,12534310.888548817,865560.0,0.0,7648.05,,0,0,False,,
2025-12-19,7329.81,IM2601,7285.6,2,0,2,24719.99999999971,0.0,24719.99999999971,1368.7878150358035,12560399.676363854,874271.9999999999,0.0,7648.05,,0,0,False,,
2025-12-22,7408.35,IM2601,7350.0,2,0,2,28080.00000000029,0.0,28080.00000000029,1370.8261767810204,12589850.502540635,882000.0,0.0,7648.05,,0,0,False,,
2025-12-23,7392.42,IM2601,7343.0,2,0,2,-5920.000000000073,0.0,-5920.000000000073,1373.3743449665371,12585303.876885602,881160.0,0.0,7648.05,,0,0,False,,
2025-12-24,7506.38,IM2601,7464.2,2,0,2,54159.999999999854,0.0,54159.999999999854,1372.9395440114076,12640836.816429613,895703.9999999999,0.0,7648.05,,0,0,False,,
2025-12-25,7579.38,IM2601,7547.0,2,0,2,33840.000000000146,0.0,33840.000000000146,1377.7476988460558,12676054.564128458,905640.0,0.0,7648.05,,0,0,False,,
2025-12-26,7605.53,IM2601,7595.0,2,0,2,14720.000000000073,0.0,14720.000000000073,1380.7133417433558,12692155.277470201,911400.0,0.0,7648.05,,0,0,False,,
2025-12-29,7594.16,IM2601,7572.2,2,0,2,-7440.0000000001455,0.0,-7440.0000000001455,1381.9263458220398,12686097.203816023,908664.0,0.0,7648.05,,0,0,False,,
2025-12-30,7597.3,IM2601,7593.8,2,0,2,8559.999999999854,0.0,8559.999999999854,1381.536654244773,12696038.740470268,911256.0,0.0,7648.05,,0,0,False,,
2025-12-31,7595.28,IM2601,7581.4,2,0,2,-7919.999999999709,0.0,-7919.999999999709,1382.3987821892783,12689501.139252458,909767.9999999999,0.0,7648.05,,0,0,False,,
2026-01-05,7753.88,IM2601,7759.2,2,0,2,67119.99999999971,0.0,67119.99999999971,1381.8064452130463,12758002.94569767,931103.9999999999,0.0,7753.88,,0,0,False,,
2026-01-06,7864.9,IM2601,7875.0,2,0,2,40320.00000000007,0.0,40320.00000000007,1387.3391694750667,12799710.284867145,945000.0,0.0,7864.9,,0,0,False,,
2026-01-07,7906.42,IM2601,7882.0,2,0,2,16479.999999999927,0.0,16479.999999999927,1390.6015428463554,12817580.886409992,945840.0,0.0,7906.42,,0,0,False,,
2026-01-08,7971.59,IM2601,7954.0,2,0,2,20640.000000000146,0.0,20640.000000000146,1392.599295656166,12839613.485705648,954479.9999999999,0.0,7971.59,,0,0,False,,
2026-01-09,8129.18,IM2601,8160.2,2,0,2,76479.99999999993,0.0,76479.99999999993,1394.1702972914431,12917487.656002939,979224.0,0.0,8129.18,,0,0,False,,
2026-01-12,8357.01,IM2601,8395.2,2,0,2,105039.99999999978,0.0,105039.99999999978,1400.402663583972,13023928.058666524,1007424.0,0.0,8357.01,,0,0,False,,
2026-01-13,8203.13,IM2602,8200.4,2,0,2,-64400.0,657.3679999999999,-65057.368,1409.5805533883133,12960280.271219911,984048.0,0.0,8357.01,,0,0,True,IM2601,IM2602
2026-01-14,8257.17,IM2602,8215.0,2,0,2,2320.0000000004366,0.0,2320.0000000004366,1404.8565231580742,12964005.12774307,985800.0,0.0,8357.01,,0,0,False,,
2026-01-15,8240.78,IM2602,8240.8,2,0,2,-3600.0,0.0,-3600.0,1405.0879465551031,12961810.215689624,988895.9999999999,0.0,8357.01,,0,0,False,,
2026-01-16,8232.73,IM2602,8225.0,2,0,2,4800.0,0.0,4800.0,1404.4673029216626,12968014.682992546,987000.0,0.0,8357.01,,0,0,False,,
2026-01-19,8265.65,IM2602,8230.0,2,0,2,13439.999999999418,0.0,13439.999999999418,1405.4175178200899,12982860.100510366,987600.0,0.0,8357.01,,0,0,False,,
2026-01-20,8182.75,IM2602,8162.2,2,0,2,-43439.99999999978,0.0,-43439.99999999978,1407.0885582000524,12940827.189068567,979464.0,0.0,8357.01,,0,0,False,,
2026-01-21,8247.68,IM2602,8260.0,2,0,2,44720.00000000007,0.0,44720.00000000007,1403.112324600412,12986950.301393168,991200.0,0.0,8357.01,,0,0,False,,
2026-01-22,8309.35,IM2602,8318.0,2,0,2,18400.0,0.0,18400.0,1407.14606058413,13006757.447453752,998160.0,0.0,8357.01,,0,0,False,,
2026-01-23,8470.74,IM2602,8531.8,2,0,2,78880.00000000029,0.0,78880.00000000029,1408.6530785292102,13087046.100532282,1023815.9999999998,0.0,8470.74,,0,0,False,,
2026-01-26,8365.43,IM2602,8327.2,2,0,2,-56400.0,0.0,-56400.0,1415.0616916319507,13032061.162223915,999264.0000000001,0.0,8470.74,,0,0,False,,
2026-01-27,8382.15,IM2602,8385.6,2,0,2,16319.999999999709,0.0,16319.999999999709,1411.4917949454846,13049792.65401886,1006271.9999999999,0.0,8470.74,,0,0,False,,
2026-01-28,8399.79,IM2602,8407.4,2,0,2,4719.999999999709,0.0,4719.999999999709,1412.749700358305,13055925.403719218,1008887.9999999999,0.0,8470.74,,0,0,False,,
2026-01-29,8332.21,IM2602,8351.4,2,0,2,-19039.999999999418,0.0,-19039.999999999418,1413.1622281587831,13038298.565947378,1002167.9999999999,0.0,8470.74,,0,0,False,,
2026-01-30,8254.86,IM2602,8282.4,2,0,2,-30160.000000000582,0.0,-30160.000000000582,1411.8828155819565,13009550.44876296,993887.9999999999,0.0,8470.74,,0,0,False,,
2026-02-02,7975.43,IM2602,7910.0,2,0,2,-115119.99999999971,0.0,-115119.99999999971,1409.4818294210256,12895839.930592382,949200.0,0.0,8470.74,,0,0,False,,
2026-02-03,8209.1,IM2602,8213.0,2,0,2,88319.99999999971,0.0,88319.99999999971,1401.385231701411,12985561.315824084,985560.0,0.0,8470.74,,0,0,False,,
2026-02-04,8207.12,IM2602,8230.0,2,0,2,-7839.999999999782,0.0,-7839.999999999782,1407.6447203644402,12979128.960544448,987600.0,0.0,8470.74,,0,0,False,,
2026-02-05,8068.08,IM2602,8077.8,2,0,2,-42479.99999999993,0.0,-42479.99999999993,1406.6508816252142,12938055.611426074,969336.0,0.0,8470.74,,0,0,False,,
2026-02-06,8051.57,IM2602,8026.8,2,0,2,-1040.0000000001455,0.0,-1040.0000000001455,1403.9752602634824,12938419.586686337,963216.0,0.0,8470.74,,0,0,False,,
2026-02-09,8233.78,IM2602,8256.0,2,0,2,64240.000000000146,0.0,64240.000000000146,1404.7358546419218,13004064.32254098,990719.9999999999,0.0,8470.74,,0,0,False,,
2026-02-10,8250.3,IM2602,8254.6,2,0,2,7440.0000000001455,0.0,7440.0000000001455,1409.2099046060503,13012913.532445585,990552.0,0.0,8470.74,,0,0,False,,
2026-02-11,8239.51,IM2602,8260.2,2,0,2,319.99999999970896,0.0,319.99999999970896,1410.2676568162851,13014643.800102402,991224.0,0.0,8470.74,,0,0,False,,
2026-02-12,8314.83,IM2602,8345.4,2,0,2,31840.000000000146,0.0,31840.000000000146,1410.3917955426607,13047894.191897944,1001448.0,0.0,8470.74,,0,0,False,,
2026-02-13,8204.83,IM2602,8200.0,2,0,2,-46640.000000000146,0.0,-46640.000000000146,1413.0928768164847,13002667.28477476,984000.0,0.0,8470.74,,0,0,False,,
2026-02-24,8299.77,IM2603,8271.0,2,0,2,34080.00000000029,663.2640000000001,33416.736000000295,1409.834307844673,13037493.855082605,992519.9999999999,0.0,8470.74,,0,0,True,IM2602,IM2603
2026-02-25,8426.33,IM2603,8405.6,2,0,2,52319.99999999971,0.0,52319.99999999971,1412.9201662400303,13091226.775248844,1008671.9999999999,0.0,8470.74,,0,0,False,,
2026-02-26,8490.62,IM2603,8443.4,2,0,2,16080.000000000291,0.0,16080.000000000291,1417.3285477448462,13108724.103796588,1013208.0,0.0,8490.62,,0,0,False,,
2026-02-27,8560.84,IM2603,8531.4,2,0,2,31840.000000000146,0.0,31840.000000000146,1418.848959719725,13141982.952756308,1023767.9999999999,0.0,8560.84,,0,0,False,,
2026-03-02,8476.97,IM2603,8423.8,2,0,2,-36640.000000000146,0.0,-36640.000000000146,1421.5116190024673,13106764.46437531,1010856.0,0.0,8560.84,,0,0,False,,
2026-03-03,8142.45,IM2603,8129.4,2,0,2,-116879.99999999993,0.0,-116879.99999999993,1418.8949850727713,12991303.359360382,975527.9999999999,0.0,8560.84,,0,0,False,,
2026-03-04,8094.52,IM2603,8064.2,2,0,2,-30079.999999999927,0.0,-30079.999999999927,1409.4950742534343,12962632.854434635,967703.9999999999,0.0,8560.84,,0,0,False,,
2026-03-05,8171.12,IM2603,8130.0,2,0,2,14319.999999999709,0.0,14319.999999999709,1407.0497018051763,12978359.90413644,975600.0,0.0,8560.84,,0,0,False,,
2026-03-06,8248.86,IM2603,8211.8,2,0,2,46320.00000000044,0.0,46320.00000000044,1407.9683130184198,13026087.872449458,985415.9999999998,0.0,8560.84,,0,0,False,,
2026-03-09,8203.87,IM2603,8191.0,2,0,2,-12240.000000000146,0.0,-12240.000000000146,1412.4155277003108,13015260.287977157,982919.9999999999,0.0,8560.84,,0,0,False,,
2026-03-10,8350.09,IM2603,8313.6,2,0,2,49919.99999999971,0.0,49919.99999999971,1411.4382018995846,13066591.726179056,997632.0,0.0,8560.84,,0,0,False,,
2026-03-11,8363.53,IM2603,8313.0,2,0,2,3520.0000000004366,0.0,3520.0000000004366,1415.7337979991985,13071527.459977055,997560.0,0.0,8560.84,,0,0,False,,
2026-03-12,8335.91,IM2603,8277.2,2,0,2,-15280.000000000291,0.0,-15280.000000000291,1416.321223771598,13057663.781200826,993264.0000000001,0.0,8560.84,,0,0,False,,
2026-03-13,8214.29,IM2603,8187.0,2,0,2,-30000.0,0.0,-30000.0,1415.1988995183713,13029078.980100345,982440.0,0.0,8560.84,,0,0,False,,
2026-03-16,8211.35,IM2603,8187.0,2,0,2,-9920.000000000073,0.0,-9920.000000000073,1413.11549158861,13020572.095591934,982440.0,0.0,8560.84,,0,0,False,,
2026-03-17,8019.86,IM2604,7951.0,2,0,2,-66079.99999999993,638.6,-66718.59999999993,1412.1176024426127,12955265.613194376,954119.9999999999,0.0,8560.84,,0,0,True,IM2603,IM2604
2026-03-18,8096.59,IM2604,8021.2,2,0,2,27520.000000000073,0.0,27520.000000000073,1407.7789506957065,12984193.392145071,962543.9999999999,0.0,8560.84,,0,0,False,,
2026-03-19,7909.23,IM2604,7863.4,2,0,2,-74560.00000000022,0.0,-74560.00000000022,1410.1841201142638,12911043.576265186,943608.0,0.0,8560.84,,0,0,False,,
2026-03-20,7783.43,IM2604,7727.8,2,0,2,-23439.99999999978,0.0,-23439.99999999978,1403.8246381704162,12889007.400903357,927336.0,0.0,8560.84,,0,0,False,,
2026-03-23,7409.11,IM2604,7364.0,2,0,2,-172560.00000000023,0.0,-172560.00000000023,1403.1484789932806,12717850.549382351,883679.9999999999,0.0,8560.84,8560.84,1,0,False,,
2026-03-24,7600.86,IM2604,7552.6,2,1,3,70080.00000000029,151.05200000000002,69928.9480000003,1388.192155592812,12789167.689537944,1359467.9999999998,0.0,8560.84,8560.84,0,0,False,,
2026-03-25,7751.18,IM2604,7650.0,2,1,3,81639.99999999978,0.0,81639.99999999978,1340.74622159525,12872148.435759539,1376999.9999999998,0.0,8560.84,8560.84,0,0,False,,
2026-03-26,7639.38,IM2604,7558.2,2,1,3,-62039.99999999978,0.0,-62039.99999999978,1348.4236025928515,12811456.859362131,1360475.9999999998,0.0,8560.84,8560.84,0,0,False,,
2026-03-27,7746.31,IM2604,7698.2,2,1,3,69719.99999999988,0.0,69719.99999999988,1343.2425818503689,12882520.10194398,1385675.9999999998,0.0,8560.84,8560.84,0,0,False,,
2026-03-30,7767.93,IM2604,7695.8,2,1,3,7919.999999999891,0.0,7919.999999999891,1348.62251053371,12891788.724454515,1385243.9999999998,0.0,8560.84,8560.84,0,0,False,,
2026-03-31,7619.85,IM2604,7573.6,2,1,3,-70919.99999999988,0.0,-70919.99999999988,1349.7604295807016,12822218.484884096,1363248.0,0.0,8560.84,8560.84,0,0,False,,
2026-04-01,7764.15,IM2604,7706.8,2,1,3,75839.99999999978,0.0,75839.99999999978,1344.179794596242,12899402.664678693,1387224.0,0.0,8560.84,8560.84,0,0,False,,
2026-04-02,7623.42,IM2604,7574.6,2,1,3,-90000.0,0.0,-90000.0,1350.421311692519,12810753.085990386,1363428.0,0.0,8560.84,8560.84,0,0,False,,
2026-04-03,7536.6,IM2604,7507.6,2,1,3,-21000.0,0.0,-21000.0,1342.813746056926,12791095.899736444,1351367.9999999998,0.0,8560.84,8560.84,0,0,False,,
2026-04-07,7606.02,IM2604,7566.4,2,1,3,29760.00000000022,0.0,29760.00000000022,1341.9225678946466,12822197.822304338,1361951.9999999998,0.0,8560.84,8560.84,0,0,False,,
2026-04-08,7955.77,IM2604,7947.4,2,1,3,220800.0,0.0,220800.0,1344.3293964120282,13044342.15170075,1430531.9999999998,0.0,8560.84,8560.84,0,0,False,,
2026-04-09,7921.45,IM2604,7901.0,2,1,3,-21840.000000000327,0.0,-21840.000000000327,1362.343062562724,13023864.494763313,1422180.0,0.0,8560.84,8560.84,0,0,False,,
2026-04-10,7998.23,IM2604,7975.0,2,1,3,56640.00000000033,0.0,56640.00000000033,1360.9206779712802,13081865.415441284,1435499.9999999998,0.0,8560.84,8560.84,0,0,False,,
2026-04-13,8025.57,IM2604,7992.2,2,1,3,2039.9999999997817,0.0,2039.9999999997817,1366.1619159043487,13085271.577357188,1438596.0,0.0,8560.84,8560.84,0,0,False,,
2026-04-14,8144.76,IM2605,8037.0,2,1,3,71400.0,969.0120000000001,70430.988,1366.1982990489741,13157068.763656234,1446659.9999999998,0.0,8560.84,8560.84,0,0,True,IM2604,IM2605
2026-04-15,8106.16,IM2605,8019.2,2,1,3,-5400.0,0.0,-5400.0,1373.6744384963552,13153042.438094731,1443455.9999999998,0.0,8560.84,8560.84,0,0,False,,
2026-04-16,8232.98,IM2605,8172.6,2,1,3,81839.99999999978,0.0,81839.99999999978,1373.5779766540097,13236256.016071385,1471067.9999999998,0.0,8560.84,8560.84,0,0,False,,
2026-04-17,8307.44,IM2605,8251.0,2,1,3,47760.00000000022,0.0,47760.00000000022,1380.100248245727,13285396.11631963,1485180.0,0.0,8560.84,8560.84,0,0,False,,
2026-04-20,8357.81,IM2605,8277.0,2,1,3,23639.99999999978,0.0,23639.99999999978,1384.2091744934116,13310420.325494124,1489859.9999999998,0.0,8560.84,8560.84,0,0,False,,
2026-04-21,8351.16,IM2605,8280.2,2,1,3,-3360.0000000002183,0.0,-3360.0000000002183,1386.5956257846044,13308446.921119908,1490436.0,0.0,8560.84,8560.84,0,0,False,,
2026-04-22,8481.24,IM2605,8438.8,2,1,3,82200.0,0.0,82200.0,1386.2965711834431,13392033.217691092,1518983.9999999995,0.0,8560.84,8560.84,0,0,False,,
2026-04-23,8362.74,IM2605,8331.8,2,1,3,-56279.99999999956,0.0,-56279.99999999956,1392.7527677743649,13337145.970458867,1499723.9999999998,0.0,8560.84,8560.84,0,0,False,,
2026-04-24,8304.14,IM2605,8268.0,2,1,3,-13920.000000000437,0.0,-13920.000000000437,1388.5735593603267,13324614.544018228,1488239.9999999998,0.0,8560.84,8560.84,0,0,False,,
2026-04-27,8338.73,IM2605,8301.8,2,1,3,4080.000000000655,0.0,4080.000000000655,1388.4506923488714,13330082.994710576,1494323.9999999998,0.0,8560.84,8560.84,0,0,False,,
2026-04-28,8226.69,IM2605,8203.0,2,1,3,-66120.00000000044,0.0,-66120.00000000044,1388.3784861290355,13265351.373196704,1476539.9999999998,0.0,8560.84,8560.84,0,0,False,,
2026-04-29,8343.07,IM2605,8332.4,2,1,3,87360.00000000022,0.0,87360.00000000022,1382.8713557697645,13354094.244552474,1499831.9999999998,0.0,8560.84,8560.84,0,0,False,,
2026-04-30,8381.95,IM2605,8369.4,2,1,3,13200.0,0.0,13200.0,1390.548986053497,13368684.793538528,1506491.9999999998,0.0,8560.84,8560.84,0,0,False,,
2026-05-06,8574.56,IM2605,8543.6,2,1,3,116039.99999999978,0.0,116039.99999999978,1391.479268902307,13486116.27280743,1537848.0,0.0,8560.84,8560.84,0,1,False,,
2026-05-07,8714.51,IM2605,8706.0,2,0,2,88920.00000000007,174.12,88745.88000000008,1401.5762422906296,13576263.729049722,1044719.9999999999,0.0,8714.51,,0,0,False,,
2026-05-08,8741.15,IM2605,8721.4,2,0,2,8559.999999999854,0.0,8559.999999999854,1469.9966194963329,13586293.725669218,1046567.9999999999,0.0,8741.15,,0,0,False,,
2026-05-11,8866.78,IM2605,8820.2,2,0,2,45600.0,0.0,45600.0,1470.956398086381,13633364.682067305,1058424.0,0.0,8866.78,,0,0,False,,
2026-05-12,8821.89,IM2606,8701.8,2,0,2,-15839.999999999418,700.0,-16539.999999999418,1475.0872432543945,13618299.76931056,1044215.9999999998,0.0,8866.78,,0,0,True,IM2605,IM2606
2026-05-13,8955.45,IM2606,8870.6,2,0,2,62000.0,0.0,62000.0,1474.9867242055964,13681774.756034765,1064472.0,0.0,8955.45,,0,0,False,,
2026-05-14,8778.71,IM2606,8689.8,2,0,2,-45200.0,0.0,-45200.0,1480.0564718565074,13638054.812506622,1042775.9999999999,0.0,8955.45,,0,0,False,,
2026-05-15,8682.65,IM2606,8582.6,2,0,2,-72239.99999999942,0.0,-72239.99999999942,1477.4729814873758,13567292.285488108,1029912.0000000001,0.0,8955.45,,0,0,False,,
2026-05-18,8720.21,IM2606,8632.6,2,0,2,12400.0,0.0,12400.0,1470.6812692425601,13581162.966757352,1035912.0000000001,0.0,8955.45,,0,0,False,,
2026-05-19,8808.64,IM2606,8718.6,2,0,2,39279.99999999956,0.0,39279.99999999956,1471.6045293858494,13621914.571286738,1046232.0,0.0,8955.45,,0,0,False,,
2026-05-20,8808.91,IM2606,8705.0,2,0,2,-4000.0,0.0,-4000.0,1475.1742696150877,13619389.745556353,1044600.0,0.0,8955.45,,0,0,False,,
2026-05-21,8510.5,IM2606,8438.2,2,0,2,-70079.99999999956,0.0,-70079.99999999956,1475.0695378411067,13550784.815094193,1012584.0,0.0,8955.45,,0,0,False,,
2026-05-22,8692.67,IM2606,8589.8,2,0,2,40719.99999999971,0.0,40719.99999999971,1470.777520412665,13592975.592614606,1030775.9999999999,0.0,8955.45,,0,0,False,,
2026-05-25,8799.31,IM2606,8661.4,2,0,2,25519.99999999971,0.0,25519.99999999971,1473.5926661432961,13619969.18528075,1039367.9999999999,0.0,8955.45,,0,0,False,,
2026-05-26,8687.25,IM2606,8596.0,2,0,2,-50319.99999999971,0.0,-50319.99999999971,1475.7512413035035,13571124.936522054,1031519.9999999999,0.0,8955.45,,0,0,False,,
2026-05-27,8546.51,IM2606,8441.2,2,0,2,-46640.000000000146,0.0,-46640.000000000146,1470.9422290708276,13525955.878751125,1012944.0,0.0,8955.45,,0,0,False,,
2026-05-28,8637.74,IM2606,8524.4,2,0,2,44159.999999999854,0.0,44159.999999999854,1467.8227646320836,13571583.701515757,1022927.9999999999,0.0,8955.45,,0,0,False,,
2026-05-29,8408.74,IM2606,8344.8,2,0,2,-89439.99999999942,0.0,-89439.99999999942,1472.0039174176318,13483615.705433175,1001375.9999999999,0.0,8955.45,,0,0,False,,
2026-06-01,8345.13,IM2606,8305.8,2,0,2,-480.00000000029104,0.0,-480.00000000029104,1464.2130744191306,13484599.918507595,996695.9999999999,0.0,8955.45,,0,0,False,,
2026-06-02,8384.78,IM2606,8324.6,2,0,2,8400.0,0.0,8400.0,1464.8775076487098,13494464.796015244,998952.0,0.0,8955.45,,0,0,False,,
2026-06-03,8432.68,IM2606,8368.4,2,0,2,8959.999999999854,0.0,8959.999999999854,1465.7700572384683,13504890.566072483,1004208.0,0.0,8955.45,,0,0,False,,
2026-06-04,8420.09,IM2606,8354.8,2,0,2,-3519.999999999709,0.0,-3519.999999999709,1466.3764904658526,13502836.942562949,1002575.9999999999,0.0,8955.45,,0,0,False,,
2026-06-05,8340.96,IM2606,8291.8,2,0,2,-20800.0,0.0,-20800.0,1466.3270324623445,13483503.26959541,995015.9999999998,0.0,8955.45,,0,0,False,,
2026-06-08,8081.26,IM2606,8072.8,2,0,2,-100880.00000000029,0.0,-100880.00000000029,1464.9459368977798,13384088.215532308,968736.0,0.0,8955.45,,0,0,False,,
2026-06-09,8318.7,IM2606,8233.4,2,0,2,76320.00000000044,0.0,76320.00000000044,1456.3669234446947,13461864.582455752,988008.0,0.0,8955.45,,0,0,False,,
2026-06-10,8198.72,IM2606,8162.2,2,0,2,-36080.00000000029,0.0,-36080.00000000029,1463.229702960348,13427247.812158713,979464.0,0.0,8955.45,,0,0,False,,
2026-06-11,8159.45,IM2606,8126.4,2,0,2,-20879.999999999927,0.0,-20879.999999999927,1460.1712701745528,13407827.983428888,975167.9999999999,0.0,8955.45,,0,0,False,,
2026-06-12,8202.8,IM2606,8196.8,2,0,2,38800.0,0.0,38800.0,1458.3971888971482,13448086.380617784,983615.9999999998,0.0,8955.45,,0,0,False,,
2026-06-15,8521.23,IM2606,8475.2,2,0,2,104639.99999999978,0.0,104639.99999999978,1462.1286666259548,13554188.50928441,1017024.0,0.0,8955.45,,0,0,False,,
2026-06-16,8646.4,IM2606,8602.4,2,0,2,62480.00000000029,0.0,62480.00000000029,1470.6559578925092,13618139.165242303,1032287.9999999999,0.0,8955.45,,0,0,False,,
2026-06-17,8704.47,IM2606,8695.0,2,0,2,20479.999999999563,0.0,20479.999999999563,1476.3670834505501,13640095.532325754,1043400.0,0.0,8955.45,,0,0,False,,
2026-06-18,8771.02,IM2606,8766.0,2,0,2,39600.0,0.0,39600.0,1477.6391679836229,13681173.171493737,1051920.0,0.0,8955.45,,0,0,False,,
2026-06-22,8865.68,IM2607,8706.2,2,0,2,5760.000000000582,699.2160000000001,5060.784000000582,1481.4582999717093,13687715.413793711,1044744.0,0.0,8955.45,,0,0,True,IM2606,IM2607
2026-06-23,8680.04,IM2607,8598.8,2,0,2,-54000.0,0.0,-54000.0,1483.0675007407772,13635198.481294451,1031856.0,0.0,8955.45,,0,0,False,,
2026-06-24,8793.49,IM2607,8667.6,2,0,2,42079.99999999956,0.0,42079.99999999956,1478.4188797833192,13678756.900174234,1040112.0000000001,0.0,8955.45,,0,0,False,,
2026-06-25,8825.92,IM2607,8725.8,2,0,2,15840.000000000146,0.0,15840.000000000146,1482.5599846252571,13696079.460158858,1047095.9999999999,0.0,8955.45,,0,0,False,,
2026-06-26,8601.41,IM2607,8532.6,2,0,2,-70480.00000000029,0.0,-70480.00000000029,1483.7727361071538,13627083.232894966,1023912.0000000001,0.0,8955.45,,0,0,False,,
2026-06-29,8597.89,IM2607,8514.2,2,0,2,-20319.99999999971,0.0,-20319.99999999971,1478.3987917100715,13608241.631686676,1021704.0000000001,0.0,8955.45,,0,0,False,,
2026-06-30,8809.79,IM2607,8705.2,2,0,2,80240.00000000015,0.0,80240.00000000015,1476.4476085138979,13689958.07929519,1044624.0,0.0,8955.45,,0,0,False,,
2026-07-01,8876.63,IM2607,8727.6,2,0,2,17840.000000000146,0.0,17840.000000000146,1483.344650178649,13709281.42394537,1047312.0000000001,0.0,8955.45,,0,0,False,,
2026-07-02,8625.33,IM2607,8570.0,2,0,2,-56480.00000000029,0.0,-56480.00000000029,1485.2960378870312,13654286.719983255,1028400.0,0.0,8955.45,,0,0,False,,
2026-07-03,8620.79,IM2607,8567.2,2,0,2,880.000000000291,0.0,880.000000000291,1481.0634027070862,13656647.783385962,1028064.0000000001,0.0,8955.45,,0,0,False,,
2026-07-06,8472.6,IM2607,8458.0,2,0,2,-58800.0,0.0,-58800.0,1481.3797782606707,13599329.163164223,1014960.0,0.0,8955.45,,0,0,False,,
2026-07-07,8301.8,IM2607,8296.6,2,0,2,-66640.00000000015,0.0,-66640.00000000015,1476.1932391028809,13534165.356403325,995592.0,0.0,8955.45,,0,0,False,,
2026-07-08,8117.86,IM2607,8131.2,2,0,2,-51920.00000000007,0.0,-51920.00000000007,1470.8212208917828,13483716.177624216,975743.9999999999,0.0,8955.45,,0,0,False,,
2026-07-09,8300.08,IM2607,8282.6,2,0,2,36560.00000000022,0.0,36560.00000000022,1467.2315889732815,13521743.409213189,993912.0000000001,0.0,8955.45,,0,0,False,,
2026-07-10,8198.31,IM2607,8186.2,2,0,2,4400.0,0.0,4400.0,1469.5611505925665,13527612.97036378,982343.9999999999,0.0,8955.45,,0,0,False,,
2026-07-13,7787.85,IM2607,7819.0,2,0,2,-173920.00000000044,0.0,-173920.00000000044,1471.6066412757461,13355164.577005057,938279.9999999999,0.0,8955.45,8955.45,1,0,False,,
2026-07-14,7925.12,IM2608,7854.4,2,1,3,38160.00000000022,787.856,37372.14400000022,1456.546675136385,13393993.267680194,1413791.9999999998,0.0,8955.45,8955.45,0,0,True,IM2607,IM2608
2026-07-15,7817.83,IM2608,7780.4,2,1,3,-54959.99999999967,0.0,-54959.99999999967,1405.3221011830612,13340438.589781377,1400471.9999999998,0.0,8955.45,8955.45,0,0,False,,
2026-07-16,7631.76,IM2608,7599.6,2,1,3,-92400.0,0.0,-92400.0,1400.602424040597,13249439.192205418,1367928.0,0.0,8955.45,8955.45,0,0,False,,
2026-07-17,7168.0,IM2608,7118.8,2,1,3,-246840.00000000035,0.0,-246840.00000000035,1393.7453888112677,13003992.93759423,1281383.9999999998,0.0,8955.45,8955.45,0,0,False,,
2026-07-20,6965.38,IM2608,6910.0,2,1,3,-216359.99999999965,0.0,-216359.99999999965,1375.105564208708,12789008.043158438,1243799.9999999998,0.0,8955.45,8955.45,0,0,False,,
2026-07-21,7259.86,IM2608,7220.0,2,1,3,215400.0,0.0,215400.0,1354.2957804538369,13005762.338938892,1299599.9999999998,0.0,8955.45,8955.45,0,0,False,,
2026-07-22,7158.76,IM2608,7091.2,2,1,3,-59640.00000000033,0.0,-59640.00000000033,1373.1763171064924,12947495.515255999,1276415.9999999998,0.0,8955.45,8955.45,0,0,False,,
2026-07-23,7195.5,IM2608,7136.4,2,1,3,20760.00000000022,0.0,20760.00000000022,1369.06097159669,12969624.576227596,1284551.9999999998,0.0,8955.45,8955.45,0,0,False,,
2026-07-24,6995.69,IM2608,6944.4,2,1,3,-97200.0,0.0,-97200.0,1370.70240961657,12873795.278637212,1249991.9999999998,0.0,8955.45,8955.45,0,0,False,,
2026-07-27,7228.78,IM2608,7207.8,2,1,3,118439.99999999978,0.0,118439.99999999978,1363.51529346519,12993598.793930678,1297404.0,0.0,8955.45,8955.45,0,0,False,,
2026-07-28,7026.28,IM2608,7001.4,2,1,3,-112079.99999999956,0.0,-112079.99999999956,1372.007087059217,12882890.801017737,1260251.9999999998,0.0,8955.45,8955.45,0,0,False,,
2026-07-29,7095.19,IM2608,7090.2,2,1,3,54839.99999999978,0.0,54839.99999999978,1363.3786959157485,12939094.179713653,1276235.9999999998,0.0,8955.45,8955.45,0,0,False,,
2026-07-30,6900.66,IM2608,6885.2,2,1,3,-89760.00000000022,0.0,-89760.00000000022,1368.0965784048938,12850702.276292058,1239335.9999999998,0.0,8955.45,8955.45,1,0,False,,
2026-07-31,7075.51,IM2608,7043.4,2,2,4,96480.00000000012,140.868,96339.13200000011,1362.0563869011357,12948403.464678958,1690416.0,0.0,8955.45,8955.45,0,0,False,,
2026-08-03,7079.78,IM2608,7067.8,2,2,4,-1199.999999999818,0.0,-1199.999999999818,1320.603739908515,12948524.068418866,1696272.0,0.0,8955.45,8955.45,0,0,False,,
2026-08-04,7279.19,IM2608,7256.0,2,2,4,158880.0000000003,0.0,158880.0000000003,1319.930956626894,13108723.999375492,1741439.9999999998,0.0,8955.45,8955.45,0,0,False,,
2026-08-05,7493.05,IM2608,7479.2,2,2,4,157119.9999999997,0.0,157119.9999999997,1333.424629337654,13267177.42400483,1795007.9999999998,0.0,8955.45,8955.45,0,0,False,,
2026-08-06,7530.43,IM2608,7508.6,2,2,4,20959.999999999854,0.0,20959.999999999854,1345.7280791737787,13289483.152084004,1802064.0,0.0,8955.45,8955.45,0,0,False,,
2026-08-07,7679.53,IM2608,7655.6,2,2,4,110080.00000000029,0.0,110080.00000000029,1347.5169289124312,13400910.669012917,1837343.9999999998,0.0,8955.45,8955.45,0,0,False,,
2026-08-10,7733.9,IM2608,7682.8,2,2,4,41119.99999999971,0.0,41119.99999999971,1356.4493154474644,13443387.118328365,1843872.0,0.0,8955.45,8955.45,0,0,False,,
2026-08-11,7698.05,IM2608,7684.4,2,2,4,7840.0000000001455,0.0,7840.0000000001455,1360.6662020587557,13452587.784530424,1844255.9999999998,0.0,8955.45,8955.45,0,0,False,,
2026-08-12,7793.72,IM2608,7754.4,2,2,4,51840.000000000146,0.0,51840.000000000146,1361.700429747896,13505789.484960172,1861055.9999999998,0.0,8955.45,8955.45,0,0,False,,
2026-08-13,7715.89,IM2608,7709.4,2,2,4,-14880.000000000291,0.0,-14880.000000000291,1365.9704843981945,13492275.45544457,1850255.9999999998,0.0,8955.45,8955.45,0,0,False,,
2026-08-14,7769.82,IM2608,7730.8,2,2,4,2720.0000000004366,0.0,2720.0000000004366,1365.6521186565583,13496361.107563227,1855391.9999999998,0.0,8955.45,8955.45,0,0,False,,
