variant,date,contract,side,qty,center_close,exec_price,fee,slippage_cash,reason
P-core,2022-07-25,MO2209-P-6300,buy,13,79.4,83.37,234.0,5161.000000000001,new_contract
P-core,2022-07-27,MO2209-P-6300,sell,13,45.4,43.129999999999995,234.0,2951.0,contract_switch
P-core,2022-07-27,MO2209-P-6200,buy,15,36.4,38.22,270.0,2730.0,new_contract
P-core,2022-08-01,MO2209-P-6200,buy,1,32.6,34.230000000000004,18.0,163.0,target_increase
P-core,2022-08-08,MO2209-P-6200,buy,1,29.2,30.66,18.0,146.0,target_increase
P-core,2022-08-10,MO2209-P-6200,buy,1,28.8,30.240000000000002,18.0,144.00000000000003,target_increase
P-core,2022-08-12,MO2209-P-6200,buy,2,18.4,19.32,36.0,184.0,target_increase
P-core,2022-08-15,MO2209-P-6200,buy,2,12.0,12.6,36.0,120.00000000000001,target_increase
P-core,2022-08-17,MO2209-P-6200,buy,3,7.2,7.5600000000000005,54.0,108.0,target_increase
P-core,2022-08-18,MO2209-P-6200,buy,3,8.0,8.4,54.0,120.00000000000001,target_increase
P-core,2022-08-23,MO2209-P-6200,sell,28,5.6,5.319999999999999,504.0,783.9999999999999,contract_switch
P-core,2022-08-23,MO2210-P-6200,buy,17,26.0,27.3,306.0,2210.0,new_contract
P-core,2022-08-24,MO2210-P-6200,buy,1,48.2,50.61,18.0,241.0,target_increase
P-core,2022-09-02,MO2210-P-6200,sell,18,65.6,62.31999999999999,324.0,5904.0,contract_switch
P-core,2022-09-02,MO2210-P-6000,buy,14,41.4,43.47,252.0,2897.9999999999995,new_contract
P-core,2022-09-06,MO2210-P-6000,buy,1,22.4,23.52,18.0,111.99999999999999,target_increase
P-core,2022-09-07,MO2210-P-6000,buy,3,16.0,16.8,54.0,240.00000000000003,target_increase
P-core,2022-09-13,MO2210-P-6000,buy,2,11.8,12.39,36.0,118.00000000000001,target_increase
P-core,2022-09-19,MO2210-P-6000,sell,20,67.6,64.22,360.0,6759.999999999999,contract_switch
P-core,2022-09-19,MO2210-P-5900,buy,13,48.6,51.03,234.0,3159.0000000000005,new_contract
P-core,2022-09-20,MO2210-P-5900,sell,13,35.8,34.01,234.0,2327.0,contract_switch
P-core,2022-09-20,MO2210-P-5800,buy,14,25.0,26.25,252.0,1750.0,new_contract
P-core,2022-09-21,MO2210-P-5800,sell,14,23.6,22.42,252.0,1652.0000000000002,contract_switch
P-core,2022-09-21,MO2210-P-5700,buy,16,17.6,18.48,288.0,1408.0000000000002,new_contract
P-core,2022-09-22,MO2210-P-5700,sell,16,14.6,13.87,288.0,1168.0,contract_switch
P-core,2022-09-22,MO2211-P-5700,buy,12,54.0,56.7,216.0,3240.0000000000005,new_contract
P-core,2022-09-23,MO2211-P-5700,buy,1,64.8,68.03999999999999,18.0,324.0,target_increase
P-core,2022-09-28,MO2211-P-5700,sell,13,74.8,71.06,234.0,4862.0,contract_switch
P-core,2022-09-28,MO2211-P-5600,buy,15,58.6,61.53,270.0,4395.0,new_contract
P-core,2022-09-30,MO2211-P-5600,sell,15,72.8,69.16,270.0,5460.0,contract_switch
P-core,2022-09-30,MO2211-P-5500,buy,16,58.0,60.9,288.0,4640.000000000001,new_contract
P-core,2022-10-12,MO2211-P-5500,sell,16,36.4,34.58,288.0,2912.0,contract_switch
P-core,2022-10-12,MO2211-P-5300,buy,15,20.0,21.0,270.0,1500.0,new_contract
P-core,2022-10-13,MO2211-P-5300,buy,2,11.6,12.18,36.0,115.99999999999999,target_increase
P-core,2022-10-17,MO2211-P-5300,buy,6,5.6,5.88,108.0,167.99999999999997,target_increase
P-core,2022-10-19,MO2211-P-5300,buy,2,6.4,6.720000000000001,36.0,64.00000000000001,target_increase
P-core,2022-10-20,MO2211-P-5300,sell,25,5.8,5.51,450.0,724.9999999999999,contract_switch
P-core,2022-10-20,MO2212-P-5300,buy,16,16.8,17.64,288.0,1344.0000000000002,new_contract
P-core,2022-10-21,MO2212-P-5300,buy,2,22.0,23.1,36.0,220.00000000000003,target_increase
P-core,2022-10-24,MO2212-P-5300,buy,1,28.6,30.03,18.0,143.00000000000003,target_increase
P-core,2022-10-27,MO2212-P-5300,buy,2,17.6,18.48,36.0,176.00000000000003,target_increase
P-core,2022-11-02,MO2212-P-5300,buy,3,9.6,10.08,54.0,144.0,target_increase
P-core,2022-11-07,MO2212-P-5300,buy,5,3.4,3.6,90.0,100.0,target_increase
P-core,2022-11-14,MO2212-P-5300,buy,4,3.8,4.0,72.0,80.0,target_increase
P-core,2022-11-18,MO2212-P-5300,buy,4,2.4,2.6,72.0,80.0,target_increase
P-core,2022-11-22,MO2212-P-5300,sell,37,2.0,1.8,666.0,740.0,contract_switch
P-core,2022-11-22,MO2301-P-5600,buy,18,15.6,16.38,324.0,1404.0,new_contract
P-core,2022-11-30,MO2301-P-5600,buy,1,15.0,15.75,18.0,75.0,target_increase
P-core,2022-12-05,MO2301-P-5600,buy,2,5.8,6.09,36.0,57.99999999999999,target_increase
P-core,2022-12-06,MO2301-P-5600,buy,3,5.8,6.09,54.0,86.99999999999999,target_increase
P-core,2022-12-14,MO2301-P-5600,buy,1,4.8,5.04,18.0,24.0,target_increase
P-core,2022-12-19,MO2301-P-5600,buy,8,6.8,7.14,144.0,272.0,target_increase
P-core,2022-12-22,MO2301-P-5600,sell,33,12.0,11.4,594.0,1980.0000000000005,contract_switch
P-core,2022-12-22,MO2302-P-5700,buy,16,31.0,32.55,288.0,2480.0,new_contract
P-core,2022-12-23,MO2302-P-5700,sell,16,42.6,40.47,288.0,3408.0000000000005,contract_switch
P-core,2022-12-23,MO2302-P-5600,buy,16,31.6,33.18,288.0,2528.0,new_contract
P-core,2022-12-26,MO2302-P-5600,sell,16,16.4,15.579999999999998,288.0,1312.0,contract_switch
P-core,2022-12-26,MO2302-P-5500,buy,15,11.6,12.18,270.0,869.9999999999999,new_contract
P-core,2022-12-27,MO2302-P-5500,buy,3,9.6,10.08,54.0,144.0,target_increase
P-core,2022-12-28,MO2302-P-5500,buy,5,10.4,10.92,90.0,260.0,target_increase
P-core,2023-01-04,MO2302-P-5500,buy,4,4.8,5.04,72.0,96.0,target_increase
P-core,2023-01-09,MO2302-P-5500,buy,1,4.2,4.41,18.0,21.000000000000004,target_increase
P-core,2023-01-10,MO2302-P-5500,buy,2,4.4,4.62,36.0,44.00000000000001,target_increase
P-core,2023-01-11,MO2302-P-5500,buy,1,4.2,4.41,18.0,21.000000000000004,target_increase
P-core,2023-01-16,MO2302-P-5500,buy,4,2.4,2.6,72.0,80.0,target_increase
P-core,2023-01-18,MO2302-P-5500,buy,3,1.6,1.8,54.0,60.00000000000001,target_increase
P-core,2023-01-19,MO2302-P-5500,sell,38,1.6,1.4000000000000001,684.0,760.0,contract_switch
P-core,2023-01-19,MO2303-P-5200,buy,35,3.8,4.0,630.0,700.0,new_contract
P-core,2023-01-30,MO2303-P-5200,buy,8,2.0,2.2,144.0,160.0,target_increase
P-core,2023-02-01,MO2303-P-5200,buy,1,2.0,2.2,18.0,20.0,target_increase
P-core,2023-02-02,MO2303-P-5200,buy,1,1.8,2.0,18.0,20.0,target_increase
P-core,2023-02-10,MO2303-P-5200,buy,5,1.2,1.4,90.0,100.0,target_increase
P-core,2023-02-17,MO2303-P-5200,buy,3,1.0,1.2,54.0,60.00000000000001,target_increase
P-core,2023-02-21,MO2303-P-5200,sell,53,0.8,0.6000000000000001,954.0,1060.0000000000002,contract_switch
P-core,2023-02-21,MO2304-P-6000,buy,17,8.4,8.82,306.0,714.0,new_contract
P-core,2023-02-22,MO2304-P-6000,buy,1,7.8,8.19,18.0,39.0,target_increase
P-core,2023-02-23,MO2304-P-6000,buy,1,8.2,8.61,18.0,41.0,target_increase
P-core,2023-02-27,MO2304-P-6000,buy,4,11.6,12.18,72.0,231.99999999999997,target_increase
P-core,2023-03-14,MO2304-P-6000,buy,2,10.0,10.5,36.0,100.0,target_increase
P-core,2023-03-20,MO2304-P-6000,buy,1,8.0,8.4,18.0,40.0,target_increase
P-core,2023-03-22,MO2304-P-6000,buy,1,3.6,3.8000000000000003,18.0,20.0,target_increase
P-core,2023-03-23,MO2304-P-6000,sell,27,2.8,2.5999999999999996,486.0,540.0,contract_switch
P-core,2023-03-23,MO2305-P-6000,buy,22,8.6,9.03,396.0,945.9999999999999,new_contract
P-core,2023-03-29,MO2305-P-6000,buy,3,6.4,6.720000000000001,54.0,96.00000000000001,target_increase
P-core,2023-04-10,MO2305-P-6000,buy,7,2.2,2.4000000000000004,126.0,140.0,target_increase
P-core,2023-04-17,MO2305-P-6000,buy,1,1.2,1.4,18.0,20.0,target_increase
P-core,2023-04-18,MO2305-P-6000,buy,3,1.0,1.2,54.0,60.00000000000001,target_increase
P-core,2023-04-20,MO2305-P-6000,sell,36,1.8,1.6,648.0,720.0,contract_switch
P-core,2023-04-20,MO2306-P-5200,buy,34,2.0,2.2,612.0,680.0000000000001,new_contract
P-core,2023-04-21,MO2306-P-5200,buy,1,2.2,2.4000000000000004,18.0,20.0,target_increase
P-core,2023-04-24,MO2306-P-5200,buy,1,2.2,2.4000000000000004,18.0,20.0,target_increase
P-core,2023-04-25,MO2306-P-5200,buy,3,2.8,3.0,54.0,60.00000000000001,target_increase
P-core,2023-04-28,MO2306-P-5200,buy,1,1.6,1.8,18.0,20.0,target_increase
P-core,2023-05-04,MO2306-P-5200,buy,3,1.6,1.8,54.0,60.00000000000001,target_increase
P-core,2023-05-05,MO2306-P-5200,buy,2,1.6,1.8,36.0,40.0,target_increase
P-core,2023-05-11,MO2306-P-5200,buy,2,1.4,1.5999999999999999,36.0,40.0,target_increase
P-core,2023-05-22,MO2306-P-5200,buy,8,0.8,1.0,144.0,160.0,target_increase
P-core,2023-05-23,MO2306-P-5200,sell,55,0.6,0.39999999999999997,990.0,1100.0,contract_switch
P-core,2023-05-23,MO2307-P-5800,buy,21,7.8,8.19,378.0,819.0,new_contract
P-core,2023-05-29,MO2307-P-5800,buy,4,6.2,6.51,72.0,124.00000000000003,target_increase
P-core,2023-06-05,MO2307-P-5800,buy,1,4.0,4.2,18.0,20.0,target_increase
P-core,2023-06-06,MO2307-P-5800,buy,2,7.8,8.19,36.0,78.0,target_increase
P-core,2023-06-12,MO2307-P-5800,sell,28,4.0,3.8,504.0,560.0,contract_switch
P-core,2023-06-12,MO2307-P-5700,buy,25,2.8,3.0,450.0,500.0,new_contract
P-core,2023-06-13,MO2307-P-5700,buy,5,2.6,2.8000000000000003,90.0,100.0,target_increase
P-core,2023-06-16,MO2307-P-5700,buy,3,1.4,1.5999999999999999,54.0,60.00000000000001,target_increase
P-core,2023-06-21,MO2307-P-5700,buy,1,1.4,1.5999999999999999,18.0,20.0,target_increase
P-core,2023-06-26,MO2307-P-5700,sell,34,2.2,2.0,612.0,680.0000000000001,contract_switch
P-core,2023-06-26,MO2308-P-5700,buy,27,6.2,6.51,486.0,837.0000000000001,new_contract
P-core,2023-07-05,MO2308-P-5700,buy,3,2.2,2.4000000000000004,54.0,60.00000000000001,target_increase
P-core,2023-07-14,MO2308-P-5700,buy,6,2.0,2.2,108.0,120.00000000000001,target_increase
P-core,2023-07-17,MO2308-P-5700,buy,1,1.8,2.0,18.0,20.0,target_increase
P-core,2023-07-20,MO2308-P-5700,sell,37,2.0,1.8,666.0,740.0,contract_switch
P-core,2023-07-20,MO2309-P-5200,buy,33,1.8,2.0,594.0,660.0,new_contract
P-core,2023-07-21,MO2309-P-5200,buy,1,1.8,2.0,18.0,20.0,target_increase
P-core,2023-07-24,MO2309-P-5200,buy,1,1.6,1.8,18.0,20.0,target_increase
P-core,2023-07-26,MO2309-P-5200,buy,1,1.4,1.5999999999999999,18.0,20.0,target_increase
P-core,2023-07-28,MO2309-P-5200,buy,3,1.2,1.4,54.0,60.00000000000001,target_increase
P-core,2023-08-01,MO2309-P-5200,buy,2,1.4,1.5999999999999999,36.0,40.0,target_increase
P-core,2023-08-07,MO2309-P-5200,buy,7,1.2,1.4,126.0,140.0,target_increase
P-core,2023-08-10,MO2309-P-5200,buy,2,1.0,1.2,36.0,40.0,target_increase
P-core,2023-08-18,MO2309-P-5200,buy,5,2.2,2.4000000000000004,90.0,100.0,target_increase
P-core,2023-08-22,MO2309-P-5200,sell,55,1.8,1.6,990.0,1100.0,contract_switch
P-core,2023-08-22,MO2310-P-5500,buy,15,15.2,15.959999999999999,270.0,1140.0,new_contract
P-core,2023-08-23,MO2310-P-5500,sell,15,27.0,25.65,270.0,2025.0,contract_switch
P-core,2023-08-23,MO2310-P-5400,buy,20,18.2,19.11,360.0,1820.0,new_contract
P-core,2023-08-25,MO2310-P-5400,sell,20,33.2,31.540000000000003,360.0,3320.0000000000005,contract_switch
P-core,2023-08-25,MO2310-P-5300,buy,19,23.4,24.57,342.0,2222.9999999999995,new_contract
P-core,2023-08-29,MO2310-P-5300,sell,19,7.8,7.41,342.0,741.0,contract_switch
P-core,2023-08-29,MO2310-P-5200,buy,19,5.6,5.88,342.0,531.9999999999999,new_contract
P-core,2023-08-30,MO2310-P-5200,buy,5,4.2,4.41,90.0,105.0,target_increase
P-core,2023-08-31,MO2310-P-5200,buy,6,4.2,4.41,108.0,126.00000000000003,target_increase
P-core,2023-09-05,MO2310-P-5200,buy,2,2.6,2.8000000000000003,36.0,40.0,target_increase
P-core,2023-09-20,MO2310-P-5200,buy,6,2.2,2.4000000000000004,108.0,120.00000000000001,target_increase
P-core,2023-09-21,MO2310-P-5200,sell,38,3.0,2.8,684.0,760.0,contract_switch
P-core,2023-09-21,MO2311-P-5200,buy,21,7.2,7.5600000000000005,378.0,756.0,new_contract
P-core,2023-09-22,MO2311-P-5200,buy,3,4.2,4.41,54.0,63.000000000000014,target_increase
P-core,2023-09-26,MO2311-P-5200,buy,2,4.2,4.41,36.0,42.00000000000001,target_increase
P-core,2023-09-28,MO2311-P-5200,buy,3,3.2,3.4000000000000004,54.0,60.00000000000001,target_increase
P-core,2023-10-11,MO2311-P-5200,buy,6,1.8,2.0,108.0,120.00000000000001,target_increase
P-core,2023-10-17,MO2311-P-5200,buy,1,2.4,2.6,18.0,20.0,target_increase
P-core,2023-10-19,MO2311-P-5200,sell,36,6.0,5.7,648.0,1080.0,contract_switch
P-core,2023-10-19,MO2312-P-5200,buy,21,11.0,11.55,378.0,1155.0,new_contract
P-core,2023-10-24,MO2312-P-5200,sell,21,32.4,30.779999999999998,378.0,3402.0000000000005,contract_switch
P-core,2023-10-24,MO2312-P-5100,buy,16,23.2,24.36,288.0,1855.9999999999998,new_contract
P-core,2023-10-25,MO2312-P-5100,sell,16,13.8,13.110000000000001,288.0,1104.0,contract_switch
P-core,2023-10-25,MO2312-P-5000,buy,19,9.2,9.66,342.0,873.9999999999999,new_contract
P-core,2023-10-27,MO2312-P-5000,buy,3,3.6,3.8000000000000003,54.0,60.00000000000001,target_increase
P-core,2023-10-30,MO2312-P-5000,buy,6,2.8,3.0,108.0,120.00000000000001,target_increase
P-core,2023-11-07,MO2312-P-5000,buy,5,1.8,2.0,90.0,100.0,target_increase
P-core,2023-11-08,MO2312-P-5000,buy,2,1.4,1.5999999999999999,36.0,40.0,target_increase
P-core,2023-11-09,MO2312-P-5000,buy,4,1.4,1.5999999999999999,72.0,80.0,target_increase
P-core,2023-11-14,MO2312-P-5000,buy,2,1.0,1.2,36.0,40.0,target_increase
P-core,2023-11-17,MO2312-P-5000,buy,1,1.0,1.2,18.0,20.0,target_increase
P-core,2023-11-21,MO2312-P-5000,sell,42,0.6,0.39999999999999997,756.0,840.0,contract_switch
P-core,2023-11-21,MO2401-P-5000,buy,24,1.6,1.8,432.0,480.00000000000006,new_contract
P-core,2023-11-22,MO2401-P-5000,buy,4,2.0,2.2,72.0,80.0,target_increase
P-core,2023-11-23,MO2401-P-5000,buy,2,1.8,2.0,36.0,40.0,target_increase
P-core,2023-11-29,MO2401-P-5000,buy,1,2.0,2.2,18.0,20.0,target_increase
P-core,2023-12-14,MO2401-P-5000,buy,2,2.2,2.4000000000000004,36.0,40.0,target_increase
P-core,2023-12-22,MO2401-P-5000,sell,33,2.8,2.5999999999999996,594.0,660.0,contract_switch
P-core,2023-12-22,MO2402-P-5100,buy,18,14.0,14.7,324.0,1260.0000000000002,new_contract
P-core,2023-12-25,MO2402-P-5100,buy,1,13.2,13.86,18.0,66.0,target_increase
P-core,2023-12-28,MO2402-P-5100,sell,19,7.4,7.03,342.0,703.0000000000001,contract_switch
P-core,2023-12-28,MO2402-P-5000,buy,18,4.6,4.83,324.0,413.99999999999994,new_contract
P-core,2023-12-29,MO2402-P-5000,buy,5,3.8,4.0,90.0,100.0,target_increase
P-core,2024-01-02,MO2402-P-5000,buy,2,3.8,4.0,36.0,40.0,target_increase
P-core,2024-01-04,MO2402-P-5000,buy,1,5.0,5.25,18.0,25.0,target_increase
P-core,2024-01-10,MO2402-P-5000,sell,26,31.6,30.020000000000003,468.0,4108.0,contract_switch
P-core,2024-01-10,MO2402-P-4950,buy,12,26.6,27.93,216.0,1596.0,new_contract
P-core,2024-01-11,MO2402-P-4950,buy,3,14.6,15.33,54.0,219.0,target_increase
P-core,2024-01-12,MO2402-P-4950,buy,3,15.6,16.38,54.0,234.0,target_increase
P-core,2024-01-19,MO2402-P-4950,sell,18,52.4,49.78,324.0,4716.0,contract_switch
P-core,2024-01-19,MO2403-P-4850,buy,10,72.6,76.22999999999999,180.0,3629.9999999999995,new_contract
P-core,2024-01-22,MO2403-P-4850,sell,10,328.2,311.78999999999996,180.0,16410.0,contract_switch
P-core,2024-01-22,MO2403-P-4800,buy,11,298.2,313.11,198.0,16401.0,new_contract
P-core,2024-01-23,MO2403-P-4800,sell,11,153.8,146.11,198.0,8459.000000000002,contract_switch
P-core,2024-01-23,MO2403-P-4750,buy,7,139.4,146.37,126.0,4879.000000000001,new_contract
P-core,2024-01-24,MO2403-P-4750,sell,7,101.2,96.14,126.0,3542.0,contract_switch
P-core,2024-01-24,MO2403-P-4500,buy,10,49.6,52.08,180.0,2480.0000000000005,new_contract
P-core,2024-01-25,MO2403-P-4500,buy,4,20.6,21.630000000000003,72.0,412.0,target_increase
P-core,2024-01-26,MO2403-P-4500,buy,3,25.0,26.25,54.0,375.0,target_increase
P-core,2024-02-01,MO2403-P-4500,sell,17,156.6,148.76999999999998,306.0,13311.000000000002,contract_switch
P-core,2024-02-01,MO2403-P-4450,buy,9,134.8,141.54000000000002,162.0,6066.000000000001,new_contract
P-core,2024-02-02,MO2403-P-4450,sell,9,220.8,209.76000000000002,162.0,9936.000000000002,contract_switch
P-core,2024-02-02,MO2403-P-4300,buy,10,154.8,162.54000000000002,180.0,7740.000000000001,new_contract
P-core,2024-02-05,MO2403-P-4300,sell,10,434.2,412.49,180.0,21710.000000000004,contract_switch
P-core,2024-02-05,MO2403-P-4250,buy,10,405.4,425.66999999999996,180.0,20270.0,new_contract
P-core,2024-02-06,MO2403-P-4250,sell,10,131.6,125.02,180.0,6580.0,contract_switch
P-core,2024-02-06,MO2403-P-4100,buy,7,93.0,97.65,126.0,3255.0000000000005,new_contract
P-core,2024-02-07,MO2403-P-4100,sell,7,48.2,45.790000000000006,126.0,1687.0,contract_switch
P-core,2024-02-07,MO2403-P-3850,buy,14,24.6,25.830000000000002,252.0,1722.0000000000002,new_contract
P-core,2024-02-08,MO2403-P-3850,buy,3,8.0,8.4,54.0,120.00000000000001,target_increase
P-core,2024-02-19,MO2403-P-3850,buy,1,4.4,4.62,18.0,22.000000000000004,target_increase
P-core,2024-02-20,MO2403-P-3850,sell,18,2.6,2.4,324.0,360.0,contract_switch
P-core,2024-02-20,MO2404-P-3850,buy,17,9.4,9.870000000000001,306.0,799.0,new_contract
P-core,2024-02-21,MO2404-P-3850,buy,3,9.8,10.290000000000001,54.0,147.00000000000003,target_increase
P-core,2024-02-26,MO2404-P-3850,buy,3,4.8,5.04,54.0,72.0,target_increase
P-core,2024-02-28,MO2404-P-3850,buy,1,5.8,6.09,18.0,28.999999999999996,target_increase
P-core,2024-03-01,MO2404-P-3850,buy,1,2.8,3.0,18.0,20.0,target_increase
P-core,2024-03-11,MO2404-P-3850,buy,1,1.6,1.8,18.0,20.0,target_increase
P-core,2024-03-12,MO2404-P-3850,buy,3,1.2,1.4,54.0,60.00000000000001,target_increase
P-core,2024-03-13,MO2404-P-3850,buy,3,1.0,1.2,54.0,60.00000000000001,target_increase
P-core,2024-03-14,MO2404-P-3850,buy,6,1.0,1.2,108.0,120.00000000000001,target_increase
P-core,2024-03-19,MO2404-P-3850,buy,12,0.8,1.0,216.0,240.00000000000003,target_increase
P-core,2024-03-21,MO2404-P-3850,sell,50,0.8,0.6000000000000001,900.0,1000.0,contract_switch
P-core,2024-03-21,MO2405-P-4500,buy,18,5.6,5.88,324.0,503.9999999999999,new_contract
P-core,2024-03-22,MO2405-P-4500,buy,1,7.4,7.7700000000000005,18.0,37.00000000000001,target_increase
P-core,2024-04-03,MO2405-P-4500,buy,3,9.4,9.870000000000001,54.0,141.0,target_increase
P-core,2024-04-23,MO2405-P-4500,sell,22,9.6,9.12,396.0,1055.9999999999998,contract_switch
P-core,2024-04-23,MO2406-P-3800,buy,23,7.6,7.9799999999999995,414.0,874.0,new_contract
P-core,2024-04-25,MO2406-P-3800,buy,1,3.2,3.4000000000000004,18.0,20.0,target_increase
P-core,2024-04-26,MO2406-P-3800,buy,1,1.8,2.0,18.0,20.0,target_increase
P-core,2024-04-29,MO2406-P-3800,buy,4,1.8,2.0,72.0,80.0,target_increase
P-core,2024-04-30,MO2406-P-3800,buy,4,1.6,1.8,72.0,80.0,target_increase
P-core,2024-05-07,MO2406-P-3800,buy,2,1.8,2.0,36.0,40.0,target_increase
P-core,2024-05-08,MO2406-P-3800,buy,2,1.6,1.8,36.0,40.0,target_increase
P-core,2024-05-10,MO2406-P-3800,buy,1,1.4,1.5999999999999999,18.0,20.0,target_increase
P-core,2024-05-21,MO2406-P-3800,buy,2,0.8,1.0,36.0,40.0,target_increase
P-core,2024-05-22,MO2406-P-3800,buy,6,0.8,1.0,108.0,120.00000000000001,target_increase
P-core,2024-05-23,MO2406-P-3800,sell,46,0.8,0.6000000000000001,828.0,920.0000000000001,contract_switch
P-core,2024-05-23,MO2407-P-4650,buy,17,22.2,23.31,306.0,1887.0,new_contract
P-core,2024-06-11,MO2407-P-4650,sell,17,25.8,24.51,306.0,2193.0,contract_switch
P-core,2024-06-11,MO2407-P-4600,buy,11,20.0,21.0,198.0,1100.0,new_contract
P-core,2024-06-12,MO2407-P-4600,buy,3,19.0,19.95,54.0,285.0,target_increase
P-core,2024-06-13,MO2407-P-4600,buy,1,17.2,18.06,18.0,86.0,target_increase
P-core,2024-06-19,MO2407-P-4600,buy,5,8.4,8.82,90.0,210.0,target_increase
P-core,2024-06-20,MO2407-P-4600,sell,20,17.2,16.34,360.0,1720.0,contract_switch
P-core,2024-06-20,MO2408-P-4600,buy,11,49.2,51.660000000000004,198.0,2706.0000000000005,new_contract
P-core,2024-06-24,MO2408-P-4600,sell,11,97.0,92.15,198.0,5335.000000000001,contract_switch
P-core,2024-06-24,MO2408-P-4550,buy,10,79.6,83.58,180.0,3979.9999999999995,new_contract
P-core,2024-06-25,MO2408-P-4550,sell,10,92.8,88.16,180.0,4640.0,contract_switch
P-core,2024-06-25,MO2408-P-4500,buy,10,79.2,83.16,180.0,3960.0,new_contract
P-core,2024-06-26,MO2408-P-4500,sell,10,39.8,37.809999999999995,180.0,1989.9999999999998,contract_switch
P-core,2024-06-26,MO2408-P-4350,buy,12,22.0,23.1,216.0,1320.0,new_contract
P-core,2024-06-27,MO2408-P-4350,buy,1,37.4,39.269999999999996,18.0,187.0,target_increase
P-core,2024-07-08,MO2408-P-4350,sell,13,53.0,50.35,234.0,3445.0000000000005,contract_switch
P-core,2024-07-08,MO2408-P-4250,buy,15,33.0,34.65,270.0,2475.0000000000005,new_contract
P-core,2024-07-10,MO2408-P-4250,sell,15,23.8,22.61,270.0,1785.0000000000002,contract_switch
P-core,2024-07-10,MO2408-P-4200,buy,14,18.0,18.9,252.0,1260.0,new_contract
P-core,2024-07-12,MO2408-P-4200,buy,3,9.8,10.290000000000001,54.0,147.00000000000003,target_increase
P-core,2024-07-22,MO2408-P-4200,buy,1,4.2,4.41,18.0,21.000000000000004,target_increase
P-core,2024-07-23,MO2408-P-4200,sell,18,12.6,11.969999999999999,324.0,1134.0,contract_switch
P-core,2024-07-23,MO2409-P-3800,buy,17,9.2,9.66,306.0,781.9999999999999,new_contract
P-core,2024-07-29,MO2409-P-3800,buy,1,6.6,6.93,18.0,33.0,target_increase
P-core,2024-08-01,MO2409-P-3800,buy,5,2.6,2.8000000000000003,90.0,100.0,target_increase
P-core,2024-08-13,MO2409-P-3800,buy,1,3.4,3.6,18.0,20.0,target_increase
P-core,2024-08-19,MO2409-P-3800,buy,1,2.0,2.2,18.0,20.0,target_increase
P-core,2024-08-20,MO2409-P-3800,buy,4,3.0,3.2,72.0,80.0,target_increase
P-core,2024-08-22,MO2409-P-3800,sell,29,3.2,3.0,522.0,580.0000000000001,contract_switch
P-core,2024-08-22,MO2410-P-4100,buy,12,35.0,36.75,216.0,2100.0,new_contract
P-core,2024-08-23,MO2410-P-4100,sell,12,30.4,28.88,216.0,1824.0000000000002,contract_switch
P-core,2024-08-23,MO2410-P-4050,buy,12,21.8,22.89,216.0,1308.0000000000002,new_contract
P-core,2024-08-26,MO2410-P-4050,sell,12,20.0,19.0,216.0,1200.0,contract_switch
P-core,2024-08-26,MO2410-P-4000,buy,13,15.0,15.75,234.0,975.0,new_contract
P-core,2024-08-27,MO2410-P-4000,buy,1,19.4,20.369999999999997,18.0,97.0,target_increase
P-core,2024-09-02,MO2410-P-4000,buy,2,11.0,11.55,36.0,110.00000000000001,target_increase
P-core,2024-09-04,MO2410-P-4000,buy,1,9.0,9.45,18.0,45.0,target_increase
P-core,2024-09-19,MO2410-P-4000,sell,17,5.2,4.94,306.0,442.0,contract_switch
P-core,2024-09-19,MO2411-P-3950,buy,12,23.0,24.15,216.0,1380.0,new_contract
P-core,2024-09-23,MO2411-P-3950,buy,2,17.6,18.48,36.0,176.00000000000003,target_increase
P-core,2024-09-25,MO2411-P-3950,buy,3,3.6,3.8000000000000003,54.0,60.00000000000001,target_increase
P-core,2024-09-27,MO2411-P-3950,buy,7,1.4,1.5999999999999999,126.0,140.0,target_increase
P-core,2024-09-30,MO2411-P-3950,buy,6,2.8,3.0,108.0,120.00000000000001,target_increase
P-core,2024-10-21,MO2411-P-3950,buy,4,1.8,2.0,72.0,80.0,target_increase
P-core,2024-10-22,MO2411-P-3950,sell,34,1.2,1.0,612.0,680.0000000000001,contract_switch
P-core,2024-10-22,MO2412-P-3800,buy,21,2.8,3.0,378.0,420.0,new_contract
P-core,2024-10-23,MO2412-P-3800,buy,2,2.4,2.6,36.0,40.0,target_increase
P-core,2024-10-24,MO2412-P-3800,buy,1,2.2,2.4000000000000004,18.0,20.0,target_increase
P-core,2024-10-28,MO2412-P-3800,buy,2,2.0,2.2,36.0,40.0,target_increase
P-core,2024-10-30,MO2412-P-3800,buy,1,2.2,2.4000000000000004,18.0,20.0,target_increase
P-core,2024-10-31,MO2412-P-3800,buy,1,2.0,2.2,18.0,20.0,target_increase
P-core,2024-11-01,MO2412-P-3800,buy,1,1.8,2.0,18.0,20.0,target_increase
P-core,2024-11-07,MO2412-P-3800,buy,1,2.6,2.8000000000000003,18.0,20.0,target_increase
P-core,2024-11-08,MO2412-P-3800,buy,4,3.0,3.2,72.0,80.0,target_increase
P-core,2024-11-11,MO2412-P-3800,buy,2,2.4,2.6,36.0,40.0,target_increase
P-core,2024-11-13,MO2412-P-3800,buy,3,2.0,2.2,54.0,60.00000000000001,target_increase
P-core,2024-11-14,MO2412-P-3800,buy,1,1.6,1.8,18.0,20.0,target_increase
P-core,2024-11-18,MO2412-P-3800,buy,4,1.2,1.4,72.0,80.0,target_increase
P-core,2024-11-21,MO2412-P-3800,sell,44,0.6,0.39999999999999997,792.0,880.0000000000001,contract_switch
P-core,2024-11-21,MO2501-P-5100,buy,14,30.8,32.34,252.0,2156.0,new_contract
P-core,2024-11-28,MO2501-P-5100,buy,2,30.0,31.5,36.0,300.0,target_increase
P-core,2024-12-03,MO2501-P-5100,buy,2,15.0,15.75,36.0,150.0,target_increase
P-core,2024-12-09,MO2501-P-5100,buy,3,10.4,10.92,54.0,156.0,target_increase
P-core,2024-12-12,MO2501-P-5100,buy,4,6.2,6.51,72.0,124.00000000000003,target_increase
P-core,2024-12-24,MO2501-P-5100,sell,25,2.8,2.5999999999999996,450.0,500.0,contract_switch
P-core,2024-12-24,MO2502-P-5300,buy,13,38.8,40.739999999999995,234.0,2522.0,new_contract
P-core,2024-12-30,MO2502-P-5300,buy,1,25.8,27.09,18.0,129.0,target_increase
P-core,2024-12-31,MO2502-P-5300,buy,2,44.2,46.410000000000004,36.0,442.00000000000006,target_increase
P-core,2025-01-06,MO2502-P-5300,sell,16,133.4,126.73,288.0,10672.000000000002,contract_switch
P-core,2025-01-06,MO2502-P-5200,buy,11,103.2,108.36,198.0,5676.000000000001,new_contract
P-core,2025-01-07,MO2502-P-5200,sell,11,70.6,67.07,198.0,3883.0,contract_switch
P-core,2025-01-07,MO2502-P-5000,buy,13,36.2,38.010000000000005,234.0,2353.0000000000005,new_contract
P-core,2025-01-13,MO2502-P-5000,buy,1,52.8,55.44,18.0,264.0,target_increase
P-core,2025-01-14,MO2502-P-5000,sell,14,23.8,22.61,252.0,1666.0000000000005,contract_switch
P-core,2025-01-14,MO2502-P-4950,buy,12,18.2,19.11,216.0,1092.0,new_contract
P-core,2025-01-15,MO2502-P-4950,buy,4,18.4,19.32,72.0,368.0,target_increase
P-core,2025-01-20,MO2502-P-4950,buy,3,8.8,9.24,54.0,132.00000000000003,target_increase
P-core,2025-01-22,MO2502-P-4950,buy,1,7.0,7.35,18.0,35.0,target_increase
P-core,2025-01-23,MO2502-P-4950,sell,20,6.6,6.27,360.0,660.0,contract_switch
P-core,2025-01-23,MO2503-P-3900,buy,25,2.8,3.0,450.0,500.0,new_contract
P-core,2025-01-24,MO2503-P-3900,buy,4,2.6,2.8000000000000003,72.0,80.0,target_increase
P-core,2025-01-27,MO2503-P-3900,buy,5,3.0,3.2,90.0,100.0,target_increase
P-core,2025-02-07,MO2503-P-3900,buy,7,1.6,1.8,126.0,140.0,target_increase
P-core,2025-02-10,MO2503-P-3900,buy,2,1.4,1.5999999999999999,36.0,40.0,target_increase
P-core,2025-02-14,MO2503-P-3900,buy,2,1.6,1.8,36.0,40.0,target_increase
P-core,2025-02-17,MO2503-P-3900,buy,8,1.4,1.5999999999999999,144.0,160.0,target_increase
P-core,2025-02-19,MO2503-P-3900,buy,1,1.2,1.4,18.0,20.0,target_increase
P-core,2025-02-20,MO2503-P-3900,sell,54,1.2,1.0,972.0,1080.0,contract_switch
P-core,2025-02-20,MO2504-P-5200,buy,17,13.0,13.65,306.0,1105.0,new_contract
P-core,2025-02-21,MO2504-P-5200,buy,1,7.4,7.7700000000000005,18.0,37.00000000000001,target_increase
P-core,2025-02-24,MO2504-P-5200,buy,3,8.2,8.61,54.0,123.0,target_increase
P-core,2025-03-07,MO2504-P-5200,buy,1,5.0,5.25,18.0,25.0,target_increase
P-core,2025-03-17,MO2504-P-5200,buy,1,2.4,2.6,18.0,20.0,target_increase
P-core,2025-03-19,MO2504-P-5200,buy,2,3.0,3.2,36.0,40.0,target_increase
P-core,2025-03-20,MO2504-P-5200,sell,25,2.8,2.5999999999999996,450.0,500.0,contract_switch
P-core,2025-03-20,MO2505-P-5600,buy,13,25.0,26.25,234.0,1625.0,new_contract
P-core,2025-03-21,MO2505-P-5600,buy,2,32.0,33.6,36.0,320.0,target_increase
P-core,2025-04-08,MO2505-P-5600,sell,15,366.6,348.27000000000004,270.0,27495.000000000004,contract_switch
P-core,2025-04-09,MO2505-P-4900,buy,12,64.4,67.62,216.0,3864.000000000001,new_contract
P-core,2025-04-11,MO2505-P-4900,buy,3,20.4,21.419999999999998,54.0,306.0,target_increase
P-core,2025-04-15,MO2505-P-4900,buy,5,11.6,12.18,90.0,290.0,target_increase
P-core,2025-04-18,MO2505-P-4900,buy,2,10.2,10.709999999999999,36.0,102.0,target_increase
P-core,2025-04-22,MO2505-P-4900,sell,22,5.6,5.319999999999999,396.0,615.9999999999999,contract_switch
P-core,2025-04-22,MO2506-P-3900,buy,24,5.8,6.09,432.0,695.9999999999999,new_contract
P-core,2025-04-23,MO2506-P-3900,buy,6,4.6,4.83,108.0,138.0,target_increase
P-core,2025-04-28,MO2506-P-3900,buy,1,4.8,5.04,18.0,24.0,target_increase
P-core,2025-05-07,MO2506-P-3900,buy,5,2.6,2.8000000000000003,90.0,100.0,target_increase
P-core,2025-05-19,MO2506-P-3900,buy,1,1.4,1.5999999999999999,18.0,20.0,target_increase
P-core,2025-05-20,MO2506-P-3900,buy,5,1.2,1.4,90.0,100.0,target_increase
P-core,2025-05-21,MO2506-P-3900,buy,7,1.0,1.2,126.0,140.0,target_increase
P-core,2025-05-22,MO2506-P-3900,sell,49,1.4,1.2,882.0,980.0000000000001,contract_switch
P-core,2025-05-22,MO2507-P-5200,buy,14,35.2,36.96,252.0,2464.0000000000005,new_contract
P-core,2025-05-30,MO2507-P-5200,buy,1,25.2,26.46,18.0,126.0,target_increase
P-core,2025-06-03,MO2507-P-5200,buy,1,19.6,20.580000000000002,18.0,98.00000000000001,target_increase
P-core,2025-06-05,MO2507-P-5200,buy,1,14.0,14.7,18.0,70.0,target_increase
P-core,2025-06-10,MO2507-P-5200,buy,3,12.4,13.02,54.0,186.00000000000003,target_increase
P-core,2025-06-17,MO2507-P-5200,buy,4,9.4,9.870000000000001,72.0,188.0,target_increase
P-core,2025-06-18,MO2507-P-5200,buy,1,9.6,10.08,18.0,48.0,target_increase
P-core,2025-06-19,MO2507-P-5200,sell,25,11.6,11.02,450.0,1449.9999999999998,contract_switch
P-core,2025-06-19,MO2508-P-5300,buy,15,39.4,41.37,270.0,2955.0,new_contract
P-core,2025-06-20,MO2508-P-5300,buy,1,38.4,40.32,18.0,192.0,target_increase
P-core,2025-06-26,MO2508-P-5300,buy,1,11.6,12.18,18.0,57.99999999999999,target_increase
P-core,2025-06-27,MO2508-P-5300,buy,4,9.6,10.08,72.0,192.0,target_increase
P-core,2025-07-04,MO2508-P-5300,buy,1,8.4,8.82,18.0,42.00000000000001,target_increase
P-core,2025-07-16,MO2508-P-5300,buy,7,4.0,4.2,126.0,140.0,target_increase
P-core,2025-07-18,MO2508-P-5300,buy,6,3.0,3.2,108.0,120.00000000000001,target_increase
P-core,2025-07-22,MO2508-P-5300,sell,35,2.4,2.1999999999999997,630.0,700.0,contract_switch
P-core,2025-07-22,MO2509-P-4000,buy,40,4.0,4.2,720.0,800.0,new_contract
P-core,2025-07-23,MO2509-P-4000,buy,3,4.4,4.62,54.0,66.00000000000001,target_increase
P-core,2025-07-31,MO2509-P-4000,buy,1,4.0,4.2,18.0,20.0,target_increase
P-core,2025-08-05,MO2509-P-4000,buy,10,2.8,3.0,180.0,200.0,target_increase
P-core,2025-08-11,MO2509-P-4000,buy,4,2.6,2.8000000000000003,72.0,80.0,target_increase
P-core,2025-08-12,MO2509-P-4000,buy,4,2.2,2.4000000000000004,72.0,80.0,target_increase
P-core,2025-08-18,MO2509-P-4000,buy,1,1.2,1.4,18.0,20.0,target_increase
P-core,2025-08-21,MO2509-P-4000,sell,63,1.2,1.0,1134.0,1260.0000000000002,contract_switch
P-core,2025-08-21,MO2510-P-5800,buy,18,10.2,10.709999999999999,324.0,918.0,new_contract
P-core,2025-08-25,MO2510-P-5800,buy,1,9.4,9.870000000000001,18.0,47.0,target_increase
P-core,2025-08-27,MO2510-P-5800,buy,1,9.8,10.290000000000001,18.0,49.00000000000001,target_increase
P-core,2025-08-28,MO2510-P-5800,buy,1,8.6,9.03,18.0,43.0,target_increase
P-core,2025-09-08,MO2510-P-5800,buy,2,8.2,8.61,36.0,82.0,target_increase
P-core,2025-09-12,MO2510-P-5800,buy,2,5.6,5.88,36.0,55.99999999999999,target_increase
P-core,2025-09-15,MO2510-P-5800,buy,2,7.2,7.5600000000000005,36.0,72.00000000000001,target_increase
P-core,2025-09-22,MO2510-P-5800,buy,4,2.4,2.6,72.0,80.0,target_increase
P-core,2025-09-23,MO2510-P-5800,sell,31,3.0,2.8,558.0,620.0,contract_switch
P-core,2025-09-23,MO2511-P-6300,buy,13,52.4,55.019999999999996,234.0,3406.0,new_contract
P-core,2025-09-25,MO2511-P-6300,buy,3,30.6,32.13,54.0,459.00000000000006,target_increase
P-core,2025-10-10,MO2511-P-6300,buy,6,10.8,11.34,108.0,324.0,target_increase
P-core,2025-10-23,MO2511-P-6300,sell,22,6.6,6.27,396.0,726.0000000000001,contract_switch
P-core,2025-10-23,MO2512-P-4900,buy,28,4.8,5.04,504.0,672.0,new_contract
P-core,2025-10-24,MO2512-P-4900,buy,1,4.2,4.41,18.0,21.000000000000004,target_increase
P-core,2025-10-27,MO2512-P-4900,buy,3,3.2,3.4000000000000004,54.0,60.00000000000001,target_increase
P-core,2025-11-03,MO2512-P-4900,buy,2,3.2,3.4000000000000004,36.0,40.0,target_increase
P-core,2025-11-04,MO2512-P-4900,buy,3,3.0,3.2,54.0,60.00000000000001,target_increase
P-core,2025-11-10,MO2512-P-4900,buy,4,1.8,2.0,72.0,80.0,target_increase
P-core,2025-11-17,MO2512-P-4900,buy,1,1.6,1.8,18.0,20.0,target_increase
P-core,2025-11-18,MO2512-P-4900,buy,4,1.4,1.5999999999999999,72.0,80.0,target_increase
P-core,2025-11-19,MO2512-P-4900,buy,4,1.2,1.4,72.0,80.0,target_increase
P-core,2025-11-20,MO2512-P-4900,sell,50,1.4,1.2,900.0,1000.0,contract_switch
P-core,2025-11-20,MO2601-P-6400,buy,14,33.4,35.07,252.0,2338.0,new_contract
P-core,2025-11-21,MO2601-P-6400,buy,1,64.8,68.03999999999999,18.0,324.0,target_increase
P-core,2025-11-25,MO2601-P-6400,sell,15,37.0,35.15,270.0,2775.0,contract_switch
P-core,2025-11-25,MO2601-P-6300,buy,12,27.2,28.56,216.0,1632.0,new_contract
P-core,2025-11-26,MO2601-P-6300,buy,4,23.0,24.15,72.0,460.00000000000006,target_increase
P-core,2025-11-27,MO2601-P-6300,buy,1,20.4,21.419999999999998,18.0,102.0,target_increase
P-core,2025-12-04,MO2601-P-6300,buy,1,11.0,11.55,18.0,55.00000000000001,target_increase
P-core,2025-12-05,MO2601-P-6300,buy,1,9.0,9.45,18.0,45.0,target_increase
P-core,2025-12-08,MO2601-P-6300,buy,3,6.8,7.14,54.0,102.0,target_increase
P-core,2025-12-16,MO2601-P-6300,buy,1,8.4,8.82,18.0,42.00000000000001,target_increase
P-core,2025-12-18,MO2601-P-6300,sell,23,7.0,6.65,414.0,805.0000000000001,contract_switch
P-core,2025-12-18,MO2602-P-6300,buy,15,24.0,25.2,270.0,1800.0000000000005,new_contract
P-core,2025-12-22,MO2602-P-6300,buy,3,14.0,14.7,54.0,210.0,target_increase
P-core,2025-12-25,MO2602-P-6300,buy,1,7.4,7.7700000000000005,18.0,37.00000000000001,target_increase
P-core,2025-12-29,MO2602-P-6300,buy,3,8.8,9.24,54.0,132.00000000000003,target_increase
P-core,2026-01-08,MO2602-P-6300,buy,3,3.4,3.6,54.0,60.00000000000001,target_increase
P-core,2026-01-12,MO2602-P-6300,buy,5,3.8,4.0,90.0,100.0,target_increase
P-core,2026-01-16,MO2602-P-6300,buy,3,2.6,2.8000000000000003,54.0,60.00000000000001,target_increase
P-core,2026-01-19,MO2602-P-6300,buy,3,2.0,2.2,54.0,60.00000000000001,target_increase
P-core,2026-01-20,MO2602-P-6300,sell,36,2.6,2.4,648.0,720.0,contract_switch
P-core,2026-01-20,MO2603-P-4900,buy,37,2.2,2.4000000000000004,666.0,740.0,new_contract
P-core,2026-01-21,MO2603-P-4900,buy,5,2.2,2.4000000000000004,90.0,100.0,target_increase
P-core,2026-01-22,MO2603-P-4900,buy,8,2.0,2.2,144.0,160.0,target_increase
P-core,2026-02-10,MO2603-P-4900,buy,5,2.2,2.4000000000000004,90.0,100.0,target_increase
P-core,2026-02-12,MO2603-P-4900,buy,2,2.0,2.2,36.0,40.0,target_increase
P-core,2026-02-13,MO2603-P-4900,buy,2,2.8,3.0,36.0,40.0,target_increase
P-core,2026-02-25,MO2603-P-4900,sell,59,1.0,0.8,1062.0,1180.0,contract_switch
P-core,2026-02-25,MO2604-P-7100,buy,17,21.4,22.47,306.0,1819.0000000000002,new_contract
P-core,2026-02-26,MO2604-P-7100,buy,3,17.4,18.27,54.0,261.0,target_increase
P-core,2026-03-19,MO2604-P-7100,sell,20,40.6,38.57,360.0,4060.000000000001,contract_switch
P-core,2026-03-19,MO2605-P-7200,buy,13,114.8,120.53999999999999,234.0,7462.0,new_contract
P-core,2026-03-23,MO2605-P-7200,sell,13,341.8,324.71000000000004,234.0,22217.0,contract_switch
P-core,2026-03-23,MO2605-P-7100,buy,11,308.2,323.61,198.0,16951.0,new_contract
P-core,2026-03-24,MO2605-P-7100,sell,11,166.4,158.08,198.0,9152.000000000002,contract_switch
P-core,2026-03-24,MO2605-P-7000,buy,11,142.2,149.31,198.0,7820.999999999999,new_contract
P-core,2026-03-25,MO2605-P-7000,sell,11,101.4,96.33000000000001,198.0,5577.0,contract_switch
P-core,2026-03-25,MO2605-P-6600,buy,14,51.0,53.55,252.0,3570.0000000000005,new_contract
P-core,2026-03-27,MO2605-P-6600,buy,2,55.6,58.38,36.0,556.0,target_increase
P-core,2026-03-30,MO2605-P-6600,buy,2,57.6,60.480000000000004,36.0,576.0000000000001,target_increase
P-core,2026-04-09,MO2605-P-6600,buy,2,17.6,18.48,36.0,176.00000000000003,target_increase
P-core,2026-04-10,MO2605-P-6600,buy,2,16.8,17.64,36.0,168.00000000000003,target_increase
P-core,2026-04-13,MO2605-P-6600,buy,1,18.8,19.740000000000002,18.0,94.0,target_increase
P-core,2026-04-14,MO2605-P-6600,buy,1,14.0,14.7,18.0,70.0,target_increase
P-core,2026-04-15,MO2605-P-6600,buy,3,12.6,13.23,54.0,189.0,target_increase
P-core,2026-04-17,MO2605-P-6600,buy,3,6.8,7.14,54.0,102.0,target_increase
P-core,2026-04-20,MO2605-P-6600,buy,2,5.6,5.88,36.0,55.99999999999999,target_increase
P-core,2026-04-21,MO2605-P-6600,sell,32,3.6,3.4,576.0,640.0,contract_switch
P-core,2026-04-21,MO2606-P-5200,buy,30,5.8,6.09,540.0,869.9999999999999,new_contract
P-core,2026-04-22,MO2606-P-5200,buy,1,4.6,4.83,18.0,23.0,target_increase
P-core,2026-04-23,MO2606-P-5200,buy,3,4.4,4.62,54.0,66.00000000000001,target_increase
P-core,2026-04-27,MO2606-P-5200,buy,1,4.0,4.2,18.0,20.0,target_increase
P-core,2026-04-28,MO2606-P-5200,buy,3,3.6,3.8000000000000003,54.0,60.00000000000001,target_increase
P-core,2026-04-30,MO2606-P-5200,buy,4,2.8,3.0,72.0,80.0,target_increase
P-core,2026-05-07,MO2606-P-5200,buy,1,2.6,2.8000000000000003,18.0,20.0,target_increase
P-core,2026-05-08,MO2606-P-5200,buy,3,2.4,2.6,54.0,60.00000000000001,target_increase
P-core,2026-05-19,MO2606-P-5200,buy,5,1.6,1.8,90.0,100.0,target_increase
P-core,2026-05-20,MO2606-P-5200,buy,1,1.4,1.5999999999999999,18.0,20.0,target_increase
P-core,2026-05-21,MO2606-P-5200,sell,52,1.4,1.2,936.0,1040.0,contract_switch
P-core,2026-05-21,MO2607-P-7400,buy,15,67.8,71.19,270.0,5085.0,new_contract
P-core,2026-06-10,MO2607-P-7400,sell,15,75.4,71.63000000000001,270.0,5655.0,contract_switch
P-core,2026-06-10,MO2607-P-7200,buy,15,48.8,51.239999999999995,270.0,3660.0,new_contract
P-core,2026-06-15,MO2607-P-7200,buy,1,15.4,16.17,18.0,77.0,target_increase
P-core,2026-06-16,MO2607-P-7200,buy,2,14.8,15.540000000000001,36.0,148.00000000000003,target_increase
P-core,2026-06-17,MO2607-P-7200,buy,2,11.8,12.39,36.0,118.00000000000001,target_increase
P-core,2026-06-22,MO2607-P-7200,buy,1,5.2,5.46,18.0,26.0,target_increase
P-core,2026-06-23,MO2607-P-7200,sell,21,6.4,6.08,378.0,672.0000000000001,contract_switch
P-core,2026-06-23,MO2608-P-7200,buy,14,43.4,45.57,252.0,3038.0,new_contract
P-core,2026-06-25,MO2608-P-7200,buy,1,32.8,34.44,18.0,164.0,target_increase
P-core,2026-06-26,MO2608-P-7200,buy,1,43.0,45.15,18.0,215.0,target_increase
P-core,2026-07-06,MO2608-P-7200,buy,1,27.2,28.56,18.0,136.0,target_increase
P-core,2026-07-15,MO2608-P-7200,sell,17,93.8,89.11,306.0,7973.0,contract_switch
P-core,2026-07-15,MO2608-P-7000,buy,15,56.6,59.43,270.0,4245.0,new_contract
P-core,2026-07-20,MO2608-P-7000,sell,15,412.8,392.16,270.0,30960.000000000004,contract_switch
P-core,2026-07-20,MO2608-P-6800,buy,9,309.0,324.45,162.0,13905.000000000002,new_contract
P-core,2026-07-21,MO2608-P-6800,sell,9,146.0,138.7,162.0,6570.0,contract_switch
P-core,2026-07-21,MO2608-P-6400,buy,9,66.4,69.72,162.0,2988.0000000000005,new_contract
P-core,2026-07-22,MO2608-P-6400,sell,9,66.0,62.7,162.0,2970.0000000000005,contract_switch
P-core,2026-07-22,MO2608-P-6200,buy,15,41.0,43.05,270.0,3075.0000000000005,new_contract
P-core,2026-07-23,MO2608-P-6200,sell,15,21.2,20.14,270.0,1590.0,contract_switch
P-core,2026-07-23,MO2609-P-6200,buy,12,66.0,69.3,216.0,3960.0,new_contract
P-core,2026-07-24,MO2609-P-6200,buy,1,106.8,112.14,18.0,534.0,target_increase
P-core,2026-07-28,MO2609-P-6200,buy,2,102.6,107.72999999999999,36.0,1026.0,target_increase
P-core,2026-08-06,MO2609-P-6200,buy,3,32.2,33.81,54.0,483.0000000000001,target_increase
P-core,2026-08-07,MO2609-P-6200,buy,1,21.8,22.89,18.0,109.00000000000001,target_increase
P-core,2026-08-10,MO2609-P-6200,buy,1,18.4,19.32,18.0,92.0,target_increase
P-core,2026-08-11,MO2609-P-6200,buy,1,18.2,19.11,18.0,91.0,target_increase
P-core,2026-08-13,MO2609-P-6200,buy,1,16.6,17.43,18.0,83.0,target_increase
P-core,2026-08-14,MO2609-P-6200,buy,1,12.6,13.23,18.0,63.0,target_increase
P25,2022-07-25,MO2209-P-6300,buy,4,79.4,83.37,72.0,1588.0000000000002,new_contract
P25,2022-07-27,MO2209-P-6300,sell,4,45.4,43.129999999999995,72.0,908.0,contract_switch
P25,2022-07-27,MO2209-P-6200,buy,4,36.4,38.22,72.0,728.0,new_contract
P25,2022-08-08,MO2209-P-6200,buy,1,29.2,30.66,18.0,146.0,target_increase
P25,2022-08-15,MO2209-P-6200,buy,1,12.0,12.6,18.0,60.00000000000001,target_increase
P25,2022-08-17,MO2209-P-6200,buy,1,7.2,7.5600000000000005,18.0,36.00000000000001,target_increase
P25,2022-08-23,MO2209-P-6200,sell,7,5.6,5.319999999999999,126.0,195.99999999999997,contract_switch
P25,2022-08-23,MO2210-P-6200,buy,5,26.0,27.3,90.0,650.0,new_contract
P25,2022-09-02,MO2210-P-6200,sell,5,65.6,62.31999999999999,90.0,1639.9999999999998,contract_switch
P25,2022-09-02,MO2210-P-6000,buy,4,41.4,43.47,72.0,827.9999999999999,new_contract
P25,2022-09-07,MO2210-P-6000,buy,1,16.0,16.8,18.0,80.0,target_increase
P25,2022-09-19,MO2210-P-6000,sell,5,67.6,64.22,90.0,1689.9999999999998,contract_switch
P25,2022-09-19,MO2210-P-5900,buy,4,48.6,51.03,72.0,972.0000000000001,new_contract
P25,2022-09-20,MO2210-P-5900,sell,4,35.8,34.01,72.0,716.0,contract_switch
P25,2022-09-20,MO2210-P-5800,buy,4,25.0,26.25,72.0,500.0,new_contract
P25,2022-09-21,MO2210-P-5800,sell,4,23.6,22.42,72.0,472.00000000000006,contract_switch
P25,2022-09-21,MO2210-P-5700,buy,4,17.6,18.48,72.0,352.00000000000006,new_contract
P25,2022-09-22,MO2210-P-5700,sell,4,14.6,13.87,72.0,292.0,contract_switch
P25,2022-09-22,MO2211-P-5700,buy,3,54.0,56.7,54.0,810.0000000000001,new_contract
P25,2022-09-23,MO2211-P-5700,buy,1,64.8,68.03999999999999,18.0,324.0,target_increase
P25,2022-09-28,MO2211-P-5700,sell,4,74.8,71.06,72.0,1496.0,contract_switch
P25,2022-09-28,MO2211-P-5600,buy,6,58.6,61.53,108.0,1758.0000000000002,new_contract
P25,2022-09-30,MO2211-P-5600,sell,6,72.8,69.16,108.0,2184.0,contract_switch
P25,2022-09-30,MO2211-P-5500,buy,6,58.0,60.9,108.0,1740.0000000000002,new_contract
P25,2022-10-12,MO2211-P-5500,sell,6,36.4,34.58,108.0,1092.0,contract_switch
P25,2022-10-12,MO2211-P-5300,buy,6,20.0,21.0,108.0,600.0,new_contract
P25,2022-10-13,MO2211-P-5300,buy,1,11.6,12.18,18.0,57.99999999999999,target_increase
P25,2022-10-17,MO2211-P-5300,buy,2,5.6,5.88,36.0,55.99999999999999,target_increase
P25,2022-10-19,MO2211-P-5300,buy,1,6.4,6.720000000000001,18.0,32.00000000000001,target_increase
P25,2022-10-20,MO2211-P-5300,sell,10,5.8,5.51,180.0,290.0,contract_switch
P25,2022-10-20,MO2212-P-5300,buy,6,16.8,17.64,108.0,504.0000000000001,new_contract
P25,2022-10-21,MO2212-P-5300,buy,1,22.0,23.1,18.0,110.00000000000001,target_increase
P25,2022-10-27,MO2212-P-5300,buy,1,17.6,18.48,18.0,88.00000000000001,target_increase
P25,2022-11-02,MO2212-P-5300,buy,1,9.6,10.08,18.0,48.0,target_increase
P25,2022-11-07,MO2212-P-5300,buy,2,3.4,3.6,36.0,40.0,target_increase
P25,2022-11-14,MO2212-P-5300,buy,2,3.8,4.0,36.0,40.0,target_increase
P25,2022-11-18,MO2212-P-5300,buy,1,2.4,2.6,18.0,20.0,target_increase
P25,2022-11-22,MO2212-P-5300,sell,14,2.0,1.8,252.0,280.0,contract_switch
P25,2022-11-22,MO2301-P-5600,buy,7,15.6,16.38,126.0,546.0,new_contract
P25,2022-12-02,MO2301-P-5600,buy,1,6.6,6.93,18.0,33.0,target_increase
P25,2022-12-06,MO2301-P-5600,buy,1,5.8,6.09,18.0,28.999999999999996,target_increase
P25,2022-12-14,MO2301-P-5600,buy,1,4.8,5.04,18.0,24.0,target_increase
P25,2022-12-19,MO2301-P-5600,buy,3,6.8,7.14,54.0,102.0,target_increase
P25,2022-12-22,MO2301-P-5600,sell,13,12.0,11.4,234.0,780.0000000000001,contract_switch
P25,2022-12-22,MO2302-P-5700,buy,6,31.0,32.55,108.0,930.0000000000001,new_contract
P25,2022-12-23,MO2302-P-5700,sell,6,42.6,40.47,108.0,1278.0,contract_switch
P25,2022-12-23,MO2302-P-5600,buy,6,31.6,33.18,108.0,948.0,new_contract
P25,2022-12-26,MO2302-P-5600,sell,6,16.4,15.579999999999998,108.0,492.0,contract_switch
P25,2022-12-26,MO2302-P-5500,buy,6,11.6,12.18,108.0,347.99999999999994,new_contract
P25,2022-12-27,MO2302-P-5500,buy,1,9.6,10.08,18.0,48.0,target_increase
P25,2022-12-28,MO2302-P-5500,buy,2,10.4,10.92,36.0,104.0,target_increase
P25,2023-01-04,MO2302-P-5500,buy,1,4.8,5.04,18.0,24.0,target_increase
P25,2023-01-09,MO2302-P-5500,buy,1,4.2,4.41,18.0,21.000000000000004,target_increase
P25,2023-01-10,MO2302-P-5500,buy,1,4.4,4.62,18.0,22.000000000000004,target_increase
P25,2023-01-16,MO2302-P-5500,buy,1,2.4,2.6,18.0,20.0,target_increase
P25,2023-01-18,MO2302-P-5500,buy,2,1.6,1.8,36.0,40.0,target_increase
P25,2023-01-19,MO2302-P-5500,sell,15,1.6,1.4000000000000001,270.0,300.0,contract_switch
P25,2023-01-19,MO2303-P-5200,buy,14,3.8,4.0,252.0,280.0,new_contract
P25,2023-01-30,MO2303-P-5200,buy,3,2.0,2.2,54.0,60.00000000000001,target_increase
P25,2023-02-10,MO2303-P-5200,buy,2,1.2,1.4,36.0,40.0,target_increase
P25,2023-02-17,MO2303-P-5200,buy,1,1.0,1.2,18.0,20.0,target_increase
P25,2023-02-21,MO2303-P-5200,sell,20,0.8,0.6000000000000001,360.0,400.0,contract_switch
P25,2023-02-21,MO2304-P-6000,buy,7,8.4,8.82,126.0,294.00000000000006,new_contract
P25,2023-02-23,MO2304-P-6000,buy,1,8.2,8.61,18.0,41.0,target_increase
P25,2023-02-27,MO2304-P-6000,buy,1,11.6,12.18,18.0,57.99999999999999,target_increase
P25,2023-03-14,MO2304-P-6000,buy,1,10.0,10.5,18.0,50.0,target_increase
P25,2023-03-23,MO2304-P-6000,sell,10,2.8,2.5999999999999996,180.0,200.0,contract_switch
P25,2023-03-23,MO2305-P-6000,buy,9,8.6,9.03,162.0,387.0,new_contract
P25,2023-03-29,MO2305-P-6000,buy,1,6.4,6.720000000000001,18.0,32.00000000000001,target_increase
P25,2023-04-10,MO2305-P-6000,buy,2,2.2,2.4000000000000004,36.0,40.0,target_increase
P25,2023-04-17,MO2305-P-6000,buy,1,1.2,1.4,18.0,20.0,target_increase
P25,2023-04-18,MO2305-P-6000,buy,1,1.0,1.2,18.0,20.0,target_increase
P25,2023-04-20,MO2305-P-6000,sell,14,1.8,1.6,252.0,280.0,contract_switch
P25,2023-04-20,MO2306-P-5200,buy,13,2.0,2.2,234.0,260.0,new_contract
P25,2023-04-21,MO2306-P-5200,buy,1,2.2,2.4000000000000004,18.0,20.0,target_increase
P25,2023-04-25,MO2306-P-5200,buy,1,2.8,3.0,18.0,20.0,target_increase
P25,2023-05-04,MO2306-P-5200,buy,2,1.6,1.8,36.0,40.0,target_increase
P25,2023-05-11,MO2306-P-5200,buy,1,1.4,1.5999999999999999,18.0,20.0,target_increase
P25,2023-05-22,MO2306-P-5200,buy,3,0.8,1.0,54.0,60.00000000000001,target_increase
P25,2023-05-23,MO2306-P-5200,sell,21,0.6,0.39999999999999997,378.0,420.0,contract_switch
P25,2023-05-23,MO2307-P-5800,buy,8,7.8,8.19,144.0,312.0,new_contract
P25,2023-05-29,MO2307-P-5800,buy,2,6.2,6.51,36.0,62.000000000000014,target_increase
P25,2023-06-06,MO2307-P-5800,buy,1,7.8,8.19,18.0,39.0,target_increase
P25,2023-06-12,MO2307-P-5800,sell,11,4.0,3.8,198.0,220.00000000000003,contract_switch
P25,2023-06-12,MO2307-P-5700,buy,10,2.8,3.0,180.0,200.0,new_contract
P25,2023-06-13,MO2307-P-5700,buy,2,2.6,2.8000000000000003,36.0,40.0,target_increase
P25,2023-06-16,MO2307-P-5700,buy,1,1.4,1.5999999999999999,18.0,20.0,target_increase
P25,2023-06-26,MO2307-P-5700,sell,13,2.2,2.0,234.0,260.0,contract_switch
P25,2023-06-26,MO2308-P-5700,buy,11,6.2,6.51,198.0,341.00000000000006,new_contract
P25,2023-07-05,MO2308-P-5700,buy,1,2.2,2.4000000000000004,18.0,20.0,target_increase
P25,2023-07-14,MO2308-P-5700,buy,2,2.0,2.2,36.0,40.0,target_increase
P25,2023-07-20,MO2308-P-5700,sell,14,2.0,1.8,252.0,280.0,contract_switch
P25,2023-07-20,MO2309-P-5200,buy,13,1.8,2.0,234.0,260.0,new_contract
P25,2023-07-26,MO2309-P-5200,buy,1,1.4,1.5999999999999999,18.0,20.0,target_increase
P25,2023-07-28,MO2309-P-5200,buy,1,1.2,1.4,18.0,20.0,target_increase
P25,2023-08-01,MO2309-P-5200,buy,1,1.4,1.5999999999999999,18.0,20.0,target_increase
P25,2023-08-07,MO2309-P-5200,buy,2,1.2,1.4,36.0,40.0,target_increase
P25,2023-08-10,MO2309-P-5200,buy,1,1.0,1.2,18.0,20.0,target_increase
P25,2023-08-18,MO2309-P-5200,buy,2,2.2,2.4000000000000004,36.0,40.0,target_increase
P25,2023-08-22,MO2309-P-5200,sell,21,1.8,1.6,378.0,420.0,contract_switch
P25,2023-08-22,MO2310-P-5500,buy,6,15.2,15.959999999999999,108.0,456.00000000000006,new_contract
P25,2023-08-23,MO2310-P-5500,sell,6,27.0,25.65,108.0,810.0000000000001,contract_switch
P25,2023-08-23,MO2310-P-5400,buy,8,18.2,19.11,144.0,728.0,new_contract
P25,2023-08-25,MO2310-P-5400,sell,8,33.2,31.540000000000003,144.0,1328.0,contract_switch
P25,2023-08-25,MO2310-P-5300,buy,7,23.4,24.57,126.0,819.0,new_contract
P25,2023-08-29,MO2310-P-5300,sell,7,7.8,7.41,126.0,273.0,contract_switch
P25,2023-08-29,MO2310-P-5200,buy,7,5.6,5.88,126.0,195.99999999999997,new_contract
P25,2023-08-30,MO2310-P-5200,buy,2,4.2,4.41,36.0,42.00000000000001,target_increase
P25,2023-08-31,MO2310-P-5200,buy,2,4.2,4.41,36.0,42.00000000000001,target_increase
P25,2023-09-05,MO2310-P-5200,buy,1,2.6,2.8000000000000003,18.0,20.0,target_increase
P25,2023-09-20,MO2310-P-5200,buy,2,2.2,2.4000000000000004,36.0,40.0,target_increase
P25,2023-09-21,MO2310-P-5200,sell,14,3.0,2.8,252.0,280.0,contract_switch
P25,2023-09-21,MO2311-P-5200,buy,8,7.2,7.5600000000000005,144.0,288.00000000000006,new_contract
P25,2023-09-22,MO2311-P-5200,buy,1,4.2,4.41,18.0,21.000000000000004,target_increase
P25,2023-09-26,MO2311-P-5200,buy,1,4.2,4.41,18.0,21.000000000000004,target_increase
P25,2023-09-28,MO2311-P-5200,buy,1,3.2,3.4000000000000004,18.0,20.0,target_increase
P25,2023-10-11,MO2311-P-5200,buy,2,1.8,2.0,36.0,40.0,target_increase
P25,2023-10-17,MO2311-P-5200,buy,1,2.4,2.6,18.0,20.0,target_increase
P25,2023-10-19,MO2311-P-5200,sell,14,6.0,5.7,252.0,420.0000000000001,contract_switch
P25,2023-10-19,MO2312-P-5200,buy,8,11.0,11.55,144.0,440.00000000000006,new_contract
P25,2023-10-24,MO2312-P-5200,sell,8,32.4,30.779999999999998,144.0,1296.0,contract_switch
P25,2023-10-24,MO2312-P-5100,buy,6,23.2,24.36,108.0,695.9999999999999,new_contract
P25,2023-10-25,MO2312-P-5100,sell,6,13.8,13.110000000000001,108.0,414.00000000000006,contract_switch
P25,2023-10-25,MO2312-P-5000,buy,7,9.2,9.66,126.0,322.0,new_contract
P25,2023-10-27,MO2312-P-5000,buy,2,3.6,3.8000000000000003,36.0,40.0,target_increase
P25,2023-10-30,MO2312-P-5000,buy,2,2.8,3.0,36.0,40.0,target_increase
P25,2023-11-07,MO2312-P-5000,buy,2,1.8,2.0,36.0,40.0,target_increase
P25,2023-11-09,MO2312-P-5000,buy,2,1.4,1.5999999999999999,36.0,40.0,target_increase
P25,2023-11-14,MO2312-P-5000,buy,1,1.0,1.2,18.0,20.0,target_increase
P25,2023-11-21,MO2312-P-5000,sell,16,0.6,0.39999999999999997,288.0,320.0,contract_switch
P25,2023-11-21,MO2401-P-5000,buy,9,1.6,1.8,162.0,180.0,new_contract
P25,2023-11-22,MO2401-P-5000,buy,2,2.0,2.2,36.0,40.0,target_increase
P25,2023-11-29,MO2401-P-5000,buy,1,2.0,2.2,18.0,20.0,target_increase
P25,2023-12-14,MO2401-P-5000,buy,1,2.2,2.4000000000000004,18.0,20.0,target_increase
P25,2023-12-22,MO2401-P-5000,sell,13,2.8,2.5999999999999996,234.0,260.0,contract_switch
P25,2023-12-22,MO2402-P-5100,buy,7,14.0,14.7,126.0,490.00000000000006,new_contract
P25,2023-12-28,MO2402-P-5100,sell,7,7.4,7.03,126.0,259.00000000000006,contract_switch
P25,2023-12-28,MO2402-P-5000,buy,7,4.6,4.83,126.0,161.0,new_contract
P25,2023-12-29,MO2402-P-5000,buy,2,3.8,4.0,36.0,40.0,target_increase
P25,2024-01-02,MO2402-P-5000,buy,1,3.8,4.0,18.0,20.0,target_increase
P25,2024-01-10,MO2402-P-5000,sell,10,31.6,30.020000000000003,180.0,1580.0,contract_switch
P25,2024-01-10,MO2402-P-4950,buy,5,26.6,27.93,90.0,665.0,new_contract
P25,2024-01-11,MO2402-P-4950,buy,1,14.6,15.33,18.0,73.0,target_increase
P25,2024-01-12,MO2402-P-4950,buy,1,15.6,16.38,18.0,78.0,target_increase
P25,2024-01-19,MO2402-P-4950,sell,7,52.4,49.78,126.0,1834.0,contract_switch
P25,2024-01-19,MO2403-P-4850,buy,4,72.6,76.22999999999999,72.0,1452.0,new_contract
P25,2024-01-22,MO2403-P-4850,sell,4,328.2,311.78999999999996,72.0,6564.0,contract_switch
P25,2024-01-22,MO2403-P-4800,buy,4,298.2,313.11,72.0,5964.0,new_contract
P25,2024-01-23,MO2403-P-4800,sell,4,153.8,146.11,72.0,3076.0000000000005,contract_switch
P25,2024-01-23,MO2403-P-4750,buy,4,139.4,146.37,72.0,2788.0000000000005,new_contract
P25,2024-01-24,MO2403-P-4750,sell,4,101.2,96.14,72.0,2024.0000000000002,contract_switch
P25,2024-01-24,MO2403-P-4500,buy,5,49.6,52.08,90.0,1240.0000000000002,new_contract
P25,2024-01-25,MO2403-P-4500,buy,2,20.6,21.630000000000003,36.0,206.0,target_increase
P25,2024-01-26,MO2403-P-4500,buy,2,25.0,26.25,36.0,250.0,target_increase
P25,2024-02-01,MO2403-P-4500,sell,9,156.6,148.76999999999998,162.0,7047.0,contract_switch
P25,2024-02-01,MO2403-P-4450,buy,5,134.8,141.54000000000002,90.0,3370.0000000000005,new_contract
P25,2024-02-02,MO2403-P-4450,sell,5,220.8,209.76000000000002,90.0,5520.0,contract_switch
P25,2024-02-02,MO2403-P-4300,buy,5,154.8,162.54000000000002,90.0,3870.0000000000005,new_contract
P25,2024-02-05,MO2403-P-4300,sell,5,434.2,412.49,90.0,10855.000000000002,contract_switch
P25,2024-02-05,MO2403-P-4250,buy,5,405.4,425.66999999999996,90.0,10135.0,new_contract
P25,2024-02-06,MO2403-P-4250,sell,5,131.6,125.02,90.0,3290.0,contract_switch
P25,2024-02-06,MO2403-P-4100,buy,4,93.0,97.65,72.0,1860.0000000000002,new_contract
P25,2024-02-07,MO2403-P-4100,sell,4,48.2,45.790000000000006,72.0,964.0,contract_switch
P25,2024-02-07,MO2403-P-3850,buy,7,24.6,25.830000000000002,126.0,861.0000000000001,new_contract
P25,2024-02-08,MO2403-P-3850,buy,2,8.0,8.4,36.0,80.0,target_increase
P25,2024-02-20,MO2403-P-3850,sell,9,2.6,2.4,162.0,180.0,contract_switch
P25,2024-02-20,MO2404-P-3850,buy,9,9.4,9.870000000000001,162.0,423.00000000000006,new_contract
P25,2024-02-21,MO2404-P-3850,buy,1,9.8,10.290000000000001,18.0,49.00000000000001,target_increase
P25,2024-02-26,MO2404-P-3850,buy,2,4.8,5.04,36.0,48.0,target_increase
P25,2024-03-01,MO2404-P-3850,buy,1,2.8,3.0,18.0,20.0,target_increase
P25,2024-03-12,MO2404-P-3850,buy,2,1.2,1.4,36.0,40.0,target_increase
P25,2024-03-13,MO2404-P-3850,buy,1,1.0,1.2,18.0,20.0,target_increase
P25,2024-03-14,MO2404-P-3850,buy,3,1.0,1.2,54.0,60.00000000000001,target_increase
P25,2024-03-19,MO2404-P-3850,buy,6,0.8,1.0,108.0,120.00000000000001,target_increase
P25,2024-03-21,MO2404-P-3850,sell,25,0.8,0.6000000000000001,450.0,500.0,contract_switch
P25,2024-03-21,MO2405-P-4500,buy,9,5.6,5.88,162.0,251.99999999999994,new_contract
P25,2024-03-22,MO2405-P-4500,buy,1,7.4,7.7700000000000005,18.0,37.00000000000001,target_increase
P25,2024-04-03,MO2405-P-4500,buy,1,9.4,9.870000000000001,18.0,47.0,target_increase
P25,2024-04-23,MO2405-P-4500,sell,11,9.6,9.12,198.0,527.9999999999999,contract_switch
P25,2024-04-23,MO2406-P-3800,buy,12,7.6,7.9799999999999995,216.0,456.00000000000006,new_contract
P25,2024-04-26,MO2406-P-3800,buy,1,1.8,2.0,18.0,20.0,target_increase
P25,2024-04-29,MO2406-P-3800,buy,2,1.8,2.0,36.0,40.0,target_increase
P25,2024-04-30,MO2406-P-3800,buy,2,1.6,1.8,36.0,40.0,target_increase
P25,2024-05-07,MO2406-P-3800,buy,1,1.8,2.0,18.0,20.0,target_increase
P25,2024-05-08,MO2406-P-3800,buy,1,1.6,1.8,18.0,20.0,target_increase
P25,2024-05-21,MO2406-P-3800,buy,1,0.8,1.0,18.0,20.0,target_increase
P25,2024-05-22,MO2406-P-3800,buy,3,0.8,1.0,54.0,60.00000000000001,target_increase
P25,2024-05-23,MO2406-P-3800,sell,23,0.8,0.6000000000000001,414.0,460.00000000000006,contract_switch
P25,2024-05-23,MO2407-P-4650,buy,9,22.2,23.31,162.0,999.0,new_contract
P25,2024-06-11,MO2407-P-4650,sell,9,25.8,24.51,162.0,1161.0,contract_switch
P25,2024-06-11,MO2407-P-4600,buy,6,20.0,21.0,108.0,600.0,new_contract
P25,2024-06-12,MO2407-P-4600,buy,1,19.0,19.95,18.0,95.0,target_increase
P25,2024-06-13,MO2407-P-4600,buy,1,17.2,18.06,18.0,86.0,target_increase
P25,2024-06-19,MO2407-P-4600,buy,2,8.4,8.82,36.0,84.00000000000001,target_increase
P25,2024-06-20,MO2407-P-4600,sell,10,17.2,16.34,180.0,860.0,contract_switch
P25,2024-06-20,MO2408-P-4600,buy,6,49.2,51.660000000000004,108.0,1476.0000000000002,new_contract
P25,2024-06-24,MO2408-P-4600,sell,6,97.0,92.15,108.0,2910.0,contract_switch
P25,2024-06-24,MO2408-P-4550,buy,5,79.6,83.58,90.0,1989.9999999999998,new_contract
P25,2024-06-25,MO2408-P-4550,sell,5,92.8,88.16,90.0,2320.0,contract_switch
P25,2024-06-25,MO2408-P-4500,buy,5,79.2,83.16,90.0,1980.0,new_contract
P25,2024-06-26,MO2408-P-4500,sell,5,39.8,37.809999999999995,90.0,994.9999999999999,contract_switch
P25,2024-06-26,MO2408-P-4350,buy,6,22.0,23.1,108.0,660.0,new_contract
P25,2024-06-27,MO2408-P-4350,buy,1,37.4,39.269999999999996,18.0,187.0,target_increase
P25,2024-07-08,MO2408-P-4350,sell,7,53.0,50.35,126.0,1855.0000000000005,contract_switch
P25,2024-07-08,MO2408-P-4250,buy,8,33.0,34.65,144.0,1320.0,new_contract
P25,2024-07-10,MO2408-P-4250,sell,8,23.8,22.61,144.0,952.0000000000001,contract_switch
P25,2024-07-10,MO2408-P-4200,buy,7,18.0,18.9,126.0,630.0,new_contract
P25,2024-07-12,MO2408-P-4200,buy,2,9.8,10.290000000000001,36.0,98.00000000000001,target_increase
P25,2024-07-23,MO2408-P-4200,sell,9,12.6,11.969999999999999,162.0,567.0,contract_switch
P25,2024-07-23,MO2409-P-3800,buy,9,9.2,9.66,162.0,413.99999999999994,new_contract
P25,2024-08-01,MO2409-P-3800,buy,3,2.6,2.8000000000000003,54.0,60.00000000000001,target_increase
P25,2024-08-19,MO2409-P-3800,buy,1,2.0,2.2,18.0,20.0,target_increase
P25,2024-08-20,MO2409-P-3800,buy,2,3.0,3.2,36.0,40.0,target_increase
P25,2024-08-22,MO2409-P-3800,sell,15,3.2,3.0,270.0,300.0,contract_switch
P25,2024-08-22,MO2410-P-4100,buy,6,35.0,36.75,108.0,1050.0,new_contract
P25,2024-08-23,MO2410-P-4100,sell,6,30.4,28.88,108.0,912.0000000000001,contract_switch
P25,2024-08-23,MO2410-P-4050,buy,6,21.8,22.89,108.0,654.0000000000001,new_contract
P25,2024-08-26,MO2410-P-4050,sell,6,20.0,19.0,108.0,600.0,contract_switch
P25,2024-08-26,MO2410-P-4000,buy,7,15.0,15.75,126.0,525.0,new_contract
P25,2024-09-02,MO2410-P-4000,buy,1,11.0,11.55,18.0,55.00000000000001,target_increase
P25,2024-09-04,MO2410-P-4000,buy,1,9.0,9.45,18.0,45.0,target_increase
P25,2024-09-19,MO2410-P-4000,sell,9,5.2,4.94,162.0,234.0,contract_switch
P25,2024-09-19,MO2411-P-3950,buy,6,23.0,24.15,108.0,690.0,new_contract
P25,2024-09-23,MO2411-P-3950,buy,1,17.6,18.48,18.0,88.00000000000001,target_increase
P25,2024-09-25,MO2411-P-3950,buy,2,3.6,3.8000000000000003,36.0,40.0,target_increase
P25,2024-09-27,MO2411-P-3950,buy,3,1.4,1.5999999999999999,54.0,60.00000000000001,target_increase
P25,2024-09-30,MO2411-P-3950,buy,3,2.8,3.0,54.0,60.00000000000001,target_increase
P25,2024-10-22,MO2411-P-3950,sell,15,1.2,1.0,270.0,300.0,contract_switch
P25,2024-10-22,MO2412-P-3800,buy,8,2.8,3.0,144.0,160.0,new_contract
P25,2024-10-23,MO2412-P-3800,buy,1,2.4,2.6,18.0,20.0,target_increase
P25,2024-10-28,MO2412-P-3800,buy,1,2.0,2.2,18.0,20.0,target_increase
P25,2024-10-31,MO2412-P-3800,buy,1,2.0,2.2,18.0,20.0,target_increase
P25,2024-11-08,MO2412-P-3800,buy,2,3.0,3.2,36.0,40.0,target_increase
P25,2024-11-11,MO2412-P-3800,buy,1,2.4,2.6,18.0,20.0,target_increase
P25,2024-11-13,MO2412-P-3800,buy,1,2.0,2.2,18.0,20.0,target_increase
P25,2024-11-18,MO2412-P-3800,buy,2,1.2,1.4,36.0,40.0,target_increase
P25,2024-11-21,MO2412-P-3800,sell,17,0.6,0.39999999999999997,306.0,340.00000000000006,contract_switch
P25,2024-11-21,MO2501-P-5100,buy,6,30.8,32.34,108.0,924.0,new_contract
P25,2024-12-03,MO2501-P-5100,buy,1,15.0,15.75,18.0,75.0,target_increase
P25,2024-12-09,MO2501-P-5100,buy,1,10.4,10.92,18.0,52.0,target_increase
P25,2024-12-12,MO2501-P-5100,buy,2,6.2,6.51,36.0,62.000000000000014,target_increase
P25,2024-12-24,MO2501-P-5100,sell,10,2.8,2.5999999999999996,180.0,200.0,contract_switch
P25,2024-12-24,MO2502-P-5300,buy,5,38.8,40.739999999999995,90.0,969.9999999999999,new_contract
P25,2024-12-31,MO2502-P-5300,buy,1,44.2,46.410000000000004,18.0,221.00000000000003,target_increase
P25,2025-01-06,MO2502-P-5300,sell,6,133.4,126.73,108.0,4002.0000000000005,contract_switch
P25,2025-01-06,MO2502-P-5200,buy,4,103.2,108.36,72.0,2064.0,new_contract
P25,2025-01-07,MO2502-P-5200,sell,4,70.6,67.07,72.0,1412.0,contract_switch
P25,2025-01-07,MO2502-P-5000,buy,5,36.2,38.010000000000005,90.0,905.0000000000001,new_contract
P25,2025-01-13,MO2502-P-5000,buy,1,52.8,55.44,18.0,264.0,target_increase
P25,2025-01-14,MO2502-P-5000,sell,6,23.8,22.61,108.0,714.0,contract_switch
P25,2025-01-14,MO2502-P-4950,buy,5,18.2,19.11,90.0,455.0,new_contract
P25,2025-01-15,MO2502-P-4950,buy,1,18.4,19.32,18.0,92.0,target_increase
P25,2025-01-20,MO2502-P-4950,buy,1,8.8,9.24,18.0,44.00000000000001,target_increase
P25,2025-01-22,MO2502-P-4950,buy,1,7.0,7.35,18.0,35.0,target_increase
P25,2025-01-23,MO2502-P-4950,sell,8,6.6,6.27,144.0,264.0,contract_switch
P25,2025-01-23,MO2503-P-3900,buy,10,2.8,3.0,180.0,200.0,new_contract
P25,2025-01-24,MO2503-P-3900,buy,1,2.6,2.8000000000000003,18.0,20.0,target_increase
P25,2025-01-27,MO2503-P-3900,buy,2,3.0,3.2,36.0,40.0,target_increase
P25,2025-02-07,MO2503-P-3900,buy,3,1.6,1.8,54.0,60.00000000000001,target_increase
P25,2025-02-14,MO2503-P-3900,buy,1,1.6,1.8,18.0,20.0,target_increase
P25,2025-02-17,MO2503-P-3900,buy,3,1.4,1.5999999999999999,54.0,60.00000000000001,target_increase
P25,2025-02-19,MO2503-P-3900,buy,1,1.2,1.4,18.0,20.0,target_increase
P25,2025-02-20,MO2503-P-3900,sell,21,1.2,1.0,378.0,420.0,contract_switch
P25,2025-02-20,MO2504-P-5200,buy,7,13.0,13.65,126.0,455.0,new_contract
P25,2025-02-24,MO2504-P-5200,buy,1,8.2,8.61,18.0,41.0,target_increase
P25,2025-03-07,MO2504-P-5200,buy,1,5.0,5.25,18.0,25.0,target_increase
P25,2025-03-20,MO2504-P-5200,sell,9,2.8,2.5999999999999996,162.0,180.0,contract_switch
P25,2025-03-20,MO2505-P-5600,buy,4,25.0,26.25,72.0,500.0,new_contract
P25,2025-04-08,MO2505-P-5600,sell,4,366.6,348.27000000000004,72.0,7332.000000000001,contract_switch
P25,2025-04-09,MO2505-P-4900,buy,5,64.4,67.62,90.0,1610.0000000000002,new_contract
P25,2025-04-11,MO2505-P-4900,buy,1,20.4,21.419999999999998,18.0,102.0,target_increase
P25,2025-04-15,MO2505-P-4900,buy,2,11.6,12.18,36.0,115.99999999999999,target_increase
P25,2025-04-22,MO2505-P-4900,sell,8,5.6,5.319999999999999,144.0,223.99999999999997,contract_switch
P25,2025-04-22,MO2506-P-3900,buy,9,5.8,6.09,162.0,261.0,new_contract
P25,2025-04-23,MO2506-P-3900,buy,3,4.6,4.83,54.0,69.0,target_increase
P25,2025-05-07,MO2506-P-3900,buy,2,2.6,2.8000000000000003,36.0,40.0,target_increase
P25,2025-05-20,MO2506-P-3900,buy,2,1.2,1.4,36.0,40.0,target_increase
P25,2025-05-21,MO2506-P-3900,buy,3,1.0,1.2,54.0,60.00000000000001,target_increase
P25,2025-05-22,MO2506-P-3900,sell,19,1.4,1.2,342.0,380.0,contract_switch
P25,2025-05-22,MO2507-P-5200,buy,6,35.2,36.96,108.0,1056.0000000000002,new_contract
P25,2025-06-05,MO2507-P-5200,buy,1,14.0,14.7,18.0,70.0,target_increase
P25,2025-06-10,MO2507-P-5200,buy,1,12.4,13.02,18.0,62.000000000000014,target_increase
P25,2025-06-17,MO2507-P-5200,buy,1,9.4,9.870000000000001,18.0,47.0,target_increase
P25,2025-06-18,MO2507-P-5200,buy,1,9.6,10.08,18.0,48.0,target_increase
P25,2025-06-19,MO2507-P-5200,sell,10,11.6,11.02,180.0,580.0,contract_switch
P25,2025-06-19,MO2508-P-5300,buy,6,39.4,41.37,108.0,1182.0,new_contract
P25,2025-06-26,MO2508-P-5300,buy,1,11.6,12.18,18.0,57.99999999999999,target_increase
P25,2025-07-16,MO2508-P-5300,buy,1,4.0,4.2,18.0,20.0,target_increase
P25,2025-07-18,MO2508-P-5300,buy,1,3.0,3.2,18.0,20.0,target_increase
P25,2025-07-22,MO2508-P-5300,sell,9,2.4,2.1999999999999997,162.0,180.0,contract_switch
P25,2025-07-22,MO2509-P-4000,buy,10,4.0,4.2,180.0,200.0,new_contract
P25,2025-07-23,MO2509-P-4000,buy,1,4.4,4.62,18.0,22.000000000000004,target_increase
P25,2025-08-05,MO2509-P-4000,buy,3,2.8,3.0,54.0,60.00000000000001,target_increase
P25,2025-08-11,MO2509-P-4000,buy,1,2.6,2.8000000000000003,18.0,20.0,target_increase
P25,2025-08-12,MO2509-P-4000,buy,1,2.2,2.4000000000000004,18.0,20.0,target_increase
P25,2025-08-21,MO2509-P-4000,sell,16,1.2,1.0,288.0,320.0,contract_switch
P25,2025-08-21,MO2510-P-5800,buy,5,10.2,10.709999999999999,90.0,254.99999999999997,new_contract
P25,2025-08-28,MO2510-P-5800,buy,1,8.6,9.03,18.0,43.0,target_increase
P25,2025-09-12,MO2510-P-5800,buy,1,5.6,5.88,18.0,27.999999999999996,target_increase
P25,2025-09-22,MO2510-P-5800,buy,1,2.4,2.6,18.0,20.0,target_increase
P25,2025-09-23,MO2510-P-5800,sell,8,3.0,2.8,144.0,160.0,contract_switch
P25,2025-09-23,MO2511-P-6300,buy,4,52.4,55.019999999999996,72.0,1048.0,new_contract
P25,2025-10-10,MO2511-P-6300,buy,2,10.8,11.34,36.0,108.0,target_increase
P25,2025-10-23,MO2511-P-6300,sell,6,6.6,6.27,108.0,198.0,contract_switch
P25,2025-10-23,MO2512-P-4900,buy,7,4.8,5.04,126.0,168.0,new_contract
P25,2025-10-24,MO2512-P-4900,buy,1,4.2,4.41,18.0,21.000000000000004,target_increase
P25,2025-11-03,MO2512-P-4900,buy,1,3.2,3.4000000000000004,18.0,20.0,target_increase
P25,2025-11-04,MO2512-P-4900,buy,1,3.0,3.2,18.0,20.0,target_increase
P25,2025-11-10,MO2512-P-4900,buy,1,1.8,2.0,18.0,20.0,target_increase
P25,2025-11-18,MO2512-P-4900,buy,1,1.4,1.5999999999999999,18.0,20.0,target_increase
P25,2025-11-19,MO2512-P-4900,buy,1,1.2,1.4,18.0,20.0,target_increase
P25,2025-11-20,MO2512-P-4900,sell,13,1.4,1.2,234.0,260.0,contract_switch
P25,2025-11-20,MO2601-P-6400,buy,4,33.4,35.07,72.0,668.0,new_contract
P25,2025-11-25,MO2601-P-6400,sell,4,37.0,35.15,72.0,740.0,contract_switch
P25,2025-11-25,MO2601-P-6300,buy,3,27.2,28.56,54.0,408.0,new_contract
P25,2025-11-26,MO2601-P-6300,buy,1,23.0,24.15,18.0,115.00000000000001,target_increase
P25,2025-11-27,MO2601-P-6300,buy,1,20.4,21.419999999999998,18.0,102.0,target_increase
P25,2025-12-08,MO2601-P-6300,buy,1,6.8,7.14,18.0,34.0,target_increase
P25,2025-12-18,MO2601-P-6300,sell,6,7.0,6.65,108.0,210.0,contract_switch
P25,2025-12-18,MO2602-P-6300,buy,4,24.0,25.2,72.0,480.00000000000006,new_contract
P25,2025-12-22,MO2602-P-6300,buy,1,14.0,14.7,18.0,70.0,target_increase
P25,2025-12-29,MO2602-P-6300,buy,1,8.8,9.24,18.0,44.00000000000001,target_increase
P25,2026-01-08,MO2602-P-6300,buy,1,3.4,3.6,18.0,20.0,target_increase
P25,2026-01-12,MO2602-P-6300,buy,1,3.8,4.0,18.0,20.0,target_increase
P25,2026-01-16,MO2602-P-6300,buy,1,2.6,2.8000000000000003,18.0,20.0,target_increase
P25,2026-01-20,MO2602-P-6300,sell,9,2.6,2.4,162.0,180.0,contract_switch
P25,2026-01-20,MO2603-P-4900,buy,10,2.2,2.4000000000000004,180.0,200.0,new_contract
P25,2026-01-21,MO2603-P-4900,buy,1,2.2,2.4000000000000004,18.0,20.0,target_increase
P25,2026-01-22,MO2603-P-4900,buy,2,2.0,2.2,36.0,40.0,target_increase
P25,2026-02-10,MO2603-P-4900,buy,1,2.2,2.4000000000000004,18.0,20.0,target_increase
P25,2026-02-12,MO2603-P-4900,buy,1,2.0,2.2,18.0,20.0,target_increase
P25,2026-02-25,MO2603-P-4900,sell,15,1.0,0.8,270.0,300.0,contract_switch
P25,2026-02-25,MO2604-P-7100,buy,5,21.4,22.47,90.0,535.0,new_contract
P25,2026-03-19,MO2604-P-7100,sell,5,40.6,38.57,90.0,1015.0000000000002,contract_switch
P25,2026-03-19,MO2605-P-7200,buy,4,114.8,120.53999999999999,72.0,2296.0,new_contract
P25,2026-03-23,MO2605-P-7200,sell,4,341.8,324.71000000000004,72.0,6836.0,contract_switch
P25,2026-03-23,MO2605-P-7100,buy,3,308.2,323.61,54.0,4623.0,new_contract
P25,2026-03-24,MO2605-P-7100,sell,3,166.4,158.08,54.0,2496.0,contract_switch
P25,2026-03-24,MO2605-P-7000,buy,3,142.2,149.31,54.0,2133.0,new_contract
P25,2026-03-25,MO2605-P-7000,sell,3,101.4,96.33000000000001,54.0,1521.0,contract_switch
P25,2026-03-25,MO2605-P-6600,buy,6,51.0,53.55,108.0,1530.0,new_contract
P25,2026-03-30,MO2605-P-6600,buy,1,57.6,60.480000000000004,18.0,288.00000000000006,target_increase
P25,2026-04-09,MO2605-P-6600,buy,1,17.6,18.48,18.0,88.00000000000001,target_increase
P25,2026-04-10,MO2605-P-6600,buy,1,16.8,17.64,18.0,84.00000000000001,target_increase
P25,2026-04-15,MO2605-P-6600,buy,1,12.6,13.23,18.0,63.0,target_increase
P25,2026-04-17,MO2605-P-6600,buy,2,6.8,7.14,36.0,68.0,target_increase
P25,2026-04-21,MO2605-P-6600,sell,12,3.6,3.4,216.0,240.00000000000003,contract_switch
P25,2026-04-21,MO2606-P-5200,buy,12,5.8,6.09,216.0,347.99999999999994,new_contract
P25,2026-04-23,MO2606-P-5200,buy,1,4.4,4.62,18.0,22.000000000000004,target_increase
P25,2026-04-28,MO2606-P-5200,buy,1,3.6,3.8000000000000003,18.0,20.0,target_increase
P25,2026-04-29,MO2606-P-5200,buy,1,3.2,3.4000000000000004,18.0,20.0,target_increase
P25,2026-04-30,MO2606-P-5200,buy,1,2.8,3.0,18.0,20.0,target_increase
P25,2026-05-21,MO2606-P-5200,sell,16,1.4,1.2,288.0,320.0,contract_switch
P25,2026-05-21,MO2607-P-7400,buy,4,67.8,71.19,72.0,1356.0,new_contract
P25,2026-06-10,MO2607-P-7400,sell,4,75.4,71.63000000000001,72.0,1508.0000000000002,contract_switch
P25,2026-06-10,MO2607-P-7200,buy,4,48.8,51.239999999999995,72.0,976.0,new_contract
P25,2026-06-16,MO2607-P-7200,buy,1,14.8,15.540000000000001,18.0,74.00000000000001,target_increase
P25,2026-06-22,MO2607-P-7200,buy,1,5.2,5.46,18.0,26.0,target_increase
P25,2026-06-23,MO2607-P-7200,sell,6,6.4,6.08,108.0,192.00000000000003,contract_switch
P25,2026-06-23,MO2608-P-7200,buy,4,43.4,45.57,72.0,868.0,new_contract
P25,2026-07-06,MO2608-P-7200,buy,1,27.2,28.56,18.0,136.0,target_increase
P25,2026-07-15,MO2608-P-7200,sell,5,93.8,89.11,90.0,2345.0000000000005,contract_switch
P25,2026-07-15,MO2608-P-7000,buy,6,56.6,59.43,108.0,1698.0,new_contract
P25,2026-07-20,MO2608-P-7000,sell,6,412.8,392.16,108.0,12384.0,contract_switch
P25,2026-07-20,MO2608-P-6800,buy,4,309.0,324.45,72.0,6180.0,new_contract
P25,2026-07-21,MO2608-P-6800,sell,4,146.0,138.7,72.0,2920.0000000000005,contract_switch
P25,2026-07-21,MO2608-P-6400,buy,4,66.4,69.72,72.0,1328.0,new_contract
P25,2026-07-22,MO2608-P-6400,sell,4,66.0,62.7,72.0,1320.0,contract_switch
P25,2026-07-22,MO2608-P-6200,buy,6,41.0,43.05,108.0,1230.0,new_contract
P25,2026-07-23,MO2608-P-6200,sell,6,21.2,20.14,108.0,636.0,contract_switch
P25,2026-07-23,MO2609-P-6200,buy,5,66.0,69.3,90.0,1650.0,new_contract
P25,2026-07-28,MO2609-P-6200,buy,1,102.6,107.72999999999999,18.0,513.0,target_increase
P25,2026-08-03,MO2609-P-6200,buy,1,83.2,87.36,18.0,416.0,target_increase
P25,2026-08-05,MO2609-P-6200,buy,1,31.4,32.97,18.0,157.0,target_increase
P25,2026-08-06,MO2609-P-6200,buy,1,32.2,33.81,18.0,161.00000000000003,target_increase
P25,2026-08-07,MO2609-P-6200,buy,1,21.8,22.89,18.0,109.00000000000001,target_increase
P25,2026-08-11,MO2609-P-6200,buy,1,18.2,19.11,18.0,91.0,target_increase
P25,2026-08-14,MO2609-P-6200,buy,1,12.6,13.23,18.0,63.0,target_increase
P50,2022-07-25,MO2209-P-6300,buy,7,79.4,83.37,126.0,2779.0000000000005,new_contract
P50,2022-07-27,MO2209-P-6300,sell,7,45.4,43.129999999999995,126.0,1589.0,contract_switch
P50,2022-07-27,MO2209-P-6200,buy,8,36.4,38.22,144.0,1456.0,new_contract
P50,2022-08-08,MO2209-P-6200,buy,1,29.2,30.66,18.0,146.0,target_increase
P50,2022-08-12,MO2209-P-6200,buy,1,18.4,19.32,18.0,92.0,target_increase
P50,2022-08-15,MO2209-P-6200,buy,1,12.0,12.6,18.0,60.00000000000001,target_increase
P50,2022-08-17,MO2209-P-6200,buy,2,7.2,7.5600000000000005,36.0,72.00000000000001,target_increase
P50,2022-08-18,MO2209-P-6200,buy,1,8.0,8.4,18.0,40.0,target_increase
P50,2022-08-23,MO2209-P-6200,sell,14,5.6,5.319999999999999,252.0,391.99999999999994,contract_switch
P50,2022-08-23,MO2210-P-6200,buy,9,26.0,27.3,162.0,1170.0,new_contract
P50,2022-09-02,MO2210-P-6200,sell,9,65.6,62.31999999999999,162.0,2952.0,contract_switch
P50,2022-09-02,MO2210-P-6000,buy,7,41.4,43.47,126.0,1448.9999999999998,new_contract
P50,2022-09-06,MO2210-P-6000,buy,1,22.4,23.52,18.0,111.99999999999999,target_increase
P50,2022-09-07,MO2210-P-6000,buy,1,16.0,16.8,18.0,80.0,target_increase
P50,2022-09-13,MO2210-P-6000,buy,1,11.8,12.39,18.0,59.00000000000001,target_increase
P50,2022-09-19,MO2210-P-6000,sell,10,67.6,64.22,180.0,3379.9999999999995,contract_switch
P50,2022-09-19,MO2210-P-5900,buy,7,48.6,51.03,126.0,1701.0000000000002,new_contract
P50,2022-09-20,MO2210-P-5900,sell,7,35.8,34.01,126.0,1253.0,contract_switch
P50,2022-09-20,MO2210-P-5800,buy,7,25.0,26.25,126.0,875.0,new_contract
P50,2022-09-21,MO2210-P-5800,sell,7,23.6,22.42,126.0,826.0000000000001,contract_switch
P50,2022-09-21,MO2210-P-5700,buy,8,17.6,18.48,144.0,704.0000000000001,new_contract
P50,2022-09-22,MO2210-P-5700,sell,8,14.6,13.87,144.0,584.0,contract_switch
P50,2022-09-22,MO2211-P-5700,buy,6,54.0,56.7,108.0,1620.0000000000002,new_contract
P50,2022-09-23,MO2211-P-5700,buy,1,64.8,68.03999999999999,18.0,324.0,target_increase
P50,2022-09-28,MO2211-P-5700,sell,7,74.8,71.06,126.0,2618.0,contract_switch
P50,2022-09-28,MO2211-P-5600,buy,12,58.6,61.53,216.0,3516.0000000000005,new_contract
P50,2022-09-30,MO2211-P-5600,sell,12,72.8,69.16,216.0,4368.0,contract_switch
P50,2022-09-30,MO2211-P-5500,buy,12,58.0,60.9,216.0,3480.0000000000005,new_contract
P50,2022-10-12,MO2211-P-5500,sell,12,36.4,34.58,216.0,2184.0,contract_switch
P50,2022-10-12,MO2211-P-5300,buy,12,20.0,21.0,216.0,1200.0,new_contract
P50,2022-10-13,MO2211-P-5300,buy,1,11.6,12.18,18.0,57.99999999999999,target_increase
P50,2022-10-17,MO2211-P-5300,buy,5,5.6,5.88,90.0,140.0,target_increase
P50,2022-10-19,MO2211-P-5300,buy,1,6.4,6.720000000000001,18.0,32.00000000000001,target_increase
P50,2022-10-20,MO2211-P-5300,sell,19,5.8,5.51,342.0,551.0,contract_switch
P50,2022-10-20,MO2212-P-5300,buy,12,16.8,17.64,216.0,1008.0000000000002,new_contract
P50,2022-10-21,MO2212-P-5300,buy,1,22.0,23.1,18.0,110.00000000000001,target_increase
P50,2022-10-24,MO2212-P-5300,buy,1,28.6,30.03,18.0,143.00000000000003,target_increase
P50,2022-10-27,MO2212-P-5300,buy,2,17.6,18.48,36.0,176.00000000000003,target_increase
P50,2022-11-02,MO2212-P-5300,buy,2,9.6,10.08,36.0,96.0,target_increase
P50,2022-11-07,MO2212-P-5300,buy,4,3.4,3.6,72.0,80.0,target_increase
P50,2022-11-14,MO2212-P-5300,buy,3,3.8,4.0,54.0,60.00000000000001,target_increase
P50,2022-11-18,MO2212-P-5300,buy,3,2.4,2.6,54.0,60.00000000000001,target_increase
P50,2022-11-22,MO2212-P-5300,sell,28,2.0,1.8,504.0,560.0,contract_switch
P50,2022-11-22,MO2301-P-5600,buy,14,15.6,16.38,252.0,1092.0,new_contract
P50,2022-12-02,MO2301-P-5600,buy,1,6.6,6.93,18.0,33.0,target_increase
P50,2022-12-05,MO2301-P-5600,buy,1,5.8,6.09,18.0,28.999999999999996,target_increase
P50,2022-12-06,MO2301-P-5600,buy,2,5.8,6.09,36.0,57.99999999999999,target_increase
P50,2022-12-14,MO2301-P-5600,buy,1,4.8,5.04,18.0,24.0,target_increase
P50,2022-12-19,MO2301-P-5600,buy,6,6.8,7.14,108.0,204.0,target_increase
P50,2022-12-22,MO2301-P-5600,sell,25,12.0,11.4,450.0,1500.0000000000002,contract_switch
P50,2022-12-22,MO2302-P-5700,buy,12,31.0,32.55,216.0,1860.0000000000002,new_contract
P50,2022-12-23,MO2302-P-5700,sell,12,42.6,40.47,216.0,2556.0,contract_switch
P50,2022-12-23,MO2302-P-5600,buy,12,31.6,33.18,216.0,1896.0,new_contract
P50,2022-12-26,MO2302-P-5600,sell,12,16.4,15.579999999999998,216.0,984.0,contract_switch
P50,2022-12-26,MO2302-P-5500,buy,11,11.6,12.18,198.0,638.0,new_contract
P50,2022-12-27,MO2302-P-5500,buy,3,9.6,10.08,54.0,144.0,target_increase
P50,2022-12-28,MO2302-P-5500,buy,4,10.4,10.92,72.0,208.0,target_increase
P50,2023-01-04,MO2302-P-5500,buy,2,4.8,5.04,36.0,48.0,target_increase
P50,2023-01-09,MO2302-P-5500,buy,1,4.2,4.41,18.0,21.000000000000004,target_increase
P50,2023-01-10,MO2302-P-5500,buy,2,4.4,4.62,36.0,44.00000000000001,target_increase
P50,2023-01-16,MO2302-P-5500,buy,3,2.4,2.6,54.0,60.00000000000001,target_increase
P50,2023-01-18,MO2302-P-5500,buy,3,1.6,1.8,54.0,60.00000000000001,target_increase
P50,2023-01-19,MO2302-P-5500,sell,29,1.6,1.4000000000000001,522.0,580.0000000000001,contract_switch
P50,2023-01-19,MO2303-P-5200,buy,27,3.8,4.0,486.0,540.0,new_contract
P50,2023-01-30,MO2303-P-5200,buy,6,2.0,2.2,108.0,120.00000000000001,target_increase
P50,2023-02-02,MO2303-P-5200,buy,1,1.8,2.0,18.0,20.0,target_increase
P50,2023-02-10,MO2303-P-5200,buy,4,1.2,1.4,72.0,80.0,target_increase
P50,2023-02-17,MO2303-P-5200,buy,2,1.0,1.2,36.0,40.0,target_increase
P50,2023-02-21,MO2303-P-5200,sell,40,0.8,0.6000000000000001,720.0,800.0,contract_switch
P50,2023-02-21,MO2304-P-6000,buy,13,8.4,8.82,234.0,546.0000000000001,new_contract
P50,2023-02-22,MO2304-P-6000,buy,1,7.8,8.19,18.0,39.0,target_increase
P50,2023-02-23,MO2304-P-6000,buy,1,8.2,8.61,18.0,41.0,target_increase
P50,2023-02-27,MO2304-P-6000,buy,2,11.6,12.18,36.0,115.99999999999999,target_increase
P50,2023-03-14,MO2304-P-6000,buy,2,10.0,10.5,36.0,100.0,target_increase
P50,2023-03-20,MO2304-P-6000,buy,1,8.0,8.4,18.0,40.0,target_increase
P50,2023-03-23,MO2304-P-6000,sell,20,2.8,2.5999999999999996,360.0,400.0,contract_switch
P50,2023-03-23,MO2305-P-6000,buy,17,8.6,9.03,306.0,731.0,new_contract
P50,2023-03-29,MO2305-P-6000,buy,2,6.4,6.720000000000001,36.0,64.00000000000001,target_increase
P50,2023-04-10,MO2305-P-6000,buy,5,2.2,2.4000000000000004,90.0,100.0,target_increase
P50,2023-04-17,MO2305-P-6000,buy,1,1.2,1.4,18.0,20.0,target_increase
P50,2023-04-18,MO2305-P-6000,buy,2,1.0,1.2,36.0,40.0,target_increase
P50,2023-04-20,MO2305-P-6000,sell,27,1.8,1.6,486.0,540.0,contract_switch
P50,2023-04-20,MO2306-P-5200,buy,25,2.0,2.2,450.0,500.0,new_contract
P50,2023-04-21,MO2306-P-5200,buy,2,2.2,2.4000000000000004,36.0,40.0,target_increase
P50,2023-04-25,MO2306-P-5200,buy,2,2.8,3.0,36.0,40.0,target_increase
P50,2023-04-28,MO2306-P-5200,buy,1,1.6,1.8,18.0,20.0,target_increase
P50,2023-05-04,MO2306-P-5200,buy,3,1.6,1.8,54.0,60.00000000000001,target_increase
P50,2023-05-05,MO2306-P-5200,buy,1,1.6,1.8,18.0,20.0,target_increase
P50,2023-05-11,MO2306-P-5200,buy,2,1.4,1.5999999999999999,36.0,40.0,target_increase
P50,2023-05-22,MO2306-P-5200,buy,6,0.8,1.0,108.0,120.00000000000001,target_increase
P50,2023-05-23,MO2306-P-5200,sell,42,0.6,0.39999999999999997,756.0,840.0,contract_switch
P50,2023-05-23,MO2307-P-5800,buy,16,7.8,8.19,288.0,624.0,new_contract
P50,2023-05-29,MO2307-P-5800,buy,3,6.2,6.51,54.0,93.00000000000001,target_increase
P50,2023-06-05,MO2307-P-5800,buy,1,4.0,4.2,18.0,20.0,target_increase
P50,2023-06-06,MO2307-P-5800,buy,1,7.8,8.19,18.0,39.0,target_increase
P50,2023-06-12,MO2307-P-5800,sell,21,4.0,3.8,378.0,420.0,contract_switch
P50,2023-06-12,MO2307-P-5700,buy,19,2.8,3.0,342.0,380.0,new_contract
P50,2023-06-13,MO2307-P-5700,buy,4,2.6,2.8000000000000003,72.0,80.0,target_increase
P50,2023-06-16,MO2307-P-5700,buy,2,1.4,1.5999999999999999,36.0,40.0,target_increase
P50,2023-06-26,MO2307-P-5700,sell,25,2.2,2.0,450.0,500.0,contract_switch
P50,2023-06-26,MO2308-P-5700,buy,21,6.2,6.51,378.0,651.0000000000001,new_contract
P50,2023-07-05,MO2308-P-5700,buy,2,2.2,2.4000000000000004,36.0,40.0,target_increase
P50,2023-07-14,MO2308-P-5700,buy,4,2.0,2.2,72.0,80.0,target_increase
P50,2023-07-17,MO2308-P-5700,buy,1,1.8,2.0,18.0,20.0,target_increase
P50,2023-07-20,MO2308-P-5700,sell,28,2.0,1.8,504.0,560.0,contract_switch
P50,2023-07-20,MO2309-P-5200,buy,25,1.8,2.0,450.0,500.0,new_contract
P50,2023-07-21,MO2309-P-5200,buy,1,1.8,2.0,18.0,20.0,target_increase
P50,2023-07-26,MO2309-P-5200,buy,1,1.4,1.5999999999999999,18.0,20.0,target_increase
P50,2023-07-28,MO2309-P-5200,buy,2,1.2,1.4,36.0,40.0,target_increase
P50,2023-08-01,MO2309-P-5200,buy,2,1.4,1.5999999999999999,36.0,40.0,target_increase
P50,2023-08-07,MO2309-P-5200,buy,5,1.2,1.4,90.0,100.0,target_increase
P50,2023-08-10,MO2309-P-5200,buy,1,1.0,1.2,18.0,20.0,target_increase
P50,2023-08-15,MO2309-P-5200,buy,1,1.2,1.4,18.0,20.0,target_increase
P50,2023-08-18,MO2309-P-5200,buy,4,2.2,2.4000000000000004,72.0,80.0,target_increase
P50,2023-08-22,MO2309-P-5200,sell,42,1.8,1.6,756.0,840.0,contract_switch
P50,2023-08-22,MO2310-P-5500,buy,11,15.2,15.959999999999999,198.0,836.0,new_contract
P50,2023-08-23,MO2310-P-5500,sell,11,27.0,25.65,198.0,1485.0000000000002,contract_switch
P50,2023-08-23,MO2310-P-5400,buy,15,18.2,19.11,270.0,1365.0,new_contract
P50,2023-08-25,MO2310-P-5400,sell,15,33.2,31.540000000000003,270.0,2490.0,contract_switch
P50,2023-08-25,MO2310-P-5300,buy,14,23.4,24.57,252.0,1638.0,new_contract
P50,2023-08-29,MO2310-P-5300,sell,14,7.8,7.41,252.0,546.0,contract_switch
P50,2023-08-29,MO2310-P-5200,buy,14,5.6,5.88,252.0,391.99999999999994,new_contract
P50,2023-08-30,MO2310-P-5200,buy,4,4.2,4.41,72.0,84.00000000000001,target_increase
P50,2023-08-31,MO2310-P-5200,buy,4,4.2,4.41,72.0,84.00000000000001,target_increase
P50,2023-09-05,MO2310-P-5200,buy,2,2.6,2.8000000000000003,36.0,40.0,target_increase
P50,2023-09-20,MO2310-P-5200,buy,4,2.2,2.4000000000000004,72.0,80.0,target_increase
P50,2023-09-21,MO2310-P-5200,sell,28,3.0,2.8,504.0,560.0,contract_switch
P50,2023-09-21,MO2311-P-5200,buy,16,7.2,7.5600000000000005,288.0,576.0000000000001,new_contract
P50,2023-09-22,MO2311-P-5200,buy,2,4.2,4.41,36.0,42.00000000000001,target_increase
P50,2023-09-26,MO2311-P-5200,buy,2,4.2,4.41,36.0,42.00000000000001,target_increase
P50,2023-09-28,MO2311-P-5200,buy,2,3.2,3.4000000000000004,36.0,40.0,target_increase
P50,2023-10-11,MO2311-P-5200,buy,4,1.8,2.0,72.0,80.0,target_increase
P50,2023-10-17,MO2311-P-5200,buy,1,2.4,2.6,18.0,20.0,target_increase
P50,2023-10-19,MO2311-P-5200,sell,27,6.0,5.7,486.0,810.0000000000001,contract_switch
P50,2023-10-19,MO2312-P-5200,buy,16,11.0,11.55,288.0,880.0000000000001,new_contract
P50,2023-10-24,MO2312-P-5200,sell,16,32.4,30.779999999999998,288.0,2592.0,contract_switch
P50,2023-10-24,MO2312-P-5100,buy,12,23.2,24.36,216.0,1391.9999999999998,new_contract
P50,2023-10-25,MO2312-P-5100,sell,12,13.8,13.110000000000001,216.0,828.0000000000001,contract_switch
P50,2023-10-25,MO2312-P-5000,buy,14,9.2,9.66,252.0,644.0,new_contract
P50,2023-10-27,MO2312-P-5000,buy,3,3.6,3.8000000000000003,54.0,60.00000000000001,target_increase
P50,2023-10-30,MO2312-P-5000,buy,4,2.8,3.0,72.0,80.0,target_increase
P50,2023-11-07,MO2312-P-5000,buy,4,1.8,2.0,72.0,80.0,target_increase
P50,2023-11-08,MO2312-P-5000,buy,1,1.4,1.5999999999999999,18.0,20.0,target_increase
P50,2023-11-09,MO2312-P-5000,buy,3,1.4,1.5999999999999999,54.0,60.00000000000001,target_increase
P50,2023-11-14,MO2312-P-5000,buy,2,1.0,1.2,36.0,40.0,target_increase
P50,2023-11-17,MO2312-P-5000,buy,1,1.0,1.2,18.0,20.0,target_increase
P50,2023-11-21,MO2312-P-5000,sell,32,0.6,0.39999999999999997,576.0,640.0,contract_switch
P50,2023-11-21,MO2401-P-5000,buy,18,1.6,1.8,324.0,360.0,new_contract
P50,2023-11-22,MO2401-P-5000,buy,3,2.0,2.2,54.0,60.00000000000001,target_increase
P50,2023-11-23,MO2401-P-5000,buy,1,1.8,2.0,18.0,20.0,target_increase
P50,2023-11-29,MO2401-P-5000,buy,2,2.0,2.2,36.0,40.0,target_increase
P50,2023-12-14,MO2401-P-5000,buy,1,2.2,2.4000000000000004,18.0,20.0,target_increase
P50,2023-12-22,MO2401-P-5000,sell,25,2.8,2.5999999999999996,450.0,500.0,contract_switch
P50,2023-12-22,MO2402-P-5100,buy,13,14.0,14.7,234.0,910.0000000000001,new_contract
P50,2023-12-25,MO2402-P-5100,buy,1,13.2,13.86,18.0,66.0,target_increase
P50,2023-12-28,MO2402-P-5100,sell,14,7.4,7.03,252.0,518.0000000000001,contract_switch
P50,2023-12-28,MO2402-P-5000,buy,14,4.6,4.83,252.0,322.0,new_contract
P50,2023-12-29,MO2402-P-5000,buy,3,3.8,4.0,54.0,60.00000000000001,target_increase
P50,2024-01-02,MO2402-P-5000,buy,2,3.8,4.0,36.0,40.0,target_increase
P50,2024-01-10,MO2402-P-5000,sell,19,31.6,30.020000000000003,342.0,3002.0000000000005,contract_switch
P50,2024-01-10,MO2402-P-4950,buy,9,26.6,27.93,162.0,1197.0,new_contract
P50,2024-01-11,MO2402-P-4950,buy,2,14.6,15.33,36.0,146.0,target_increase
P50,2024-01-12,MO2402-P-4950,buy,2,15.6,16.38,36.0,156.0,target_increase
P50,2024-01-19,MO2402-P-4950,sell,13,52.4,49.78,234.0,3406.0,contract_switch
P50,2024-01-19,MO2403-P-4850,buy,7,72.6,76.22999999999999,126.0,2541.0,new_contract
P50,2024-01-22,MO2403-P-4850,sell,7,328.2,311.78999999999996,126.0,11487.0,contract_switch
P50,2024-01-22,MO2403-P-4800,buy,8,298.2,313.11,144.0,11928.0,new_contract
P50,2024-01-23,MO2403-P-4800,sell,8,153.8,146.11,144.0,6152.000000000001,contract_switch
P50,2024-01-23,MO2403-P-4750,buy,7,139.4,146.37,126.0,4879.000000000001,new_contract
P50,2024-01-24,MO2403-P-4750,sell,7,101.2,96.14,126.0,3542.0,contract_switch
P50,2024-01-24,MO2403-P-4500,buy,10,49.6,52.08,180.0,2480.0000000000005,new_contract
P50,2024-01-25,MO2403-P-4500,buy,4,20.6,21.630000000000003,72.0,412.0,target_increase
P50,2024-01-26,MO2403-P-4500,buy,3,25.0,26.25,54.0,375.0,target_increase
P50,2024-02-01,MO2403-P-4500,sell,17,156.6,148.76999999999998,306.0,13311.000000000002,contract_switch
P50,2024-02-01,MO2403-P-4450,buy,9,134.8,141.54000000000002,162.0,6066.000000000001,new_contract
P50,2024-02-02,MO2403-P-4450,sell,9,220.8,209.76000000000002,162.0,9936.000000000002,contract_switch
P50,2024-02-02,MO2403-P-4300,buy,10,154.8,162.54000000000002,180.0,7740.000000000001,new_contract
P50,2024-02-05,MO2403-P-4300,sell,10,434.2,412.49,180.0,21710.000000000004,contract_switch
P50,2024-02-05,MO2403-P-4250,buy,10,405.4,425.66999999999996,180.0,20270.0,new_contract
P50,2024-02-06,MO2403-P-4250,sell,10,131.6,125.02,180.0,6580.0,contract_switch
P50,2024-02-06,MO2403-P-4100,buy,7,93.0,97.65,126.0,3255.0000000000005,new_contract
P50,2024-02-07,MO2403-P-4100,sell,7,48.2,45.790000000000006,126.0,1687.0,contract_switch
P50,2024-02-07,MO2403-P-3850,buy,14,24.6,25.830000000000002,252.0,1722.0000000000002,new_contract
P50,2024-02-08,MO2403-P-3850,buy,3,8.0,8.4,54.0,120.00000000000001,target_increase
P50,2024-02-19,MO2403-P-3850,buy,1,4.4,4.62,18.0,22.000000000000004,target_increase
P50,2024-02-20,MO2403-P-3850,sell,18,2.6,2.4,324.0,360.0,contract_switch
P50,2024-02-20,MO2404-P-3850,buy,17,9.4,9.870000000000001,306.0,799.0,new_contract
P50,2024-02-21,MO2404-P-3850,buy,3,9.8,10.290000000000001,54.0,147.00000000000003,target_increase
P50,2024-02-26,MO2404-P-3850,buy,3,4.8,5.04,54.0,72.0,target_increase
P50,2024-02-28,MO2404-P-3850,buy,1,5.8,6.09,18.0,28.999999999999996,target_increase
P50,2024-03-01,MO2404-P-3850,buy,1,2.8,3.0,18.0,20.0,target_increase
P50,2024-03-11,MO2404-P-3850,buy,1,1.6,1.8,18.0,20.0,target_increase
P50,2024-03-12,MO2404-P-3850,buy,3,1.2,1.4,54.0,60.00000000000001,target_increase
P50,2024-03-13,MO2404-P-3850,buy,3,1.0,1.2,54.0,60.00000000000001,target_increase
P50,2024-03-14,MO2404-P-3850,buy,6,1.0,1.2,108.0,120.00000000000001,target_increase
P50,2024-03-19,MO2404-P-3850,buy,12,0.8,1.0,216.0,240.00000000000003,target_increase
P50,2024-03-21,MO2404-P-3850,sell,50,0.8,0.6000000000000001,900.0,1000.0,contract_switch
P50,2024-03-21,MO2405-P-4500,buy,18,5.6,5.88,324.0,503.9999999999999,new_contract
P50,2024-03-22,MO2405-P-4500,buy,1,7.4,7.7700000000000005,18.0,37.00000000000001,target_increase
P50,2024-04-03,MO2405-P-4500,buy,3,9.4,9.870000000000001,54.0,141.0,target_increase
P50,2024-04-23,MO2405-P-4500,sell,22,9.6,9.12,396.0,1055.9999999999998,contract_switch
P50,2024-04-23,MO2406-P-3800,buy,23,7.6,7.9799999999999995,414.0,874.0,new_contract
P50,2024-04-25,MO2406-P-3800,buy,1,3.2,3.4000000000000004,18.0,20.0,target_increase
P50,2024-04-26,MO2406-P-3800,buy,1,1.8,2.0,18.0,20.0,target_increase
P50,2024-04-29,MO2406-P-3800,buy,4,1.8,2.0,72.0,80.0,target_increase
P50,2024-04-30,MO2406-P-3800,buy,4,1.6,1.8,72.0,80.0,target_increase
P50,2024-05-07,MO2406-P-3800,buy,2,1.8,2.0,36.0,40.0,target_increase
P50,2024-05-08,MO2406-P-3800,buy,2,1.6,1.8,36.0,40.0,target_increase
P50,2024-05-10,MO2406-P-3800,buy,1,1.4,1.5999999999999999,18.0,20.0,target_increase
P50,2024-05-21,MO2406-P-3800,buy,2,0.8,1.0,36.0,40.0,target_increase
P50,2024-05-22,MO2406-P-3800,buy,6,0.8,1.0,108.0,120.00000000000001,target_increase
P50,2024-05-23,MO2406-P-3800,sell,46,0.8,0.6000000000000001,828.0,920.0000000000001,contract_switch
P50,2024-05-23,MO2407-P-4650,buy,17,22.2,23.31,306.0,1887.0,new_contract
P50,2024-06-11,MO2407-P-4650,sell,17,25.8,24.51,306.0,2193.0,contract_switch
P50,2024-06-11,MO2407-P-4600,buy,11,20.0,21.0,198.0,1100.0,new_contract
P50,2024-06-12,MO2407-P-4600,buy,3,19.0,19.95,54.0,285.0,target_increase
P50,2024-06-13,MO2407-P-4600,buy,1,17.2,18.06,18.0,86.0,target_increase
P50,2024-06-19,MO2407-P-4600,buy,5,8.4,8.82,90.0,210.0,target_increase
P50,2024-06-20,MO2407-P-4600,sell,20,17.2,16.34,360.0,1720.0,contract_switch
P50,2024-06-20,MO2408-P-4600,buy,11,49.2,51.660000000000004,198.0,2706.0000000000005,new_contract
P50,2024-06-24,MO2408-P-4600,sell,11,97.0,92.15,198.0,5335.000000000001,contract_switch
P50,2024-06-24,MO2408-P-4550,buy,10,79.6,83.58,180.0,3979.9999999999995,new_contract
P50,2024-06-25,MO2408-P-4550,sell,10,92.8,88.16,180.0,4640.0,contract_switch
P50,2024-06-25,MO2408-P-4500,buy,10,79.2,83.16,180.0,3960.0,new_contract
P50,2024-06-26,MO2408-P-4500,sell,10,39.8,37.809999999999995,180.0,1989.9999999999998,contract_switch
P50,2024-06-26,MO2408-P-4350,buy,12,22.0,23.1,216.0,1320.0,new_contract
P50,2024-06-27,MO2408-P-4350,buy,1,37.4,39.269999999999996,18.0,187.0,target_increase
P50,2024-07-08,MO2408-P-4350,sell,13,53.0,50.35,234.0,3445.0000000000005,contract_switch
P50,2024-07-08,MO2408-P-4250,buy,15,33.0,34.65,270.0,2475.0000000000005,new_contract
P50,2024-07-10,MO2408-P-4250,sell,15,23.8,22.61,270.0,1785.0000000000002,contract_switch
P50,2024-07-10,MO2408-P-4200,buy,14,18.0,18.9,252.0,1260.0,new_contract
P50,2024-07-12,MO2408-P-4200,buy,3,9.8,10.290000000000001,54.0,147.00000000000003,target_increase
P50,2024-07-22,MO2408-P-4200,buy,1,4.2,4.41,18.0,21.000000000000004,target_increase
P50,2024-07-23,MO2408-P-4200,sell,18,12.6,11.969999999999999,324.0,1134.0,contract_switch
P50,2024-07-23,MO2409-P-3800,buy,17,9.2,9.66,306.0,781.9999999999999,new_contract
P50,2024-07-29,MO2409-P-3800,buy,1,6.6,6.93,18.0,33.0,target_increase
P50,2024-08-01,MO2409-P-3800,buy,5,2.6,2.8000000000000003,90.0,100.0,target_increase
P50,2024-08-13,MO2409-P-3800,buy,1,3.4,3.6,18.0,20.0,target_increase
P50,2024-08-19,MO2409-P-3800,buy,1,2.0,2.2,18.0,20.0,target_increase
P50,2024-08-20,MO2409-P-3800,buy,4,3.0,3.2,72.0,80.0,target_increase
P50,2024-08-22,MO2409-P-3800,sell,29,3.2,3.0,522.0,580.0000000000001,contract_switch
P50,2024-08-22,MO2410-P-4100,buy,12,35.0,36.75,216.0,2100.0,new_contract
P50,2024-08-23,MO2410-P-4100,sell,12,30.4,28.88,216.0,1824.0000000000002,contract_switch
P50,2024-08-23,MO2410-P-4050,buy,12,21.8,22.89,216.0,1308.0000000000002,new_contract
P50,2024-08-26,MO2410-P-4050,sell,12,20.0,19.0,216.0,1200.0,contract_switch
P50,2024-08-26,MO2410-P-4000,buy,13,15.0,15.75,234.0,975.0,new_contract
P50,2024-08-27,MO2410-P-4000,buy,1,19.4,20.369999999999997,18.0,97.0,target_increase
P50,2024-09-02,MO2410-P-4000,buy,2,11.0,11.55,36.0,110.00000000000001,target_increase
P50,2024-09-04,MO2410-P-4000,buy,1,9.0,9.45,18.0,45.0,target_increase
P50,2024-09-19,MO2410-P-4000,sell,17,5.2,4.94,306.0,442.0,contract_switch
P50,2024-09-19,MO2411-P-3950,buy,12,23.0,24.15,216.0,1380.0,new_contract
P50,2024-09-23,MO2411-P-3950,buy,2,17.6,18.48,36.0,176.00000000000003,target_increase
P50,2024-09-25,MO2411-P-3950,buy,3,3.6,3.8000000000000003,54.0,60.00000000000001,target_increase
P50,2024-09-27,MO2411-P-3950,buy,7,1.4,1.5999999999999999,126.0,140.0,target_increase
P50,2024-09-30,MO2411-P-3950,buy,6,2.8,3.0,108.0,120.00000000000001,target_increase
P50,2024-10-22,MO2411-P-3950,sell,30,1.2,1.0,540.0,600.0,contract_switch
P50,2024-10-22,MO2412-P-3800,buy,16,2.8,3.0,288.0,320.0,new_contract
P50,2024-10-23,MO2412-P-3800,buy,1,2.4,2.6,18.0,20.0,target_increase
P50,2024-10-24,MO2412-P-3800,buy,1,2.2,2.4000000000000004,18.0,20.0,target_increase
P50,2024-10-28,MO2412-P-3800,buy,2,2.0,2.2,36.0,40.0,target_increase
P50,2024-10-31,MO2412-P-3800,buy,1,2.0,2.2,18.0,20.0,target_increase
P50,2024-11-01,MO2412-P-3800,buy,1,1.8,2.0,18.0,20.0,target_increase
P50,2024-11-08,MO2412-P-3800,buy,4,3.0,3.2,72.0,80.0,target_increase
P50,2024-11-11,MO2412-P-3800,buy,1,2.4,2.6,18.0,20.0,target_increase
P50,2024-11-13,MO2412-P-3800,buy,3,2.0,2.2,54.0,60.00000000000001,target_increase
P50,2024-11-18,MO2412-P-3800,buy,3,1.2,1.4,54.0,60.00000000000001,target_increase
P50,2024-11-21,MO2412-P-3800,sell,33,0.6,0.39999999999999997,594.0,660.0,contract_switch
P50,2024-11-21,MO2501-P-5100,buy,11,30.8,32.34,198.0,1694.0000000000002,new_contract
P50,2024-11-28,MO2501-P-5100,buy,1,30.0,31.5,18.0,150.0,target_increase
P50,2024-12-03,MO2501-P-5100,buy,1,15.0,15.75,18.0,75.0,target_increase
P50,2024-12-09,MO2501-P-5100,buy,3,10.4,10.92,54.0,156.0,target_increase
P50,2024-12-12,MO2501-P-5100,buy,3,6.2,6.51,54.0,93.00000000000001,target_increase
P50,2024-12-24,MO2501-P-5100,sell,19,2.8,2.5999999999999996,342.0,380.0,contract_switch
P50,2024-12-24,MO2502-P-5300,buy,10,38.8,40.739999999999995,180.0,1939.9999999999998,new_contract
P50,2024-12-31,MO2502-P-5300,buy,2,44.2,46.410000000000004,36.0,442.00000000000006,target_increase
P50,2025-01-06,MO2502-P-5300,sell,12,133.4,126.73,216.0,8004.000000000001,contract_switch
P50,2025-01-06,MO2502-P-5200,buy,8,103.2,108.36,144.0,4128.0,new_contract
P50,2025-01-07,MO2502-P-5200,sell,8,70.6,67.07,144.0,2824.0,contract_switch
P50,2025-01-07,MO2502-P-5000,buy,10,36.2,38.010000000000005,180.0,1810.0000000000002,new_contract
P50,2025-01-13,MO2502-P-5000,buy,1,52.8,55.44,18.0,264.0,target_increase
P50,2025-01-14,MO2502-P-5000,sell,11,23.8,22.61,198.0,1309.0000000000002,contract_switch
P50,2025-01-14,MO2502-P-4950,buy,9,18.2,19.11,162.0,819.0,new_contract
P50,2025-01-15,MO2502-P-4950,buy,3,18.4,19.32,54.0,276.0,target_increase
P50,2025-01-20,MO2502-P-4950,buy,2,8.8,9.24,36.0,88.00000000000001,target_increase
P50,2025-01-22,MO2502-P-4950,buy,1,7.0,7.35,18.0,35.0,target_increase
P50,2025-01-23,MO2502-P-4950,sell,15,6.6,6.27,270.0,495.0,contract_switch
P50,2025-01-23,MO2503-P-3900,buy,19,2.8,3.0,342.0,380.0,new_contract
P50,2025-01-24,MO2503-P-3900,buy,3,2.6,2.8000000000000003,54.0,60.00000000000001,target_increase
P50,2025-01-27,MO2503-P-3900,buy,4,3.0,3.2,72.0,80.0,target_increase
P50,2025-02-07,MO2503-P-3900,buy,5,1.6,1.8,90.0,100.0,target_increase
P50,2025-02-10,MO2503-P-3900,buy,1,1.4,1.5999999999999999,18.0,20.0,target_increase
P50,2025-02-14,MO2503-P-3900,buy,2,1.6,1.8,36.0,40.0,target_increase
P50,2025-02-17,MO2503-P-3900,buy,6,1.4,1.5999999999999999,108.0,120.00000000000001,target_increase
P50,2025-02-19,MO2503-P-3900,buy,1,1.2,1.4,18.0,20.0,target_increase
P50,2025-02-20,MO2503-P-3900,sell,41,1.2,1.0,738.0,820.0000000000001,contract_switch
P50,2025-02-20,MO2504-P-5200,buy,13,13.0,13.65,234.0,845.0000000000001,new_contract
P50,2025-02-21,MO2504-P-5200,buy,1,7.4,7.7700000000000005,18.0,37.00000000000001,target_increase
P50,2025-02-24,MO2504-P-5200,buy,2,8.2,8.61,36.0,82.0,target_increase
P50,2025-03-07,MO2504-P-5200,buy,1,5.0,5.25,18.0,25.0,target_increase
P50,2025-03-20,MO2504-P-5200,sell,17,2.8,2.5999999999999996,306.0,340.00000000000006,contract_switch
P50,2025-03-20,MO2505-P-5600,buy,7,25.0,26.25,126.0,875.0,new_contract
P50,2025-03-21,MO2505-P-5600,buy,1,32.0,33.6,18.0,160.0,target_increase
P50,2025-04-08,MO2505-P-5600,sell,8,366.6,348.27000000000004,144.0,14664.000000000002,contract_switch
P50,2025-04-09,MO2505-P-4900,buy,9,64.4,67.62,162.0,2898.0000000000005,new_contract
P50,2025-04-11,MO2505-P-4900,buy,3,20.4,21.419999999999998,54.0,306.0,target_increase
P50,2025-04-15,MO2505-P-4900,buy,3,11.6,12.18,54.0,173.99999999999997,target_increase
P50,2025-04-18,MO2505-P-4900,buy,1,10.2,10.709999999999999,18.0,51.0,target_increase
P50,2025-04-22,MO2505-P-4900,sell,16,5.6,5.319999999999999,288.0,447.99999999999994,contract_switch
P50,2025-04-22,MO2506-P-3900,buy,18,5.8,6.09,324.0,522.0,new_contract
P50,2025-04-23,MO2506-P-3900,buy,5,4.6,4.83,90.0,114.99999999999999,target_increase
P50,2025-04-28,MO2506-P-3900,buy,1,4.8,5.04,18.0,24.0,target_increase
P50,2025-05-07,MO2506-P-3900,buy,3,2.6,2.8000000000000003,54.0,60.00000000000001,target_increase
P50,2025-05-19,MO2506-P-3900,buy,1,1.4,1.5999999999999999,18.0,20.0,target_increase
P50,2025-05-20,MO2506-P-3900,buy,3,1.2,1.4,54.0,60.00000000000001,target_increase
P50,2025-05-21,MO2506-P-3900,buy,6,1.0,1.2,108.0,120.00000000000001,target_increase
P50,2025-05-22,MO2506-P-3900,sell,37,1.4,1.2,666.0,740.0,contract_switch
P50,2025-05-22,MO2507-P-5200,buy,11,35.2,36.96,198.0,1936.0000000000002,new_contract
P50,2025-06-03,MO2507-P-5200,buy,1,19.6,20.580000000000002,18.0,98.00000000000001,target_increase
P50,2025-06-05,MO2507-P-5200,buy,1,14.0,14.7,18.0,70.0,target_increase
P50,2025-06-10,MO2507-P-5200,buy,2,12.4,13.02,36.0,124.00000000000003,target_increase
P50,2025-06-17,MO2507-P-5200,buy,3,9.4,9.870000000000001,54.0,141.0,target_increase
P50,2025-06-18,MO2507-P-5200,buy,1,9.6,10.08,18.0,48.0,target_increase
P50,2025-06-19,MO2507-P-5200,sell,19,11.6,11.02,342.0,1102.0,contract_switch
P50,2025-06-19,MO2508-P-5300,buy,11,39.4,41.37,198.0,2167.0,new_contract
P50,2025-06-20,MO2508-P-5300,buy,1,38.4,40.32,18.0,192.0,target_increase
P50,2025-06-26,MO2508-P-5300,buy,1,11.6,12.18,18.0,57.99999999999999,target_increase
P50,2025-07-16,MO2508-P-5300,buy,2,4.0,4.2,36.0,40.0,target_increase
P50,2025-07-18,MO2508-P-5300,buy,3,3.0,3.2,54.0,60.00000000000001,target_increase
P50,2025-07-22,MO2508-P-5300,sell,18,2.4,2.1999999999999997,324.0,360.0,contract_switch
P50,2025-07-22,MO2509-P-4000,buy,20,4.0,4.2,360.0,400.0,new_contract
P50,2025-07-23,MO2509-P-4000,buy,2,4.4,4.62,36.0,44.00000000000001,target_increase
P50,2025-08-05,MO2509-P-4000,buy,5,2.8,3.0,90.0,100.0,target_increase
P50,2025-08-11,MO2509-P-4000,buy,2,2.6,2.8000000000000003,36.0,40.0,target_increase
P50,2025-08-12,MO2509-P-4000,buy,2,2.2,2.4000000000000004,36.0,40.0,target_increase
P50,2025-08-18,MO2509-P-4000,buy,1,1.2,1.4,18.0,20.0,target_increase
P50,2025-08-21,MO2509-P-4000,sell,32,1.2,1.0,576.0,640.0,contract_switch
P50,2025-08-21,MO2510-P-5800,buy,9,10.2,10.709999999999999,162.0,459.0,new_contract
P50,2025-08-25,MO2510-P-5800,buy,1,9.4,9.870000000000001,18.0,47.0,target_increase
P50,2025-08-28,MO2510-P-5800,buy,1,8.6,9.03,18.0,43.0,target_increase
P50,2025-09-08,MO2510-P-5800,buy,1,8.2,8.61,18.0,41.0,target_increase
P50,2025-09-12,MO2510-P-5800,buy,1,5.6,5.88,18.0,27.999999999999996,target_increase
P50,2025-09-15,MO2510-P-5800,buy,1,7.2,7.5600000000000005,18.0,36.00000000000001,target_increase
P50,2025-09-22,MO2510-P-5800,buy,2,2.4,2.6,36.0,40.0,target_increase
P50,2025-09-23,MO2510-P-5800,sell,16,3.0,2.8,288.0,320.0,contract_switch
P50,2025-09-23,MO2511-P-6300,buy,7,52.4,55.019999999999996,126.0,1834.0,new_contract
P50,2025-09-25,MO2511-P-6300,buy,1,30.6,32.13,18.0,153.00000000000003,target_increase
P50,2025-10-10,MO2511-P-6300,buy,3,10.8,11.34,54.0,162.0,target_increase
P50,2025-10-23,MO2511-P-6300,sell,11,6.6,6.27,198.0,363.00000000000006,contract_switch
P50,2025-10-23,MO2512-P-4900,buy,14,4.8,5.04,252.0,336.0,new_contract
P50,2025-10-24,MO2512-P-4900,buy,1,4.2,4.41,18.0,21.000000000000004,target_increase
P50,2025-10-27,MO2512-P-4900,buy,1,3.2,3.4000000000000004,18.0,20.0,target_increase
P50,2025-11-03,MO2512-P-4900,buy,1,3.2,3.4000000000000004,18.0,20.0,target_increase
P50,2025-11-04,MO2512-P-4900,buy,2,3.0,3.2,36.0,40.0,target_increase
P50,2025-11-10,MO2512-P-4900,buy,2,1.8,2.0,36.0,40.0,target_increase
P50,2025-11-18,MO2512-P-4900,buy,2,1.4,1.5999999999999999,36.0,40.0,target_increase
P50,2025-11-19,MO2512-P-4900,buy,2,1.2,1.4,36.0,40.0,target_increase
P50,2025-11-20,MO2512-P-4900,sell,25,1.4,1.2,450.0,500.0,contract_switch
P50,2025-11-20,MO2601-P-6400,buy,7,33.4,35.07,126.0,1169.0,new_contract
P50,2025-11-21,MO2601-P-6400,buy,1,64.8,68.03999999999999,18.0,324.0,target_increase
P50,2025-11-25,MO2601-P-6400,sell,8,37.0,35.15,144.0,1480.0,contract_switch
P50,2025-11-25,MO2601-P-6300,buy,6,27.2,28.56,108.0,816.0,new_contract
P50,2025-11-26,MO2601-P-6300,buy,2,23.0,24.15,36.0,230.00000000000003,target_increase
P50,2025-11-27,MO2601-P-6300,buy,1,20.4,21.419999999999998,18.0,102.0,target_increase
P50,2025-12-05,MO2601-P-6300,buy,1,9.0,9.45,18.0,45.0,target_increase
P50,2025-12-08,MO2601-P-6300,buy,1,6.8,7.14,18.0,34.0,target_increase
P50,2025-12-16,MO2601-P-6300,buy,1,8.4,8.82,18.0,42.00000000000001,target_increase
P50,2025-12-18,MO2601-P-6300,sell,12,7.0,6.65,216.0,420.0,contract_switch
P50,2025-12-18,MO2602-P-6300,buy,8,24.0,25.2,144.0,960.0000000000001,new_contract
P50,2025-12-22,MO2602-P-6300,buy,1,14.0,14.7,18.0,70.0,target_increase
P50,2025-12-25,MO2602-P-6300,buy,1,7.4,7.7700000000000005,18.0,37.00000000000001,target_increase
P50,2025-12-29,MO2602-P-6300,buy,1,8.8,9.24,18.0,44.00000000000001,target_increase
P50,2026-01-08,MO2602-P-6300,buy,2,3.4,3.6,36.0,40.0,target_increase
P50,2026-01-12,MO2602-P-6300,buy,2,3.8,4.0,36.0,40.0,target_increase
P50,2026-01-16,MO2602-P-6300,buy,2,2.6,2.8000000000000003,36.0,40.0,target_increase
P50,2026-01-19,MO2602-P-6300,buy,1,2.0,2.2,18.0,20.0,target_increase
P50,2026-01-20,MO2602-P-6300,sell,18,2.6,2.4,324.0,360.0,contract_switch
P50,2026-01-20,MO2603-P-4900,buy,19,2.2,2.4000000000000004,342.0,380.0,new_contract
P50,2026-01-21,MO2603-P-4900,buy,2,2.2,2.4000000000000004,36.0,40.0,target_increase
P50,2026-01-22,MO2603-P-4900,buy,4,2.0,2.2,72.0,80.0,target_increase
P50,2026-02-10,MO2603-P-4900,buy,3,2.2,2.4000000000000004,54.0,60.00000000000001,target_increase
P50,2026-02-12,MO2603-P-4900,buy,1,2.0,2.2,18.0,20.0,target_increase
P50,2026-02-13,MO2603-P-4900,buy,1,2.8,3.0,18.0,20.0,target_increase
P50,2026-02-25,MO2603-P-4900,sell,30,1.0,0.8,540.0,600.0,contract_switch
P50,2026-02-25,MO2604-P-7100,buy,9,21.4,22.47,162.0,963.0000000000001,new_contract
P50,2026-02-26,MO2604-P-7100,buy,1,17.4,18.27,18.0,87.0,target_increase
P50,2026-03-19,MO2604-P-7100,sell,10,40.6,38.57,180.0,2030.0000000000005,contract_switch
P50,2026-03-19,MO2605-P-7200,buy,7,114.8,120.53999999999999,126.0,4018.0,new_contract
P50,2026-03-23,MO2605-P-7200,sell,7,341.8,324.71000000000004,126.0,11963.0,contract_switch
P50,2026-03-23,MO2605-P-7100,buy,6,308.2,323.61,108.0,9246.0,new_contract
P50,2026-03-24,MO2605-P-7100,sell,6,166.4,158.08,108.0,4992.0,contract_switch
P50,2026-03-24,MO2605-P-7000,buy,6,142.2,149.31,108.0,4266.0,new_contract
P50,2026-03-25,MO2605-P-7000,sell,6,101.4,96.33000000000001,108.0,3042.0,contract_switch
P50,2026-03-25,MO2605-P-6600,buy,11,51.0,53.55,198.0,2805.0000000000005,new_contract
P50,2026-03-27,MO2605-P-6600,buy,1,55.6,58.38,18.0,278.0,target_increase
P50,2026-03-30,MO2605-P-6600,buy,1,57.6,60.480000000000004,18.0,288.00000000000006,target_increase
P50,2026-04-09,MO2605-P-6600,buy,2,17.6,18.48,36.0,176.00000000000003,target_increase
P50,2026-04-10,MO2605-P-6600,buy,2,16.8,17.64,36.0,168.00000000000003,target_increase
P50,2026-04-14,MO2605-P-6600,buy,1,14.0,14.7,18.0,70.0,target_increase
P50,2026-04-15,MO2605-P-6600,buy,2,12.6,13.23,36.0,126.0,target_increase
P50,2026-04-17,MO2605-P-6600,buy,3,6.8,7.14,54.0,102.0,target_increase
P50,2026-04-20,MO2605-P-6600,buy,1,5.6,5.88,18.0,27.999999999999996,target_increase
P50,2026-04-21,MO2605-P-6600,sell,24,3.6,3.4,432.0,480.00000000000006,contract_switch
P50,2026-04-21,MO2606-P-5200,buy,23,5.8,6.09,414.0,667.0,new_contract
P50,2026-04-23,MO2606-P-5200,buy,2,4.4,4.62,36.0,44.00000000000001,target_increase
P50,2026-04-27,MO2606-P-5200,buy,1,4.0,4.2,18.0,20.0,target_increase
P50,2026-04-28,MO2606-P-5200,buy,2,3.6,3.8000000000000003,36.0,40.0,target_increase
P50,2026-04-29,MO2606-P-5200,buy,1,3.2,3.4000000000000004,18.0,20.0,target_increase
P50,2026-04-30,MO2606-P-5200,buy,3,2.8,3.0,54.0,60.00000000000001,target_increase
P50,2026-05-21,MO2606-P-5200,sell,32,1.4,1.2,576.0,640.0,contract_switch
P50,2026-05-21,MO2607-P-7400,buy,8,67.8,71.19,144.0,2712.0,new_contract
P50,2026-06-10,MO2607-P-7400,sell,8,75.4,71.63000000000001,144.0,3016.0000000000005,contract_switch
P50,2026-06-10,MO2607-P-7200,buy,8,48.8,51.239999999999995,144.0,1952.0,new_contract
P50,2026-06-16,MO2607-P-7200,buy,1,14.8,15.540000000000001,18.0,74.00000000000001,target_increase
P50,2026-06-17,MO2607-P-7200,buy,1,11.8,12.39,18.0,59.00000000000001,target_increase
P50,2026-06-22,MO2607-P-7200,buy,1,5.2,5.46,18.0,26.0,target_increase
P50,2026-06-23,MO2607-P-7200,sell,11,6.4,6.08,198.0,352.00000000000006,contract_switch
P50,2026-06-23,MO2608-P-7200,buy,7,43.4,45.57,126.0,1519.0,new_contract
P50,2026-06-25,MO2608-P-7200,buy,1,32.8,34.44,18.0,164.0,target_increase
P50,2026-07-06,MO2608-P-7200,buy,1,27.2,28.56,18.0,136.0,target_increase
P50,2026-07-15,MO2608-P-7200,sell,9,93.8,89.11,162.0,4221.0,contract_switch
P50,2026-07-15,MO2608-P-7000,buy,11,56.6,59.43,198.0,3113.0000000000005,new_contract
P50,2026-07-20,MO2608-P-7000,sell,11,412.8,392.16,198.0,22704.000000000004,contract_switch
P50,2026-07-20,MO2608-P-6800,buy,7,309.0,324.45,126.0,10815.0,new_contract
P50,2026-07-21,MO2608-P-6800,sell,7,146.0,138.7,126.0,5110.000000000001,contract_switch
P50,2026-07-21,MO2608-P-6400,buy,7,66.4,69.72,126.0,2324.0,new_contract
P50,2026-07-22,MO2608-P-6400,sell,7,66.0,62.7,126.0,2310.0,contract_switch
P50,2026-07-22,MO2608-P-6200,buy,11,41.0,43.05,198.0,2255.0000000000005,new_contract
P50,2026-07-23,MO2608-P-6200,sell,11,21.2,20.14,198.0,1166.0,contract_switch
P50,2026-07-23,MO2609-P-6200,buy,9,66.0,69.3,162.0,2970.0000000000005,new_contract
P50,2026-07-24,MO2609-P-6200,buy,1,106.8,112.14,18.0,534.0,target_increase
P50,2026-07-28,MO2609-P-6200,buy,1,102.6,107.72999999999999,18.0,513.0,target_increase
P50,2026-08-03,MO2609-P-6200,buy,2,83.2,87.36,36.0,832.0,target_increase
P50,2026-08-05,MO2609-P-6200,buy,2,31.4,32.97,36.0,314.0,target_increase
P50,2026-08-06,MO2609-P-6200,buy,3,32.2,33.81,54.0,483.0000000000001,target_increase
P50,2026-08-07,MO2609-P-6200,buy,1,21.8,22.89,18.0,109.00000000000001,target_increase
P50,2026-08-10,MO2609-P-6200,buy,1,18.4,19.32,18.0,92.0,target_increase
P50,2026-08-11,MO2609-P-6200,buy,1,18.2,19.11,18.0,91.0,target_increase
P50,2026-08-13,MO2609-P-6200,buy,1,16.6,17.43,18.0,83.0,target_increase
P50,2026-08-14,MO2609-P-6200,buy,1,12.6,13.23,18.0,63.0,target_increase
P75,2022-07-25,MO2209-P-6300,buy,10,79.4,83.37,180.0,3970.0000000000005,new_contract
P75,2022-07-27,MO2209-P-6300,sell,10,45.4,43.129999999999995,180.0,2270.0,contract_switch
P75,2022-07-27,MO2209-P-6200,buy,12,36.4,38.22,216.0,2184.0,new_contract
P75,2022-08-08,MO2209-P-6200,buy,1,29.2,30.66,18.0,146.0,target_increase
P75,2022-08-10,MO2209-P-6200,buy,1,28.8,30.240000000000002,18.0,144.00000000000003,target_increase
P75,2022-08-12,MO2209-P-6200,buy,1,18.4,19.32,18.0,92.0,target_increase
P75,2022-08-15,MO2209-P-6200,buy,2,12.0,12.6,36.0,120.00000000000001,target_increase
P75,2022-08-17,MO2209-P-6200,buy,2,7.2,7.5600000000000005,36.0,72.00000000000001,target_increase
P75,2022-08-18,MO2209-P-6200,buy,2,8.0,8.4,36.0,80.0,target_increase
P75,2022-08-23,MO2209-P-6200,sell,21,5.6,5.319999999999999,378.0,587.9999999999999,contract_switch
P75,2022-08-23,MO2210-P-6200,buy,13,26.0,27.3,234.0,1690.0000000000002,new_contract
P75,2022-08-24,MO2210-P-6200,buy,1,48.2,50.61,18.0,241.0,target_increase
P75,2022-09-02,MO2210-P-6200,sell,14,65.6,62.31999999999999,252.0,4591.999999999999,contract_switch
P75,2022-09-02,MO2210-P-6000,buy,11,41.4,43.47,198.0,2277.0,new_contract
P75,2022-09-06,MO2210-P-6000,buy,1,22.4,23.52,18.0,111.99999999999999,target_increase
P75,2022-09-07,MO2210-P-6000,buy,2,16.0,16.8,36.0,160.0,target_increase
P75,2022-09-13,MO2210-P-6000,buy,1,11.8,12.39,18.0,59.00000000000001,target_increase
P75,2022-09-19,MO2210-P-6000,sell,15,67.6,64.22,270.0,5070.0,contract_switch
P75,2022-09-19,MO2210-P-5900,buy,10,48.6,51.03,180.0,2430.0,new_contract
P75,2022-09-20,MO2210-P-5900,sell,10,35.8,34.01,180.0,1789.9999999999998,contract_switch
P75,2022-09-20,MO2210-P-5800,buy,11,25.0,26.25,198.0,1375.0,new_contract
P75,2022-09-21,MO2210-P-5800,sell,11,23.6,22.42,198.0,1298.0000000000002,contract_switch
P75,2022-09-21,MO2210-P-5700,buy,12,17.6,18.48,216.0,1056.0000000000002,new_contract
P75,2022-09-22,MO2210-P-5700,sell,12,14.6,13.87,216.0,876.0,contract_switch
P75,2022-09-22,MO2211-P-5700,buy,9,54.0,56.7,162.0,2430.0,new_contract
P75,2022-09-23,MO2211-P-5700,buy,1,64.8,68.03999999999999,18.0,324.0,target_increase
P75,2022-09-28,MO2211-P-5700,sell,10,74.8,71.06,180.0,3740.0000000000005,contract_switch
P75,2022-09-28,MO2211-P-5600,buy,18,58.6,61.53,324.0,5274.0,new_contract
P75,2022-09-30,MO2211-P-5600,sell,18,72.8,69.16,324.0,6552.0,contract_switch
P75,2022-09-30,MO2211-P-5500,buy,18,58.0,60.9,324.0,5220.0,new_contract
P75,2022-10-12,MO2211-P-5500,sell,18,36.4,34.58,324.0,3276.0,contract_switch
P75,2022-10-12,MO2211-P-5300,buy,18,20.0,21.0,324.0,1800.0,new_contract
P75,2022-10-13,MO2211-P-5300,buy,1,11.6,12.18,18.0,57.99999999999999,target_increase
P75,2022-10-17,MO2211-P-5300,buy,8,5.6,5.88,144.0,223.99999999999997,target_increase
P75,2022-10-19,MO2211-P-5300,buy,1,6.4,6.720000000000001,18.0,32.00000000000001,target_increase
P75,2022-10-20,MO2211-P-5300,sell,28,5.8,5.51,504.0,811.9999999999999,contract_switch
P75,2022-10-20,MO2212-P-5300,buy,18,16.8,17.64,324.0,1512.0,new_contract
P75,2022-10-21,MO2212-P-5300,buy,2,22.0,23.1,36.0,220.00000000000003,target_increase
P75,2022-10-24,MO2212-P-5300,buy,1,28.6,30.03,18.0,143.00000000000003,target_increase
P75,2022-10-27,MO2212-P-5300,buy,3,17.6,18.48,54.0,264.00000000000006,target_increase
P75,2022-11-02,MO2212-P-5300,buy,3,9.6,10.08,54.0,144.0,target_increase
P75,2022-11-07,MO2212-P-5300,buy,6,3.4,3.6,108.0,120.00000000000001,target_increase
P75,2022-11-14,MO2212-P-5300,buy,5,3.8,4.0,90.0,100.0,target_increase
P75,2022-11-18,MO2212-P-5300,buy,4,2.4,2.6,72.0,80.0,target_increase
P75,2022-11-22,MO2212-P-5300,sell,42,2.0,1.8,756.0,840.0,contract_switch
P75,2022-11-22,MO2301-P-5600,buy,21,15.6,16.38,378.0,1638.0,new_contract
P75,2022-12-02,MO2301-P-5600,buy,1,6.6,6.93,18.0,33.0,target_increase
P75,2022-12-05,MO2301-P-5600,buy,2,5.8,6.09,36.0,57.99999999999999,target_increase
P75,2022-12-06,MO2301-P-5600,buy,3,5.8,6.09,54.0,86.99999999999999,target_increase
P75,2022-12-14,MO2301-P-5600,buy,2,4.8,5.04,36.0,48.0,target_increase
P75,2022-12-19,MO2301-P-5600,buy,8,6.8,7.14,144.0,272.0,target_increase
P75,2022-12-22,MO2301-P-5600,sell,37,12.0,11.4,666.0,2220.0000000000005,contract_switch
P75,2022-12-22,MO2302-P-5700,buy,18,31.0,32.55,324.0,2790.0,new_contract
P75,2022-12-23,MO2302-P-5700,sell,18,42.6,40.47,324.0,3834.0000000000005,contract_switch
P75,2022-12-23,MO2302-P-5600,buy,18,31.6,33.18,324.0,2844.0,new_contract
P75,2022-12-26,MO2302-P-5600,sell,18,16.4,15.579999999999998,324.0,1476.0,contract_switch
P75,2022-12-26,MO2302-P-5500,buy,17,11.6,12.18,306.0,986.0,new_contract
P75,2022-12-27,MO2302-P-5500,buy,4,9.6,10.08,72.0,192.0,target_increase
P75,2022-12-28,MO2302-P-5500,buy,6,10.4,10.92,108.0,312.0,target_increase
P75,2023-01-04,MO2302-P-5500,buy,3,4.8,5.04,54.0,72.0,target_increase
P75,2023-01-09,MO2302-P-5500,buy,2,4.2,4.41,36.0,42.00000000000001,target_increase
P75,2023-01-10,MO2302-P-5500,buy,2,4.4,4.62,36.0,44.00000000000001,target_increase
P75,2023-01-11,MO2302-P-5500,buy,1,4.2,4.41,18.0,21.000000000000004,target_increase
P75,2023-01-16,MO2302-P-5500,buy,4,2.4,2.6,72.0,80.0,target_increase
P75,2023-01-18,MO2302-P-5500,buy,4,1.6,1.8,72.0,80.0,target_increase
P75,2023-01-19,MO2302-P-5500,sell,43,1.6,1.4000000000000001,774.0,860.0,contract_switch
P75,2023-01-19,MO2303-P-5200,buy,40,3.8,4.0,720.0,800.0,new_contract
P75,2023-01-30,MO2303-P-5200,buy,9,2.0,2.2,162.0,180.0,target_increase
P75,2023-02-02,MO2303-P-5200,buy,2,1.8,2.0,36.0,40.0,target_increase
P75,2023-02-10,MO2303-P-5200,buy,6,1.2,1.4,108.0,120.00000000000001,target_increase
P75,2023-02-17,MO2303-P-5200,buy,3,1.0,1.2,54.0,60.00000000000001,target_increase
P75,2023-02-21,MO2303-P-5200,sell,60,0.8,0.6000000000000001,1080.0,1200.0,contract_switch
P75,2023-02-21,MO2304-P-6000,buy,19,8.4,8.82,342.0,798.0,new_contract
P75,2023-02-22,MO2304-P-6000,buy,2,7.8,8.19,36.0,78.0,target_increase
P75,2023-02-23,MO2304-P-6000,buy,1,8.2,8.61,18.0,41.0,target_increase
P75,2023-02-27,MO2304-P-6000,buy,4,11.6,12.18,72.0,231.99999999999997,target_increase
P75,2023-03-14,MO2304-P-6000,buy,3,10.0,10.5,54.0,150.0,target_increase
P75,2023-03-20,MO2304-P-6000,buy,1,8.0,8.4,18.0,40.0,target_increase
P75,2023-03-23,MO2304-P-6000,sell,30,2.8,2.5999999999999996,540.0,600.0,contract_switch
P75,2023-03-23,MO2305-P-6000,buy,25,8.6,9.03,450.0,1075.0,new_contract
P75,2023-03-29,MO2305-P-6000,buy,3,6.4,6.720000000000001,54.0,96.00000000000001,target_increase
P75,2023-04-10,MO2305-P-6000,buy,8,2.2,2.4000000000000004,144.0,160.0,target_increase
P75,2023-04-17,MO2305-P-6000,buy,1,1.2,1.4,18.0,20.0,target_increase
P75,2023-04-18,MO2305-P-6000,buy,3,1.0,1.2,54.0,60.00000000000001,target_increase
P75,2023-04-20,MO2305-P-6000,sell,40,1.8,1.6,720.0,800.0,contract_switch
P75,2023-04-20,MO2306-P-5200,buy,38,2.0,2.2,684.0,760.0,new_contract
P75,2023-04-21,MO2306-P-5200,buy,2,2.2,2.4000000000000004,36.0,40.0,target_increase
P75,2023-04-25,MO2306-P-5200,buy,4,2.8,3.0,72.0,80.0,target_increase
P75,2023-04-28,MO2306-P-5200,buy,1,1.6,1.8,18.0,20.0,target_increase
P75,2023-05-04,MO2306-P-5200,buy,4,1.6,1.8,72.0,80.0,target_increase
P75,2023-05-05,MO2306-P-5200,buy,2,1.6,1.8,36.0,40.0,target_increase
P75,2023-05-11,MO2306-P-5200,buy,3,1.4,1.5999999999999999,54.0,60.00000000000001,target_increase
P75,2023-05-22,MO2306-P-5200,buy,9,0.8,1.0,162.0,180.0,target_increase
P75,2023-05-23,MO2306-P-5200,sell,63,0.6,0.39999999999999997,1134.0,1260.0000000000002,contract_switch
P75,2023-05-23,MO2307-P-5800,buy,24,7.8,8.19,432.0,936.0,new_contract
P75,2023-05-29,MO2307-P-5800,buy,4,6.2,6.51,72.0,124.00000000000003,target_increase
P75,2023-06-05,MO2307-P-5800,buy,2,4.0,4.2,36.0,40.0,target_increase
P75,2023-06-06,MO2307-P-5800,buy,1,7.8,8.19,18.0,39.0,target_increase
P75,2023-06-12,MO2307-P-5800,sell,31,4.0,3.8,558.0,620.0,contract_switch
P75,2023-06-12,MO2307-P-5700,buy,28,2.8,3.0,504.0,560.0,new_contract
P75,2023-06-13,MO2307-P-5700,buy,6,2.6,2.8000000000000003,108.0,120.00000000000001,target_increase
P75,2023-06-16,MO2307-P-5700,buy,3,1.4,1.5999999999999999,54.0,60.00000000000001,target_increase
P75,2023-06-21,MO2307-P-5700,buy,1,1.4,1.5999999999999999,18.0,20.0,target_increase
P75,2023-06-26,MO2307-P-5700,sell,38,2.2,2.0,684.0,760.0,contract_switch
P75,2023-06-26,MO2308-P-5700,buy,31,6.2,6.51,558.0,961.0000000000001,new_contract
P75,2023-07-05,MO2308-P-5700,buy,3,2.2,2.4000000000000004,54.0,60.00000000000001,target_increase
P75,2023-07-14,MO2308-P-5700,buy,6,2.0,2.2,108.0,120.00000000000001,target_increase
P75,2023-07-17,MO2308-P-5700,buy,2,1.8,2.0,36.0,40.0,target_increase
P75,2023-07-20,MO2308-P-5700,sell,42,2.0,1.8,756.0,840.0,contract_switch
P75,2023-07-20,MO2309-P-5200,buy,38,1.8,2.0,684.0,760.0,new_contract
P75,2023-07-21,MO2309-P-5200,buy,1,1.8,2.0,18.0,20.0,target_increase
P75,2023-07-26,MO2309-P-5200,buy,2,1.4,1.5999999999999999,36.0,40.0,target_increase
P75,2023-07-28,MO2309-P-5200,buy,3,1.2,1.4,54.0,60.00000000000001,target_increase
P75,2023-08-01,MO2309-P-5200,buy,2,1.4,1.5999999999999999,36.0,40.0,target_increase
P75,2023-08-07,MO2309-P-5200,buy,8,1.2,1.4,144.0,160.0,target_increase
P75,2023-08-10,MO2309-P-5200,buy,2,1.0,1.2,36.0,40.0,target_increase
P75,2023-08-15,MO2309-P-5200,buy,1,1.2,1.4,18.0,20.0,target_increase
P75,2023-08-18,MO2309-P-5200,buy,6,2.2,2.4000000000000004,108.0,120.00000000000001,target_increase
P75,2023-08-22,MO2309-P-5200,sell,63,1.8,1.6,1134.0,1260.0000000000002,contract_switch
P75,2023-08-22,MO2310-P-5500,buy,17,15.2,15.959999999999999,306.0,1292.0,new_contract
P75,2023-08-23,MO2310-P-5500,sell,17,27.0,25.65,306.0,2295.0000000000005,contract_switch
P75,2023-08-23,MO2310-P-5400,buy,23,18.2,19.11,414.0,2093.0,new_contract
P75,2023-08-25,MO2310-P-5400,sell,23,33.2,31.540000000000003,414.0,3818.000000000001,contract_switch
P75,2023-08-25,MO2310-P-5300,buy,21,23.4,24.57,378.0,2457.0,new_contract
P75,2023-08-29,MO2310-P-5300,sell,21,7.8,7.41,378.0,819.0,contract_switch
P75,2023-08-29,MO2310-P-5200,buy,21,5.6,5.88,378.0,587.9999999999999,new_contract
P75,2023-08-30,MO2310-P-5200,buy,6,4.2,4.41,108.0,126.00000000000003,target_increase
P75,2023-08-31,MO2310-P-5200,buy,6,4.2,4.41,108.0,126.00000000000003,target_increase
P75,2023-09-05,MO2310-P-5200,buy,3,2.6,2.8000000000000003,54.0,60.00000000000001,target_increase
P75,2023-09-20,MO2310-P-5200,buy,6,2.2,2.4000000000000004,108.0,120.00000000000001,target_increase
P75,2023-09-21,MO2310-P-5200,sell,42,3.0,2.8,756.0,840.0,contract_switch
P75,2023-09-21,MO2311-P-5200,buy,24,7.2,7.5600000000000005,432.0,864.0,new_contract
P75,2023-09-22,MO2311-P-5200,buy,3,4.2,4.41,54.0,63.000000000000014,target_increase
P75,2023-09-26,MO2311-P-5200,buy,3,4.2,4.41,54.0,63.000000000000014,target_increase
P75,2023-09-28,MO2311-P-5200,buy,3,3.2,3.4000000000000004,54.0,60.00000000000001,target_increase
P75,2023-10-11,MO2311-P-5200,buy,6,1.8,2.0,108.0,120.00000000000001,target_increase
P75,2023-10-17,MO2311-P-5200,buy,1,2.4,2.6,18.0,20.0,target_increase
P75,2023-10-19,MO2311-P-5200,sell,40,6.0,5.7,720.0,1200.0000000000002,contract_switch
P75,2023-10-19,MO2312-P-5200,buy,24,11.0,11.55,432.0,1320.0,new_contract
P75,2023-10-24,MO2312-P-5200,sell,24,32.4,30.779999999999998,432.0,3888.0000000000005,contract_switch
P75,2023-10-24,MO2312-P-5100,buy,18,23.2,24.36,324.0,2088.0,new_contract
P75,2023-10-25,MO2312-P-5100,sell,18,13.8,13.110000000000001,324.0,1242.0000000000002,contract_switch
P75,2023-10-25,MO2312-P-5000,buy,21,9.2,9.66,378.0,966.0,new_contract
P75,2023-10-27,MO2312-P-5000,buy,4,3.6,3.8000000000000003,72.0,80.0,target_increase
P75,2023-10-30,MO2312-P-5000,buy,6,2.8,3.0,108.0,120.00000000000001,target_increase
P75,2023-11-07,MO2312-P-5000,buy,6,1.8,2.0,108.0,120.00000000000001,target_increase
P75,2023-11-08,MO2312-P-5000,buy,2,1.4,1.5999999999999999,36.0,40.0,target_increase
P75,2023-11-09,MO2312-P-5000,buy,5,1.4,1.5999999999999999,90.0,100.0,target_increase
P75,2023-11-14,MO2312-P-5000,buy,2,1.0,1.2,36.0,40.0,target_increase
P75,2023-11-17,MO2312-P-5000,buy,2,1.0,1.2,36.0,40.0,target_increase
P75,2023-11-21,MO2312-P-5000,sell,48,0.6,0.39999999999999997,864.0,960.0000000000001,contract_switch
P75,2023-11-21,MO2401-P-5000,buy,27,1.6,1.8,486.0,540.0,new_contract
P75,2023-11-22,MO2401-P-5000,buy,4,2.0,2.2,72.0,80.0,target_increase
P75,2023-11-23,MO2401-P-5000,buy,2,1.8,2.0,36.0,40.0,target_increase
P75,2023-11-29,MO2401-P-5000,buy,3,2.0,2.2,54.0,60.00000000000001,target_increase
P75,2023-12-14,MO2401-P-5000,buy,2,2.2,2.4000000000000004,36.0,40.0,target_increase
P75,2023-12-22,MO2401-P-5000,sell,38,2.8,2.5999999999999996,684.0,760.0,contract_switch
P75,2023-12-22,MO2402-P-5100,buy,20,14.0,14.7,360.0,1400.0000000000002,new_contract
P75,2023-12-25,MO2402-P-5100,buy,1,13.2,13.86,18.0,66.0,target_increase
P75,2023-12-28,MO2402-P-5100,sell,21,7.4,7.03,378.0,777.0000000000001,contract_switch
P75,2023-12-28,MO2402-P-5000,buy,21,4.6,4.83,378.0,483.0,new_contract
P75,2023-12-29,MO2402-P-5000,buy,5,3.8,4.0,90.0,100.0,target_increase
P75,2024-01-02,MO2402-P-5000,buy,2,3.8,4.0,36.0,40.0,target_increase
P75,2024-01-04,MO2402-P-5000,buy,1,5.0,5.25,18.0,25.0,target_increase
P75,2024-01-10,MO2402-P-5000,sell,29,31.6,30.020000000000003,522.0,4582.0,contract_switch
P75,2024-01-10,MO2402-P-4950,buy,14,26.6,27.93,252.0,1862.0,new_contract
P75,2024-01-11,MO2402-P-4950,buy,3,14.6,15.33,54.0,219.0,target_increase
P75,2024-01-12,MO2402-P-4950,buy,3,15.6,16.38,54.0,234.0,target_increase
P75,2024-01-19,MO2402-P-4950,sell,20,52.4,49.78,360.0,5240.000000000001,contract_switch
P75,2024-01-19,MO2403-P-4850,buy,11,72.6,76.22999999999999,198.0,3993.0,new_contract
P75,2024-01-22,MO2403-P-4850,sell,11,328.2,311.78999999999996,198.0,18051.0,contract_switch
P75,2024-01-22,MO2403-P-4800,buy,12,298.2,313.11,216.0,17892.0,new_contract
P75,2024-01-23,MO2403-P-4800,sell,12,153.8,146.11,216.0,9228.000000000002,contract_switch
P75,2024-01-23,MO2403-P-4750,buy,11,139.4,146.37,198.0,7667.0,new_contract
P75,2024-01-24,MO2403-P-4750,sell,11,101.2,96.14,198.0,5566.0,contract_switch
P75,2024-01-24,MO2403-P-4500,buy,15,49.6,52.08,270.0,3720.0000000000005,new_contract
P75,2024-01-25,MO2403-P-4500,buy,6,20.6,21.630000000000003,108.0,618.0,target_increase
P75,2024-01-26,MO2403-P-4500,buy,5,25.0,26.25,90.0,625.0,target_increase
P75,2024-02-01,MO2403-P-4500,sell,26,156.6,148.76999999999998,468.0,20358.0,contract_switch
P75,2024-02-01,MO2403-P-4450,buy,13,134.8,141.54000000000002,234.0,8762.000000000002,new_contract
P75,2024-02-02,MO2403-P-4450,sell,13,220.8,209.76000000000002,234.0,14352.000000000002,contract_switch
P75,2024-02-02,MO2403-P-4300,buy,15,154.8,162.54000000000002,270.0,11610.000000000002,new_contract
P75,2024-02-05,MO2403-P-4300,sell,15,434.2,412.49,270.0,32565.000000000004,contract_switch
P75,2024-02-05,MO2403-P-4250,buy,15,405.4,425.66999999999996,270.0,30405.0,new_contract
P75,2024-02-06,MO2403-P-4250,sell,15,131.6,125.02,270.0,9870.0,contract_switch
P75,2024-02-06,MO2403-P-4100,buy,11,93.0,97.65,198.0,5115.000000000001,new_contract
P75,2024-02-07,MO2403-P-4100,sell,11,48.2,45.790000000000006,198.0,2651.0,contract_switch
P75,2024-02-07,MO2403-P-3850,buy,21,24.6,25.830000000000002,378.0,2583.0000000000005,new_contract
P75,2024-02-08,MO2403-P-3850,buy,5,8.0,8.4,90.0,200.0,target_increase
P75,2024-02-19,MO2403-P-3850,buy,1,4.4,4.62,18.0,22.000000000000004,target_increase
P75,2024-02-20,MO2403-P-3850,sell,27,2.6,2.4,486.0,540.0,contract_switch
P75,2024-02-20,MO2404-P-3850,buy,25,9.4,9.870000000000001,450.0,1175.0,new_contract
P75,2024-02-21,MO2404-P-3850,buy,5,9.8,10.290000000000001,90.0,245.00000000000003,target_increase
P75,2024-02-26,MO2404-P-3850,buy,4,4.8,5.04,72.0,96.0,target_increase
P75,2024-02-28,MO2404-P-3850,buy,2,5.8,6.09,36.0,57.99999999999999,target_increase
P75,2024-03-01,MO2404-P-3850,buy,1,2.8,3.0,18.0,20.0,target_increase
P75,2024-03-11,MO2404-P-3850,buy,2,1.6,1.8,36.0,40.0,target_increase
P75,2024-03-12,MO2404-P-3850,buy,5,1.2,1.4,90.0,100.0,target_increase
P75,2024-03-13,MO2404-P-3850,buy,4,1.0,1.2,72.0,80.0,target_increase
P75,2024-03-14,MO2404-P-3850,buy,9,1.0,1.2,162.0,180.0,target_increase
P75,2024-03-19,MO2404-P-3850,buy,18,0.8,1.0,324.0,360.0,target_increase
P75,2024-03-21,MO2404-P-3850,sell,75,0.8,0.6000000000000001,1350.0,1500.0,contract_switch
P75,2024-03-21,MO2405-P-4500,buy,27,5.6,5.88,486.0,756.0,new_contract
P75,2024-03-22,MO2405-P-4500,buy,1,7.4,7.7700000000000005,18.0,37.00000000000001,target_increase
P75,2024-03-25,MO2405-P-4500,buy,1,10.0,10.5,18.0,50.0,target_increase
P75,2024-04-03,MO2405-P-4500,buy,4,9.4,9.870000000000001,72.0,188.0,target_increase
P75,2024-04-23,MO2405-P-4500,sell,33,9.6,9.12,594.0,1584.0,contract_switch
P75,2024-04-23,MO2406-P-3800,buy,34,7.6,7.9799999999999995,612.0,1292.0,new_contract
P75,2024-04-25,MO2406-P-3800,buy,2,3.2,3.4000000000000004,36.0,40.0,target_increase
P75,2024-04-26,MO2406-P-3800,buy,2,1.8,2.0,36.0,40.0,target_increase
P75,2024-04-29,MO2406-P-3800,buy,5,1.8,2.0,90.0,100.0,target_increase
P75,2024-04-30,MO2406-P-3800,buy,7,1.6,1.8,126.0,140.0,target_increase
P75,2024-05-07,MO2406-P-3800,buy,2,1.8,2.0,36.0,40.0,target_increase
P75,2024-05-08,MO2406-P-3800,buy,4,1.6,1.8,72.0,80.0,target_increase
P75,2024-05-10,MO2406-P-3800,buy,1,1.4,1.5999999999999999,18.0,20.0,target_increase
P75,2024-05-21,MO2406-P-3800,buy,3,0.8,1.0,54.0,60.00000000000001,target_increase
P75,2024-05-22,MO2406-P-3800,buy,9,0.8,1.0,162.0,180.0,target_increase
P75,2024-05-23,MO2406-P-3800,sell,69,0.8,0.6000000000000001,1242.0,1380.0,contract_switch
P75,2024-05-23,MO2407-P-4650,buy,26,22.2,23.31,468.0,2886.0000000000005,new_contract
P75,2024-06-11,MO2407-P-4650,sell,26,25.8,24.51,468.0,3354.0,contract_switch
P75,2024-06-11,MO2407-P-4600,buy,16,20.0,21.0,288.0,1600.0,new_contract
P75,2024-06-12,MO2407-P-4600,buy,5,19.0,19.95,90.0,475.0,target_increase
P75,2024-06-13,MO2407-P-4600,buy,2,17.2,18.06,36.0,172.0,target_increase
P75,2024-06-19,MO2407-P-4600,buy,7,8.4,8.82,126.0,294.00000000000006,target_increase
P75,2024-06-20,MO2407-P-4600,sell,30,17.2,16.34,540.0,2580.0,contract_switch
P75,2024-06-20,MO2408-P-4600,buy,16,49.2,51.660000000000004,288.0,3936.0000000000005,new_contract
P75,2024-06-24,MO2408-P-4600,sell,16,97.0,92.15,288.0,7760.000000000001,contract_switch
P75,2024-06-24,MO2408-P-4550,buy,15,79.6,83.58,270.0,5970.0,new_contract
P75,2024-06-25,MO2408-P-4550,sell,15,92.8,88.16,270.0,6959.999999999999,contract_switch
P75,2024-06-25,MO2408-P-4500,buy,15,79.2,83.16,270.0,5940.000000000001,new_contract
P75,2024-06-26,MO2408-P-4500,sell,15,39.8,37.809999999999995,270.0,2985.0,contract_switch
P75,2024-06-26,MO2408-P-4350,buy,18,22.0,23.1,324.0,1980.0,new_contract
P75,2024-06-27,MO2408-P-4350,buy,2,37.4,39.269999999999996,36.0,374.0,target_increase
P75,2024-07-08,MO2408-P-4350,sell,20,53.0,50.35,360.0,5300.000000000001,contract_switch
P75,2024-07-08,MO2408-P-4250,buy,22,33.0,34.65,396.0,3630.0000000000005,new_contract
P75,2024-07-10,MO2408-P-4250,sell,22,23.8,22.61,396.0,2618.0000000000005,contract_switch
P75,2024-07-10,MO2408-P-4200,buy,21,18.0,18.9,378.0,1890.0000000000002,new_contract
P75,2024-07-12,MO2408-P-4200,buy,5,9.8,10.290000000000001,90.0,245.00000000000003,target_increase
P75,2024-07-22,MO2408-P-4200,buy,1,4.2,4.41,18.0,21.000000000000004,target_increase
P75,2024-07-23,MO2408-P-4200,sell,27,12.6,11.969999999999999,486.0,1701.0000000000002,contract_switch
P75,2024-07-23,MO2409-P-3800,buy,26,9.2,9.66,468.0,1196.0,new_contract
P75,2024-07-29,MO2409-P-3800,buy,1,6.6,6.93,18.0,33.0,target_increase
P75,2024-08-01,MO2409-P-3800,buy,8,2.6,2.8000000000000003,144.0,160.0,target_increase
P75,2024-08-13,MO2409-P-3800,buy,1,3.4,3.6,18.0,20.0,target_increase
P75,2024-08-19,MO2409-P-3800,buy,2,2.0,2.2,36.0,40.0,target_increase
P75,2024-08-20,MO2409-P-3800,buy,6,3.0,3.2,108.0,120.00000000000001,target_increase
P75,2024-08-22,MO2409-P-3800,sell,44,3.2,3.0,792.0,880.0000000000001,contract_switch
P75,2024-08-22,MO2410-P-4100,buy,18,35.0,36.75,324.0,3150.0,new_contract
P75,2024-08-23,MO2410-P-4100,sell,18,30.4,28.88,324.0,2736.0,contract_switch
P75,2024-08-23,MO2410-P-4050,buy,18,21.8,22.89,324.0,1962.0,new_contract
P75,2024-08-26,MO2410-P-4050,sell,18,20.0,19.0,324.0,1800.0,contract_switch
P75,2024-08-26,MO2410-P-4000,buy,20,15.0,15.75,360.0,1500.0,new_contract
P75,2024-08-27,MO2410-P-4000,buy,1,19.4,20.369999999999997,18.0,97.0,target_increase
P75,2024-09-02,MO2410-P-4000,buy,3,11.0,11.55,54.0,165.0,target_increase
P75,2024-09-04,MO2410-P-4000,buy,1,9.0,9.45,18.0,45.0,target_increase
P75,2024-09-19,MO2410-P-4000,sell,25,5.2,4.94,450.0,650.0,contract_switch
P75,2024-09-19,MO2411-P-3950,buy,18,23.0,24.15,324.0,2070.0000000000005,new_contract
P75,2024-09-23,MO2411-P-3950,buy,3,17.6,18.48,54.0,264.00000000000006,target_increase
P75,2024-09-25,MO2411-P-3950,buy,5,3.6,3.8000000000000003,90.0,100.0,target_increase
P75,2024-09-27,MO2411-P-3950,buy,10,1.4,1.5999999999999999,180.0,200.0,target_increase
P75,2024-09-30,MO2411-P-3950,buy,9,2.8,3.0,162.0,180.0,target_increase
P75,2024-10-22,MO2411-P-3950,sell,45,1.2,1.0,810.0,900.0,contract_switch
P75,2024-10-22,MO2412-P-3800,buy,24,2.8,3.0,432.0,480.00000000000006,new_contract
P75,2024-10-23,MO2412-P-3800,buy,2,2.4,2.6,36.0,40.0,target_increase
P75,2024-10-24,MO2412-P-3800,buy,1,2.2,2.4000000000000004,18.0,20.0,target_increase
P75,2024-10-28,MO2412-P-3800,buy,3,2.0,2.2,54.0,60.00000000000001,target_increase
P75,2024-10-31,MO2412-P-3800,buy,2,2.0,2.2,36.0,40.0,target_increase
P75,2024-11-01,MO2412-P-3800,buy,1,1.8,2.0,18.0,20.0,target_increase
P75,2024-11-08,MO2412-P-3800,buy,6,3.0,3.2,108.0,120.00000000000001,target_increase
P75,2024-11-11,MO2412-P-3800,buy,2,2.4,2.6,36.0,40.0,target_increase
P75,2024-11-13,MO2412-P-3800,buy,4,2.0,2.2,72.0,80.0,target_increase
P75,2024-11-18,MO2412-P-3800,buy,4,1.2,1.4,72.0,80.0,target_increase
P75,2024-11-21,MO2412-P-3800,sell,49,0.6,0.39999999999999997,882.0,980.0000000000001,contract_switch
P75,2024-11-21,MO2501-P-5100,buy,16,30.8,32.34,288.0,2464.0,new_contract
P75,2024-11-28,MO2501-P-5100,buy,2,30.0,31.5,36.0,300.0,target_increase
P75,2024-12-03,MO2501-P-5100,buy,2,15.0,15.75,36.0,150.0,target_increase
P75,2024-12-09,MO2501-P-5100,buy,4,10.4,10.92,72.0,208.0,target_increase
P75,2024-12-12,MO2501-P-5100,buy,4,6.2,6.51,72.0,124.00000000000003,target_increase
P75,2024-12-24,MO2501-P-5100,sell,28,2.8,2.5999999999999996,504.0,560.0,contract_switch
P75,2024-12-24,MO2502-P-5300,buy,15,38.8,40.739999999999995,270.0,2910.0,new_contract
P75,2024-12-31,MO2502-P-5300,buy,3,44.2,46.410000000000004,54.0,663.0000000000001,target_increase
P75,2025-01-06,MO2502-P-5300,sell,18,133.4,126.73,324.0,12006.000000000002,contract_switch
P75,2025-01-06,MO2502-P-5200,buy,12,103.2,108.36,216.0,6192.0,new_contract
P75,2025-01-07,MO2502-P-5200,sell,12,70.6,67.07,216.0,4236.0,contract_switch
P75,2025-01-07,MO2502-P-5000,buy,15,36.2,38.010000000000005,270.0,2715.0000000000005,new_contract
P75,2025-01-13,MO2502-P-5000,buy,1,52.8,55.44,18.0,264.0,target_increase
P75,2025-01-14,MO2502-P-5000,sell,16,23.8,22.61,288.0,1904.0000000000002,contract_switch
P75,2025-01-14,MO2502-P-4950,buy,13,18.2,19.11,234.0,1183.0,new_contract
P75,2025-01-15,MO2502-P-4950,buy,5,18.4,19.32,90.0,459.99999999999994,target_increase
P75,2025-01-20,MO2502-P-4950,buy,3,8.8,9.24,54.0,132.00000000000003,target_increase
P75,2025-01-22,MO2502-P-4950,buy,1,7.0,7.35,18.0,35.0,target_increase
P75,2025-01-23,MO2502-P-4950,sell,22,6.6,6.27,396.0,726.0000000000001,contract_switch
P75,2025-01-23,MO2503-P-3900,buy,28,2.8,3.0,504.0,560.0,new_contract
P75,2025-01-24,MO2503-P-3900,buy,5,2.6,2.8000000000000003,90.0,100.0,target_increase
P75,2025-01-27,MO2503-P-3900,buy,6,3.0,3.2,108.0,120.00000000000001,target_increase
P75,2025-02-07,MO2503-P-3900,buy,8,1.6,1.8,144.0,160.0,target_increase
P75,2025-02-10,MO2503-P-3900,buy,1,1.4,1.5999999999999999,18.0,20.0,target_increase
P75,2025-02-14,MO2503-P-3900,buy,3,1.6,1.8,54.0,60.00000000000001,target_increase
P75,2025-02-17,MO2503-P-3900,buy,9,1.4,1.5999999999999999,162.0,180.0,target_increase
P75,2025-02-19,MO2503-P-3900,buy,1,1.2,1.4,18.0,20.0,target_increase
P75,2025-02-20,MO2503-P-3900,sell,61,1.2,1.0,1098.0,1220.0,contract_switch
P75,2025-02-20,MO2504-P-5200,buy,19,13.0,13.65,342.0,1235.0,new_contract
P75,2025-02-21,MO2504-P-5200,buy,2,7.4,7.7700000000000005,36.0,74.00000000000001,target_increase
P75,2025-02-24,MO2504-P-5200,buy,3,8.2,8.61,54.0,123.0,target_increase
P75,2025-03-07,MO2504-P-5200,buy,1,5.0,5.25,18.0,25.0,target_increase
P75,2025-03-20,MO2504-P-5200,sell,25,2.8,2.5999999999999996,450.0,500.0,contract_switch
P75,2025-03-20,MO2505-P-5600,buy,10,25.0,26.25,180.0,1250.0,new_contract
P75,2025-03-21,MO2505-P-5600,buy,2,32.0,33.6,36.0,320.0,target_increase
P75,2025-04-08,MO2505-P-5600,sell,12,366.6,348.27000000000004,216.0,21996.000000000004,contract_switch
P75,2025-04-09,MO2505-P-4900,buy,14,64.4,67.62,252.0,4508.000000000001,new_contract
P75,2025-04-11,MO2505-P-4900,buy,4,20.4,21.419999999999998,72.0,408.0,target_increase
P75,2025-04-15,MO2505-P-4900,buy,5,11.6,12.18,90.0,290.0,target_increase
P75,2025-04-18,MO2505-P-4900,buy,1,10.2,10.709999999999999,18.0,51.0,target_increase
P75,2025-04-22,MO2505-P-4900,sell,24,5.6,5.319999999999999,432.0,671.9999999999999,contract_switch
P75,2025-04-22,MO2506-P-3900,buy,27,5.8,6.09,486.0,782.9999999999999,new_contract
P75,2025-04-23,MO2506-P-3900,buy,7,4.6,4.83,126.0,161.0,target_increase
P75,2025-04-28,MO2506-P-3900,buy,2,4.8,5.04,36.0,48.0,target_increase
P75,2025-05-07,MO2506-P-3900,buy,4,2.6,2.8000000000000003,72.0,80.0,target_increase
P75,2025-05-08,MO2506-P-3900,buy,1,2.4,2.6,18.0,20.0,target_increase
P75,2025-05-19,MO2506-P-3900,buy,1,1.4,1.5999999999999999,18.0,20.0,target_increase
P75,2025-05-20,MO2506-P-3900,buy,5,1.2,1.4,90.0,100.0,target_increase
P75,2025-05-21,MO2506-P-3900,buy,9,1.0,1.2,162.0,180.0,target_increase
P75,2025-05-22,MO2506-P-3900,sell,56,1.4,1.2,1008.0,1120.0,contract_switch
P75,2025-05-22,MO2507-P-5200,buy,16,35.2,36.96,288.0,2816.0000000000005,new_contract
P75,2025-05-30,MO2507-P-5200,buy,1,25.2,26.46,18.0,126.0,target_increase
P75,2025-06-03,MO2507-P-5200,buy,1,19.6,20.580000000000002,18.0,98.00000000000001,target_increase
P75,2025-06-05,MO2507-P-5200,buy,1,14.0,14.7,18.0,70.0,target_increase
P75,2025-06-10,MO2507-P-5200,buy,3,12.4,13.02,54.0,186.00000000000003,target_increase
P75,2025-06-17,MO2507-P-5200,buy,5,9.4,9.870000000000001,90.0,235.0,target_increase
P75,2025-06-18,MO2507-P-5200,buy,1,9.6,10.08,18.0,48.0,target_increase
P75,2025-06-19,MO2507-P-5200,sell,28,11.6,11.02,504.0,1623.9999999999998,contract_switch
P75,2025-06-19,MO2508-P-5300,buy,17,39.4,41.37,306.0,3349.0,new_contract
P75,2025-06-20,MO2508-P-5300,buy,1,38.4,40.32,18.0,192.0,target_increase
P75,2025-06-26,MO2508-P-5300,buy,1,11.6,12.18,18.0,57.99999999999999,target_increase
P75,2025-07-16,MO2508-P-5300,buy,3,4.0,4.2,54.0,60.00000000000001,target_increase
P75,2025-07-18,MO2508-P-5300,buy,5,3.0,3.2,90.0,100.0,target_increase
P75,2025-07-22,MO2508-P-5300,sell,27,2.4,2.1999999999999997,486.0,540.0,contract_switch
P75,2025-07-22,MO2509-P-4000,buy,30,4.0,4.2,540.0,600.0,new_contract
P75,2025-07-23,MO2509-P-4000,buy,3,4.4,4.62,54.0,66.00000000000001,target_increase
P75,2025-08-05,MO2509-P-4000,buy,8,2.8,3.0,144.0,160.0,target_increase
P75,2025-08-11,MO2509-P-4000,buy,3,2.6,2.8000000000000003,54.0,60.00000000000001,target_increase
P75,2025-08-12,MO2509-P-4000,buy,3,2.2,2.4000000000000004,54.0,60.00000000000001,target_increase
P75,2025-08-18,MO2509-P-4000,buy,1,1.2,1.4,18.0,20.0,target_increase
P75,2025-08-21,MO2509-P-4000,sell,48,1.2,1.0,864.0,960.0000000000001,contract_switch
P75,2025-08-21,MO2510-P-5800,buy,14,10.2,10.709999999999999,252.0,714.0,new_contract
P75,2025-08-25,MO2510-P-5800,buy,1,9.4,9.870000000000001,18.0,47.0,target_increase
P75,2025-08-28,MO2510-P-5800,buy,1,8.6,9.03,18.0,43.0,target_increase
P75,2025-09-08,MO2510-P-5800,buy,2,8.2,8.61,36.0,82.0,target_increase
P75,2025-09-12,MO2510-P-5800,buy,1,5.6,5.88,18.0,27.999999999999996,target_increase
P75,2025-09-15,MO2510-P-5800,buy,2,7.2,7.5600000000000005,36.0,72.00000000000001,target_increase
P75,2025-09-22,MO2510-P-5800,buy,3,2.4,2.6,54.0,60.00000000000001,target_increase
P75,2025-09-23,MO2510-P-5800,sell,24,3.0,2.8,432.0,480.00000000000006,contract_switch
P75,2025-09-23,MO2511-P-6300,buy,10,52.4,55.019999999999996,180.0,2620.0000000000005,new_contract
P75,2025-09-25,MO2511-P-6300,buy,2,30.6,32.13,36.0,306.00000000000006,target_increase
P75,2025-10-10,MO2511-P-6300,buy,5,10.8,11.34,90.0,270.0,target_increase
P75,2025-10-23,MO2511-P-6300,sell,17,6.6,6.27,306.0,561.0,contract_switch
P75,2025-10-23,MO2512-P-4900,buy,21,4.8,5.04,378.0,504.0,new_contract
P75,2025-10-24,MO2512-P-4900,buy,1,4.2,4.41,18.0,21.000000000000004,target_increase
P75,2025-10-27,MO2512-P-4900,buy,2,3.2,3.4000000000000004,36.0,40.0,target_increase
P75,2025-11-03,MO2512-P-4900,buy,2,3.2,3.4000000000000004,36.0,40.0,target_increase
P75,2025-11-04,MO2512-P-4900,buy,2,3.0,3.2,36.0,40.0,target_increase
P75,2025-11-10,MO2512-P-4900,buy,3,1.8,2.0,54.0,60.00000000000001,target_increase
P75,2025-11-17,MO2512-P-4900,buy,1,1.6,1.8,18.0,20.0,target_increase
P75,2025-11-18,MO2512-P-4900,buy,3,1.4,1.5999999999999999,54.0,60.00000000000001,target_increase
P75,2025-11-19,MO2512-P-4900,buy,3,1.2,1.4,54.0,60.00000000000001,target_increase
P75,2025-11-20,MO2512-P-4900,sell,38,1.4,1.2,684.0,760.0,contract_switch
P75,2025-11-20,MO2601-P-6400,buy,11,33.4,35.07,198.0,1836.9999999999998,new_contract
P75,2025-11-21,MO2601-P-6400,buy,1,64.8,68.03999999999999,18.0,324.0,target_increase
P75,2025-11-25,MO2601-P-6400,sell,12,37.0,35.15,216.0,2220.0000000000005,contract_switch
P75,2025-11-25,MO2601-P-6300,buy,9,27.2,28.56,162.0,1224.0,new_contract
P75,2025-11-26,MO2601-P-6300,buy,3,23.0,24.15,54.0,345.0,target_increase
P75,2025-11-27,MO2601-P-6300,buy,1,20.4,21.419999999999998,18.0,102.0,target_increase
P75,2025-12-04,MO2601-P-6300,buy,1,11.0,11.55,18.0,55.00000000000001,target_increase
P75,2025-12-05,MO2601-P-6300,buy,1,9.0,9.45,18.0,45.0,target_increase
P75,2025-12-08,MO2601-P-6300,buy,2,6.8,7.14,36.0,68.0,target_increase
P75,2025-12-16,MO2601-P-6300,buy,1,8.4,8.82,18.0,42.00000000000001,target_increase
P75,2025-12-18,MO2601-P-6300,sell,18,7.0,6.65,324.0,630.0000000000001,contract_switch
P75,2025-12-18,MO2602-P-6300,buy,12,24.0,25.2,216.0,1440.0000000000002,new_contract
P75,2025-12-22,MO2602-P-6300,buy,2,14.0,14.7,36.0,140.0,target_increase
P75,2025-12-25,MO2602-P-6300,buy,1,7.4,7.7700000000000005,18.0,37.00000000000001,target_increase
P75,2025-12-29,MO2602-P-6300,buy,2,8.8,9.24,36.0,88.00000000000001,target_increase
P75,2026-01-08,MO2602-P-6300,buy,2,3.4,3.6,36.0,40.0,target_increase
P75,2026-01-12,MO2602-P-6300,buy,4,3.8,4.0,72.0,80.0,target_increase
P75,2026-01-16,MO2602-P-6300,buy,2,2.6,2.8000000000000003,36.0,40.0,target_increase
P75,2026-01-19,MO2602-P-6300,buy,2,2.0,2.2,36.0,40.0,target_increase
P75,2026-01-20,MO2602-P-6300,sell,27,2.6,2.4,486.0,540.0,contract_switch
P75,2026-01-20,MO2603-P-4900,buy,28,2.2,2.4000000000000004,504.0,560.0,new_contract
P75,2026-01-21,MO2603-P-4900,buy,4,2.2,2.4000000000000004,72.0,80.0,target_increase
P75,2026-01-22,MO2603-P-4900,buy,6,2.0,2.2,108.0,120.00000000000001,target_increase
P75,2026-02-10,MO2603-P-4900,buy,4,2.2,2.4000000000000004,72.0,80.0,target_increase
P75,2026-02-12,MO2603-P-4900,buy,1,2.0,2.2,18.0,20.0,target_increase
P75,2026-02-13,MO2603-P-4900,buy,2,2.8,3.0,36.0,40.0,target_increase
P75,2026-02-25,MO2603-P-4900,sell,45,1.0,0.8,810.0,900.0,contract_switch
P75,2026-02-25,MO2604-P-7100,buy,13,21.4,22.47,234.0,1391.0,new_contract
P75,2026-02-26,MO2604-P-7100,buy,2,17.4,18.27,36.0,174.0,target_increase
P75,2026-03-19,MO2604-P-7100,sell,15,40.6,38.57,270.0,3045.0000000000005,contract_switch
P75,2026-03-19,MO2605-P-7200,buy,10,114.8,120.53999999999999,180.0,5740.000000000001,new_contract
P75,2026-03-23,MO2605-P-7200,sell,10,341.8,324.71000000000004,180.0,17090.0,contract_switch
P75,2026-03-23,MO2605-P-7100,buy,9,308.2,323.61,162.0,13869.0,new_contract
P75,2026-03-24,MO2605-P-7100,sell,9,166.4,158.08,162.0,7488.0,contract_switch
P75,2026-03-24,MO2605-P-7000,buy,9,142.2,149.31,162.0,6398.999999999999,new_contract
P75,2026-03-25,MO2605-P-7000,sell,9,101.4,96.33000000000001,162.0,4563.0,contract_switch
P75,2026-03-25,MO2605-P-6600,buy,16,51.0,53.55,288.0,4080.0000000000005,new_contract
P75,2026-03-27,MO2605-P-6600,buy,2,55.6,58.38,36.0,556.0,target_increase
P75,2026-03-30,MO2605-P-6600,buy,2,57.6,60.480000000000004,36.0,576.0000000000001,target_increase
P75,2026-04-09,MO2605-P-6600,buy,2,17.6,18.48,36.0,176.00000000000003,target_increase
P75,2026-04-10,MO2605-P-6600,buy,3,16.8,17.64,54.0,252.00000000000006,target_increase
P75,2026-04-13,MO2605-P-6600,buy,1,18.8,19.740000000000002,18.0,94.0,target_increase
P75,2026-04-14,MO2605-P-6600,buy,1,14.0,14.7,18.0,70.0,target_increase
P75,2026-04-15,MO2605-P-6600,buy,3,12.6,13.23,54.0,189.0,target_increase
P75,2026-04-17,MO2605-P-6600,buy,4,6.8,7.14,72.0,136.0,target_increase
P75,2026-04-20,MO2605-P-6600,buy,2,5.6,5.88,36.0,55.99999999999999,target_increase
P75,2026-04-21,MO2605-P-6600,sell,36,3.6,3.4,648.0,720.0,contract_switch
P75,2026-04-21,MO2606-P-5200,buy,34,5.8,6.09,612.0,986.0,new_contract
P75,2026-04-22,MO2606-P-5200,buy,1,4.6,4.83,18.0,23.0,target_increase
P75,2026-04-23,MO2606-P-5200,buy,3,4.4,4.62,54.0,66.00000000000001,target_increase
P75,2026-04-27,MO2606-P-5200,buy,1,4.0,4.2,18.0,20.0,target_increase
P75,2026-04-28,MO2606-P-5200,buy,3,3.6,3.8000000000000003,54.0,60.00000000000001,target_increase
P75,2026-04-29,MO2606-P-5200,buy,1,3.2,3.4000000000000004,18.0,20.0,target_increase
P75,2026-04-30,MO2606-P-5200,buy,5,2.8,3.0,90.0,100.0,target_increase
P75,2026-05-21,MO2606-P-5200,sell,48,1.4,1.2,864.0,960.0000000000001,contract_switch
P75,2026-05-21,MO2607-P-7400,buy,12,67.8,71.19,216.0,4068.0,new_contract
P75,2026-06-10,MO2607-P-7400,sell,12,75.4,71.63000000000001,216.0,4524.000000000001,contract_switch
P75,2026-06-10,MO2607-P-7200,buy,12,48.8,51.239999999999995,216.0,2928.0,new_contract
P75,2026-06-16,MO2607-P-7200,buy,2,14.8,15.540000000000001,36.0,148.00000000000003,target_increase
P75,2026-06-17,MO2607-P-7200,buy,1,11.8,12.39,18.0,59.00000000000001,target_increase
P75,2026-06-22,MO2607-P-7200,buy,1,5.2,5.46,18.0,26.0,target_increase
P75,2026-06-23,MO2607-P-7200,sell,16,6.4,6.08,288.0,512.0000000000001,contract_switch
P75,2026-06-23,MO2608-P-7200,buy,11,43.4,45.57,198.0,2386.9999999999995,new_contract
P75,2026-06-25,MO2608-P-7200,buy,1,32.8,34.44,18.0,164.0,target_increase
P75,2026-07-06,MO2608-P-7200,buy,1,27.2,28.56,18.0,136.0,target_increase
P75,2026-07-15,MO2608-P-7200,sell,13,93.8,89.11,234.0,6097.000000000001,contract_switch
P75,2026-07-15,MO2608-P-7000,buy,17,56.6,59.43,306.0,4811.0,new_contract
P75,2026-07-20,MO2608-P-7000,sell,17,412.8,392.16,306.0,35088.0,contract_switch
P75,2026-07-20,MO2608-P-6800,buy,10,309.0,324.45,180.0,15450.0,new_contract
P75,2026-07-21,MO2608-P-6800,sell,10,146.0,138.7,180.0,7300.0,contract_switch
P75,2026-07-21,MO2608-P-6400,buy,11,66.4,69.72,198.0,3652.0000000000005,new_contract
P75,2026-07-22,MO2608-P-6400,sell,11,66.0,62.7,198.0,3630.0000000000005,contract_switch
P75,2026-07-22,MO2608-P-6200,buy,17,41.0,43.05,306.0,3485.0,new_contract
P75,2026-07-23,MO2608-P-6200,sell,17,21.2,20.14,306.0,1802.0,contract_switch
P75,2026-07-23,MO2609-P-6200,buy,13,66.0,69.3,234.0,4290.000000000001,new_contract
P75,2026-07-24,MO2609-P-6200,buy,2,106.8,112.14,36.0,1068.0,target_increase
P75,2026-07-28,MO2609-P-6200,buy,2,102.6,107.72999999999999,36.0,1026.0,target_increase
P75,2026-08-03,MO2609-P-6200,buy,2,83.2,87.36,36.0,832.0,target_increase
P75,2026-08-05,MO2609-P-6200,buy,4,31.4,32.97,72.0,628.0,target_increase
P75,2026-08-06,MO2609-P-6200,buy,4,32.2,33.81,72.0,644.0000000000001,target_increase
P75,2026-08-07,MO2609-P-6200,buy,1,21.8,22.89,18.0,109.00000000000001,target_increase
P75,2026-08-10,MO2609-P-6200,buy,2,18.4,19.32,36.0,184.0,target_increase
P75,2026-08-11,MO2609-P-6200,buy,2,18.2,19.11,36.0,182.0,target_increase
P75,2026-08-13,MO2609-P-6200,buy,1,16.6,17.43,18.0,83.0,target_increase
P75,2026-08-14,MO2609-P-6200,buy,2,12.6,13.23,36.0,126.0,target_increase
P100,2022-07-25,MO2209-P-6300,buy,13,79.4,83.37,234.0,5161.000000000001,new_contract
P100,2022-07-27,MO2209-P-6300,sell,13,45.4,43.129999999999995,234.0,2951.0,contract_switch
P100,2022-07-27,MO2209-P-6200,buy,15,36.4,38.22,270.0,2730.0,new_contract
P100,2022-08-01,MO2209-P-6200,buy,1,32.6,34.230000000000004,18.0,163.0,target_increase
P100,2022-08-08,MO2209-P-6200,buy,1,29.2,30.66,18.0,146.0,target_increase
P100,2022-08-10,MO2209-P-6200,buy,1,28.8,30.240000000000002,18.0,144.00000000000003,target_increase
P100,2022-08-12,MO2209-P-6200,buy,2,18.4,19.32,36.0,184.0,target_increase
P100,2022-08-15,MO2209-P-6200,buy,2,12.0,12.6,36.0,120.00000000000001,target_increase
P100,2022-08-17,MO2209-P-6200,buy,3,7.2,7.5600000000000005,54.0,108.0,target_increase
P100,2022-08-18,MO2209-P-6200,buy,3,8.0,8.4,54.0,120.00000000000001,target_increase
P100,2022-08-23,MO2209-P-6200,sell,28,5.6,5.319999999999999,504.0,783.9999999999999,contract_switch
P100,2022-08-23,MO2210-P-6200,buy,17,26.0,27.3,306.0,2210.0,new_contract
P100,2022-08-24,MO2210-P-6200,buy,1,48.2,50.61,18.0,241.0,target_increase
P100,2022-09-02,MO2210-P-6200,sell,18,65.6,62.31999999999999,324.0,5904.0,contract_switch
P100,2022-09-02,MO2210-P-6000,buy,14,41.4,43.47,252.0,2897.9999999999995,new_contract
P100,2022-09-06,MO2210-P-6000,buy,1,22.4,23.52,18.0,111.99999999999999,target_increase
P100,2022-09-07,MO2210-P-6000,buy,3,16.0,16.8,54.0,240.00000000000003,target_increase
P100,2022-09-13,MO2210-P-6000,buy,2,11.8,12.39,36.0,118.00000000000001,target_increase
P100,2022-09-19,MO2210-P-6000,sell,20,67.6,64.22,360.0,6759.999999999999,contract_switch
P100,2022-09-19,MO2210-P-5900,buy,13,48.6,51.03,234.0,3159.0000000000005,new_contract
P100,2022-09-20,MO2210-P-5900,sell,13,35.8,34.01,234.0,2327.0,contract_switch
P100,2022-09-20,MO2210-P-5800,buy,14,25.0,26.25,252.0,1750.0,new_contract
P100,2022-09-21,MO2210-P-5800,sell,14,23.6,22.42,252.0,1652.0000000000002,contract_switch
P100,2022-09-21,MO2210-P-5700,buy,16,17.6,18.48,288.0,1408.0000000000002,new_contract
P100,2022-09-22,MO2210-P-5700,sell,16,14.6,13.87,288.0,1168.0,contract_switch
P100,2022-09-22,MO2211-P-5700,buy,12,54.0,56.7,216.0,3240.0000000000005,new_contract
P100,2022-09-23,MO2211-P-5700,buy,1,64.8,68.03999999999999,18.0,324.0,target_increase
P100,2022-09-28,MO2211-P-5700,sell,13,74.8,71.06,234.0,4862.0,contract_switch
P100,2022-09-28,MO2211-P-5600,buy,23,58.6,61.53,414.0,6739.0,new_contract
P100,2022-09-30,MO2211-P-5600,sell,23,72.8,69.16,414.0,8372.0,contract_switch
P100,2022-09-30,MO2211-P-5500,buy,23,58.0,60.9,414.0,6670.0,new_contract
P100,2022-10-12,MO2211-P-5500,sell,23,36.4,34.58,414.0,4186.0,contract_switch
P100,2022-10-12,MO2211-P-5300,buy,23,20.0,21.0,414.0,2300.0,new_contract
P100,2022-10-13,MO2211-P-5300,buy,2,11.6,12.18,36.0,115.99999999999999,target_increase
P100,2022-10-17,MO2211-P-5300,buy,10,5.6,5.88,180.0,280.0,target_increase
P100,2022-10-19,MO2211-P-5300,buy,2,6.4,6.720000000000001,36.0,64.00000000000001,target_increase
P100,2022-10-20,MO2211-P-5300,sell,37,5.8,5.51,666.0,1072.9999999999998,contract_switch
P100,2022-10-20,MO2212-P-5300,buy,24,16.8,17.64,432.0,2016.0000000000005,new_contract
P100,2022-10-21,MO2212-P-5300,buy,2,22.0,23.1,36.0,220.00000000000003,target_increase
P100,2022-10-24,MO2212-P-5300,buy,2,28.6,30.03,36.0,286.00000000000006,target_increase
P100,2022-10-27,MO2212-P-5300,buy,4,17.6,18.48,72.0,352.00000000000006,target_increase
P100,2022-11-02,MO2212-P-5300,buy,4,9.6,10.08,72.0,192.0,target_increase
P100,2022-11-07,MO2212-P-5300,buy,7,3.4,3.6,126.0,140.0,target_increase
P100,2022-11-14,MO2212-P-5300,buy,7,3.8,4.0,126.0,140.0,target_increase
P100,2022-11-18,MO2212-P-5300,buy,6,2.4,2.6,108.0,120.00000000000001,target_increase
P100,2022-11-22,MO2212-P-5300,sell,56,2.0,1.8,1008.0,1120.0,contract_switch
P100,2022-11-22,MO2301-P-5600,buy,27,15.6,16.38,486.0,2106.0,new_contract
P100,2022-11-30,MO2301-P-5600,buy,1,15.0,15.75,18.0,75.0,target_increase
P100,2022-12-02,MO2301-P-5600,buy,1,6.6,6.93,18.0,33.0,target_increase
P100,2022-12-05,MO2301-P-5600,buy,2,5.8,6.09,36.0,57.99999999999999,target_increase
P100,2022-12-06,MO2301-P-5600,buy,4,5.8,6.09,72.0,115.99999999999999,target_increase
P100,2022-12-08,MO2301-P-5600,buy,1,4.6,4.83,18.0,23.0,target_increase
P100,2022-12-14,MO2301-P-5600,buy,2,4.8,5.04,36.0,48.0,target_increase
P100,2022-12-19,MO2301-P-5600,buy,11,6.8,7.14,198.0,374.0,target_increase
P100,2022-12-22,MO2301-P-5600,sell,49,12.0,11.4,882.0,2940.0000000000005,contract_switch
P100,2022-12-22,MO2302-P-5700,buy,24,31.0,32.55,432.0,3720.0000000000005,new_contract
P100,2022-12-23,MO2302-P-5700,sell,24,42.6,40.47,432.0,5112.0,contract_switch
P100,2022-12-23,MO2302-P-5600,buy,23,31.6,33.18,414.0,3634.0000000000005,new_contract
P100,2022-12-26,MO2302-P-5600,sell,23,16.4,15.579999999999998,414.0,1886.0,contract_switch
P100,2022-12-26,MO2302-P-5500,buy,22,11.6,12.18,396.0,1276.0,new_contract
P100,2022-12-27,MO2302-P-5500,buy,5,9.6,10.08,90.0,240.0,target_increase
P100,2022-12-28,MO2302-P-5500,buy,8,10.4,10.92,144.0,416.0,target_increase
P100,2023-01-04,MO2302-P-5500,buy,5,4.8,5.04,90.0,120.0,target_increase
P100,2023-01-09,MO2302-P-5500,buy,2,4.2,4.41,36.0,42.00000000000001,target_increase
P100,2023-01-10,MO2302-P-5500,buy,3,4.4,4.62,54.0,66.00000000000001,target_increase
P100,2023-01-11,MO2302-P-5500,buy,1,4.2,4.41,18.0,21.000000000000004,target_increase
P100,2023-01-16,MO2302-P-5500,buy,6,2.4,2.6,108.0,120.00000000000001,target_increase
P100,2023-01-18,MO2302-P-5500,buy,5,1.6,1.8,90.0,100.0,target_increase
P100,2023-01-19,MO2302-P-5500,sell,57,1.6,1.4000000000000001,1026.0,1140.0,contract_switch
P100,2023-01-19,MO2303-P-5200,buy,53,3.8,4.0,954.0,1060.0000000000002,new_contract
P100,2023-01-30,MO2303-P-5200,buy,12,2.0,2.2,216.0,240.00000000000003,target_increase
P100,2023-02-02,MO2303-P-5200,buy,2,1.8,2.0,36.0,40.0,target_increase
P100,2023-02-10,MO2303-P-5200,buy,8,1.2,1.4,144.0,160.0,target_increase
P100,2023-02-17,MO2303-P-5200,buy,5,1.0,1.2,90.0,100.0,target_increase
P100,2023-02-21,MO2303-P-5200,sell,80,0.8,0.6000000000000001,1440.0,1600.0,contract_switch
P100,2023-02-21,MO2304-P-6000,buy,25,8.4,8.82,450.0,1050.0000000000002,new_contract
P100,2023-02-22,MO2304-P-6000,buy,2,7.8,8.19,36.0,78.0,target_increase
P100,2023-02-23,MO2304-P-6000,buy,2,8.2,8.61,36.0,82.0,target_increase
P100,2023-02-27,MO2304-P-6000,buy,5,11.6,12.18,90.0,290.0,target_increase
P100,2023-03-14,MO2304-P-6000,buy,4,10.0,10.5,72.0,200.0,target_increase
P100,2023-03-20,MO2304-P-6000,buy,1,8.0,8.4,18.0,40.0,target_increase
P100,2023-03-22,MO2304-P-6000,buy,1,3.6,3.8000000000000003,18.0,20.0,target_increase
P100,2023-03-23,MO2304-P-6000,sell,40,2.8,2.5999999999999996,720.0,800.0,contract_switch
P100,2023-03-23,MO2305-P-6000,buy,33,8.6,9.03,594.0,1419.0,new_contract
P100,2023-03-29,MO2305-P-6000,buy,4,6.4,6.720000000000001,72.0,128.00000000000003,target_increase
P100,2023-04-10,MO2305-P-6000,buy,10,2.2,2.4000000000000004,180.0,200.0,target_increase
P100,2023-04-17,MO2305-P-6000,buy,2,1.2,1.4,36.0,40.0,target_increase
P100,2023-04-18,MO2305-P-6000,buy,4,1.0,1.2,72.0,80.0,target_increase
P100,2023-04-20,MO2305-P-6000,sell,53,1.8,1.6,954.0,1060.0000000000002,contract_switch
P100,2023-04-20,MO2306-P-5200,buy,50,2.0,2.2,900.0,1000.0,new_contract
P100,2023-04-21,MO2306-P-5200,buy,3,2.2,2.4000000000000004,54.0,60.00000000000001,target_increase
P100,2023-04-25,MO2306-P-5200,buy,5,2.8,3.0,90.0,100.0,target_increase
P100,2023-04-28,MO2306-P-5200,buy,2,1.6,1.8,36.0,40.0,target_increase
P100,2023-05-04,MO2306-P-5200,buy,5,1.6,1.8,90.0,100.0,target_increase
P100,2023-05-05,MO2306-P-5200,buy,3,1.6,1.8,54.0,60.00000000000001,target_increase
P100,2023-05-11,MO2306-P-5200,buy,3,1.4,1.5999999999999999,54.0,60.00000000000001,target_increase
P100,2023-05-22,MO2306-P-5200,buy,12,0.8,1.0,216.0,240.00000000000003,target_increase
P100,2023-05-23,MO2306-P-5200,sell,83,0.6,0.39999999999999997,1494.0,1660.0000000000002,contract_switch
P100,2023-05-23,MO2307-P-5800,buy,31,7.8,8.19,558.0,1209.0,new_contract
P100,2023-05-24,MO2307-P-5800,buy,1,6.0,6.3,18.0,30.000000000000004,target_increase
P100,2023-05-29,MO2307-P-5800,buy,5,6.2,6.51,90.0,155.00000000000003,target_increase
P100,2023-06-05,MO2307-P-5800,buy,2,4.0,4.2,36.0,40.0,target_increase
P100,2023-06-06,MO2307-P-5800,buy,2,7.8,8.19,36.0,78.0,target_increase
P100,2023-06-12,MO2307-P-5800,sell,41,4.0,3.8,738.0,820.0000000000001,contract_switch
P100,2023-06-12,MO2307-P-5700,buy,37,2.8,3.0,666.0,740.0,new_contract
P100,2023-06-13,MO2307-P-5700,buy,8,2.6,2.8000000000000003,144.0,160.0,target_increase
P100,2023-06-16,MO2307-P-5700,buy,4,1.4,1.5999999999999999,72.0,80.0,target_increase
P100,2023-06-21,MO2307-P-5700,buy,1,1.4,1.5999999999999999,18.0,20.0,target_increase
P100,2023-06-26,MO2307-P-5700,sell,50,2.2,2.0,900.0,1000.0,contract_switch
P100,2023-06-26,MO2308-P-5700,buy,41,6.2,6.51,738.0,1271.0000000000002,new_contract
P100,2023-07-05,MO2308-P-5700,buy,4,2.2,2.4000000000000004,72.0,80.0,target_increase
P100,2023-07-14,MO2308-P-5700,buy,8,2.0,2.2,144.0,160.0,target_increase
P100,2023-07-17,MO2308-P-5700,buy,2,1.8,2.0,36.0,40.0,target_increase
P100,2023-07-20,MO2308-P-5700,sell,55,2.0,1.8,990.0,1100.0,contract_switch
P100,2023-07-20,MO2309-P-5200,buy,50,1.8,2.0,900.0,1000.0,new_contract
P100,2023-07-21,MO2309-P-5200,buy,1,1.8,2.0,18.0,20.0,target_increase
P100,2023-07-24,MO2309-P-5200,buy,1,1.6,1.8,18.0,20.0,target_increase
P100,2023-07-26,MO2309-P-5200,buy,2,1.4,1.5999999999999999,36.0,40.0,target_increase
P100,2023-07-28,MO2309-P-5200,buy,4,1.2,1.4,72.0,80.0,target_increase
P100,2023-08-01,MO2309-P-5200,buy,3,1.4,1.5999999999999999,54.0,60.00000000000001,target_increase
P100,2023-08-07,MO2309-P-5200,buy,11,1.2,1.4,198.0,220.00000000000003,target_increase
P100,2023-08-10,MO2309-P-5200,buy,2,1.0,1.2,36.0,40.0,target_increase
P100,2023-08-15,MO2309-P-5200,buy,1,1.2,1.4,18.0,20.0,target_increase
P100,2023-08-18,MO2309-P-5200,buy,8,2.2,2.4000000000000004,144.0,160.0,target_increase
P100,2023-08-22,MO2309-P-5200,sell,83,1.8,1.6,1494.0,1660.0000000000002,contract_switch
P100,2023-08-22,MO2310-P-5500,buy,22,15.2,15.959999999999999,396.0,1672.0,new_contract
P100,2023-08-23,MO2310-P-5500,sell,22,27.0,25.65,396.0,2970.0000000000005,contract_switch
P100,2023-08-23,MO2310-P-5400,buy,30,18.2,19.11,540.0,2730.0,new_contract
P100,2023-08-25,MO2310-P-5400,sell,30,33.2,31.540000000000003,540.0,4980.0,contract_switch
P100,2023-08-25,MO2310-P-5300,buy,28,23.4,24.57,504.0,3276.0,new_contract
P100,2023-08-29,MO2310-P-5300,sell,28,7.8,7.41,504.0,1092.0,contract_switch
P100,2023-08-29,MO2310-P-5200,buy,28,5.6,5.88,504.0,783.9999999999999,new_contract
P100,2023-08-30,MO2310-P-5200,buy,7,4.2,4.41,126.0,147.00000000000003,target_increase
P100,2023-08-31,MO2310-P-5200,buy,9,4.2,4.41,162.0,189.0,target_increase
P100,2023-09-05,MO2310-P-5200,buy,4,2.6,2.8000000000000003,72.0,80.0,target_increase
P100,2023-09-20,MO2310-P-5200,buy,8,2.2,2.4000000000000004,144.0,160.0,target_increase
P100,2023-09-21,MO2310-P-5200,sell,56,3.0,2.8,1008.0,1120.0,contract_switch
P100,2023-09-21,MO2311-P-5200,buy,31,7.2,7.5600000000000005,558.0,1116.0000000000002,new_contract
P100,2023-09-22,MO2311-P-5200,buy,4,4.2,4.41,72.0,84.00000000000001,target_increase
P100,2023-09-26,MO2311-P-5200,buy,4,4.2,4.41,72.0,84.00000000000001,target_increase
P100,2023-09-28,MO2311-P-5200,buy,4,3.2,3.4000000000000004,72.0,80.0,target_increase
P100,2023-10-11,MO2311-P-5200,buy,9,1.8,2.0,162.0,180.0,target_increase
P100,2023-10-17,MO2311-P-5200,buy,1,2.4,2.6,18.0,20.0,target_increase
P100,2023-10-19,MO2311-P-5200,sell,53,6.0,5.7,954.0,1590.0000000000002,contract_switch
P100,2023-10-19,MO2312-P-5200,buy,31,11.0,11.55,558.0,1705.0,new_contract
P100,2023-10-24,MO2312-P-5200,sell,31,32.4,30.779999999999998,558.0,5022.000000000001,contract_switch
P100,2023-10-24,MO2312-P-5100,buy,24,23.2,24.36,432.0,2783.9999999999995,new_contract
P100,2023-10-25,MO2312-P-5100,sell,24,13.8,13.110000000000001,432.0,1656.0000000000002,contract_switch
P100,2023-10-25,MO2312-P-5000,buy,28,9.2,9.66,504.0,1288.0,new_contract
P100,2023-10-27,MO2312-P-5000,buy,5,3.6,3.8000000000000003,90.0,100.0,target_increase
P100,2023-10-30,MO2312-P-5000,buy,8,2.8,3.0,144.0,160.0,target_increase
P100,2023-11-07,MO2312-P-5000,buy,8,1.8,2.0,144.0,160.0,target_increase
P100,2023-11-08,MO2312-P-5000,buy,3,1.4,1.5999999999999999,54.0,60.00000000000001,target_increase
P100,2023-11-09,MO2312-P-5000,buy,6,1.4,1.5999999999999999,108.0,120.00000000000001,target_increase
P100,2023-11-14,MO2312-P-5000,buy,3,1.0,1.2,54.0,60.00000000000001,target_increase
P100,2023-11-17,MO2312-P-5000,buy,2,1.0,1.2,36.0,40.0,target_increase
P100,2023-11-21,MO2312-P-5000,sell,63,0.6,0.39999999999999997,1134.0,1260.0000000000002,contract_switch
P100,2023-11-21,MO2401-P-5000,buy,36,1.6,1.8,648.0,720.0,new_contract
P100,2023-11-22,MO2401-P-5000,buy,5,2.0,2.2,90.0,100.0,target_increase
P100,2023-11-23,MO2401-P-5000,buy,3,1.8,2.0,54.0,60.00000000000001,target_increase
P100,2023-11-29,MO2401-P-5000,buy,3,2.0,2.2,54.0,60.00000000000001,target_increase
P100,2023-12-14,MO2401-P-5000,buy,3,2.2,2.4000000000000004,54.0,60.00000000000001,target_increase
P100,2023-12-22,MO2401-P-5000,sell,50,2.8,2.5999999999999996,900.0,1000.0,contract_switch
P100,2023-12-22,MO2402-P-5100,buy,26,14.0,14.7,468.0,1820.0000000000002,new_contract
P100,2023-12-25,MO2402-P-5100,buy,2,13.2,13.86,36.0,132.0,target_increase
P100,2023-12-28,MO2402-P-5100,sell,28,7.4,7.03,504.0,1036.0000000000002,contract_switch
P100,2023-12-28,MO2402-P-5000,buy,27,4.6,4.83,486.0,620.9999999999999,new_contract
P100,2023-12-29,MO2402-P-5000,buy,7,3.8,4.0,126.0,140.0,target_increase
P100,2024-01-02,MO2402-P-5000,buy,3,3.8,4.0,54.0,60.00000000000001,target_increase
P100,2024-01-04,MO2402-P-5000,buy,1,5.0,5.25,18.0,25.0,target_increase
P100,2024-01-10,MO2402-P-5000,sell,38,31.6,30.020000000000003,684.0,6004.000000000001,contract_switch
P100,2024-01-10,MO2402-P-4950,buy,18,26.6,27.93,324.0,2394.0,new_contract
P100,2024-01-11,MO2402-P-4950,buy,4,14.6,15.33,72.0,292.0,target_increase
P100,2024-01-12,MO2402-P-4950,buy,4,15.6,16.38,72.0,312.0,target_increase
P100,2024-01-19,MO2402-P-4950,sell,26,52.4,49.78,468.0,6812.0,contract_switch
P100,2024-01-19,MO2403-P-4850,buy,14,72.6,76.22999999999999,252.0,5082.0,new_contract
P100,2024-01-22,MO2403-P-4850,sell,14,328.2,311.78999999999996,252.0,22974.0,contract_switch
P100,2024-01-22,MO2403-P-4800,buy,16,298.2,313.11,288.0,23856.0,new_contract
P100,2024-01-23,MO2403-P-4800,sell,16,153.8,146.11,288.0,12304.000000000002,contract_switch
P100,2024-01-23,MO2403-P-4750,buy,14,139.4,146.37,252.0,9758.000000000002,new_contract
P100,2024-01-24,MO2403-P-4750,sell,14,101.2,96.14,252.0,7084.0,contract_switch
P100,2024-01-24,MO2403-P-4500,buy,20,49.6,52.08,360.0,4960.000000000001,new_contract
P100,2024-01-25,MO2403-P-4500,buy,7,20.6,21.630000000000003,126.0,721.0,target_increase
P100,2024-01-26,MO2403-P-4500,buy,7,25.0,26.25,126.0,875.0,target_increase
P100,2024-02-01,MO2403-P-4500,sell,34,156.6,148.76999999999998,612.0,26622.000000000004,contract_switch
P100,2024-02-01,MO2403-P-4450,buy,17,134.8,141.54000000000002,306.0,11458.000000000002,new_contract
P100,2024-02-02,MO2403-P-4450,sell,17,220.8,209.76000000000002,306.0,18768.0,contract_switch
P100,2024-02-02,MO2403-P-4300,buy,20,154.8,162.54000000000002,360.0,15480.000000000002,new_contract
P100,2024-02-05,MO2403-P-4300,sell,20,434.2,412.49,360.0,43420.00000000001,contract_switch
P100,2024-02-05,MO2403-P-4250,buy,20,405.4,425.66999999999996,360.0,40540.0,new_contract
P100,2024-02-06,MO2403-P-4250,sell,20,131.6,125.02,360.0,13160.0,contract_switch
P100,2024-02-06,MO2403-P-4100,buy,14,93.0,97.65,252.0,6510.000000000001,new_contract
P100,2024-02-07,MO2403-P-4100,sell,14,48.2,45.790000000000006,252.0,3374.0,contract_switch
P100,2024-02-07,MO2403-P-3850,buy,27,24.6,25.830000000000002,486.0,3321.000000000001,new_contract
P100,2024-02-08,MO2403-P-3850,buy,7,8.0,8.4,126.0,280.0,target_increase
P100,2024-02-19,MO2403-P-3850,buy,2,4.4,4.62,36.0,44.00000000000001,target_increase
P100,2024-02-20,MO2403-P-3850,sell,36,2.6,2.4,648.0,720.0,contract_switch
P100,2024-02-20,MO2404-P-3850,buy,33,9.4,9.870000000000001,594.0,1551.0000000000002,new_contract
P100,2024-02-21,MO2404-P-3850,buy,7,9.8,10.290000000000001,126.0,343.0,target_increase
P100,2024-02-26,MO2404-P-3850,buy,5,4.8,5.04,90.0,120.0,target_increase
P100,2024-02-28,MO2404-P-3850,buy,3,5.8,6.09,54.0,86.99999999999999,target_increase
P100,2024-03-01,MO2404-P-3850,buy,1,2.8,3.0,18.0,20.0,target_increase
P100,2024-03-11,MO2404-P-3850,buy,2,1.6,1.8,36.0,40.0,target_increase
P100,2024-03-12,MO2404-P-3850,buy,7,1.2,1.4,126.0,140.0,target_increase
P100,2024-03-13,MO2404-P-3850,buy,6,1.0,1.2,108.0,120.00000000000001,target_increase
P100,2024-03-14,MO2404-P-3850,buy,11,1.0,1.2,198.0,220.00000000000003,target_increase
P100,2024-03-19,MO2404-P-3850,buy,24,0.8,1.0,432.0,480.00000000000006,target_increase
P100,2024-03-21,MO2404-P-3850,sell,99,0.8,0.6000000000000001,1782.0,1980.0,contract_switch
P100,2024-03-21,MO2405-P-4500,buy,36,5.6,5.88,648.0,1007.9999999999998,new_contract
P100,2024-03-22,MO2405-P-4500,buy,1,7.4,7.7700000000000005,18.0,37.00000000000001,target_increase
P100,2024-03-25,MO2405-P-4500,buy,1,10.0,10.5,18.0,50.0,target_increase
P100,2024-04-03,MO2405-P-4500,buy,5,9.4,9.870000000000001,90.0,235.0,target_increase
P100,2024-04-23,MO2405-P-4500,sell,43,9.6,9.12,774.0,2064.0,contract_switch
P100,2024-04-23,MO2406-P-3800,buy,45,7.6,7.9799999999999995,810.0,1710.0000000000002,new_contract
P100,2024-04-25,MO2406-P-3800,buy,2,3.2,3.4000000000000004,36.0,40.0,target_increase
P100,2024-04-26,MO2406-P-3800,buy,3,1.8,2.0,54.0,60.00000000000001,target_increase
P100,2024-04-29,MO2406-P-3800,buy,7,1.8,2.0,126.0,140.0,target_increase
P100,2024-04-30,MO2406-P-3800,buy,9,1.6,1.8,162.0,180.0,target_increase
P100,2024-05-07,MO2406-P-3800,buy,3,1.8,2.0,54.0,60.00000000000001,target_increase
P100,2024-05-08,MO2406-P-3800,buy,5,1.6,1.8,90.0,100.0,target_increase
P100,2024-05-10,MO2406-P-3800,buy,1,1.4,1.5999999999999999,18.0,20.0,target_increase
P100,2024-05-21,MO2406-P-3800,buy,5,0.8,1.0,90.0,100.0,target_increase
P100,2024-05-22,MO2406-P-3800,buy,11,0.8,1.0,198.0,220.00000000000003,target_increase
P100,2024-05-23,MO2406-P-3800,sell,91,0.8,0.6000000000000001,1638.0,1820.0,contract_switch
P100,2024-05-23,MO2407-P-4650,buy,34,22.2,23.31,612.0,3774.0,new_contract
P100,2024-06-11,MO2407-P-4650,sell,34,25.8,24.51,612.0,4386.0,contract_switch
P100,2024-06-11,MO2407-P-4600,buy,21,20.0,21.0,378.0,2100.0,new_contract
P100,2024-06-12,MO2407-P-4600,buy,7,19.0,19.95,126.0,665.0,target_increase
P100,2024-06-13,MO2407-P-4600,buy,2,17.2,18.06,36.0,172.0,target_increase
P100,2024-06-19,MO2407-P-4600,buy,9,8.4,8.82,162.0,378.0,target_increase
P100,2024-06-20,MO2407-P-4600,sell,39,17.2,16.34,702.0,3354.0,contract_switch
P100,2024-06-20,MO2408-P-4600,buy,21,49.2,51.660000000000004,378.0,5166.000000000001,new_contract
P100,2024-06-24,MO2408-P-4600,sell,21,97.0,92.15,378.0,10185.0,contract_switch
P100,2024-06-24,MO2408-P-4550,buy,19,79.6,83.58,342.0,7562.0,new_contract
P100,2024-06-25,MO2408-P-4550,sell,19,92.8,88.16,342.0,8816.0,contract_switch
P100,2024-06-25,MO2408-P-4500,buy,19,79.2,83.16,342.0,7524.000000000001,new_contract
P100,2024-06-26,MO2408-P-4500,sell,19,39.8,37.809999999999995,342.0,3781.0,contract_switch
P100,2024-06-26,MO2408-P-4350,buy,23,22.0,23.1,414.0,2530.0,new_contract
P100,2024-06-27,MO2408-P-4350,buy,3,37.4,39.269999999999996,54.0,561.0,target_increase
P100,2024-07-08,MO2408-P-4350,sell,26,53.0,50.35,468.0,6890.000000000001,contract_switch
P100,2024-07-08,MO2408-P-4250,buy,29,33.0,34.65,522.0,4785.0,new_contract
P100,2024-07-10,MO2408-P-4250,sell,29,23.8,22.61,522.0,3451.0000000000005,contract_switch
P100,2024-07-10,MO2408-P-4200,buy,28,18.0,18.9,504.0,2520.0,new_contract
P100,2024-07-12,MO2408-P-4200,buy,6,9.8,10.290000000000001,108.0,294.00000000000006,target_increase
P100,2024-07-22,MO2408-P-4200,buy,2,4.2,4.41,36.0,42.00000000000001,target_increase
P100,2024-07-23,MO2408-P-4200,sell,36,12.6,11.969999999999999,648.0,2268.0,contract_switch
P100,2024-07-23,MO2409-P-3800,buy,34,9.2,9.66,612.0,1563.9999999999998,new_contract
P100,2024-07-29,MO2409-P-3800,buy,1,6.6,6.93,18.0,33.0,target_increase
P100,2024-07-31,MO2409-P-3800,buy,1,2.8,3.0,18.0,20.0,target_increase
P100,2024-08-01,MO2409-P-3800,buy,10,2.6,2.8000000000000003,180.0,200.0,target_increase
P100,2024-08-13,MO2409-P-3800,buy,2,3.4,3.6,36.0,40.0,target_increase
P100,2024-08-19,MO2409-P-3800,buy,2,2.0,2.2,36.0,40.0,target_increase
P100,2024-08-20,MO2409-P-3800,buy,8,3.0,3.2,144.0,160.0,target_increase
P100,2024-08-22,MO2409-P-3800,sell,58,3.2,3.0,1044.0,1160.0000000000002,contract_switch
P100,2024-08-22,MO2410-P-4100,buy,24,35.0,36.75,432.0,4200.0,new_contract
P100,2024-08-23,MO2410-P-4100,sell,24,30.4,28.88,432.0,3648.0000000000005,contract_switch
P100,2024-08-23,MO2410-P-4050,buy,23,21.8,22.89,414.0,2507.0,new_contract
P100,2024-08-26,MO2410-P-4050,sell,23,20.0,19.0,414.0,2300.0,contract_switch
P100,2024-08-26,MO2410-P-4000,buy,26,15.0,15.75,468.0,1950.0,new_contract
P100,2024-08-27,MO2410-P-4000,buy,2,19.4,20.369999999999997,36.0,194.0,target_increase
P100,2024-09-02,MO2410-P-4000,buy,4,11.0,11.55,72.0,220.00000000000003,target_increase
P100,2024-09-04,MO2410-P-4000,buy,1,9.0,9.45,18.0,45.0,target_increase
P100,2024-09-19,MO2410-P-4000,sell,33,5.2,4.94,594.0,858.0,contract_switch
P100,2024-09-19,MO2411-P-3950,buy,23,23.0,24.15,414.0,2645.0000000000005,new_contract
P100,2024-09-20,MO2411-P-3950,buy,1,20.4,21.419999999999998,18.0,102.0,target_increase
P100,2024-09-23,MO2411-P-3950,buy,3,17.6,18.48,54.0,264.00000000000006,target_increase
P100,2024-09-24,MO2411-P-3950,buy,1,7.8,8.19,18.0,39.0,target_increase
P100,2024-09-25,MO2411-P-3950,buy,6,3.6,3.8000000000000003,108.0,120.00000000000001,target_increase
P100,2024-09-27,MO2411-P-3950,buy,13,1.4,1.5999999999999999,234.0,260.0,target_increase
P100,2024-09-30,MO2411-P-3950,buy,13,2.8,3.0,234.0,260.0,target_increase
P100,2024-10-22,MO2411-P-3950,sell,60,1.2,1.0,1080.0,1200.0,contract_switch
P100,2024-10-22,MO2412-P-3800,buy,31,2.8,3.0,558.0,620.0,new_contract
P100,2024-10-23,MO2412-P-3800,buy,3,2.4,2.6,54.0,60.00000000000001,target_increase
P100,2024-10-24,MO2412-P-3800,buy,1,2.2,2.4000000000000004,18.0,20.0,target_increase
P100,2024-10-28,MO2412-P-3800,buy,4,2.0,2.2,72.0,80.0,target_increase
P100,2024-10-30,MO2412-P-3800,buy,1,2.2,2.4000000000000004,18.0,20.0,target_increase
P100,2024-10-31,MO2412-P-3800,buy,2,2.0,2.2,36.0,40.0,target_increase
P100,2024-11-01,MO2412-P-3800,buy,1,1.8,2.0,18.0,20.0,target_increase
P100,2024-11-07,MO2412-P-3800,buy,1,2.6,2.8000000000000003,18.0,20.0,target_increase
P100,2024-11-08,MO2412-P-3800,buy,7,3.0,3.2,126.0,140.0,target_increase
P100,2024-11-11,MO2412-P-3800,buy,3,2.4,2.6,54.0,60.00000000000001,target_increase
P100,2024-11-13,MO2412-P-3800,buy,5,2.0,2.2,90.0,100.0,target_increase
P100,2024-11-14,MO2412-P-3800,buy,1,1.6,1.8,18.0,20.0,target_increase
P100,2024-11-18,MO2412-P-3800,buy,5,1.2,1.4,90.0,100.0,target_increase
P100,2024-11-21,MO2412-P-3800,sell,65,0.6,0.39999999999999997,1170.0,1300.0,contract_switch
P100,2024-11-21,MO2501-P-5100,buy,21,30.8,32.34,378.0,3234.0000000000005,new_contract
P100,2024-11-28,MO2501-P-5100,buy,3,30.0,31.5,54.0,450.0,target_increase
P100,2024-12-03,MO2501-P-5100,buy,2,15.0,15.75,36.0,150.0,target_increase
P100,2024-12-09,MO2501-P-5100,buy,5,10.4,10.92,90.0,260.0,target_increase
P100,2024-12-12,MO2501-P-5100,buy,6,6.2,6.51,108.0,186.00000000000003,target_increase
P100,2024-12-24,MO2501-P-5100,sell,37,2.8,2.5999999999999996,666.0,740.0,contract_switch
P100,2024-12-24,MO2502-P-5300,buy,19,38.8,40.739999999999995,342.0,3686.0,new_contract
P100,2024-12-30,MO2502-P-5300,buy,1,25.8,27.09,18.0,129.0,target_increase
P100,2024-12-31,MO2502-P-5300,buy,3,44.2,46.410000000000004,54.0,663.0000000000001,target_increase
P100,2025-01-06,MO2502-P-5300,sell,23,133.4,126.73,414.0,15341.000000000002,contract_switch
P100,2025-01-06,MO2502-P-5200,buy,16,103.2,108.36,288.0,8256.0,new_contract
P100,2025-01-07,MO2502-P-5200,sell,16,70.6,67.07,288.0,5648.0,contract_switch
P100,2025-01-07,MO2502-P-5000,buy,19,36.2,38.010000000000005,342.0,3439.000000000001,new_contract
P100,2025-01-08,MO2502-P-5000,buy,1,39.2,41.160000000000004,18.0,196.00000000000003,target_increase
P100,2025-01-13,MO2502-P-5000,buy,1,52.8,55.44,18.0,264.0,target_increase
P100,2025-01-14,MO2502-P-5000,sell,21,23.8,22.61,378.0,2499.0,contract_switch
P100,2025-01-14,MO2502-P-4950,buy,17,18.2,19.11,306.0,1547.0,new_contract
P100,2025-01-15,MO2502-P-4950,buy,7,18.4,19.32,126.0,644.0,target_increase
P100,2025-01-20,MO2502-P-4950,buy,4,8.8,9.24,72.0,176.00000000000003,target_increase
P100,2025-01-22,MO2502-P-4950,buy,1,7.0,7.35,18.0,35.0,target_increase
P100,2025-01-23,MO2502-P-4950,sell,29,6.6,6.27,522.0,957.0,contract_switch
P100,2025-01-23,MO2503-P-3900,buy,37,2.8,3.0,666.0,740.0,new_contract
P100,2025-01-24,MO2503-P-3900,buy,7,2.6,2.8000000000000003,126.0,140.0,target_increase
P100,2025-01-27,MO2503-P-3900,buy,7,3.0,3.2,126.0,140.0,target_increase
P100,2025-02-07,MO2503-P-3900,buy,11,1.6,1.8,198.0,220.00000000000003,target_increase
P100,2025-02-10,MO2503-P-3900,buy,2,1.4,1.5999999999999999,36.0,40.0,target_increase
P100,2025-02-14,MO2503-P-3900,buy,3,1.6,1.8,54.0,60.00000000000001,target_increase
P100,2025-02-17,MO2503-P-3900,buy,12,1.4,1.5999999999999999,216.0,240.00000000000003,target_increase
P100,2025-02-19,MO2503-P-3900,buy,2,1.2,1.4,36.0,40.0,target_increase
P100,2025-02-20,MO2503-P-3900,sell,81,1.2,1.0,1458.0,1620.0,contract_switch
P100,2025-02-20,MO2504-P-5200,buy,25,13.0,13.65,450.0,1625.0,new_contract
P100,2025-02-21,MO2504-P-5200,buy,2,7.4,7.7700000000000005,36.0,74.00000000000001,target_increase
P100,2025-02-24,MO2504-P-5200,buy,5,8.2,8.61,90.0,204.99999999999997,target_increase
P100,2025-03-07,MO2504-P-5200,buy,1,5.0,5.25,18.0,25.0,target_increase
P100,2025-03-20,MO2504-P-5200,sell,33,2.8,2.5999999999999996,594.0,660.0,contract_switch
P100,2025-03-20,MO2505-P-5600,buy,13,25.0,26.25,234.0,1625.0,new_contract
P100,2025-03-21,MO2505-P-5600,buy,2,32.0,33.6,36.0,320.0,target_increase
P100,2025-04-08,MO2505-P-5600,sell,15,366.6,348.27000000000004,270.0,27495.000000000004,contract_switch
P100,2025-04-09,MO2505-P-4900,buy,18,64.4,67.62,324.0,5796.000000000001,new_contract
P100,2025-04-11,MO2505-P-4900,buy,5,20.4,21.419999999999998,90.0,509.99999999999994,target_increase
P100,2025-04-15,MO2505-P-4900,buy,7,11.6,12.18,126.0,405.99999999999994,target_increase
P100,2025-04-18,MO2505-P-4900,buy,2,10.2,10.709999999999999,36.0,102.0,target_increase
P100,2025-04-22,MO2505-P-4900,sell,32,5.6,5.319999999999999,576.0,895.9999999999999,contract_switch
P100,2025-04-22,MO2506-P-3900,buy,36,5.8,6.09,648.0,1044.0,new_contract
P100,2025-04-23,MO2506-P-3900,buy,9,4.6,4.83,162.0,206.99999999999997,target_increase
P100,2025-04-28,MO2506-P-3900,buy,2,4.8,5.04,36.0,48.0,target_increase
P100,2025-05-07,MO2506-P-3900,buy,6,2.6,2.8000000000000003,108.0,120.00000000000001,target_increase
P100,2025-05-08,MO2506-P-3900,buy,1,2.4,2.6,18.0,20.0,target_increase
P100,2025-05-19,MO2506-P-3900,buy,1,1.4,1.5999999999999999,18.0,20.0,target_increase
P100,2025-05-20,MO2506-P-3900,buy,7,1.2,1.4,126.0,140.0,target_increase
P100,2025-05-21,MO2506-P-3900,buy,12,1.0,1.2,216.0,240.00000000000003,target_increase
P100,2025-05-22,MO2506-P-3900,sell,74,1.4,1.2,1332.0,1480.0,contract_switch
P100,2025-05-22,MO2507-P-5200,buy,21,35.2,36.96,378.0,3696.000000000001,new_contract
P100,2025-05-30,MO2507-P-5200,buy,1,25.2,26.46,18.0,126.0,target_increase
P100,2025-06-03,MO2507-P-5200,buy,2,19.6,20.580000000000002,36.0,196.00000000000003,target_increase
P100,2025-06-05,MO2507-P-5200,buy,1,14.0,14.7,18.0,70.0,target_increase
P100,2025-06-10,MO2507-P-5200,buy,4,12.4,13.02,72.0,248.00000000000006,target_increase
P100,2025-06-17,MO2507-P-5200,buy,7,9.4,9.870000000000001,126.0,329.0,target_increase
P100,2025-06-18,MO2507-P-5200,buy,1,9.6,10.08,18.0,48.0,target_increase
P100,2025-06-19,MO2507-P-5200,sell,37,11.6,11.02,666.0,2145.9999999999995,contract_switch
P100,2025-06-19,MO2508-P-5300,buy,22,39.4,41.37,396.0,4334.0,new_contract
P100,2025-06-20,MO2508-P-5300,buy,1,38.4,40.32,18.0,192.0,target_increase
P100,2025-06-25,MO2508-P-5300,buy,1,14.8,15.540000000000001,18.0,74.00000000000001,target_increase
P100,2025-06-26,MO2508-P-5300,buy,1,11.6,12.18,18.0,57.99999999999999,target_increase
P100,2025-07-16,MO2508-P-5300,buy,4,4.0,4.2,72.0,80.0,target_increase
P100,2025-07-18,MO2508-P-5300,buy,6,3.0,3.2,108.0,120.00000000000001,target_increase
P100,2025-07-22,MO2508-P-5300,sell,35,2.4,2.1999999999999997,630.0,700.0,contract_switch
P100,2025-07-22,MO2509-P-4000,buy,40,4.0,4.2,720.0,800.0,new_contract
P100,2025-07-23,MO2509-P-4000,buy,3,4.4,4.62,54.0,66.00000000000001,target_increase
P100,2025-07-31,MO2509-P-4000,buy,1,4.0,4.2,18.0,20.0,target_increase
P100,2025-08-05,MO2509-P-4000,buy,10,2.8,3.0,180.0,200.0,target_increase
P100,2025-08-11,MO2509-P-4000,buy,4,2.6,2.8000000000000003,72.0,80.0,target_increase
P100,2025-08-12,MO2509-P-4000,buy,4,2.2,2.4000000000000004,72.0,80.0,target_increase
P100,2025-08-18,MO2509-P-4000,buy,1,1.2,1.4,18.0,20.0,target_increase
P100,2025-08-21,MO2509-P-4000,sell,63,1.2,1.0,1134.0,1260.0000000000002,contract_switch
P100,2025-08-21,MO2510-P-5800,buy,18,10.2,10.709999999999999,324.0,918.0,new_contract
P100,2025-08-25,MO2510-P-5800,buy,1,9.4,9.870000000000001,18.0,47.0,target_increase
P100,2025-08-27,MO2510-P-5800,buy,1,9.8,10.290000000000001,18.0,49.00000000000001,target_increase
P100,2025-08-28,MO2510-P-5800,buy,1,8.6,9.03,18.0,43.0,target_increase
P100,2025-09-08,MO2510-P-5800,buy,2,8.2,8.61,36.0,82.0,target_increase
P100,2025-09-12,MO2510-P-5800,buy,2,5.6,5.88,36.0,55.99999999999999,target_increase
P100,2025-09-15,MO2510-P-5800,buy,2,7.2,7.5600000000000005,36.0,72.00000000000001,target_increase
P100,2025-09-22,MO2510-P-5800,buy,4,2.4,2.6,72.0,80.0,target_increase
P100,2025-09-23,MO2510-P-5800,sell,31,3.0,2.8,558.0,620.0,contract_switch
P100,2025-09-23,MO2511-P-6300,buy,13,52.4,55.019999999999996,234.0,3406.0,new_contract
P100,2025-09-25,MO2511-P-6300,buy,3,30.6,32.13,54.0,459.00000000000006,target_increase
P100,2025-10-10,MO2511-P-6300,buy,6,10.8,11.34,108.0,324.0,target_increase
P100,2025-10-23,MO2511-P-6300,sell,22,6.6,6.27,396.0,726.0000000000001,contract_switch
P100,2025-10-23,MO2512-P-4900,buy,28,4.8,5.04,504.0,672.0,new_contract
P100,2025-10-24,MO2512-P-4900,buy,1,4.2,4.41,18.0,21.000000000000004,target_increase
P100,2025-10-27,MO2512-P-4900,buy,3,3.2,3.4000000000000004,54.0,60.00000000000001,target_increase
P100,2025-11-03,MO2512-P-4900,buy,2,3.2,3.4000000000000004,36.0,40.0,target_increase
P100,2025-11-04,MO2512-P-4900,buy,3,3.0,3.2,54.0,60.00000000000001,target_increase
P100,2025-11-10,MO2512-P-4900,buy,4,1.8,2.0,72.0,80.0,target_increase
P100,2025-11-17,MO2512-P-4900,buy,1,1.6,1.8,18.0,20.0,target_increase
P100,2025-11-18,MO2512-P-4900,buy,4,1.4,1.5999999999999999,72.0,80.0,target_increase
P100,2025-11-19,MO2512-P-4900,buy,4,1.2,1.4,72.0,80.0,target_increase
P100,2025-11-20,MO2512-P-4900,sell,50,1.4,1.2,900.0,1000.0,contract_switch
P100,2025-11-20,MO2601-P-6400,buy,14,33.4,35.07,252.0,2338.0,new_contract
P100,2025-11-21,MO2601-P-6400,buy,1,64.8,68.03999999999999,18.0,324.0,target_increase
P100,2025-11-25,MO2601-P-6400,sell,15,37.0,35.15,270.0,2775.0,contract_switch
P100,2025-11-25,MO2601-P-6300,buy,12,27.2,28.56,216.0,1632.0,new_contract
P100,2025-11-26,MO2601-P-6300,buy,4,23.0,24.15,72.0,460.00000000000006,target_increase
P100,2025-11-27,MO2601-P-6300,buy,1,20.4,21.419999999999998,18.0,102.0,target_increase
P100,2025-12-04,MO2601-P-6300,buy,1,11.0,11.55,18.0,55.00000000000001,target_increase
P100,2025-12-05,MO2601-P-6300,buy,1,9.0,9.45,18.0,45.0,target_increase
P100,2025-12-08,MO2601-P-6300,buy,3,6.8,7.14,54.0,102.0,target_increase
P100,2025-12-16,MO2601-P-6300,buy,1,8.4,8.82,18.0,42.00000000000001,target_increase
P100,2025-12-18,MO2601-P-6300,sell,23,7.0,6.65,414.0,805.0000000000001,contract_switch
P100,2025-12-18,MO2602-P-6300,buy,15,24.0,25.2,270.0,1800.0000000000005,new_contract
P100,2025-12-22,MO2602-P-6300,buy,3,14.0,14.7,54.0,210.0,target_increase
P100,2025-12-25,MO2602-P-6300,buy,1,7.4,7.7700000000000005,18.0,37.00000000000001,target_increase
P100,2025-12-29,MO2602-P-6300,buy,3,8.8,9.24,54.0,132.00000000000003,target_increase
P100,2026-01-08,MO2602-P-6300,buy,3,3.4,3.6,54.0,60.00000000000001,target_increase
P100,2026-01-12,MO2602-P-6300,buy,5,3.8,4.0,90.0,100.0,target_increase
P100,2026-01-16,MO2602-P-6300,buy,3,2.6,2.8000000000000003,54.0,60.00000000000001,target_increase
P100,2026-01-19,MO2602-P-6300,buy,3,2.0,2.2,54.0,60.00000000000001,target_increase
P100,2026-01-20,MO2602-P-6300,sell,36,2.6,2.4,648.0,720.0,contract_switch
P100,2026-01-20,MO2603-P-4900,buy,37,2.2,2.4000000000000004,666.0,740.0,new_contract
P100,2026-01-21,MO2603-P-4900,buy,5,2.2,2.4000000000000004,90.0,100.0,target_increase
P100,2026-01-22,MO2603-P-4900,buy,8,2.0,2.2,144.0,160.0,target_increase
P100,2026-02-10,MO2603-P-4900,buy,5,2.2,2.4000000000000004,90.0,100.0,target_increase
P100,2026-02-12,MO2603-P-4900,buy,2,2.0,2.2,36.0,40.0,target_increase
P100,2026-02-13,MO2603-P-4900,buy,2,2.8,3.0,36.0,40.0,target_increase
P100,2026-02-25,MO2603-P-4900,sell,59,1.0,0.8,1062.0,1180.0,contract_switch
P100,2026-02-25,MO2604-P-7100,buy,17,21.4,22.47,306.0,1819.0000000000002,new_contract
P100,2026-02-26,MO2604-P-7100,buy,3,17.4,18.27,54.0,261.0,target_increase
P100,2026-03-19,MO2604-P-7100,sell,20,40.6,38.57,360.0,4060.000000000001,contract_switch
P100,2026-03-19,MO2605-P-7200,buy,13,114.8,120.53999999999999,234.0,7462.0,new_contract
P100,2026-03-23,MO2605-P-7200,sell,13,341.8,324.71000000000004,234.0,22217.0,contract_switch
P100,2026-03-23,MO2605-P-7100,buy,11,308.2,323.61,198.0,16951.0,new_contract
P100,2026-03-24,MO2605-P-7100,sell,11,166.4,158.08,198.0,9152.000000000002,contract_switch
P100,2026-03-24,MO2605-P-7000,buy,11,142.2,149.31,198.0,7820.999999999999,new_contract
P100,2026-03-25,MO2605-P-7000,sell,11,101.4,96.33000000000001,198.0,5577.0,contract_switch
P100,2026-03-25,MO2605-P-6600,buy,21,51.0,53.55,378.0,5355.0,new_contract
P100,2026-03-27,MO2605-P-6600,buy,2,55.6,58.38,36.0,556.0,target_increase
P100,2026-03-30,MO2605-P-6600,buy,3,57.6,60.480000000000004,54.0,864.0,target_increase
P100,2026-04-09,MO2605-P-6600,buy,3,17.6,18.48,54.0,264.00000000000006,target_increase
P100,2026-04-10,MO2605-P-6600,buy,4,16.8,17.64,72.0,336.00000000000006,target_increase
P100,2026-04-13,MO2605-P-6600,buy,1,18.8,19.740000000000002,18.0,94.0,target_increase
P100,2026-04-14,MO2605-P-6600,buy,2,14.0,14.7,36.0,140.0,target_increase
P100,2026-04-15,MO2605-P-6600,buy,4,12.6,13.23,72.0,252.0,target_increase
P100,2026-04-17,MO2605-P-6600,buy,5,6.8,7.14,90.0,170.00000000000003,target_increase
P100,2026-04-20,MO2605-P-6600,buy,3,5.6,5.88,54.0,83.99999999999999,target_increase
P100,2026-04-21,MO2605-P-6600,sell,48,3.6,3.4,864.0,960.0000000000001,contract_switch
P100,2026-04-21,MO2606-P-5200,buy,45,5.8,6.09,810.0,1305.0,new_contract
P100,2026-04-22,MO2606-P-5200,buy,1,4.6,4.83,18.0,23.0,target_increase
P100,2026-04-23,MO2606-P-5200,buy,4,4.4,4.62,72.0,88.00000000000001,target_increase
P100,2026-04-27,MO2606-P-5200,buy,2,4.0,4.2,36.0,40.0,target_increase
P100,2026-04-28,MO2606-P-5200,buy,4,3.6,3.8000000000000003,72.0,80.0,target_increase
P100,2026-04-29,MO2606-P-5200,buy,1,3.2,3.4000000000000004,18.0,20.0,target_increase
P100,2026-04-30,MO2606-P-5200,buy,6,2.8,3.0,108.0,120.00000000000001,target_increase
P100,2026-05-07,MO2606-P-5200,buy,1,2.6,2.8000000000000003,18.0,20.0,target_increase
P100,2026-05-21,MO2606-P-5200,sell,64,1.4,1.2,1152.0,1280.0,contract_switch
P100,2026-05-21,MO2607-P-7400,buy,15,67.8,71.19,270.0,5085.0,new_contract
P100,2026-06-10,MO2607-P-7400,sell,15,75.4,71.63000000000001,270.0,5655.0,contract_switch
P100,2026-06-10,MO2607-P-7200,buy,15,48.8,51.239999999999995,270.0,3660.0,new_contract
P100,2026-06-15,MO2607-P-7200,buy,1,15.4,16.17,18.0,77.0,target_increase
P100,2026-06-16,MO2607-P-7200,buy,2,14.8,15.540000000000001,36.0,148.00000000000003,target_increase
P100,2026-06-17,MO2607-P-7200,buy,2,11.8,12.39,36.0,118.00000000000001,target_increase
P100,2026-06-22,MO2607-P-7200,buy,1,5.2,5.46,18.0,26.0,target_increase
P100,2026-06-23,MO2607-P-7200,sell,21,6.4,6.08,378.0,672.0000000000001,contract_switch
P100,2026-06-23,MO2608-P-7200,buy,14,43.4,45.57,252.0,3038.0,new_contract
P100,2026-06-25,MO2608-P-7200,buy,1,32.8,34.44,18.0,164.0,target_increase
P100,2026-06-26,MO2608-P-7200,buy,1,43.0,45.15,18.0,215.0,target_increase
P100,2026-07-06,MO2608-P-7200,buy,1,27.2,28.56,18.0,136.0,target_increase
P100,2026-07-15,MO2608-P-7200,sell,17,93.8,89.11,306.0,7973.0,contract_switch
P100,2026-07-15,MO2608-P-7000,buy,22,56.6,59.43,396.0,6226.000000000001,new_contract
P100,2026-07-20,MO2608-P-7000,sell,22,412.8,392.16,396.0,45408.00000000001,contract_switch
P100,2026-07-20,MO2608-P-6800,buy,13,309.0,324.45,234.0,20085.000000000004,new_contract
P100,2026-07-21,MO2608-P-6800,sell,13,146.0,138.7,234.0,9490.0,contract_switch
P100,2026-07-21,MO2608-P-6400,buy,14,66.4,69.72,252.0,4648.0,new_contract
P100,2026-07-22,MO2608-P-6400,sell,14,66.0,62.7,252.0,4620.0,contract_switch
P100,2026-07-22,MO2608-P-6200,buy,22,41.0,43.05,396.0,4510.000000000001,new_contract
P100,2026-07-23,MO2608-P-6200,sell,22,21.2,20.14,396.0,2332.0,contract_switch
P100,2026-07-23,MO2609-P-6200,buy,17,66.0,69.3,306.0,5610.0,new_contract
P100,2026-07-24,MO2609-P-6200,buy,2,106.8,112.14,36.0,1068.0,target_increase
P100,2026-07-28,MO2609-P-6200,buy,3,102.6,107.72999999999999,54.0,1539.0,target_increase
P100,2026-08-03,MO2609-P-6200,buy,3,83.2,87.36,54.0,1248.0,target_increase
P100,2026-08-05,MO2609-P-6200,buy,5,31.4,32.97,90.0,785.0,target_increase
P100,2026-08-06,MO2609-P-6200,buy,5,32.2,33.81,90.0,805.0000000000001,target_increase
P100,2026-08-07,MO2609-P-6200,buy,2,21.8,22.89,36.0,218.00000000000003,target_increase
P100,2026-08-10,MO2609-P-6200,buy,2,18.4,19.32,36.0,184.0,target_increase
P100,2026-08-11,MO2609-P-6200,buy,3,18.2,19.11,54.0,273.0,target_increase
P100,2026-08-13,MO2609-P-6200,buy,1,16.6,17.43,18.0,83.0,target_increase
P100,2026-08-14,MO2609-P-6200,buy,3,12.6,13.23,54.0,189.0,target_increase
P100-R,2022-07-25,MO2209-P-6300,buy,13,79.4,83.37,234.0,5161.000000000001,new_contract
P100-R,2022-07-27,MO2209-P-6300,sell,13,45.4,43.129999999999995,234.0,2951.0,contract_switch
P100-R,2022-07-27,MO2209-P-6200,buy,15,36.4,38.22,270.0,2730.0,new_contract
P100-R,2022-07-29,MO2209-P-6200,sell,1,37.2,35.34,18.0,186.00000000000003,target_reduce_or_cap
P100-R,2022-08-01,MO2209-P-6200,buy,2,32.6,34.230000000000004,36.0,326.0,target_increase
P100-R,2022-08-02,MO2209-P-6200,sell,1,71.0,67.45,18.0,355.0,target_reduce_or_cap
P100-R,2022-08-03,MO2209-P-6200,sell,2,66.4,63.080000000000005,36.0,664.0,target_reduce_or_cap
P100-R,2022-08-04,MO2209-P-6200,buy,1,56.4,59.22,18.0,282.0,target_increase
P100-R,2022-08-05,MO2209-P-6200,sell,2,36.4,34.58,36.0,364.0,target_reduce_or_cap
P100-R,2022-08-08,MO2209-P-6200,buy,5,29.2,30.66,90.0,730.0,target_increase
P100-R,2022-08-09,MO2209-P-6200,sell,1,28.2,26.79,18.0,141.0,target_reduce_or_cap
P100-R,2022-08-10,MO2209-P-6200,buy,2,28.8,30.240000000000002,36.0,288.00000000000006,target_increase
P100-R,2022-08-12,MO2209-P-6200,buy,2,18.4,19.32,36.0,184.0,target_increase
P100-R,2022-08-15,MO2209-P-6200,buy,2,12.0,12.6,36.0,120.00000000000001,target_increase
P100-R,2022-08-16,MO2209-P-6200,sell,2,8.8,8.360000000000001,36.0,88.00000000000001,target_reduce_or_cap
P100-R,2022-08-17,MO2209-P-6200,buy,5,7.2,7.5600000000000005,90.0,180.00000000000003,target_increase
P100-R,2022-08-18,MO2209-P-6200,buy,3,8.0,8.4,54.0,120.00000000000001,target_increase
P100-R,2022-08-19,MO2209-P-6200,sell,5,12.0,11.4,90.0,300.00000000000006,target_reduce_or_cap
P100-R,2022-08-22,MO2209-P-6200,buy,5,6.4,6.720000000000001,90.0,160.00000000000003,target_increase
P100-R,2022-08-23,MO2209-P-6200,sell,28,5.6,5.319999999999999,504.0,783.9999999999999,contract_switch
P100-R,2022-08-23,MO2210-P-6200,buy,17,26.0,27.3,306.0,2210.0,new_contract
P100-R,2022-08-24,MO2210-P-6200,buy,1,48.2,50.61,18.0,241.0,target_increase
P100-R,2022-08-25,MO2210-P-6200,sell,3,47.0,44.65,54.0,705.0000000000001,target_reduce_or_cap
P100-R,2022-08-26,MO2210-P-6200,sell,1,45.4,43.129999999999995,18.0,227.0,target_reduce_or_cap
P100-R,2022-08-29,MO2210-P-6200,sell,1,41.2,39.14,18.0,206.0,target_reduce_or_cap
P100-R,2022-08-30,MO2210-P-6200,buy,1,40.2,42.21,18.0,201.00000000000003,target_increase
P100-R,2022-08-31,MO2210-P-6200,sell,1,67.2,63.84,18.0,336.00000000000006,target_reduce_or_cap
P100-R,2022-09-01,MO2210-P-6200,sell,3,75.8,72.00999999999999,54.0,1137.0,target_reduce_or_cap
P100-R,2022-09-02,MO2210-P-6200,sell,10,65.6,62.31999999999999,180.0,3279.9999999999995,contract_switch
P100-R,2022-09-02,MO2210-P-6000,buy,14,41.4,43.47,252.0,2897.9999999999995,new_contract
P100-R,2022-09-06,MO2210-P-6000,buy,1,22.4,23.52,18.0,111.99999999999999,target_increase
P100-R,2022-09-07,MO2210-P-6000,buy,3,16.0,16.8,54.0,240.00000000000003,target_increase
P100-R,2022-09-08,MO2210-P-6000,sell,2,17.4,16.529999999999998,36.0,174.0,target_reduce_or_cap
P100-R,2022-09-09,MO2210-P-6000,buy,2,13.0,13.65,36.0,130.0,target_increase
P100-R,2022-09-13,MO2210-P-6000,buy,2,11.8,12.39,36.0,118.00000000000001,target_increase
P100-R,2022-09-16,MO2210-P-6000,sell,5,48.0,45.6,90.0,1200.0000000000002,target_reduce_or_cap
P100-R,2022-09-19,MO2210-P-6000,sell,15,67.6,64.22,270.0,5070.0,contract_switch
P100-R,2022-09-19,MO2210-P-5900,buy,13,48.6,51.03,234.0,3159.0000000000005,new_contract
P100-R,2022-09-20,MO2210-P-5900,sell,13,35.8,34.01,234.0,2327.0,contract_switch
P100-R,2022-09-20,MO2210-P-5800,buy,14,25.0,26.25,252.0,1750.0,new_contract
P100-R,2022-09-21,MO2210-P-5800,sell,14,23.6,22.42,252.0,1652.0000000000002,contract_switch
P100-R,2022-09-21,MO2210-P-5700,buy,16,17.6,18.48,288.0,1408.0000000000002,new_contract
P100-R,2022-09-22,MO2210-P-5700,sell,16,14.6,13.87,288.0,1168.0,contract_switch
P100-R,2022-09-22,MO2211-P-5700,buy,12,54.0,56.7,216.0,3240.0000000000005,new_contract
P100-R,2022-09-23,MO2211-P-5700,buy,1,64.8,68.03999999999999,18.0,324.0,target_increase
P100-R,2022-09-26,MO2211-P-5700,sell,2,71.0,67.45,36.0,710.0,target_reduce_or_cap
P100-R,2022-09-27,MO2211-P-5700,buy,1,48.2,50.61,18.0,241.0,target_increase
P100-R,2022-09-28,MO2211-P-5700,sell,12,74.8,71.06,216.0,4488.0,contract_switch
P100-R,2022-09-28,MO2211-P-5600,buy,23,58.6,61.53,414.0,6739.0,new_contract
P100-R,2022-09-29,MO2211-P-5600,sell,3,52.8,50.16,54.0,792.0,target_reduce_or_cap
P100-R,2022-09-30,MO2211-P-5600,sell,20,72.8,69.16,360.0,7280.0,contract_switch
P100-R,2022-09-30,MO2211-P-5500,buy,23,58.0,60.9,414.0,6670.0,new_contract
P100-R,2022-10-10,MO2211-P-5500,sell,2,64.4,61.18000000000001,36.0,644.0000000000001,target_reduce_or_cap
P100-R,2022-10-11,MO2211-P-5500,sell,4,57.2,54.34,72.0,1144.0000000000002,target_reduce_or_cap
P100-R,2022-10-12,MO2211-P-5500,sell,17,36.4,34.58,306.0,3094.0,contract_switch
P100-R,2022-10-12,MO2211-P-5300,buy,23,20.0,21.0,414.0,2300.0,new_contract
P100-R,2022-10-13,MO2211-P-5300,buy,2,11.6,12.18,36.0,115.99999999999999,target_increase
P100-R,2022-10-14,MO2211-P-5300,sell,1,5.4,5.130000000000001,18.0,27.0,target_reduce_or_cap
P100-R,2022-10-17,MO2211-P-5300,buy,11,5.6,5.88,198.0,307.99999999999994,target_increase
P100-R,2022-10-18,MO2211-P-5300,sell,3,4.6,4.369999999999999,54.0,69.0,target_reduce_or_cap
P100-R,2022-10-19,MO2211-P-5300,buy,5,6.4,6.720000000000001,90.0,160.00000000000003,target_increase
P100-R,2022-10-20,MO2211-P-5300,sell,37,5.8,5.51,666.0,1072.9999999999998,contract_switch
P100-R,2022-10-20,MO2212-P-5300,buy,24,16.8,17.64,432.0,2016.0000000000005,new_contract
P100-R,2022-10-21,MO2212-P-5300,buy,2,22.0,23.1,36.0,220.00000000000003,target_increase
P100-R,2022-10-24,MO2212-P-5300,buy,2,28.6,30.03,36.0,286.00000000000006,target_increase
P100-R,2022-10-25,MO2212-P-5300,sell,3,26.8,25.46,54.0,402.00000000000006,target_reduce_or_cap
P100-R,2022-10-26,MO2212-P-5300,sell,1,18.2,17.29,18.0,91.0,target_reduce_or_cap
P100-R,2022-10-27,MO2212-P-5300,buy,8,17.6,18.48,144.0,704.0000000000001,target_increase
P100-R,2022-10-28,MO2212-P-5300,sell,3,31.0,29.45,54.0,465.00000000000006,target_reduce_or_cap
P100-R,2022-10-31,MO2212-P-5300,sell,1,28.6,27.17,18.0,143.00000000000003,target_reduce_or_cap
P100-R,2022-11-01,MO2212-P-5300,sell,2,14.6,13.87,36.0,146.0,target_reduce_or_cap
P100-R,2022-11-02,MO2212-P-5300,buy,10,9.6,10.08,180.0,480.0,target_increase
P100-R,2022-11-04,MO2212-P-5300,sell,4,3.6,3.4,72.0,80.0,target_reduce_or_cap
P100-R,2022-11-07,MO2212-P-5300,buy,11,3.4,3.6,198.0,220.00000000000003,target_increase
P100-R,2022-11-08,MO2212-P-5300,sell,2,3.4,3.1999999999999997,36.0,40.0,target_reduce_or_cap
P100-R,2022-11-10,MO2212-P-5300,sell,2,4.4,4.180000000000001,36.0,44.00000000000001,target_reduce_or_cap
P100-R,2022-11-11,MO2212-P-5300,buy,3,2.6,2.8000000000000003,54.0,60.00000000000001,target_increase
P100-R,2022-11-14,MO2212-P-5300,buy,8,3.8,4.0,144.0,160.0,target_increase
P100-R,2022-11-15,MO2212-P-5300,sell,7,2.4,2.1999999999999997,126.0,140.0,target_reduce_or_cap
P100-R,2022-11-16,MO2212-P-5300,sell,1,3.0,2.8,18.0,20.0,target_reduce_or_cap
P100-R,2022-11-17,MO2212-P-5300,buy,6,2.6,2.8000000000000003,108.0,120.00000000000001,target_increase
P100-R,2022-11-18,MO2212-P-5300,buy,8,2.4,2.6,144.0,160.0,target_increase
P100-R,2022-11-21,MO2212-P-5300,sell,10,2.2,2.0,180.0,200.0,target_reduce_or_cap
P100-R,2022-11-22,MO2212-P-5300,sell,46,2.0,1.8,828.0,920.0000000000001,contract_switch
P100-R,2022-11-22,MO2301-P-5600,buy,27,15.6,16.38,486.0,2106.0,new_contract
P100-R,2022-11-23,MO2301-P-5600,sell,3,13.6,12.92,54.0,204.0,target_reduce_or_cap
P100-R,2022-11-25,MO2301-P-5600,buy,1,18.2,19.11,18.0,91.0,target_increase
P100-R,2022-11-28,MO2301-P-5600,buy,1,21.0,22.05,18.0,105.0,target_increase
P100-R,2022-11-29,MO2301-P-5600,sell,1,13.0,12.35,18.0,65.0,target_reduce_or_cap
P100-R,2022-11-30,MO2301-P-5600,buy,3,15.0,15.75,54.0,225.0,target_increase
P100-R,2022-12-01,MO2301-P-5600,sell,1,9.4,8.93,18.0,47.0,target_reduce_or_cap
P100-R,2022-12-02,MO2301-P-5600,buy,2,6.6,6.93,36.0,66.0,target_increase
P100-R,2022-12-05,MO2301-P-5600,buy,2,5.8,6.09,36.0,57.99999999999999,target_increase
P100-R,2022-12-06,MO2301-P-5600,buy,4,5.8,6.09,72.0,115.99999999999999,target_increase
P100-R,2022-12-08,MO2301-P-5600,buy,1,4.6,4.83,18.0,23.0,target_increase
P100-R,2022-12-09,MO2301-P-5600,sell,4,4.6,4.369999999999999,72.0,92.0,target_reduce_or_cap
P100-R,2022-12-12,MO2301-P-5600,buy,3,5.0,5.25,54.0,75.0,target_increase
P100-R,2022-12-13,MO2301-P-5600,sell,1,5.0,4.75,18.0,25.0,target_reduce_or_cap
P100-R,2022-12-14,MO2301-P-5600,buy,4,4.8,5.04,72.0,96.0,target_increase
P100-R,2022-12-15,MO2301-P-5600,sell,6,3.8,3.5999999999999996,108.0,120.00000000000001,target_reduce_or_cap
P100-R,2022-12-16,MO2301-P-5600,buy,5,4.0,4.2,90.0,100.0,target_increase
P100-R,2022-12-19,MO2301-P-5600,buy,12,6.8,7.14,216.0,408.0,target_increase
P100-R,2022-12-20,MO2301-P-5600,sell,8,7.4,7.03,144.0,296.00000000000006,target_reduce_or_cap
P100-R,2022-12-21,MO2301-P-5600,buy,2,8.2,8.61,36.0,82.0,target_increase
P100-R,2022-12-22,MO2301-P-5600,sell,43,12.0,11.4,774.0,2580.0000000000005,contract_switch
P100-R,2022-12-22,MO2302-P-5700,buy,24,31.0,32.55,432.0,3720.0000000000005,new_contract
P100-R,2022-12-23,MO2302-P-5700,sell,24,42.6,40.47,432.0,5112.0,contract_switch
P100-R,2022-12-23,MO2302-P-5600,buy,23,31.6,33.18,414.0,3634.0000000000005,new_contract
P100-R,2022-12-26,MO2302-P-5600,sell,23,16.4,15.579999999999998,414.0,1886.0,contract_switch
P100-R,2022-12-26,MO2302-P-5500,buy,22,11.6,12.18,396.0,1276.0,new_contract
P100-R,2022-12-27,MO2302-P-5500,buy,5,9.6,10.08,90.0,240.0,target_increase
P100-R,2022-12-28,MO2302-P-5500,buy,8,10.4,10.92,144.0,416.0,target_increase
P100-R,2022-12-29,MO2302-P-5500,sell,5,8.8,8.360000000000001,90.0,220.00000000000003,target_reduce_or_cap
P100-R,2022-12-30,MO2302-P-5500,sell,2,9.8,9.31,36.0,98.00000000000001,target_reduce_or_cap
P100-R,2023-01-03,MO2302-P-5500,buy,2,6.4,6.720000000000001,36.0,64.00000000000001,target_increase
P100-R,2023-01-04,MO2302-P-5500,buy,10,4.8,5.04,180.0,240.0,target_increase
P100-R,2023-01-05,MO2302-P-5500,sell,3,5.2,4.94,54.0,78.0,target_reduce_or_cap
P100-R,2023-01-06,MO2302-P-5500,buy,1,4.2,4.41,18.0,21.000000000000004,target_increase
P100-R,2023-01-09,MO2302-P-5500,buy,4,4.2,4.41,72.0,84.00000000000001,target_increase
P100-R,2023-01-10,MO2302-P-5500,buy,3,4.4,4.62,54.0,66.00000000000001,target_increase
P100-R,2023-01-11,MO2302-P-5500,buy,1,4.2,4.41,18.0,21.000000000000004,target_increase
P100-R,2023-01-12,MO2302-P-5500,sell,6,4.0,3.8,108.0,120.00000000000001,target_reduce_or_cap
P100-R,2023-01-13,MO2302-P-5500,buy,1,2.4,2.6,18.0,20.0,target_increase
P100-R,2023-01-16,MO2302-P-5500,buy,11,2.4,2.6,198.0,220.00000000000003,target_increase
P100-R,2023-01-17,MO2302-P-5500,sell,1,1.8,1.6,18.0,20.0,target_reduce_or_cap
P100-R,2023-01-18,MO2302-P-5500,buy,6,1.6,1.8,108.0,120.00000000000001,target_increase
P100-R,2023-01-19,MO2302-P-5500,sell,57,1.6,1.4000000000000001,1026.0,1140.0,contract_switch
P100-R,2023-01-19,MO2303-P-5200,buy,53,3.8,4.0,954.0,1060.0000000000002,new_contract
P100-R,2023-01-20,MO2303-P-5200,sell,2,2.8,2.5999999999999996,36.0,40.0,target_reduce_or_cap
P100-R,2023-01-30,MO2303-P-5200,buy,14,2.0,2.2,252.0,280.0,target_increase
P100-R,2023-01-31,MO2303-P-5200,sell,9,1.8,1.6,162.0,180.0,target_reduce_or_cap
P100-R,2023-02-01,MO2303-P-5200,buy,9,2.0,2.2,162.0,180.0,target_increase
P100-R,2023-02-02,MO2303-P-5200,buy,2,1.8,2.0,36.0,40.0,target_increase
P100-R,2023-02-03,MO2303-P-5200,sell,1,1.8,1.6,18.0,20.0,target_reduce_or_cap
P100-R,2023-02-06,MO2303-P-5200,sell,1,1.6,1.4000000000000001,18.0,20.0,target_reduce_or_cap
P100-R,2023-02-07,MO2303-P-5200,sell,6,1.4,1.2,108.0,120.00000000000001,target_reduce_or_cap
P100-R,2023-02-08,MO2303-P-5200,buy,8,1.4,1.5999999999999999,144.0,160.0,target_increase
P100-R,2023-02-09,MO2303-P-5200,sell,7,1.6,1.4000000000000001,126.0,140.0,target_reduce_or_cap
P100-R,2023-02-10,MO2303-P-5200,buy,15,1.2,1.4,270.0,300.0,target_increase
P100-R,2023-02-13,MO2303-P-5200,sell,9,1.2,1.0,162.0,180.0,target_reduce_or_cap
P100-R,2023-02-14,MO2303-P-5200,sell,5,1.2,1.0,90.0,100.0,target_reduce_or_cap
P100-R,2023-02-15,MO2303-P-5200,buy,5,1.0,1.2,90.0,100.0,target_increase
P100-R,2023-02-16,MO2303-P-5200,buy,2,1.0,1.2,36.0,40.0,target_increase
P100-R,2023-02-17,MO2303-P-5200,buy,12,1.0,1.2,216.0,240.00000000000003,target_increase
P100-R,2023-02-20,MO2303-P-5200,sell,11,0.8,0.6000000000000001,198.0,220.00000000000003,target_reduce_or_cap
P100-R,2023-02-21,MO2303-P-5200,sell,69,0.8,0.6000000000000001,1242.0,1380.0,contract_switch
P100-R,2023-02-21,MO2304-P-6000,buy,25,8.4,8.82,450.0,1050.0000000000002,new_contract
P100-R,2023-02-22,MO2304-P-6000,buy,2,7.8,8.19,36.0,78.0,target_increase
P100-R,2023-02-23,MO2304-P-6000,buy,2,8.2,8.61,36.0,82.0,target_increase
P100-R,2023-02-24,MO2304-P-6000,sell,2,8.6,8.17,36.0,86.0,target_reduce_or_cap
P100-R,2023-02-27,MO2304-P-6000,buy,7,11.6,12.18,126.0,405.99999999999994,target_increase
P100-R,2023-02-28,MO2304-P-6000,sell,5,8.6,8.17,90.0,215.0,target_reduce_or_cap
P100-R,2023-03-01,MO2304-P-6000,sell,1,6.2,5.890000000000001,18.0,31.000000000000007,target_reduce_or_cap
P100-R,2023-03-02,MO2304-P-6000,buy,4,6.0,6.3,72.0,120.00000000000001,target_increase
P100-R,2023-03-03,MO2304-P-6000,sell,2,6.0,5.7,36.0,60.00000000000001,target_reduce_or_cap
P100-R,2023-03-06,MO2304-P-6000,sell,1,4.8,4.56,18.0,24.0,target_reduce_or_cap
P100-R,2023-03-07,MO2304-P-6000,buy,4,6.8,7.14,72.0,136.0,target_increase
P100-R,2023-03-08,MO2304-P-6000,sell,5,6.2,5.890000000000001,90.0,155.00000000000003,target_reduce_or_cap
P100-R,2023-03-09,MO2304-P-6000,buy,3,5.8,6.09,54.0,86.99999999999999,target_increase
P100-R,2023-03-14,MO2304-P-6000,buy,7,10.0,10.5,126.0,350.0,target_increase
P100-R,2023-03-15,MO2304-P-6000,sell,10,5.6,5.319999999999999,180.0,280.0,target_reduce_or_cap
P100-R,2023-03-16,MO2304-P-6000,buy,6,11.0,11.55,108.0,330.0,target_increase
P100-R,2023-03-17,MO2304-P-6000,sell,4,7.4,7.03,72.0,148.00000000000003,target_reduce_or_cap
P100-R,2023-03-20,MO2304-P-6000,buy,9,8.0,8.4,162.0,360.0,target_increase
P100-R,2023-03-21,MO2304-P-6000,sell,1,4.2,3.99,18.0,21.000000000000004,target_reduce_or_cap
P100-R,2023-03-22,MO2304-P-6000,buy,2,3.6,3.8000000000000003,36.0,40.0,target_increase
P100-R,2023-03-23,MO2304-P-6000,sell,40,2.8,2.5999999999999996,720.0,800.0,contract_switch
P100-R,2023-03-23,MO2305-P-6000,buy,33,8.6,9.03,594.0,1419.0,new_contract
P100-R,2023-03-24,MO2305-P-6000,sell,5,6.8,6.46,90.0,170.00000000000003,target_reduce_or_cap
P100-R,2023-03-27,MO2305-P-6000,buy,1,6.4,6.720000000000001,18.0,32.00000000000001,target_increase
P100-R,2023-03-28,MO2305-P-6000,buy,3,6.6,6.93,54.0,99.0,target_increase
P100-R,2023-03-29,MO2305-P-6000,buy,5,6.4,6.720000000000001,90.0,160.00000000000003,target_increase
P100-R,2023-03-30,MO2305-P-6000,sell,3,6.2,5.890000000000001,54.0,93.00000000000001,target_reduce_or_cap
P100-R,2023-04-03,MO2305-P-6000,sell,2,4.4,4.180000000000001,36.0,44.00000000000001,target_reduce_or_cap
P100-R,2023-04-04,MO2305-P-6000,sell,1,3.6,3.4,18.0,20.0,target_reduce_or_cap
P100-R,2023-04-06,MO2305-P-6000,buy,2,4.0,4.2,36.0,40.0,target_increase
P100-R,2023-04-07,MO2305-P-6000,buy,1,2.6,2.8000000000000003,18.0,20.0,target_increase
P100-R,2023-04-10,MO2305-P-6000,buy,13,2.2,2.4000000000000004,234.0,260.0,target_increase
P100-R,2023-04-11,MO2305-P-6000,sell,10,2.0,1.8,180.0,200.0,target_reduce_or_cap
P100-R,2023-04-12,MO2305-P-6000,buy,2,1.6,1.8,36.0,40.0,target_increase
P100-R,2023-04-13,MO2305-P-6000,buy,8,1.6,1.8,144.0,160.0,target_increase
P100-R,2023-04-14,MO2305-P-6000,sell,7,1.6,1.4000000000000001,126.0,140.0,target_reduce_or_cap
P100-R,2023-04-17,MO2305-P-6000,buy,9,1.2,1.4,162.0,180.0,target_increase
P100-R,2023-04-18,MO2305-P-6000,buy,4,1.0,1.2,72.0,80.0,target_increase
P100-R,2023-04-19,MO2305-P-6000,sell,5,1.6,1.4000000000000001,90.0,100.0,target_reduce_or_cap
P100-R,2023-04-20,MO2305-P-6000,sell,48,1.8,1.6,864.0,960.0000000000001,contract_switch
P100-R,2023-04-20,MO2306-P-5200,buy,50,2.0,2.2,900.0,1000.0,new_contract
P100-R,2023-04-21,MO2306-P-5200,buy,3,2.2,2.4000000000000004,54.0,60.00000000000001,target_increase
P100-R,2023-04-25,MO2306-P-5200,buy,5,2.8,3.0,90.0,100.0,target_increase
P100-R,2023-04-26,MO2306-P-5200,sell,5,2.2,2.0,90.0,100.0,target_reduce_or_cap
P100-R,2023-04-27,MO2306-P-5200,buy,4,2.4,2.6,72.0,80.0,target_increase
P100-R,2023-04-28,MO2306-P-5200,buy,3,1.6,1.8,54.0,60.00000000000001,target_increase
P100-R,2023-05-04,MO2306-P-5200,buy,5,1.6,1.8,90.0,100.0,target_increase
P100-R,2023-05-05,MO2306-P-5200,buy,3,1.6,1.8,54.0,60.00000000000001,target_increase
P100-R,2023-05-08,MO2306-P-5200,sell,17,1.4,1.2,306.0,340.00000000000006,target_reduce_or_cap
P100-R,2023-05-09,MO2306-P-5200,buy,12,1.4,1.5999999999999999,216.0,240.00000000000003,target_increase
P100-R,2023-05-10,MO2306-P-5200,buy,1,1.2,1.4,18.0,20.0,target_increase
P100-R,2023-05-11,MO2306-P-5200,buy,7,1.4,1.5999999999999999,126.0,140.0,target_increase
P100-R,2023-05-12,MO2306-P-5200,sell,2,1.4,1.2,36.0,40.0,target_reduce_or_cap
P100-R,2023-05-15,MO2306-P-5200,buy,2,1.2,1.4,36.0,40.0,target_increase
P100-R,2023-05-16,MO2306-P-5200,sell,8,1.2,1.0,144.0,160.0,target_reduce_or_cap
P100-R,2023-05-17,MO2306-P-5200,buy,4,1.2,1.4,72.0,80.0,target_increase
P100-R,2023-05-18,MO2306-P-5200,sell,13,1.0,0.8,234.0,260.0,target_reduce_or_cap
P100-R,2023-05-19,MO2306-P-5200,buy,9,1.2,1.4,162.0,180.0,target_increase
P100-R,2023-05-22,MO2306-P-5200,buy,20,0.8,1.0,360.0,400.0,target_increase
P100-R,2023-05-23,MO2306-P-5200,sell,83,0.6,0.39999999999999997,1494.0,1660.0000000000002,contract_switch
P100-R,2023-05-23,MO2307-P-5800,buy,31,7.8,8.19,558.0,1209.0,new_contract
P100-R,2023-05-24,MO2307-P-5800,buy,1,6.0,6.3,18.0,30.000000000000004,target_increase
P100-R,2023-05-26,MO2307-P-5800,sell,3,6.2,5.890000000000001,54.0,93.00000000000001,target_reduce_or_cap
P100-R,2023-05-29,MO2307-P-5800,buy,8,6.2,6.51,144.0,248.00000000000006,target_increase
P100-R,2023-05-30,MO2307-P-5800,sell,2,5.4,5.130000000000001,36.0,54.0,target_reduce_or_cap
P100-R,2023-05-31,MO2307-P-5800,sell,6,6.0,5.7,108.0,180.00000000000003,target_reduce_or_cap
P100-R,2023-06-01,MO2307-P-5800,sell,1,5.0,4.75,18.0,25.0,target_reduce_or_cap
P100-R,2023-06-02,MO2307-P-5800,buy,2,4.2,4.41,36.0,42.00000000000001,target_increase
P100-R,2023-06-05,MO2307-P-5800,buy,9,4.0,4.2,162.0,180.0,target_increase
P100-R,2023-06-06,MO2307-P-5800,buy,2,7.8,8.19,36.0,78.0,target_increase
P100-R,2023-06-07,MO2307-P-5800,sell,12,8.6,8.17,216.0,516.0,target_reduce_or_cap
P100-R,2023-06-08,MO2307-P-5800,buy,1,10.4,10.92,18.0,52.0,target_increase
P100-R,2023-06-09,MO2307-P-5800,buy,5,7.2,7.5600000000000005,90.0,180.00000000000003,target_increase
P100-R,2023-06-12,MO2307-P-5800,sell,35,4.0,3.8,630.0,700.0,contract_switch
P100-R,2023-06-12,MO2307-P-5700,buy,37,2.8,3.0,666.0,740.0,new_contract
P100-R,2023-06-13,MO2307-P-5700,buy,8,2.6,2.8000000000000003,144.0,160.0,target_increase
P100-R,2023-06-14,MO2307-P-5700,sell,11,2.6,2.4,198.0,220.00000000000003,target_reduce_or_cap
P100-R,2023-06-15,MO2307-P-5700,buy,5,2.0,2.2,90.0,100.0,target_increase
P100-R,2023-06-16,MO2307-P-5700,buy,10,1.4,1.5999999999999999,180.0,200.0,target_increase
P100-R,2023-06-19,MO2307-P-5700,sell,6,1.4,1.2,108.0,120.00000000000001,target_reduce_or_cap
P100-R,2023-06-20,MO2307-P-5700,buy,5,1.2,1.4,90.0,100.0,target_increase
P100-R,2023-06-21,MO2307-P-5700,buy,2,1.4,1.5999999999999999,36.0,40.0,target_increase
P100-R,2023-06-26,MO2307-P-5700,sell,50,2.2,2.0,900.0,1000.0,contract_switch
P100-R,2023-06-26,MO2308-P-5700,buy,41,6.2,6.51,738.0,1271.0000000000002,new_contract
P100-R,2023-06-27,MO2308-P-5700,sell,7,4.0,3.8,126.0,140.0,target_reduce_or_cap
P100-R,2023-06-29,MO2308-P-5700,sell,3,3.4,3.1999999999999997,54.0,60.00000000000001,target_reduce_or_cap
P100-R,2023-06-30,MO2308-P-5700,buy,6,2.2,2.4000000000000004,108.0,120.00000000000001,target_increase
P100-R,2023-07-04,MO2308-P-5700,buy,3,1.8,2.0,54.0,60.00000000000001,target_increase
P100-R,2023-07-05,MO2308-P-5700,buy,5,2.2,2.4000000000000004,90.0,100.0,target_increase
P100-R,2023-07-06,MO2308-P-5700,sell,8,2.2,2.0,144.0,160.0,target_reduce_or_cap
P100-R,2023-07-07,MO2308-P-5700,sell,5,2.4,2.1999999999999997,90.0,100.0,target_reduce_or_cap
P100-R,2023-07-10,MO2308-P-5700,buy,8,2.0,2.2,144.0,160.0,target_increase
P100-R,2023-07-11,MO2308-P-5700,buy,2,1.6,1.8,36.0,40.0,target_increase
P100-R,2023-07-12,MO2308-P-5700,sell,3,2.2,2.0,54.0,60.00000000000001,target_reduce_or_cap
P100-R,2023-07-13,MO2308-P-5700,sell,3,2.2,2.0,54.0,60.00000000000001,target_reduce_or_cap
P100-R,2023-07-14,MO2308-P-5700,buy,17,2.0,2.2,306.0,340.00000000000006,target_increase
P100-R,2023-07-17,MO2308-P-5700,buy,2,1.8,2.0,36.0,40.0,target_increase
P100-R,2023-07-18,MO2308-P-5700,sell,5,1.6,1.4000000000000001,90.0,100.0,target_reduce_or_cap
P100-R,2023-07-19,MO2308-P-5700,sell,2,1.6,1.4000000000000001,36.0,40.0,target_reduce_or_cap
P100-R,2023-07-20,MO2308-P-5700,sell,48,2.0,1.8,864.0,960.0000000000001,contract_switch
P100-R,2023-07-20,MO2309-P-5200,buy,50,1.8,2.0,900.0,1000.0,new_contract
P100-R,2023-07-21,MO2309-P-5200,buy,1,1.8,2.0,18.0,20.0,target_increase
P100-R,2023-07-24,MO2309-P-5200,buy,1,1.6,1.8,18.0,20.0,target_increase
P100-R,2023-07-25,MO2309-P-5200,sell,2,1.2,1.0,36.0,40.0,target_reduce_or_cap
P100-R,2023-07-26,MO2309-P-5200,buy,4,1.4,1.5999999999999999,72.0,80.0,target_increase
P100-R,2023-07-27,MO2309-P-5200,sell,6,1.2,1.0,108.0,120.00000000000001,target_reduce_or_cap
P100-R,2023-07-28,MO2309-P-5200,buy,10,1.2,1.4,180.0,200.0,target_increase
P100-R,2023-07-31,MO2309-P-5200,sell,7,1.4,1.2,126.0,140.0,target_reduce_or_cap
P100-R,2023-08-01,MO2309-P-5200,buy,10,1.4,1.5999999999999999,180.0,200.0,target_increase
P100-R,2023-08-02,MO2309-P-5200,sell,3,1.2,1.0,54.0,60.00000000000001,target_reduce_or_cap
P100-R,2023-08-03,MO2309-P-5200,sell,2,1.0,0.8,36.0,40.0,target_reduce_or_cap
P100-R,2023-08-07,MO2309-P-5200,buy,16,1.2,1.4,288.0,320.0,target_increase
P100-R,2023-08-08,MO2309-P-5200,sell,6,1.0,0.8,108.0,120.00000000000001,target_reduce_or_cap
P100-R,2023-08-09,MO2309-P-5200,sell,6,1.0,0.8,108.0,120.00000000000001,target_reduce_or_cap
P100-R,2023-08-10,MO2309-P-5200,buy,14,1.0,1.2,252.0,280.0,target_increase
P100-R,2023-08-11,MO2309-P-5200,sell,1,1.2,1.0,18.0,20.0,target_reduce_or_cap
P100-R,2023-08-14,MO2309-P-5200,sell,12,1.0,0.8,216.0,240.00000000000003,target_reduce_or_cap
P100-R,2023-08-15,MO2309-P-5200,buy,14,1.2,1.4,252.0,280.0,target_increase
P100-R,2023-08-16,MO2309-P-5200,sell,19,2.2,2.0,342.0,380.0,target_reduce_or_cap
P100-R,2023-08-18,MO2309-P-5200,buy,27,2.2,2.4000000000000004,486.0,540.0,target_increase
P100-R,2023-08-21,MO2309-P-5200,sell,21,3.0,2.8,378.0,420.0,target_reduce_or_cap
P100-R,2023-08-22,MO2309-P-5200,sell,62,1.8,1.6,1116.0,1240.0,contract_switch
P100-R,2023-08-22,MO2310-P-5500,buy,22,15.2,15.959999999999999,396.0,1672.0,new_contract
P100-R,2023-08-23,MO2310-P-5500,sell,22,27.0,25.65,396.0,2970.0000000000005,contract_switch
P100-R,2023-08-23,MO2310-P-5400,buy,30,18.2,19.11,540.0,2730.0,new_contract
P100-R,2023-08-24,MO2310-P-5400,sell,7,13.2,12.54,126.0,462.0,target_reduce_or_cap
P100-R,2023-08-25,MO2310-P-5400,sell,23,33.2,31.540000000000003,414.0,3818.000000000001,contract_switch
P100-R,2023-08-25,MO2310-P-5300,buy,28,23.4,24.57,504.0,3276.0,new_contract
P100-R,2023-08-28,MO2310-P-5300,sell,5,24.0,22.8,90.0,600.0000000000001,target_reduce_or_cap
P100-R,2023-08-29,MO2310-P-5300,sell,23,7.8,7.41,414.0,897.0000000000001,contract_switch
P100-R,2023-08-29,MO2310-P-5200,buy,28,5.6,5.88,504.0,783.9999999999999,new_contract
P100-R,2023-08-30,MO2310-P-5200,buy,7,4.2,4.41,126.0,147.00000000000003,target_increase
P100-R,2023-08-31,MO2310-P-5200,buy,9,4.2,4.41,162.0,189.0,target_increase
P100-R,2023-09-01,MO2310-P-5200,sell,3,2.6,2.4,54.0,60.00000000000001,target_reduce_or_cap
P100-R,2023-09-04,MO2310-P-5200,buy,2,1.8,2.0,36.0,40.0,target_increase
P100-R,2023-09-05,MO2310-P-5200,buy,5,2.6,2.8000000000000003,90.0,100.0,target_increase
P100-R,2023-09-06,MO2310-P-5200,sell,7,2.2,2.0,126.0,140.0,target_reduce_or_cap
P100-R,2023-09-07,MO2310-P-5200,buy,5,4.0,4.2,90.0,100.0,target_increase
P100-R,2023-09-08,MO2310-P-5200,sell,7,3.6,3.4,126.0,140.0,target_reduce_or_cap
P100-R,2023-09-11,MO2310-P-5200,buy,2,2.4,2.6,36.0,40.0,target_increase
P100-R,2023-09-12,MO2310-P-5200,buy,2,2.4,2.6,36.0,40.0,target_increase
P100-R,2023-09-13,MO2310-P-5200,buy,3,3.4,3.6,54.0,60.00000000000001,target_increase
P100-R,2023-09-14,MO2310-P-5200,sell,3,3.2,3.0,54.0,60.00000000000001,target_reduce_or_cap
P100-R,2023-09-15,MO2310-P-5200,sell,3,2.8,2.5999999999999996,54.0,60.00000000000001,target_reduce_or_cap
P100-R,2023-09-18,MO2310-P-5200,buy,4,2.4,2.6,72.0,80.0,target_increase
P100-R,2023-09-19,MO2310-P-5200,buy,4,2.4,2.6,72.0,80.0,target_increase
P100-R,2023-09-20,MO2310-P-5200,buy,8,2.2,2.4000000000000004,144.0,160.0,target_increase
P100-R,2023-09-21,MO2310-P-5200,sell,56,3.0,2.8,1008.0,1120.0,contract_switch
P100-R,2023-09-21,MO2311-P-5200,buy,31,7.2,7.5600000000000005,558.0,1116.0000000000002,new_contract
P100-R,2023-09-22,MO2311-P-5200,buy,4,4.2,4.41,72.0,84.00000000000001,target_increase
P100-R,2023-09-25,MO2311-P-5200,sell,3,4.2,3.99,54.0,63.000000000000014,target_reduce_or_cap
P100-R,2023-09-26,MO2311-P-5200,buy,7,4.2,4.41,126.0,147.00000000000003,target_increase
P100-R,2023-09-27,MO2311-P-5200,sell,5,3.8,3.5999999999999996,90.0,100.0,target_reduce_or_cap
P100-R,2023-09-28,MO2311-P-5200,buy,9,3.2,3.4000000000000004,162.0,180.0,target_increase
P100-R,2023-10-09,MO2311-P-5200,sell,8,1.8,1.6,144.0,160.0,target_reduce_or_cap
P100-R,2023-10-10,MO2311-P-5200,buy,2,2.2,2.4000000000000004,36.0,40.0,target_increase
P100-R,2023-10-11,MO2311-P-5200,buy,15,1.8,2.0,270.0,300.0,target_increase
P100-R,2023-10-12,MO2311-P-5200,sell,15,1.4,1.2,270.0,300.0,target_reduce_or_cap
P100-R,2023-10-13,MO2311-P-5200,buy,12,1.6,1.8,216.0,240.00000000000003,target_increase
P100-R,2023-10-16,MO2311-P-5200,sell,3,3.2,3.0,54.0,60.00000000000001,target_reduce_or_cap
P100-R,2023-10-17,MO2311-P-5200,buy,7,2.4,2.6,126.0,140.0,target_increase
P100-R,2023-10-18,MO2311-P-5200,sell,5,3.0,2.8,90.0,100.0,target_reduce_or_cap
P100-R,2023-10-19,MO2311-P-5200,sell,48,6.0,5.7,864.0,1440.0000000000002,contract_switch
P100-R,2023-10-19,MO2312-P-5200,buy,31,11.0,11.55,558.0,1705.0,new_contract
P100-R,2023-10-20,MO2312-P-5200,sell,1,21.0,19.95,18.0,105.0,target_reduce_or_cap
P100-R,2023-10-23,MO2312-P-5200,sell,8,46.4,44.08,144.0,1855.9999999999998,target_reduce_or_cap
P100-R,2023-10-24,MO2312-P-5200,sell,22,32.4,30.779999999999998,396.0,3564.0,contract_switch
P100-R,2023-10-24,MO2312-P-5100,buy,24,23.2,24.36,432.0,2783.9999999999995,new_contract
P100-R,2023-10-25,MO2312-P-5100,sell,24,13.8,13.110000000000001,432.0,1656.0000000000002,contract_switch
P100-R,2023-10-25,MO2312-P-5000,buy,28,9.2,9.66,504.0,1288.0,new_contract
P100-R,2023-10-27,MO2312-P-5000,buy,5,3.6,3.8000000000000003,90.0,100.0,target_increase
P100-R,2023-10-30,MO2312-P-5000,buy,8,2.8,3.0,144.0,160.0,target_increase
P100-R,2023-11-01,MO2312-P-5000,sell,6,2.2,2.0,108.0,120.00000000000001,target_reduce_or_cap
P100-R,2023-11-02,MO2312-P-5000,sell,1,2.6,2.4,18.0,20.0,target_reduce_or_cap
P100-R,2023-11-03,MO2312-P-5000,buy,5,1.6,1.8,90.0,100.0,target_increase
P100-R,2023-11-06,MO2312-P-5000,buy,1,1.6,1.8,18.0,20.0,target_increase
P100-R,2023-11-07,MO2312-P-5000,buy,9,1.8,2.0,162.0,180.0,target_increase
P100-R,2023-11-08,MO2312-P-5000,buy,3,1.4,1.5999999999999999,54.0,60.00000000000001,target_increase
P100-R,2023-11-09,MO2312-P-5000,buy,6,1.4,1.5999999999999999,108.0,120.00000000000001,target_increase
P100-R,2023-11-10,MO2312-P-5000,sell,10,1.6,1.4000000000000001,180.0,200.0,target_reduce_or_cap
P100-R,2023-11-13,MO2312-P-5000,sell,3,1.4,1.2,54.0,60.00000000000001,target_reduce_or_cap
P100-R,2023-11-14,MO2312-P-5000,buy,16,1.0,1.2,288.0,320.0,target_increase
P100-R,2023-11-15,MO2312-P-5000,sell,15,0.8,0.6000000000000001,270.0,300.0,target_reduce_or_cap
P100-R,2023-11-16,MO2312-P-5000,buy,11,1.0,1.2,198.0,220.00000000000003,target_increase
P100-R,2023-11-17,MO2312-P-5000,buy,6,1.0,1.2,108.0,120.00000000000001,target_increase
P100-R,2023-11-20,MO2312-P-5000,sell,5,0.6,0.39999999999999997,90.0,100.0,target_reduce_or_cap
P100-R,2023-11-21,MO2312-P-5000,sell,58,0.6,0.39999999999999997,1044.0,1160.0000000000002,contract_switch
P100-R,2023-11-21,MO2401-P-5000,buy,36,1.6,1.8,648.0,720.0,new_contract
P100-R,2023-11-22,MO2401-P-5000,buy,5,2.0,2.2,90.0,100.0,target_increase
P100-R,2023-11-23,MO2401-P-5000,buy,3,1.8,2.0,54.0,60.00000000000001,target_increase
P100-R,2023-11-27,MO2401-P-5000,sell,1,2.2,2.0,18.0,20.0,target_reduce_or_cap
P100-R,2023-11-29,MO2401-P-5000,buy,4,2.0,2.2,72.0,80.0,target_increase
P100-R,2023-11-30,MO2401-P-5000,sell,6,2.4,2.1999999999999997,108.0,120.00000000000001,target_reduce_or_cap
P100-R,2023-12-01,MO2401-P-5000,sell,5,2.0,1.8,90.0,100.0,target_reduce_or_cap
P100-R,2023-12-04,MO2401-P-5000,buy,9,2.4,2.6,162.0,180.0,target_increase
P100-R,2023-12-05,MO2401-P-5000,sell,6,5.2,4.94,108.0,156.0,target_reduce_or_cap
P100-R,2023-12-06,MO2401-P-5000,sell,6,4.6,4.369999999999999,108.0,138.0,target_reduce_or_cap
P100-R,2023-12-07,MO2401-P-5000,buy,7,3.4,3.6,126.0,140.0,target_increase
P100-R,2023-12-08,MO2401-P-5000,buy,4,3.2,3.4000000000000004,72.0,80.0,target_increase
P100-R,2023-12-11,MO2401-P-5000,sell,2,1.8,1.6,36.0,40.0,target_reduce_or_cap
P100-R,2023-12-13,MO2401-P-5000,buy,2,2.4,2.6,36.0,40.0,target_increase
P100-R,2023-12-14,MO2401-P-5000,buy,6,2.2,2.4000000000000004,108.0,120.00000000000001,target_increase
P100-R,2023-12-15,MO2401-P-5000,sell,7,2.2,2.0,126.0,140.0,target_reduce_or_cap
P100-R,2023-12-18,MO2401-P-5000,sell,7,2.2,2.0,126.0,140.0,target_reduce_or_cap
P100-R,2023-12-19,MO2401-P-5000,sell,1,1.8,1.6,18.0,20.0,target_reduce_or_cap
P100-R,2023-12-20,MO2401-P-5000,buy,3,2.6,2.8000000000000003,54.0,60.00000000000001,target_increase
P100-R,2023-12-21,MO2401-P-5000,sell,4,2.4,2.1999999999999997,72.0,80.0,target_reduce_or_cap
P100-R,2023-12-22,MO2401-P-5000,sell,34,2.8,2.5999999999999996,612.0,680.0000000000001,contract_switch
P100-R,2023-12-22,MO2402-P-5100,buy,26,14.0,14.7,468.0,1820.0000000000002,new_contract
P100-R,2023-12-25,MO2402-P-5100,buy,2,13.2,13.86,36.0,132.0,target_increase
P100-R,2023-12-27,MO2402-P-5100,sell,8,15.2,14.44,144.0,608.0,target_reduce_or_cap
P100-R,2023-12-28,MO2402-P-5100,sell,20,7.4,7.03,360.0,740.0000000000001,contract_switch
P100-R,2023-12-28,MO2402-P-5000,buy,27,4.6,4.83,486.0,620.9999999999999,new_contract
P100-R,2023-12-29,MO2402-P-5000,buy,7,3.8,4.0,126.0,140.0,target_increase
P100-R,2024-01-02,MO2402-P-5000,buy,3,3.8,4.0,54.0,60.00000000000001,target_increase
P100-R,2024-01-03,MO2402-P-5000,sell,7,4.4,4.180000000000001,126.0,154.00000000000003,target_reduce_or_cap
P100-R,2024-01-04,MO2402-P-5000,buy,8,5.0,5.25,144.0,200.0,target_increase
P100-R,2024-01-05,MO2402-P-5000,sell,7,8.0,7.6,126.0,280.0,target_reduce_or_cap
P100-R,2024-01-08,MO2402-P-5000,sell,4,30.0,28.5,72.0,600.0,target_reduce_or_cap
P100-R,2024-01-09,MO2402-P-5000,sell,6,22.6,21.470000000000002,108.0,678.0000000000001,target_reduce_or_cap
P100-R,2024-01-10,MO2402-P-5000,sell,21,31.6,30.020000000000003,378.0,3318.0,contract_switch
P100-R,2024-01-10,MO2402-P-4950,buy,18,26.6,27.93,324.0,2394.0,new_contract
P100-R,2024-01-11,MO2402-P-4950,buy,4,14.6,15.33,72.0,292.0,target_increase
P100-R,2024-01-12,MO2402-P-4950,buy,4,15.6,16.38,72.0,312.0,target_increase
P100-R,2024-01-15,MO2402-P-4950,sell,3,16.4,15.579999999999998,54.0,246.0,target_reduce_or_cap
P100-R,2024-01-16,MO2402-P-4950,sell,2,15.2,14.44,36.0,152.0,target_reduce_or_cap
P100-R,2024-01-17,MO2402-P-4950,buy,5,43.2,45.36,90.0,1080.0,target_increase
P100-R,2024-01-18,MO2402-P-4950,sell,11,49.8,47.309999999999995,198.0,2739.0,target_reduce_or_cap
P100-R,2024-01-19,MO2402-P-4950,sell,15,52.4,49.78,270.0,3930.0000000000005,contract_switch
P100-R,2024-01-19,MO2403-P-4850,buy,14,72.6,76.22999999999999,252.0,5082.0,new_contract
P100-R,2024-01-22,MO2403-P-4850,sell,14,328.2,311.78999999999996,252.0,22974.0,contract_switch
P100-R,2024-01-22,MO2403-P-4800,buy,16,298.2,313.11,288.0,23856.0,new_contract
P100-R,2024-01-23,MO2403-P-4800,sell,16,153.8,146.11,288.0,12304.000000000002,contract_switch
P100-R,2024-01-23,MO2403-P-4750,buy,14,139.4,146.37,252.0,9758.000000000002,new_contract
P100-R,2024-01-24,MO2403-P-4750,sell,14,101.2,96.14,252.0,7084.0,contract_switch
P100-R,2024-01-24,MO2403-P-4500,buy,20,49.6,52.08,360.0,4960.000000000001,new_contract
P100-R,2024-01-25,MO2403-P-4500,buy,7,20.6,21.630000000000003,126.0,721.0,target_increase
P100-R,2024-01-26,MO2403-P-4500,buy,7,25.0,26.25,126.0,875.0,target_increase
P100-R,2024-01-29,MO2403-P-4500,sell,8,48.6,46.17,144.0,1944.0000000000002,target_reduce_or_cap
P100-R,2024-01-30,MO2403-P-4500,sell,1,91.0,86.45,18.0,455.0,target_reduce_or_cap
P100-R,2024-01-31,MO2403-P-4500,sell,7,159.2,151.23999999999998,126.0,5572.0,target_reduce_or_cap
P100-R,2024-02-01,MO2403-P-4500,sell,18,156.6,148.76999999999998,324.0,14094.0,contract_switch
P100-R,2024-02-01,MO2403-P-4450,buy,17,134.8,141.54000000000002,306.0,11458.000000000002,new_contract
P100-R,2024-02-02,MO2403-P-4450,sell,17,220.8,209.76000000000002,306.0,18768.0,contract_switch
P100-R,2024-02-02,MO2403-P-4300,buy,20,154.8,162.54000000000002,360.0,15480.000000000002,new_contract
P100-R,2024-02-05,MO2403-P-4300,sell,20,434.2,412.49,360.0,43420.00000000001,contract_switch
P100-R,2024-02-05,MO2403-P-4250,buy,20,405.4,425.66999999999996,360.0,40540.0,new_contract
P100-R,2024-02-06,MO2403-P-4250,sell,20,131.6,125.02,360.0,13160.0,contract_switch
P100-R,2024-02-06,MO2403-P-4100,buy,14,93.0,97.65,252.0,6510.000000000001,new_contract
P100-R,2024-02-07,MO2403-P-4100,sell,14,48.2,45.790000000000006,252.0,3374.0,contract_switch
P100-R,2024-02-07,MO2403-P-3850,buy,27,24.6,25.830000000000002,486.0,3321.000000000001,new_contract
P100-R,2024-02-08,MO2403-P-3850,buy,7,8.0,8.4,126.0,280.0,target_increase
P100-R,2024-02-19,MO2403-P-3850,buy,2,4.4,4.62,36.0,44.00000000000001,target_increase
P100-R,2024-02-20,MO2403-P-3850,sell,36,2.6,2.4,648.0,720.0,contract_switch
P100-R,2024-02-20,MO2404-P-3850,buy,33,9.4,9.870000000000001,594.0,1551.0000000000002,new_contract
P100-R,2024-02-21,MO2404-P-3850,buy,7,9.8,10.290000000000001,126.0,343.0,target_increase
P100-R,2024-02-22,MO2404-P-3850,sell,5,7.8,7.41,90.0,195.00000000000003,target_reduce_or_cap
P100-R,2024-02-23,MO2404-P-3850,buy,1,5.2,5.46,18.0,26.0,target_increase
P100-R,2024-02-26,MO2404-P-3850,buy,9,4.8,5.04,162.0,216.0,target_increase
P100-R,2024-02-27,MO2404-P-3850,sell,6,3.0,2.8,108.0,120.00000000000001,target_reduce_or_cap
P100-R,2024-02-28,MO2404-P-3850,buy,9,5.8,6.09,162.0,261.0,target_increase
P100-R,2024-02-29,MO2404-P-3850,sell,13,3.4,3.1999999999999997,234.0,260.0,target_reduce_or_cap
P100-R,2024-03-01,MO2404-P-3850,buy,14,2.8,3.0,252.0,280.0,target_increase
P100-R,2024-03-04,MO2404-P-3850,sell,4,4.0,3.8,72.0,80.0,target_reduce_or_cap
P100-R,2024-03-05,MO2404-P-3850,buy,2,5.0,5.25,36.0,50.0,target_increase
P100-R,2024-03-06,MO2404-P-3850,sell,7,3.0,2.8,126.0,140.0,target_reduce_or_cap
P100-R,2024-03-07,MO2404-P-3850,buy,5,3.8,4.0,90.0,100.0,target_increase
P100-R,2024-03-08,MO2404-P-3850,buy,2,2.2,2.4000000000000004,36.0,40.0,target_increase
P100-R,2024-03-11,MO2404-P-3850,buy,4,1.6,1.8,72.0,80.0,target_increase
P100-R,2024-03-12,MO2404-P-3850,buy,7,1.2,1.4,126.0,140.0,target_increase
P100-R,2024-03-13,MO2404-P-3850,buy,6,1.0,1.2,108.0,120.00000000000001,target_increase
P100-R,2024-03-14,MO2404-P-3850,buy,11,1.0,1.2,198.0,220.00000000000003,target_increase
P100-R,2024-03-15,MO2404-P-3850,sell,7,1.0,0.8,126.0,140.0,target_reduce_or_cap
P100-R,2024-03-18,MO2404-P-3850,buy,1,0.8,1.0,18.0,20.0,target_increase
P100-R,2024-03-19,MO2404-P-3850,buy,30,0.8,1.0,540.0,600.0,target_increase
P100-R,2024-03-20,MO2404-P-3850,sell,13,0.6,0.39999999999999997,234.0,260.0,target_reduce_or_cap
P100-R,2024-03-21,MO2404-P-3850,sell,86,0.8,0.6000000000000001,1548.0,1720.0,contract_switch
P100-R,2024-03-21,MO2405-P-4500,buy,36,5.6,5.88,648.0,1007.9999999999998,new_contract
P100-R,2024-03-22,MO2405-P-4500,buy,1,7.4,7.7700000000000005,18.0,37.00000000000001,target_increase
P100-R,2024-03-25,MO2405-P-4500,buy,1,10.0,10.5,18.0,50.0,target_increase
P100-R,2024-03-26,MO2405-P-4500,sell,7,12.4,11.780000000000001,126.0,434.00000000000006,target_reduce_or_cap
P100-R,2024-03-27,MO2405-P-4500,buy,6,35.0,36.75,108.0,1050.0,target_increase
P100-R,2024-03-28,MO2405-P-4500,sell,12,18.6,17.67,216.0,1116.0000000000002,target_reduce_or_cap
P100-R,2024-03-29,MO2405-P-4500,buy,5,13.4,14.07,90.0,335.0,target_increase
P100-R,2024-04-01,MO2405-P-4500,buy,8,8.4,8.82,144.0,336.00000000000006,target_increase
P100-R,2024-04-02,MO2405-P-4500,sell,1,9.6,9.12,18.0,48.0,target_reduce_or_cap
P100-R,2024-04-03,MO2405-P-4500,buy,6,9.4,9.870000000000001,108.0,282.0,target_increase
P100-R,2024-04-08,MO2405-P-4500,sell,4,18.6,17.67,72.0,372.00000000000006,target_reduce_or_cap
P100-R,2024-04-09,MO2405-P-4500,sell,4,10.6,10.07,72.0,212.0,target_reduce_or_cap
P100-R,2024-04-11,MO2405-P-4500,sell,3,8.8,8.360000000000001,54.0,132.00000000000003,target_reduce_or_cap
P100-R,2024-04-12,MO2405-P-4500,buy,2,9.8,10.290000000000001,36.0,98.00000000000001,target_increase
P100-R,2024-04-15,MO2405-P-4500,buy,6,11.8,12.39,108.0,354.00000000000006,target_increase
P100-R,2024-04-16,MO2405-P-4500,sell,9,40.0,38.0,162.0,1800.0,target_reduce_or_cap
P100-R,2024-04-17,MO2405-P-4500,sell,8,16.6,15.770000000000001,144.0,664.0,target_reduce_or_cap
P100-R,2024-04-18,MO2405-P-4500,buy,11,15.0,15.75,198.0,825.0,target_increase
P100-R,2024-04-19,MO2405-P-4500,sell,1,15.6,14.82,18.0,78.0,target_reduce_or_cap
P100-R,2024-04-22,MO2405-P-4500,sell,2,12.4,11.780000000000001,36.0,124.00000000000003,target_reduce_or_cap
P100-R,2024-04-23,MO2405-P-4500,sell,31,9.6,9.12,558.0,1488.0,contract_switch
P100-R,2024-04-23,MO2406-P-3800,buy,45,7.6,7.9799999999999995,810.0,1710.0000000000002,new_contract
P100-R,2024-04-24,MO2406-P-3800,sell,2,4.2,3.99,36.0,42.00000000000001,target_reduce_or_cap
P100-R,2024-04-25,MO2406-P-3800,buy,4,3.2,3.4000000000000004,72.0,80.0,target_increase
P100-R,2024-04-26,MO2406-P-3800,buy,3,1.8,2.0,54.0,60.00000000000001,target_increase
P100-R,2024-04-29,MO2406-P-3800,buy,7,1.8,2.0,126.0,140.0,target_increase
P100-R,2024-04-30,MO2406-P-3800,buy,9,1.6,1.8,162.0,180.0,target_increase
P100-R,2024-05-06,MO2406-P-3800,sell,6,1.8,1.6,108.0,120.00000000000001,target_reduce_or_cap
P100-R,2024-05-07,MO2406-P-3800,buy,9,1.8,2.0,162.0,180.0,target_increase
P100-R,2024-05-08,MO2406-P-3800,buy,5,1.6,1.8,90.0,100.0,target_increase
P100-R,2024-05-09,MO2406-P-3800,sell,3,1.4,1.2,54.0,60.00000000000001,target_reduce_or_cap
P100-R,2024-05-10,MO2406-P-3800,buy,4,1.4,1.5999999999999999,72.0,80.0,target_increase
P100-R,2024-05-13,MO2406-P-3800,sell,13,1.2,1.0,234.0,260.0,target_reduce_or_cap
P100-R,2024-05-14,MO2406-P-3800,buy,5,1.0,1.2,90.0,100.0,target_increase
P100-R,2024-05-15,MO2406-P-3800,sell,9,1.0,0.8,162.0,180.0,target_reduce_or_cap
P100-R,2024-05-16,MO2406-P-3800,buy,6,1.0,1.2,108.0,120.00000000000001,target_increase
P100-R,2024-05-17,MO2406-P-3800,buy,3,1.0,1.2,54.0,60.00000000000001,target_increase
P100-R,2024-05-20,MO2406-P-3800,buy,7,0.8,1.0,126.0,140.0,target_increase
P100-R,2024-05-21,MO2406-P-3800,buy,6,0.8,1.0,108.0,120.00000000000001,target_increase
P100-R,2024-05-22,MO2406-P-3800,buy,11,0.8,1.0,198.0,220.00000000000003,target_increase
P100-R,2024-05-23,MO2406-P-3800,sell,91,0.8,0.6000000000000001,1638.0,1820.0,contract_switch
P100-R,2024-05-23,MO2407-P-4650,buy,34,22.2,23.31,612.0,3774.0,new_contract
P100-R,2024-05-24,MO2407-P-4650,sell,5,26.8,25.46,90.0,670.0,target_reduce_or_cap
P100-R,2024-05-27,MO2407-P-4650,sell,6,18.8,17.86,108.0,564.0,target_reduce_or_cap
P100-R,2024-05-28,MO2407-P-4650,buy,4,25.0,26.25,72.0,500.0,target_increase
P100-R,2024-05-29,MO2407-P-4650,buy,3,23.6,24.78,54.0,354.00000000000006,target_increase
P100-R,2024-05-30,MO2407-P-4650,sell,7,20.8,19.76,126.0,728.0,target_reduce_or_cap
P100-R,2024-05-31,MO2407-P-4650,buy,7,14.2,14.91,126.0,497.0,target_increase
P100-R,2024-06-03,MO2407-P-4650,sell,5,24.0,22.8,90.0,600.0000000000001,target_reduce_or_cap
P100-R,2024-06-04,MO2407-P-4650,sell,1,17.2,16.34,18.0,86.0,target_reduce_or_cap
P100-R,2024-06-05,MO2407-P-4650,buy,5,22.6,23.73,90.0,565.0,target_increase
P100-R,2024-06-06,MO2407-P-4650,buy,1,41.6,43.68,18.0,208.0,target_increase
P100-R,2024-06-07,MO2407-P-4650,sell,5,35.4,33.629999999999995,90.0,885.0,target_reduce_or_cap
P100-R,2024-06-11,MO2407-P-4650,sell,25,25.8,24.51,450.0,3225.0,contract_switch
P100-R,2024-06-11,MO2407-P-4600,buy,21,20.0,21.0,378.0,2100.0,new_contract
P100-R,2024-06-12,MO2407-P-4600,buy,7,19.0,19.95,126.0,665.0,target_increase
P100-R,2024-06-13,MO2407-P-4600,buy,2,17.2,18.06,36.0,172.0,target_increase
P100-R,2024-06-14,MO2407-P-4600,sell,4,11.0,10.45,72.0,220.00000000000003,target_reduce_or_cap
P100-R,2024-06-17,MO2407-P-4600,buy,2,9.6,10.08,36.0,96.0,target_increase
P100-R,2024-06-18,MO2407-P-4600,buy,1,6.0,6.3,18.0,30.000000000000004,target_increase
P100-R,2024-06-19,MO2407-P-4600,buy,10,8.4,8.82,180.0,420.0,target_increase
P100-R,2024-06-20,MO2407-P-4600,sell,39,17.2,16.34,702.0,3354.0,contract_switch
P100-R,2024-06-20,MO2408-P-4600,buy,21,49.2,51.660000000000004,378.0,5166.000000000001,new_contract
P100-R,2024-06-21,MO2408-P-4600,sell,3,46.4,44.08,54.0,695.9999999999999,target_reduce_or_cap
P100-R,2024-06-24,MO2408-P-4600,sell,18,97.0,92.15,324.0,8730.000000000002,contract_switch
P100-R,2024-06-24,MO2408-P-4550,buy,19,79.6,83.58,342.0,7562.0,new_contract
P100-R,2024-06-25,MO2408-P-4550,sell,19,92.8,88.16,342.0,8816.0,contract_switch
P100-R,2024-06-25,MO2408-P-4500,buy,19,79.2,83.16,342.0,7524.000000000001,new_contract
P100-R,2024-06-26,MO2408-P-4500,sell,19,39.8,37.809999999999995,342.0,3781.0,contract_switch
P100-R,2024-06-26,MO2408-P-4350,buy,23,22.0,23.1,414.0,2530.0,new_contract
P100-R,2024-06-27,MO2408-P-4350,buy,3,37.4,39.269999999999996,54.0,561.0,target_increase
P100-R,2024-07-01,MO2408-P-4350,sell,2,26.4,25.08,36.0,264.0,target_reduce_or_cap
P100-R,2024-07-02,MO2408-P-4350,buy,1,26.0,27.3,18.0,130.0,target_increase
P100-R,2024-07-03,MO2408-P-4350,buy,1,25.0,26.25,18.0,125.0,target_increase
P100-R,2024-07-05,MO2408-P-4350,sell,2,31.4,29.83,36.0,314.0,target_reduce_or_cap
P100-R,2024-07-08,MO2408-P-4350,sell,24,53.0,50.35,432.0,6360.000000000001,contract_switch
P100-R,2024-07-08,MO2408-P-4250,buy,29,33.0,34.65,522.0,4785.0,new_contract
P100-R,2024-07-09,MO2408-P-4250,sell,6,23.0,21.85,108.0,690.0,target_reduce_or_cap
P100-R,2024-07-10,MO2408-P-4250,sell,23,23.8,22.61,414.0,2737.0000000000005,contract_switch
P100-R,2024-07-10,MO2408-P-4200,buy,28,18.0,18.9,504.0,2520.0,new_contract
P100-R,2024-07-11,MO2408-P-4200,sell,1,9.6,9.12,18.0,48.0,target_reduce_or_cap
P100-R,2024-07-12,MO2408-P-4200,buy,7,9.8,10.290000000000001,126.0,343.0,target_increase
P100-R,2024-07-15,MO2408-P-4200,sell,1,9.6,9.12,18.0,48.0,target_reduce_or_cap
P100-R,2024-07-16,MO2408-P-4200,sell,3,6.6,6.27,54.0,99.0,target_reduce_or_cap
P100-R,2024-07-17,MO2408-P-4200,buy,2,8.6,9.03,36.0,86.0,target_increase
P100-R,2024-07-18,MO2408-P-4200,sell,1,9.6,9.12,18.0,48.0,target_reduce_or_cap
P100-R,2024-07-19,MO2408-P-4200,buy,2,6.6,6.93,36.0,66.0,target_increase
P100-R,2024-07-22,MO2408-P-4200,buy,3,4.2,4.41,54.0,63.000000000000014,target_increase
P100-R,2024-07-23,MO2408-P-4200,sell,36,12.6,11.969999999999999,648.0,2268.0,contract_switch
P100-R,2024-07-23,MO2409-P-3800,buy,34,9.2,9.66,612.0,1563.9999999999998,new_contract
P100-R,2024-07-24,MO2409-P-3800,sell,3,11.2,10.639999999999999,54.0,167.99999999999997,target_reduce_or_cap
P100-R,2024-07-25,MO2409-P-3800,sell,2,11.2,10.639999999999999,36.0,111.99999999999999,target_reduce_or_cap
P100-R,2024-07-29,MO2409-P-3800,buy,6,6.6,6.93,108.0,198.0,target_increase
P100-R,2024-07-30,MO2409-P-3800,sell,2,6.2,5.890000000000001,36.0,62.000000000000014,target_reduce_or_cap
P100-R,2024-07-31,MO2409-P-3800,buy,3,2.8,3.0,54.0,60.00000000000001,target_increase
P100-R,2024-08-01,MO2409-P-3800,buy,10,2.6,2.8000000000000003,180.0,200.0,target_increase
P100-R,2024-08-02,MO2409-P-3800,sell,2,3.2,3.0,36.0,40.0,target_reduce_or_cap
P100-R,2024-08-05,MO2409-P-3800,buy,1,8.2,8.61,18.0,41.0,target_increase
P100-R,2024-08-06,MO2409-P-3800,sell,10,6.2,5.890000000000001,180.0,310.00000000000006,target_reduce_or_cap
P100-R,2024-08-07,MO2409-P-3800,buy,5,4.4,4.62,90.0,110.00000000000001,target_increase
P100-R,2024-08-08,MO2409-P-3800,sell,1,4.0,3.8,18.0,20.0,target_reduce_or_cap
P100-R,2024-08-09,MO2409-P-3800,buy,3,4.6,4.83,54.0,69.0,target_increase
P100-R,2024-08-13,MO2409-P-3800,buy,6,3.4,3.6,108.0,120.00000000000001,target_increase
P100-R,2024-08-14,MO2409-P-3800,sell,3,3.0,2.8,54.0,60.00000000000001,target_reduce_or_cap
P100-R,2024-08-15,MO2409-P-3800,sell,1,2.6,2.4,18.0,20.0,target_reduce_or_cap
P100-R,2024-08-16,MO2409-P-3800,buy,2,2.4,2.6,36.0,40.0,target_increase
P100-R,2024-08-19,MO2409-P-3800,buy,4,2.0,2.2,72.0,80.0,target_increase
P100-R,2024-08-20,MO2409-P-3800,buy,8,3.0,3.2,144.0,160.0,target_increase
P100-R,2024-08-21,MO2409-P-3800,sell,13,2.8,2.5999999999999996,234.0,260.0,target_reduce_or_cap
P100-R,2024-08-22,MO2409-P-3800,sell,45,3.2,3.0,810.0,900.0,contract_switch
P100-R,2024-08-22,MO2410-P-4100,buy,24,35.0,36.75,432.0,4200.0,new_contract
P100-R,2024-08-23,MO2410-P-4100,sell,24,30.4,28.88,432.0,3648.0000000000005,contract_switch
P100-R,2024-08-23,MO2410-P-4050,buy,23,21.8,22.89,414.0,2507.0,new_contract
P100-R,2024-08-26,MO2410-P-4050,sell,23,20.0,19.0,414.0,2300.0,contract_switch
P100-R,2024-08-26,MO2410-P-4000,buy,26,15.0,15.75,468.0,1950.0,new_contract
P100-R,2024-08-27,MO2410-P-4000,buy,2,19.4,20.369999999999997,36.0,194.0,target_increase
P100-R,2024-08-28,MO2410-P-4000,sell,1,17.2,16.34,18.0,86.0,target_reduce_or_cap
P100-R,2024-08-29,MO2410-P-4000,buy,1,12.0,12.6,18.0,60.00000000000001,target_increase
P100-R,2024-09-02,MO2410-P-4000,buy,4,11.0,11.55,72.0,220.00000000000003,target_increase
P100-R,2024-09-03,MO2410-P-4000,sell,5,8.2,7.789999999999999,90.0,204.99999999999997,target_reduce_or_cap
P100-R,2024-09-04,MO2410-P-4000,buy,6,9.0,9.45,108.0,270.0,target_increase
P100-R,2024-09-05,MO2410-P-4000,sell,2,7.2,6.84,36.0,72.00000000000001,target_reduce_or_cap
P100-R,2024-09-09,MO2410-P-4000,sell,1,12.0,11.4,18.0,60.00000000000001,target_reduce_or_cap
P100-R,2024-09-10,MO2410-P-4000,sell,5,12.4,11.780000000000001,90.0,310.00000000000006,target_reduce_or_cap
P100-R,2024-09-11,MO2410-P-4000,buy,2,11.4,11.97,36.0,114.00000000000001,target_increase
P100-R,2024-09-13,MO2410-P-4000,buy,6,10.0,10.5,108.0,300.0,target_increase
P100-R,2024-09-18,MO2410-P-4000,sell,1,10.0,9.5,18.0,50.0,target_reduce_or_cap
P100-R,2024-09-19,MO2410-P-4000,sell,32,5.2,4.94,576.0,832.0,contract_switch
P100-R,2024-09-19,MO2411-P-3950,buy,23,23.0,24.15,414.0,2645.0000000000005,new_contract
P100-R,2024-09-20,MO2411-P-3950,buy,1,20.4,21.419999999999998,18.0,102.0,target_increase
P100-R,2024-09-23,MO2411-P-3950,buy,3,17.6,18.48,54.0,264.00000000000006,target_increase
P100-R,2024-09-24,MO2411-P-3950,buy,1,7.8,8.19,18.0,39.0,target_increase
P100-R,2024-09-25,MO2411-P-3950,buy,6,3.6,3.8000000000000003,108.0,120.00000000000001,target_increase
P100-R,2024-09-27,MO2411-P-3950,buy,13,1.4,1.5999999999999999,234.0,260.0,target_increase
P100-R,2024-09-30,MO2411-P-3950,buy,13,2.8,3.0,234.0,260.0,target_increase
P100-R,2024-10-08,MO2411-P-3950,sell,23,6.2,5.890000000000001,414.0,713.0000000000001,target_reduce_or_cap
P100-R,2024-10-09,MO2411-P-3950,sell,14,5.6,5.319999999999999,252.0,391.99999999999994,target_reduce_or_cap
P100-R,2024-10-10,MO2411-P-3950,buy,8,2.2,2.4000000000000004,144.0,160.0,target_increase
P100-R,2024-10-11,MO2411-P-3950,sell,1,3.8,3.5999999999999996,18.0,20.0,target_reduce_or_cap
P100-R,2024-10-14,MO2411-P-3950,sell,1,1.8,1.6,18.0,20.0,target_reduce_or_cap
P100-R,2024-10-15,MO2411-P-3950,buy,11,2.2,2.4000000000000004,198.0,220.00000000000003,target_increase
P100-R,2024-10-16,MO2411-P-3950,buy,2,1.6,1.8,36.0,40.0,target_increase
P100-R,2024-10-17,MO2411-P-3950,buy,3,1.8,2.0,54.0,60.00000000000001,target_increase
P100-R,2024-10-18,MO2411-P-3950,sell,2,2.4,2.1999999999999997,36.0,40.0,target_reduce_or_cap
P100-R,2024-10-21,MO2411-P-3950,buy,7,1.8,2.0,126.0,140.0,target_increase
P100-R,2024-10-22,MO2411-P-3950,sell,50,1.2,1.0,900.0,1000.0,contract_switch
P100-R,2024-10-22,MO2412-P-3800,buy,31,2.8,3.0,558.0,620.0,new_contract
P100-R,2024-10-23,MO2412-P-3800,buy,3,2.4,2.6,54.0,60.00000000000001,target_increase
P100-R,2024-10-24,MO2412-P-3800,buy,1,2.2,2.4000000000000004,18.0,20.0,target_increase
P100-R,2024-10-28,MO2412-P-3800,buy,4,2.0,2.2,72.0,80.0,target_increase
P100-R,2024-10-30,MO2412-P-3800,buy,1,2.2,2.4000000000000004,18.0,20.0,target_increase
P100-R,2024-10-31,MO2412-P-3800,buy,2,2.0,2.2,36.0,40.0,target_increase
P100-R,2024-11-01,MO2412-P-3800,buy,1,1.8,2.0,18.0,20.0,target_increase
P100-R,2024-11-04,MO2412-P-3800,sell,4,1.8,1.6,72.0,80.0,target_reduce_or_cap
P100-R,2024-11-05,MO2412-P-3800,sell,2,2.0,1.8,36.0,40.0,target_reduce_or_cap
P100-R,2024-11-06,MO2412-P-3800,buy,4,2.6,2.8000000000000003,72.0,80.0,target_increase
P100-R,2024-11-07,MO2412-P-3800,buy,3,2.6,2.8000000000000003,54.0,60.00000000000001,target_increase
P100-R,2024-11-08,MO2412-P-3800,buy,7,3.0,3.2,126.0,140.0,target_increase
P100-R,2024-11-11,MO2412-P-3800,buy,3,2.4,2.6,54.0,60.00000000000001,target_increase
P100-R,2024-11-13,MO2412-P-3800,buy,5,2.0,2.2,90.0,100.0,target_increase
P100-R,2024-11-14,MO2412-P-3800,buy,1,1.6,1.8,18.0,20.0,target_increase
P100-R,2024-11-15,MO2412-P-3800,sell,1,1.4,1.2,18.0,20.0,target_reduce_or_cap
P100-R,2024-11-18,MO2412-P-3800,buy,6,1.2,1.4,108.0,120.00000000000001,target_increase
P100-R,2024-11-19,MO2412-P-3800,sell,14,1.0,0.8,252.0,280.0,target_reduce_or_cap
P100-R,2024-11-20,MO2412-P-3800,buy,9,1.0,1.2,162.0,180.0,target_increase
P100-R,2024-11-21,MO2412-P-3800,sell,60,0.6,0.39999999999999997,1080.0,1200.0,contract_switch
P100-R,2024-11-21,MO2501-P-5100,buy,21,30.8,32.34,378.0,3234.0000000000005,new_contract
P100-R,2024-11-25,MO2501-P-5100,sell,1,47.4,45.03,18.0,237.0,target_reduce_or_cap
P100-R,2024-11-26,MO2501-P-5100,sell,2,50.4,47.879999999999995,36.0,504.0,target_reduce_or_cap
P100-R,2024-11-28,MO2501-P-5100,buy,6,30.0,31.5,108.0,900.0,target_increase
P100-R,2024-11-29,MO2501-P-5100,sell,3,18.6,17.67,54.0,279.00000000000006,target_reduce_or_cap
P100-R,2024-12-02,MO2501-P-5100,buy,2,16.2,17.009999999999998,36.0,162.0,target_increase
P100-R,2024-12-03,MO2501-P-5100,buy,3,15.0,15.75,54.0,225.0,target_increase
P100-R,2024-12-05,MO2501-P-5100,sell,2,16.2,15.389999999999999,36.0,162.0,target_reduce_or_cap
P100-R,2024-12-06,MO2501-P-5100,buy,1,10.2,10.709999999999999,18.0,51.0,target_increase
P100-R,2024-12-09,MO2501-P-5100,buy,6,10.4,10.92,108.0,312.0,target_increase
P100-R,2024-12-10,MO2501-P-5100,sell,4,6.2,5.890000000000001,72.0,124.00000000000003,target_reduce_or_cap
P100-R,2024-12-12,MO2501-P-5100,buy,10,6.2,6.51,180.0,310.00000000000006,target_increase
P100-R,2024-12-13,MO2501-P-5100,sell,2,6.8,6.46,36.0,68.0,target_reduce_or_cap
P100-R,2024-12-16,MO2501-P-5100,sell,4,5.2,4.94,72.0,104.0,target_reduce_or_cap
P100-R,2024-12-17,MO2501-P-5100,buy,1,6.0,6.3,18.0,30.000000000000004,target_increase
P100-R,2024-12-18,MO2501-P-5100,buy,3,4.2,4.41,54.0,63.000000000000014,target_increase
P100-R,2024-12-19,MO2501-P-5100,sell,4,4.6,4.369999999999999,72.0,92.0,target_reduce_or_cap
P100-R,2024-12-20,MO2501-P-5100,buy,3,3.4,3.6,54.0,60.00000000000001,target_increase
P100-R,2024-12-24,MO2501-P-5100,sell,34,2.8,2.5999999999999996,612.0,680.0000000000001,contract_switch
P100-R,2024-12-24,MO2502-P-5300,buy,19,38.8,40.739999999999995,342.0,3686.0,new_contract
P100-R,2024-12-30,MO2502-P-5300,buy,1,25.8,27.09,18.0,129.0,target_increase
P100-R,2024-12-31,MO2502-P-5300,buy,3,44.2,46.410000000000004,54.0,663.0000000000001,target_increase
P100-R,2025-01-02,MO2502-P-5300,sell,7,82.8,78.66,126.0,2897.9999999999995,target_reduce_or_cap
P100-R,2025-01-03,MO2502-P-5300,sell,1,128.2,121.78999999999999,18.0,641.0,target_reduce_or_cap
P100-R,2025-01-06,MO2502-P-5300,sell,15,133.4,126.73,270.0,10005.000000000002,contract_switch
P100-R,2025-01-06,MO2502-P-5200,buy,16,103.2,108.36,288.0,8256.0,new_contract
P100-R,2025-01-07,MO2502-P-5200,sell,16,70.6,67.07,288.0,5648.0,contract_switch
P100-R,2025-01-07,MO2502-P-5000,buy,19,36.2,38.010000000000005,342.0,3439.000000000001,new_contract
P100-R,2025-01-08,MO2502-P-5000,buy,1,39.2,41.160000000000004,18.0,196.00000000000003,target_increase
P100-R,2025-01-09,MO2502-P-5000,sell,2,40.0,38.0,36.0,400.0,target_reduce_or_cap
P100-R,2025-01-13,MO2502-P-5000,buy,3,52.8,55.44,54.0,792.0,target_increase
P100-R,2025-01-14,MO2502-P-5000,sell,21,23.8,22.61,378.0,2499.0,contract_switch
P100-R,2025-01-14,MO2502-P-4950,buy,17,18.2,19.11,306.0,1547.0,new_contract
P100-R,2025-01-15,MO2502-P-4950,buy,7,18.4,19.32,126.0,644.0,target_increase
P100-R,2025-01-16,MO2502-P-4950,sell,2,16.6,15.770000000000001,36.0,166.0,target_reduce_or_cap
P100-R,2025-01-17,MO2502-P-4950,buy,2,13.8,14.49,36.0,138.0,target_increase
P100-R,2025-01-20,MO2502-P-4950,buy,4,8.8,9.24,72.0,176.00000000000003,target_increase
P100-R,2025-01-21,MO2502-P-4950,sell,2,6.4,6.08,36.0,64.00000000000001,target_reduce_or_cap
P100-R,2025-01-22,MO2502-P-4950,buy,3,7.0,7.35,54.0,105.0,target_increase
P100-R,2025-01-23,MO2502-P-4950,sell,29,6.6,6.27,522.0,957.0,contract_switch
P100-R,2025-01-23,MO2503-P-3900,buy,37,2.8,3.0,666.0,740.0,new_contract
P100-R,2025-01-24,MO2503-P-3900,buy,7,2.6,2.8000000000000003,126.0,140.0,target_increase
P100-R,2025-01-27,MO2503-P-3900,buy,7,3.0,3.2,126.0,140.0,target_increase
P100-R,2025-02-05,MO2503-P-3900,sell,1,2.0,1.8,18.0,20.0,target_reduce_or_cap
P100-R,2025-02-06,MO2503-P-3900,sell,3,1.6,1.4000000000000001,54.0,60.00000000000001,target_reduce_or_cap
P100-R,2025-02-07,MO2503-P-3900,buy,15,1.6,1.8,270.0,300.0,target_increase
P100-R,2025-02-10,MO2503-P-3900,buy,2,1.4,1.5999999999999999,36.0,40.0,target_increase
P100-R,2025-02-11,MO2503-P-3900,sell,6,1.4,1.2,108.0,120.00000000000001,target_reduce_or_cap
P100-R,2025-02-12,MO2503-P-3900,buy,1,1.4,1.5999999999999999,18.0,20.0,target_increase
P100-R,2025-02-13,MO2503-P-3900,buy,3,1.4,1.5999999999999999,54.0,60.00000000000001,target_increase
P100-R,2025-02-14,MO2503-P-3900,buy,5,1.6,1.8,90.0,100.0,target_increase
P100-R,2025-02-17,MO2503-P-3900,buy,12,1.4,1.5999999999999999,216.0,240.00000000000003,target_increase
P100-R,2025-02-18,MO2503-P-3900,sell,15,1.4,1.2,270.0,300.0,target_reduce_or_cap
P100-R,2025-02-19,MO2503-P-3900,buy,17,1.2,1.4,306.0,340.00000000000006,target_increase
P100-R,2025-02-20,MO2503-P-3900,sell,81,1.2,1.0,1458.0,1620.0,contract_switch
P100-R,2025-02-20,MO2504-P-5200,buy,25,13.0,13.65,450.0,1625.0,new_contract
P100-R,2025-02-21,MO2504-P-5200,buy,2,7.4,7.7700000000000005,36.0,74.00000000000001,target_increase
P100-R,2025-02-24,MO2504-P-5200,buy,5,8.2,8.61,90.0,204.99999999999997,target_increase
P100-R,2025-02-25,MO2504-P-5200,sell,8,7.8,7.41,144.0,312.0,target_reduce_or_cap
P100-R,2025-02-26,MO2504-P-5200,buy,4,5.8,6.09,72.0,115.99999999999999,target_increase
P100-R,2025-02-27,MO2504-P-5200,sell,1,6.0,5.7,18.0,30.000000000000004,target_reduce_or_cap
P100-R,2025-03-03,MO2504-P-5200,sell,3,11.2,10.639999999999999,54.0,167.99999999999997,target_reduce_or_cap
P100-R,2025-03-05,MO2504-P-5200,buy,1,6.2,6.51,18.0,31.000000000000007,target_increase
P100-R,2025-03-06,MO2504-P-5200,buy,2,4.6,4.83,36.0,46.0,target_increase
P100-R,2025-03-07,MO2504-P-5200,buy,6,5.0,5.25,108.0,150.0,target_increase
P100-R,2025-03-10,MO2504-P-5200,sell,12,4.6,4.369999999999999,216.0,276.0,target_reduce_or_cap
P100-R,2025-03-12,MO2504-P-5200,sell,2,3.4,3.1999999999999997,36.0,40.0,target_reduce_or_cap
P100-R,2025-03-13,MO2504-P-5200,buy,1,3.6,3.8000000000000003,18.0,20.0,target_increase
P100-R,2025-03-17,MO2504-P-5200,buy,3,2.4,2.6,54.0,60.00000000000001,target_increase
P100-R,2025-03-19,MO2504-P-5200,buy,2,3.0,3.2,36.0,40.0,target_increase
P100-R,2025-03-20,MO2504-P-5200,sell,25,2.8,2.5999999999999996,450.0,500.0,contract_switch
P100-R,2025-03-20,MO2505-P-5600,buy,13,25.0,26.25,234.0,1625.0,new_contract
P100-R,2025-03-21,MO2505-P-5600,buy,2,32.0,33.6,36.0,320.0,target_increase
P100-R,2025-03-24,MO2505-P-5600,sell,2,30.0,28.5,36.0,300.0,target_reduce_or_cap
P100-R,2025-03-25,MO2505-P-5600,sell,2,29.0,27.55,36.0,290.00000000000006,target_reduce_or_cap
P100-R,2025-03-26,MO2505-P-5600,buy,2,24.2,25.41,36.0,242.0,target_increase
P100-R,2025-03-27,MO2505-P-5600,buy,1,23.0,24.15,18.0,115.00000000000001,target_increase
P100-R,2025-03-31,MO2505-P-5600,sell,2,33.8,32.11,36.0,338.0,target_reduce_or_cap
P100-R,2025-04-01,MO2505-P-5600,buy,1,30.0,31.5,18.0,150.0,target_increase
P100-R,2025-04-02,MO2505-P-5600,sell,2,26.4,25.08,36.0,264.0,target_reduce_or_cap
P100-R,2025-04-03,MO2505-P-5600,buy,1,35.6,37.38,18.0,178.00000000000003,target_increase
P100-R,2025-04-07,MO2505-P-5600,buy,1,460.0,483.0,18.0,2300.0,target_increase
P100-R,2025-04-08,MO2505-P-5600,sell,13,366.6,348.27000000000004,234.0,23829.000000000004,contract_switch
P100-R,2025-04-09,MO2505-P-4900,buy,18,64.4,67.62,324.0,5796.000000000001,new_contract
P100-R,2025-04-11,MO2505-P-4900,buy,5,20.4,21.419999999999998,90.0,509.99999999999994,target_increase
P100-R,2025-04-15,MO2505-P-4900,buy,7,11.6,12.18,126.0,405.99999999999994,target_increase
P100-R,2025-04-16,MO2505-P-4900,sell,2,14.2,13.489999999999998,36.0,142.0,target_reduce_or_cap
P100-R,2025-04-17,MO2505-P-4900,buy,1,10.6,11.129999999999999,18.0,53.0,target_increase
P100-R,2025-04-18,MO2505-P-4900,buy,3,10.2,10.709999999999999,54.0,153.0,target_increase
P100-R,2025-04-22,MO2505-P-4900,sell,32,5.6,5.319999999999999,576.0,895.9999999999999,contract_switch
P100-R,2025-04-22,MO2506-P-3900,buy,36,5.8,6.09,648.0,1044.0,new_contract
P100-R,2025-04-23,MO2506-P-3900,buy,9,4.6,4.83,162.0,206.99999999999997,target_increase
P100-R,2025-04-24,MO2506-P-3900,sell,4,5.2,4.94,72.0,104.0,target_reduce_or_cap
P100-R,2025-04-25,MO2506-P-3900,buy,3,5.2,5.46,54.0,78.0,target_increase
P100-R,2025-04-28,MO2506-P-3900,buy,3,4.8,5.04,54.0,72.0,target_increase
P100-R,2025-04-29,MO2506-P-3900,sell,7,4.8,4.56,126.0,168.0,target_reduce_or_cap
P100-R,2025-04-30,MO2506-P-3900,buy,4,5.6,5.88,72.0,111.99999999999999,target_increase
P100-R,2025-05-06,MO2506-P-3900,sell,4,3.0,2.8,72.0,80.0,target_reduce_or_cap
P100-R,2025-05-07,MO2506-P-3900,buy,13,2.6,2.8000000000000003,234.0,260.0,target_increase
P100-R,2025-05-08,MO2506-P-3900,buy,1,2.4,2.6,18.0,20.0,target_increase
P100-R,2025-05-09,MO2506-P-3900,sell,4,2.6,2.4,72.0,80.0,target_reduce_or_cap
P100-R,2025-05-12,MO2506-P-3900,buy,2,2.2,2.4000000000000004,36.0,40.0,target_increase
P100-R,2025-05-14,MO2506-P-3900,sell,3,2.2,2.0,54.0,60.00000000000001,target_reduce_or_cap
P100-R,2025-05-15,MO2506-P-3900,buy,4,1.8,2.0,72.0,80.0,target_increase
P100-R,2025-05-19,MO2506-P-3900,buy,2,1.4,1.5999999999999999,36.0,40.0,target_increase
P100-R,2025-05-20,MO2506-P-3900,buy,7,1.2,1.4,126.0,140.0,target_increase
P100-R,2025-05-21,MO2506-P-3900,buy,12,1.0,1.2,216.0,240.00000000000003,target_increase
P100-R,2025-05-22,MO2506-P-3900,sell,74,1.4,1.2,1332.0,1480.0,contract_switch
P100-R,2025-05-22,MO2507-P-5200,buy,21,35.2,36.96,378.0,3696.000000000001,new_contract
P100-R,2025-05-23,MO2507-P-5200,sell,3,44.8,42.559999999999995,54.0,671.9999999999999,target_reduce_or_cap
P100-R,2025-05-26,MO2507-P-5200,sell,1,39.6,37.620000000000005,18.0,198.00000000000003,target_reduce_or_cap
P100-R,2025-05-27,MO2507-P-5200,buy,3,34.6,36.33,54.0,519.0,target_increase
P100-R,2025-05-29,MO2507-P-5200,sell,1,22.2,21.09,18.0,111.00000000000001,target_reduce_or_cap
P100-R,2025-05-30,MO2507-P-5200,buy,3,25.2,26.46,54.0,378.0,target_increase
P100-R,2025-06-03,MO2507-P-5200,buy,2,19.6,20.580000000000002,36.0,196.00000000000003,target_increase
P100-R,2025-06-04,MO2507-P-5200,sell,4,15.6,14.82,72.0,312.0,target_reduce_or_cap
P100-R,2025-06-05,MO2507-P-5200,buy,5,14.0,14.7,90.0,350.00000000000006,target_increase
P100-R,2025-06-06,MO2507-P-5200,sell,2,13.8,13.110000000000001,36.0,138.0,target_reduce_or_cap
P100-R,2025-06-10,MO2507-P-5200,buy,6,12.4,13.02,108.0,372.00000000000006,target_increase
P100-R,2025-06-11,MO2507-P-5200,sell,5,11.2,10.639999999999999,90.0,280.0,target_reduce_or_cap
P100-R,2025-06-12,MO2507-P-5200,buy,3,12.4,13.02,54.0,186.00000000000003,target_increase
P100-R,2025-06-13,MO2507-P-5200,buy,1,15.2,15.959999999999999,18.0,76.0,target_increase
P100-R,2025-06-16,MO2507-P-5200,buy,1,9.8,10.290000000000001,18.0,49.00000000000001,target_increase
P100-R,2025-06-17,MO2507-P-5200,buy,7,9.4,9.870000000000001,126.0,329.0,target_increase
P100-R,2025-06-18,MO2507-P-5200,buy,1,9.6,10.08,18.0,48.0,target_increase
P100-R,2025-06-19,MO2507-P-5200,sell,37,11.6,11.02,666.0,2145.9999999999995,contract_switch
P100-R,2025-06-19,MO2508-P-5300,buy,22,39.4,41.37,396.0,4334.0,new_contract
P100-R,2025-06-20,MO2508-P-5300,buy,1,38.4,40.32,18.0,192.0,target_increase
P100-R,2025-06-23,MO2508-P-5300,sell,2,28.2,26.79,36.0,282.0,target_reduce_or_cap
P100-R,2025-06-24,MO2508-P-5300,sell,1,16.6,15.770000000000001,18.0,83.0,target_reduce_or_cap
P100-R,2025-06-25,MO2508-P-5300,buy,4,14.8,15.540000000000001,72.0,296.00000000000006,target_increase
P100-R,2025-06-26,MO2508-P-5300,buy,1,11.6,12.18,18.0,57.99999999999999,target_increase
P100-R,2025-06-27,MO2508-P-5300,sell,4,9.6,9.12,72.0,192.0,target_reduce_or_cap
P100-R,2025-06-30,MO2508-P-5300,sell,4,8.2,7.789999999999999,72.0,164.0,target_reduce_or_cap
P100-R,2025-07-03,MO2508-P-5300,buy,3,7.4,7.7700000000000005,54.0,111.00000000000001,target_increase
P100-R,2025-07-04,MO2508-P-5300,buy,2,8.4,8.82,36.0,84.00000000000001,target_increase
P100-R,2025-07-07,MO2508-P-5300,sell,2,8.6,8.17,36.0,86.0,target_reduce_or_cap
P100-R,2025-07-09,MO2508-P-5300,buy,1,6.4,6.720000000000001,18.0,32.00000000000001,target_increase
P100-R,2025-07-11,MO2508-P-5300,buy,1,5.0,5.25,18.0,25.0,target_increase
P100-R,2025-07-16,MO2508-P-5300,buy,7,4.0,4.2,126.0,140.0,target_increase
P100-R,2025-07-17,MO2508-P-5300,sell,6,3.0,2.8,108.0,120.00000000000001,target_reduce_or_cap
P100-R,2025-07-18,MO2508-P-5300,buy,12,3.0,3.2,216.0,240.00000000000003,target_increase
P100-R,2025-07-21,MO2508-P-5300,sell,8,2.2,2.0,144.0,160.0,target_reduce_or_cap
P100-R,2025-07-22,MO2508-P-5300,sell,27,2.4,2.1999999999999997,486.0,540.0,contract_switch
P100-R,2025-07-22,MO2509-P-4000,buy,40,4.0,4.2,720.0,800.0,new_contract
P100-R,2025-07-23,MO2509-P-4000,buy,3,4.4,4.62,54.0,66.00000000000001,target_increase
P100-R,2025-07-24,MO2509-P-4000,sell,3,4.2,3.99,54.0,63.000000000000014,target_reduce_or_cap
P100-R,2025-07-25,MO2509-P-4000,buy,3,3.6,3.8000000000000003,54.0,60.00000000000001,target_increase
P100-R,2025-07-28,MO2509-P-4000,sell,3,3.6,3.4,54.0,60.00000000000001,target_reduce_or_cap
P100-R,2025-07-29,MO2509-P-4000,buy,2,3.6,3.8000000000000003,36.0,40.0,target_increase
P100-R,2025-07-30,MO2509-P-4000,sell,3,3.6,3.4,54.0,60.00000000000001,target_reduce_or_cap
P100-R,2025-07-31,MO2509-P-4000,buy,5,4.0,4.2,90.0,100.0,target_increase
P100-R,2025-08-01,MO2509-P-4000,sell,6,3.6,3.4,108.0,120.00000000000001,target_reduce_or_cap
P100-R,2025-08-04,MO2509-P-4000,buy,3,3.2,3.4000000000000004,54.0,60.00000000000001,target_increase
P100-R,2025-08-05,MO2509-P-4000,buy,13,2.8,3.0,234.0,260.0,target_increase
P100-R,2025-08-06,MO2509-P-4000,sell,7,2.4,2.1999999999999997,126.0,140.0,target_reduce_or_cap
P100-R,2025-08-08,MO2509-P-4000,sell,2,2.6,2.4,36.0,40.0,target_reduce_or_cap
P100-R,2025-08-11,MO2509-P-4000,buy,13,2.6,2.8000000000000003,234.0,260.0,target_increase
P100-R,2025-08-12,MO2509-P-4000,buy,4,2.2,2.4000000000000004,72.0,80.0,target_increase
P100-R,2025-08-13,MO2509-P-4000,sell,11,2.2,2.0,198.0,220.00000000000003,target_reduce_or_cap
P100-R,2025-08-14,MO2509-P-4000,buy,1,2.0,2.2,18.0,20.0,target_increase
P100-R,2025-08-15,MO2509-P-4000,buy,3,1.4,1.5999999999999999,54.0,60.00000000000001,target_increase
P100-R,2025-08-18,MO2509-P-4000,buy,8,1.2,1.4,144.0,160.0,target_increase
P100-R,2025-08-19,MO2509-P-4000,sell,8,1.6,1.4000000000000001,144.0,160.0,target_reduce_or_cap
P100-R,2025-08-20,MO2509-P-4000,buy,4,1.2,1.4,72.0,80.0,target_increase
P100-R,2025-08-21,MO2509-P-4000,sell,59,1.2,1.0,1062.0,1180.0,contract_switch
P100-R,2025-08-21,MO2510-P-5800,buy,18,10.2,10.709999999999999,324.0,918.0,new_contract
P100-R,2025-08-22,MO2510-P-5800,sell,2,10.2,9.69,36.0,102.0,target_reduce_or_cap
P100-R,2025-08-25,MO2510-P-5800,buy,3,9.4,9.870000000000001,54.0,141.0,target_increase
P100-R,2025-08-27,MO2510-P-5800,buy,1,9.8,10.290000000000001,18.0,49.00000000000001,target_increase
P100-R,2025-08-28,MO2510-P-5800,buy,1,8.6,9.03,18.0,43.0,target_increase
P100-R,2025-09-02,MO2510-P-5800,sell,2,13.6,12.92,36.0,136.0,target_reduce_or_cap
P100-R,2025-09-03,MO2510-P-5800,buy,1,13.6,14.28,18.0,68.0,target_increase
P100-R,2025-09-04,MO2510-P-5800,sell,1,15.6,14.82,18.0,78.0,target_reduce_or_cap
P100-R,2025-09-05,MO2510-P-5800,buy,1,8.2,8.61,18.0,41.0,target_increase
P100-R,2025-09-08,MO2510-P-5800,buy,3,8.2,8.61,54.0,123.0,target_increase
P100-R,2025-09-09,MO2510-P-5800,sell,2,8.0,7.6,36.0,80.0,target_reduce_or_cap
P100-R,2025-09-10,MO2510-P-5800,buy,1,7.4,7.7700000000000005,18.0,37.00000000000001,target_increase
P100-R,2025-09-11,MO2510-P-5800,buy,1,5.2,5.46,18.0,26.0,target_increase
P100-R,2025-09-12,MO2510-P-5800,buy,2,5.6,5.88,36.0,55.99999999999999,target_increase
P100-R,2025-09-15,MO2510-P-5800,buy,2,7.2,7.5600000000000005,36.0,72.00000000000001,target_increase
P100-R,2025-09-16,MO2510-P-5800,sell,1,6.0,5.7,18.0,30.000000000000004,target_reduce_or_cap
P100-R,2025-09-17,MO2510-P-5800,sell,1,5.6,5.319999999999999,18.0,27.999999999999996,target_reduce_or_cap
P100-R,2025-09-18,MO2510-P-5800,buy,1,6.2,6.51,18.0,31.000000000000007,target_increase
P100-R,2025-09-19,MO2510-P-5800,sell,1,4.6,4.369999999999999,18.0,23.0,target_reduce_or_cap
P100-R,2025-09-22,MO2510-P-5800,buy,6,2.4,2.6,108.0,120.00000000000001,target_increase
P100-R,2025-09-23,MO2510-P-5800,sell,31,3.0,2.8,558.0,620.0,contract_switch
P100-R,2025-09-23,MO2511-P-6300,buy,13,52.4,55.019999999999996,234.0,3406.0,new_contract
P100-R,2025-09-25,MO2511-P-6300,buy,3,30.6,32.13,54.0,459.00000000000006,target_increase
P100-R,2025-09-26,MO2511-P-6300,sell,1,33.4,31.729999999999997,18.0,167.0,target_reduce_or_cap
P100-R,2025-09-29,MO2511-P-6300,sell,1,23.8,22.61,18.0,119.00000000000001,target_reduce_or_cap
P100-R,2025-09-30,MO2511-P-6300,buy,2,18.4,19.32,36.0,184.0,target_increase
P100-R,2025-10-10,MO2511-P-6300,buy,6,10.8,11.34,108.0,324.0,target_increase
P100-R,2025-10-13,MO2511-P-6300,sell,2,14.4,13.68,36.0,144.00000000000003,target_reduce_or_cap
P100-R,2025-10-14,MO2511-P-6300,sell,2,23.8,22.61,36.0,238.00000000000003,target_reduce_or_cap
P100-R,2025-10-15,MO2511-P-6300,sell,3,10.4,9.88,54.0,156.0,target_reduce_or_cap
P100-R,2025-10-16,MO2511-P-6300,buy,3,12.8,13.440000000000001,54.0,192.00000000000003,target_increase
P100-R,2025-10-17,MO2511-P-6300,sell,1,24.2,22.99,18.0,121.0,target_reduce_or_cap
P100-R,2025-10-20,MO2511-P-6300,sell,3,16.2,15.389999999999999,54.0,243.00000000000003,target_reduce_or_cap
P100-R,2025-10-21,MO2511-P-6300,buy,3,8.0,8.4,54.0,120.00000000000001,target_increase
P100-R,2025-10-22,MO2511-P-6300,buy,3,8.0,8.4,54.0,120.00000000000001,target_increase
P100-R,2025-10-23,MO2511-P-6300,sell,20,6.6,6.27,360.0,660.0,contract_switch
P100-R,2025-10-23,MO2512-P-4900,buy,28,4.8,5.04,504.0,672.0,new_contract
P100-R,2025-10-24,MO2512-P-4900,buy,1,4.2,4.41,18.0,21.000000000000004,target_increase
P100-R,2025-10-27,MO2512-P-4900,buy,3,3.2,3.4000000000000004,54.0,60.00000000000001,target_increase
P100-R,2025-10-28,MO2512-P-4900,sell,2,3.4,3.1999999999999997,36.0,40.0,target_reduce_or_cap
P100-R,2025-10-29,MO2512-P-4900,buy,1,3.0,3.2,18.0,20.0,target_increase
P100-R,2025-10-30,MO2512-P-4900,buy,1,2.6,2.8000000000000003,18.0,20.0,target_increase
P100-R,2025-11-03,MO2512-P-4900,buy,2,3.2,3.4000000000000004,36.0,40.0,target_increase
P100-R,2025-11-04,MO2512-P-4900,buy,3,3.0,3.2,54.0,60.00000000000001,target_increase
P100-R,2025-11-05,MO2512-P-4900,sell,2,2.8,2.5999999999999996,36.0,40.0,target_reduce_or_cap
P100-R,2025-11-06,MO2512-P-4900,sell,4,2.4,2.1999999999999997,72.0,80.0,target_reduce_or_cap
P100-R,2025-11-07,MO2512-P-4900,buy,2,2.0,2.2,36.0,40.0,target_increase
P100-R,2025-11-10,MO2512-P-4900,buy,8,1.8,2.0,144.0,160.0,target_increase
P100-R,2025-11-11,MO2512-P-4900,sell,6,1.6,1.4000000000000001,108.0,120.00000000000001,target_reduce_or_cap
P100-R,2025-11-12,MO2512-P-4900,buy,6,1.8,2.0,108.0,120.00000000000001,target_increase
P100-R,2025-11-13,MO2512-P-4900,sell,3,1.6,1.4000000000000001,54.0,60.00000000000001,target_reduce_or_cap
P100-R,2025-11-14,MO2512-P-4900,buy,3,1.2,1.4,54.0,60.00000000000001,target_increase
P100-R,2025-11-17,MO2512-P-4900,buy,1,1.6,1.8,18.0,20.0,target_increase
P100-R,2025-11-18,MO2512-P-4900,buy,4,1.4,1.5999999999999999,72.0,80.0,target_increase
P100-R,2025-11-19,MO2512-P-4900,buy,4,1.2,1.4,72.0,80.0,target_increase
P100-R,2025-11-20,MO2512-P-4900,sell,50,1.4,1.2,900.0,1000.0,contract_switch
P100-R,2025-11-20,MO2601-P-6400,buy,14,33.4,35.07,252.0,2338.0,new_contract
P100-R,2025-11-21,MO2601-P-6400,buy,1,64.8,68.03999999999999,18.0,324.0,target_increase
P100-R,2025-11-24,MO2601-P-6400,sell,4,53.0,50.35,72.0,1060.0000000000002,target_reduce_or_cap
P100-R,2025-11-25,MO2601-P-6400,sell,11,37.0,35.15,198.0,2035.0000000000002,contract_switch
P100-R,2025-11-25,MO2601-P-6300,buy,12,27.2,28.56,216.0,1632.0,new_contract
P100-R,2025-11-26,MO2601-P-6300,buy,4,23.0,24.15,72.0,460.00000000000006,target_increase
P100-R,2025-11-27,MO2601-P-6300,buy,1,20.4,21.419999999999998,18.0,102.0,target_increase
P100-R,2025-11-28,MO2601-P-6300,sell,4,15.0,14.25,72.0,300.0,target_reduce_or_cap
P100-R,2025-12-01,MO2601-P-6300,buy,4,12.0,12.6,72.0,240.00000000000003,target_increase
P100-R,2025-12-02,MO2601-P-6300,sell,1,11.8,11.21,18.0,59.00000000000001,target_reduce_or_cap
P100-R,2025-12-03,MO2601-P-6300,buy,1,12.6,13.23,18.0,63.0,target_increase
P100-R,2025-12-04,MO2601-P-6300,buy,1,11.0,11.55,18.0,55.00000000000001,target_increase
P100-R,2025-12-05,MO2601-P-6300,buy,1,9.0,9.45,18.0,45.0,target_increase
P100-R,2025-12-08,MO2601-P-6300,buy,3,6.8,7.14,54.0,102.0,target_increase
P100-R,2025-12-10,MO2601-P-6300,sell,2,6.8,6.46,36.0,68.0,target_reduce_or_cap
P100-R,2025-12-11,MO2601-P-6300,buy,1,7.2,7.5600000000000005,18.0,36.00000000000001,target_increase
P100-R,2025-12-16,MO2601-P-6300,buy,2,8.4,8.82,36.0,84.00000000000001,target_increase
P100-R,2025-12-17,MO2601-P-6300,sell,4,6.4,6.08,72.0,128.00000000000003,target_reduce_or_cap
P100-R,2025-12-18,MO2601-P-6300,sell,19,7.0,6.65,342.0,665.0,contract_switch
P100-R,2025-12-18,MO2602-P-6300,buy,15,24.0,25.2,270.0,1800.0000000000005,new_contract
P100-R,2025-12-22,MO2602-P-6300,buy,3,14.0,14.7,54.0,210.0,target_increase
P100-R,2025-12-23,MO2602-P-6300,sell,1,13.6,12.92,18.0,68.0,target_reduce_or_cap
P100-R,2025-12-25,MO2602-P-6300,buy,2,7.4,7.7700000000000005,36.0,74.00000000000001,target_increase
P100-R,2025-12-29,MO2602-P-6300,buy,3,8.8,9.24,54.0,132.00000000000003,target_increase
P100-R,2025-12-30,MO2602-P-6300,sell,2,8.4,7.98,36.0,84.00000000000001,target_reduce_or_cap
P100-R,2026-01-06,MO2602-P-6300,buy,1,4.0,4.2,18.0,20.0,target_increase
P100-R,2026-01-07,MO2602-P-6300,buy,1,4.2,4.41,18.0,21.000000000000004,target_increase
P100-R,2026-01-08,MO2602-P-6300,buy,3,3.4,3.6,54.0,60.00000000000001,target_increase
P100-R,2026-01-09,MO2602-P-6300,sell,1,4.0,3.8,18.0,20.0,target_reduce_or_cap
P100-R,2026-01-12,MO2602-P-6300,buy,6,3.8,4.0,108.0,120.00000000000001,target_increase
P100-R,2026-01-13,MO2602-P-6300,sell,5,4.6,4.369999999999999,90.0,114.99999999999999,target_reduce_or_cap
P100-R,2026-01-14,MO2602-P-6300,buy,5,3.6,3.8000000000000003,90.0,100.0,target_increase
P100-R,2026-01-15,MO2602-P-6300,sell,5,3.4,3.1999999999999997,90.0,100.0,target_reduce_or_cap
P100-R,2026-01-16,MO2602-P-6300,buy,8,2.6,2.8000000000000003,144.0,160.0,target_increase
P100-R,2026-01-19,MO2602-P-6300,buy,3,2.0,2.2,54.0,60.00000000000001,target_increase
P100-R,2026-01-20,MO2602-P-6300,sell,36,2.6,2.4,648.0,720.0,contract_switch
P100-R,2026-01-20,MO2603-P-4900,buy,37,2.2,2.4000000000000004,666.0,740.0,new_contract
P100-R,2026-01-21,MO2603-P-4900,buy,5,2.2,2.4000000000000004,90.0,100.0,target_increase
P100-R,2026-01-22,MO2603-P-4900,buy,8,2.0,2.2,144.0,160.0,target_increase
P100-R,2026-01-23,MO2603-P-4900,sell,3,2.0,1.8,54.0,60.00000000000001,target_reduce_or_cap
P100-R,2026-01-26,MO2603-P-4900,sell,3,2.0,1.8,54.0,60.00000000000001,target_reduce_or_cap
P100-R,2026-01-27,MO2603-P-4900,sell,6,1.8,1.6,108.0,120.00000000000001,target_reduce_or_cap
P100-R,2026-01-28,MO2603-P-4900,buy,3,1.6,1.8,54.0,60.00000000000001,target_increase
P100-R,2026-01-29,MO2603-P-4900,buy,1,1.8,2.0,18.0,20.0,target_increase
P100-R,2026-01-30,MO2603-P-4900,buy,6,2.0,2.2,108.0,120.00000000000001,target_increase
P100-R,2026-02-02,MO2603-P-4900,sell,6,3.8,3.5999999999999996,108.0,120.00000000000001,target_reduce_or_cap
P100-R,2026-02-03,MO2603-P-4900,sell,12,2.8,2.5999999999999996,216.0,240.00000000000003,target_reduce_or_cap
P100-R,2026-02-04,MO2603-P-4900,buy,14,2.0,2.2,252.0,280.0,target_increase
P100-R,2026-02-05,MO2603-P-4900,buy,2,3.0,3.2,36.0,40.0,target_increase
P100-R,2026-02-06,MO2603-P-4900,sell,3,4.0,3.8,54.0,60.00000000000001,target_reduce_or_cap
P100-R,2026-02-09,MO2603-P-4900,sell,3,3.2,3.0,54.0,60.00000000000001,target_reduce_or_cap
P100-R,2026-02-10,MO2603-P-4900,buy,15,2.2,2.4000000000000004,270.0,300.0,target_increase
P100-R,2026-02-11,MO2603-P-4900,sell,7,2.2,2.0,126.0,140.0,target_reduce_or_cap
P100-R,2026-02-12,MO2603-P-4900,buy,9,2.0,2.2,162.0,180.0,target_increase
P100-R,2026-02-13,MO2603-P-4900,buy,2,2.8,3.0,36.0,40.0,target_increase
P100-R,2026-02-24,MO2603-P-4900,sell,9,1.6,1.4000000000000001,162.0,180.0,target_reduce_or_cap
P100-R,2026-02-25,MO2603-P-4900,sell,50,1.0,0.8,900.0,1000.0,contract_switch
P100-R,2026-02-25,MO2604-P-7100,buy,17,21.4,22.47,306.0,1819.0000000000002,new_contract
P100-R,2026-02-26,MO2604-P-7100,buy,3,17.4,18.27,54.0,261.0,target_increase
P100-R,2026-02-27,MO2604-P-7100,sell,1,15.0,14.25,18.0,75.0,target_reduce_or_cap
P100-R,2026-03-04,MO2604-P-7100,sell,2,45.2,42.940000000000005,36.0,452.00000000000006,target_reduce_or_cap
P100-R,2026-03-05,MO2604-P-7100,sell,2,36.8,34.959999999999994,36.0,368.0,target_reduce_or_cap
P100-R,2026-03-06,MO2604-P-7100,buy,1,32.2,33.81,18.0,161.00000000000003,target_increase
P100-R,2026-03-09,MO2604-P-7100,buy,4,44.6,46.83,72.0,892.0,target_increase
P100-R,2026-03-10,MO2604-P-7100,sell,2,27.6,26.220000000000002,36.0,276.0,target_reduce_or_cap
P100-R,2026-03-11,MO2604-P-7100,buy,1,30.2,31.71,18.0,151.0,target_increase
P100-R,2026-03-12,MO2604-P-7100,sell,1,28.6,27.17,18.0,143.00000000000003,target_reduce_or_cap
P100-R,2026-03-13,MO2604-P-7100,buy,1,35.2,36.96,18.0,176.00000000000003,target_increase
P100-R,2026-03-16,MO2604-P-7100,sell,1,26.2,24.89,18.0,131.0,target_reduce_or_cap
P100-R,2026-03-17,MO2604-P-7100,buy,1,32.8,34.44,18.0,164.0,target_increase
P100-R,2026-03-18,MO2604-P-7100,sell,2,23.6,22.42,36.0,236.00000000000003,target_reduce_or_cap
P100-R,2026-03-19,MO2604-P-7100,sell,17,40.6,38.57,306.0,3451.0000000000005,contract_switch
P100-R,2026-03-19,MO2605-P-7200,buy,13,114.8,120.53999999999999,234.0,7462.0,new_contract
P100-R,2026-03-20,MO2605-P-7200,sell,1,137.6,130.72,18.0,688.0,target_reduce_or_cap
P100-R,2026-03-23,MO2605-P-7200,sell,12,341.8,324.71000000000004,216.0,20508.0,contract_switch
P100-R,2026-03-23,MO2605-P-7100,buy,11,308.2,323.61,198.0,16951.0,new_contract
P100-R,2026-03-24,MO2605-P-7100,sell,11,166.4,158.08,198.0,9152.000000000002,contract_switch
P100-R,2026-03-24,MO2605-P-7000,buy,11,142.2,149.31,198.0,7820.999999999999,new_contract
P100-R,2026-03-25,MO2605-P-7000,sell,11,101.4,96.33000000000001,198.0,5577.0,contract_switch
P100-R,2026-03-25,MO2605-P-6600,buy,21,51.0,53.55,378.0,5355.0,new_contract
P100-R,2026-03-27,MO2605-P-6600,buy,2,55.6,58.38,36.0,556.0,target_increase
P100-R,2026-03-30,MO2605-P-6600,buy,3,57.6,60.480000000000004,54.0,864.0,target_increase
P100-R,2026-03-31,MO2605-P-6600,sell,4,65.6,62.31999999999999,72.0,1312.0,target_reduce_or_cap
P100-R,2026-04-01,MO2605-P-6600,buy,1,38.4,40.32,18.0,192.0,target_increase
P100-R,2026-04-07,MO2605-P-6600,buy,1,55.0,57.75,18.0,275.0,target_increase
P100-R,2026-04-08,MO2605-P-6600,buy,1,16.8,17.64,18.0,84.00000000000001,target_increase
P100-R,2026-04-09,MO2605-P-6600,buy,4,17.6,18.48,72.0,352.00000000000006,target_increase
P100-R,2026-04-10,MO2605-P-6600,buy,4,16.8,17.64,72.0,336.00000000000006,target_increase
P100-R,2026-04-13,MO2605-P-6600,buy,1,18.8,19.740000000000002,18.0,94.0,target_increase
P100-R,2026-04-14,MO2605-P-6600,buy,2,14.0,14.7,36.0,140.0,target_increase
P100-R,2026-04-15,MO2605-P-6600,buy,4,12.6,13.23,72.0,252.0,target_increase
P100-R,2026-04-16,MO2605-P-6600,sell,2,7.0,6.65,36.0,70.0,target_reduce_or_cap
P100-R,2026-04-17,MO2605-P-6600,buy,7,6.8,7.14,126.0,238.00000000000003,target_increase
P100-R,2026-04-20,MO2605-P-6600,buy,3,5.6,5.88,54.0,83.99999999999999,target_increase
P100-R,2026-04-21,MO2605-P-6600,sell,48,3.6,3.4,864.0,960.0000000000001,contract_switch
P100-R,2026-04-21,MO2606-P-5200,buy,45,5.8,6.09,810.0,1305.0,new_contract
P100-R,2026-04-22,MO2606-P-5200,buy,1,4.6,4.83,18.0,23.0,target_increase
P100-R,2026-04-23,MO2606-P-5200,buy,4,4.4,4.62,72.0,88.00000000000001,target_increase
P100-R,2026-04-24,MO2606-P-5200,sell,1,4.4,4.180000000000001,18.0,22.000000000000004,target_reduce_or_cap
P100-R,2026-04-27,MO2606-P-5200,buy,3,4.0,4.2,54.0,60.00000000000001,target_increase
P100-R,2026-04-28,MO2606-P-5200,buy,4,3.6,3.8000000000000003,72.0,80.0,target_increase
P100-R,2026-04-29,MO2606-P-5200,buy,1,3.2,3.4000000000000004,18.0,20.0,target_increase
P100-R,2026-04-30,MO2606-P-5200,buy,6,2.8,3.0,108.0,120.00000000000001,target_increase
P100-R,2026-05-06,MO2606-P-5200,sell,5,2.4,2.1999999999999997,90.0,100.0,target_reduce_or_cap
P100-R,2026-05-07,MO2606-P-5200,buy,6,2.6,2.8000000000000003,108.0,120.00000000000001,target_increase
P100-R,2026-05-08,MO2606-P-5200,sell,18,2.4,2.1999999999999997,324.0,360.0,target_reduce_or_cap
P100-R,2026-05-12,MO2606-P-5200,sell,6,2.8,2.5999999999999996,108.0,120.00000000000001,target_reduce_or_cap
P100-R,2026-05-13,MO2606-P-5200,buy,4,1.8,2.0,72.0,80.0,target_increase
P100-R,2026-05-14,MO2606-P-5200,sell,3,2.0,1.8,54.0,60.00000000000001,target_reduce_or_cap
P100-R,2026-05-15,MO2606-P-5200,buy,5,1.8,2.0,90.0,100.0,target_increase
P100-R,2026-05-18,MO2606-P-5200,sell,1,1.8,1.6,18.0,20.0,target_reduce_or_cap
P100-R,2026-05-19,MO2606-P-5200,buy,6,1.6,1.8,108.0,120.00000000000001,target_increase
P100-R,2026-05-20,MO2606-P-5200,buy,1,1.4,1.5999999999999999,18.0,20.0,target_increase
P100-R,2026-05-21,MO2606-P-5200,sell,52,1.4,1.2,936.0,1040.0,contract_switch
P100-R,2026-05-21,MO2607-P-7400,buy,15,67.8,71.19,270.0,5085.0,new_contract
P100-R,2026-05-22,MO2607-P-7400,sell,1,48.4,45.98,18.0,242.0,target_reduce_or_cap
P100-R,2026-05-26,MO2607-P-7400,buy,1,42.8,44.94,18.0,214.0,target_increase
P100-R,2026-05-27,MO2607-P-7400,sell,1,59.4,56.43,18.0,297.0,target_reduce_or_cap
P100-R,2026-05-29,MO2607-P-7400,buy,1,61.8,64.89,18.0,309.0,target_increase
P100-R,2026-06-01,MO2607-P-7400,sell,2,62.6,59.47,36.0,626.0000000000001,target_reduce_or_cap
P100-R,2026-06-02,MO2607-P-7400,buy,1,58.0,60.9,18.0,290.00000000000006,target_increase
P100-R,2026-06-03,MO2607-P-7400,sell,1,50.8,48.26,18.0,254.0,target_reduce_or_cap
P100-R,2026-06-04,MO2607-P-7400,buy,1,50.8,53.339999999999996,18.0,254.0,target_increase
P100-R,2026-06-09,MO2607-P-7400,sell,2,64.8,61.559999999999995,36.0,648.0,target_reduce_or_cap
P100-R,2026-06-10,MO2607-P-7400,sell,12,75.4,71.63000000000001,216.0,4524.000000000001,contract_switch
P100-R,2026-06-10,MO2607-P-7200,buy,15,48.8,51.239999999999995,270.0,3660.0,new_contract
P100-R,2026-06-11,MO2607-P-7200,sell,1,50.6,48.07,18.0,253.00000000000003,target_reduce_or_cap
P100-R,2026-06-12,MO2607-P-7200,sell,1,34.4,32.68,18.0,172.0,target_reduce_or_cap
P100-R,2026-06-15,MO2607-P-7200,buy,3,15.4,16.17,54.0,231.0,target_increase
P100-R,2026-06-16,MO2607-P-7200,buy,2,14.8,15.540000000000001,36.0,148.00000000000003,target_increase
P100-R,2026-06-17,MO2607-P-7200,buy,2,11.8,12.39,36.0,118.00000000000001,target_increase
P100-R,2026-06-22,MO2607-P-7200,buy,1,5.2,5.46,18.0,26.0,target_increase
P100-R,2026-06-23,MO2607-P-7200,sell,21,6.4,6.08,378.0,672.0000000000001,contract_switch
P100-R,2026-06-23,MO2608-P-7200,buy,14,43.4,45.57,252.0,3038.0,new_contract
P100-R,2026-06-25,MO2608-P-7200,buy,1,32.8,34.44,18.0,164.0,target_increase
P100-R,2026-06-26,MO2608-P-7200,buy,1,43.0,45.15,18.0,215.0,target_increase
P100-R,2026-06-29,MO2608-P-7200,sell,2,42.6,40.47,36.0,426.00000000000006,target_reduce_or_cap
P100-R,2026-07-01,MO2608-P-7200,buy,2,23.6,24.78,36.0,236.00000000000003,target_increase
P100-R,2026-07-02,MO2608-P-7200,sell,1,29.8,28.310000000000002,18.0,149.00000000000003,target_reduce_or_cap
P100-R,2026-07-03,MO2608-P-7200,buy,1,28.2,29.61,18.0,141.0,target_increase
P100-R,2026-07-06,MO2608-P-7200,buy,1,27.2,28.56,18.0,136.0,target_increase
P100-R,2026-07-07,MO2608-P-7200,sell,2,33.8,32.11,36.0,338.0,target_reduce_or_cap
P100-R,2026-07-09,MO2608-P-7200,sell,1,30.4,28.88,18.0,152.0,target_reduce_or_cap
P100-R,2026-07-10,MO2608-P-7200,buy,1,35.2,36.96,18.0,176.00000000000003,target_increase
P100-R,2026-07-13,MO2608-P-7200,sell,1,92.2,87.59,18.0,461.00000000000006,target_reduce_or_cap
P100-R,2026-07-14,MO2608-P-7200,sell,4,73.6,69.91999999999999,72.0,1472.0,target_reduce_or_cap
P100-R,2026-07-15,MO2608-P-7200,sell,10,93.8,89.11,180.0,4690.000000000001,contract_switch
P100-R,2026-07-15,MO2608-P-7000,buy,22,56.6,59.43,396.0,6226.000000000001,new_contract
P100-R,2026-07-16,MO2608-P-7000,sell,2,90.0,85.5,36.0,900.0,target_reduce_or_cap
P100-R,2026-07-17,MO2608-P-7000,sell,1,259.4,246.42999999999998,18.0,1297.0,target_reduce_or_cap
P100-R,2026-07-20,MO2608-P-7000,sell,19,412.8,392.16,342.0,39216.0,contract_switch
P100-R,2026-07-20,MO2608-P-6800,buy,13,309.0,324.45,234.0,20085.000000000004,new_contract
P100-R,2026-07-21,MO2608-P-6800,sell,13,146.0,138.7,234.0,9490.0,contract_switch
P100-R,2026-07-21,MO2608-P-6400,buy,14,66.4,69.72,252.0,4648.0,new_contract
P100-R,2026-07-22,MO2608-P-6400,sell,14,66.0,62.7,252.0,4620.0,contract_switch
P100-R,2026-07-22,MO2608-P-6200,buy,22,41.0,43.05,396.0,4510.000000000001,new_contract
P100-R,2026-07-23,MO2608-P-6200,sell,22,21.2,20.14,396.0,2332.0,contract_switch
P100-R,2026-07-23,MO2609-P-6200,buy,17,66.0,69.3,306.0,5610.0,new_contract
P100-R,2026-07-24,MO2609-P-6200,buy,2,106.8,112.14,36.0,1068.0,target_increase
P100-R,2026-07-27,MO2609-P-6200,sell,2,60.8,57.76,36.0,608.0,target_reduce_or_cap
P100-R,2026-07-28,MO2609-P-6200,buy,5,102.6,107.72999999999999,90.0,2565.0,target_increase
P100-R,2026-07-29,MO2609-P-6200,sell,3,89.4,84.93,54.0,1341.0000000000002,target_reduce_or_cap
P100-R,2026-07-31,MO2609-P-6200,sell,2,101.2,96.14,36.0,1012.0000000000001,target_reduce_or_cap
P100-R,2026-08-03,MO2609-P-6200,buy,8,83.2,87.36,144.0,3328.0,target_increase
P100-R,2026-08-05,MO2609-P-6200,buy,5,31.4,32.97,90.0,785.0,target_increase
P100-R,2026-08-06,MO2609-P-6200,buy,5,32.2,33.81,90.0,805.0000000000001,target_increase
P100-R,2026-08-07,MO2609-P-6200,buy,2,21.8,22.89,36.0,218.00000000000003,target_increase
P100-R,2026-08-10,MO2609-P-6200,buy,2,18.4,19.32,36.0,184.0,target_increase
P100-R,2026-08-11,MO2609-P-6200,buy,3,18.2,19.11,54.0,273.0,target_increase
P100-R,2026-08-13,MO2609-P-6200,buy,1,16.6,17.43,18.0,83.0,target_increase
P100-R,2026-08-14,MO2609-P-6200,buy,3,12.6,13.23,54.0,189.0,target_increase
