variant,date,desired_contract,target_qty,cap_qty,raw_full_qty,protected_lots,cap_binding,selected_strike,selected_settle,atm_strike,atm_settle,gain_points,dte
P0,2022-07-22,,0,0,0,0,False,6300.0,72.8,7000.0,305.8,233.0,55
P0,2022-07-25,,0,0,0,0,False,6300.0,78.6,6900.0,287.6,209.00000000000003,52
P0,2022-07-26,,0,0,0,0,False,6200.0,38.0,7000.0,271.0,233.0,51
P0,2022-07-27,,0,0,0,0,False,6200.0,34.2,7100.0,280.6,246.40000000000003,50
P0,2022-07-28,,0,0,0,0,False,6200.0,33.8,7200.0,313.4,279.59999999999997,49
P0,2022-07-29,,0,0,0,0,False,6200.0,36.4,7100.0,270.0,233.6,48
P0,2022-08-01,,0,0,0,0,False,6200.0,32.6,7200.0,296.6,264.0,45
P0,2022-08-02,,0,0,0,0,False,6200.0,71.0,7000.0,314.0,243.0,44
P0,2022-08-03,,0,0,0,0,False,6200.0,66.4,6900.0,276.4,209.99999999999997,43
P0,2022-08-04,,0,0,0,0,False,6200.0,56.4,7000.0,311.4,254.99999999999997,42
P0,2022-08-05,,0,0,0,0,False,6200.0,36.4,7100.0,255.8,219.4,41
P0,2022-08-08,,0,0,0,0,False,6200.0,29.2,7200.0,278.6,249.40000000000003,38
P0,2022-08-09,,0,0,0,0,False,6200.0,28.2,7200.0,263.4,235.2,37
P0,2022-08-10,,0,0,0,0,False,6200.0,28.8,7200.0,256.0,227.2,36
P0,2022-08-11,,0,0,0,0,False,6200.0,21.0,7300.0,248.8,227.8,35
P0,2022-08-12,,0,0,0,0,False,6200.0,18.4,7200.0,213.2,194.79999999999998,34
P0,2022-08-15,,0,0,0,0,False,6200.0,12.0,7300.0,230.0,218.0,31
P0,2022-08-16,,0,0,0,0,False,6200.0,8.8,7300.0,191.8,183.0,30
P0,2022-08-17,,0,0,0,0,False,6200.0,7.2,7300.0,172.6,165.4,29
P0,2022-08-18,,0,0,0,0,False,6200.0,8.0,7400.0,212.2,204.2,28
P0,2022-08-19,,0,0,0,0,False,6200.0,12.0,7200.0,161.0,149.0,27
P0,2022-08-22,,0,0,0,0,False,6200.0,24.8,7300.0,286.6,261.8,59
P0,2022-08-23,,0,0,0,0,False,6200.0,24.4,7300.0,280.6,256.20000000000005,58
P0,2022-08-24,,0,0,0,0,False,6200.0,48.2,7000.0,276.0,227.8,57
P0,2022-08-25,,0,0,0,0,False,6200.0,46.4,7000.0,290.2,243.79999999999998,56
P0,2022-08-26,,0,0,0,0,False,6200.0,45.4,7000.0,301.2,255.79999999999998,55
P0,2022-08-29,,0,0,0,0,False,6200.0,39.6,7000.0,278.8,239.20000000000002,52
P0,2022-08-30,,0,0,0,0,False,6200.0,40.4,7000.0,286.0,245.6,51
P0,2022-08-31,,0,0,0,0,False,6200.0,67.0,6800.0,293.0,226.0,50
P0,2022-09-01,,0,0,0,0,False,6000.0,44.2,6700.0,254.0,209.8,49
P0,2022-09-02,,0,0,0,0,False,6000.0,41.4,6800.0,274.2,232.79999999999998,48
P0,2022-09-05,,0,0,0,0,False,6000.0,35.4,6800.0,261.2,225.79999999999998,45
P0,2022-09-06,,0,0,0,0,False,6000.0,22.4,6900.0,235.0,212.6,44
P0,2022-09-07,,0,0,0,0,False,6000.0,16.0,7000.0,264.0,248.0,43
P0,2022-09-08,,0,0,0,0,False,6000.0,17.4,6900.0,227.0,209.6,42
P0,2022-09-09,,0,0,0,0,False,6000.0,13.0,6900.0,196.2,183.2,41
P0,2022-09-13,,0,0,0,0,False,6000.0,11.4,6900.0,198.4,187.0,37
P0,2022-09-14,,0,0,0,0,False,6000.0,13.8,6800.0,183.0,169.2,36
P0,2022-09-15,,0,0,0,0,False,6000.0,29.8,6600.0,203.0,173.2,35
P0,2022-09-16,,0,0,0,0,False,5900.0,34.2,6500.0,216.8,182.60000000000002,34
P0,2022-09-19,,0,0,0,0,False,5800.0,35.0,6400.0,217.8,182.8,31
P0,2022-09-20,,0,0,0,0,False,5700.0,18.0,6500.0,221.4,203.4,30
P0,2022-09-21,,0,0,0,0,False,5700.0,50.8,6500.0,316.0,265.2,57
P0,2022-09-22,,0,0,0,0,False,5700.0,54.0,6500.0,302.8,248.8,56
P0,2022-09-23,,0,0,0,0,False,5700.0,64.8,6400.0,311.8,247.0,55
P0,2022-09-26,,0,0,0,0,False,5700.0,71.2,6300.0,275.8,204.60000000000002,52
P0,2022-09-27,,0,0,0,0,False,5600.0,36.8,6400.0,256.2,219.39999999999998,51
P0,2022-09-28,,0,0,0,0,False,5600.0,58.0,6200.0,243.0,185.0,50
P0,2022-09-29,,0,0,0,0,False,5500.0,40.6,6200.0,233.8,193.20000000000002,49
P0,2022-09-30,,0,0,0,0,False,5500.0,58.0,6100.0,240.8,182.8,48
P0,2022-10-10,,0,0,0,0,False,5500.0,64.4,6000.0,238.4,174.0,38
P0,2022-10-11,,0,0,0,0,False,5300.0,30.0,6000.0,225.6,195.6,37
P0,2022-10-12,,0,0,0,0,False,5300.0,20.0,6200.0,235.8,215.8,36
P0,2022-10-13,,0,0,0,0,False,5300.0,11.6,6300.0,256.2,244.6,35
P0,2022-10-14,,0,0,0,0,False,5300.0,5.4,6400.0,200.6,195.2,34
P0,2022-10-17,,0,0,0,0,False,5300.0,5.6,6500.0,227.2,221.6,31
P0,2022-10-18,,0,0,0,0,False,5300.0,4.6,6500.0,202.0,197.4,30
P0,2022-10-19,,0,0,0,0,False,5300.0,16.8,6500.0,313.2,296.4,57
P0,2022-10-20,,0,0,0,0,False,5300.0,16.8,6400.0,281.2,264.4,56
P0,2022-10-21,,0,0,0,0,False,5300.0,22.0,6400.0,273.2,251.2,55
P0,2022-10-24,,0,0,0,0,False,5300.0,28.6,6400.0,292.2,263.59999999999997,52
P0,2022-10-25,,0,0,0,0,False,5300.0,26.8,6400.0,296.4,269.59999999999997,51
P0,2022-10-26,,0,0,0,0,False,5300.0,18.2,6500.0,248.8,230.60000000000002,50
P0,2022-10-27,,0,0,0,0,False,5300.0,17.6,6500.0,261.2,243.6,49
P0,2022-10-28,,0,0,0,0,False,5300.0,31.0,6200.0,233.2,202.2,48
P0,2022-10-31,,0,0,0,0,False,5300.0,28.6,6300.0,259.6,231.00000000000003,45
P0,2022-11-01,,0,0,0,0,False,5300.0,14.6,6400.0,207.6,193.0,44
P0,2022-11-02,,0,0,0,0,False,5300.0,9.6,6500.0,217.0,207.4,43
P0,2022-11-03,,0,0,0,0,False,5300.0,8.4,6600.0,252.0,243.6,42
P0,2022-11-04,,0,0,0,0,False,5300.0,3.6,6700.0,203.2,199.6,41
P0,2022-11-07,,0,0,0,0,False,5300.0,3.4,6700.0,214.6,211.2,38
P0,2022-11-08,,0,0,0,0,False,5300.0,3.4,6700.0,208.4,205.0,37
P0,2022-11-09,,0,0,0,0,False,5300.0,3.6,6700.0,215.8,212.20000000000002,36
P0,2022-11-10,,0,0,0,0,False,5300.0,4.4,6600.0,192.8,188.4,35
P0,2022-11-11,,0,0,0,0,False,5300.0,2.6,6600.0,166.4,163.8,34
P0,2022-11-14,,0,0,0,0,False,5300.0,3.8,6600.0,187.2,183.39999999999998,31
P0,2022-11-15,,0,0,0,0,False,5300.0,2.4,6800.0,213.8,211.4,30
P0,2022-11-16,,0,0,0,0,False,5300.0,3.0,6700.0,180.8,177.8,29
P0,2022-11-17,,0,0,0,0,False,5300.0,2.6,6700.0,156.0,153.4,28
P0,2022-11-18,,0,0,0,0,False,5300.0,1.6,6700.0,182.2,180.6,27
P0,2022-11-21,,0,0,0,0,False,5600.0,9.6,6700.0,253.2,243.6,59
P0,2022-11-22,,0,0,0,0,False,5600.0,13.4,6600.0,262.4,248.99999999999997,58
P0,2022-11-23,,0,0,0,0,False,5600.0,13.6,6600.0,263.2,249.6,57
P0,2022-11-24,,0,0,0,0,False,5600.0,15.4,6600.0,254.6,239.2,56
P0,2022-11-25,,0,0,0,0,False,5600.0,17.8,6500.0,233.0,215.2,55
P0,2022-11-28,,0,0,0,0,False,5600.0,20.0,6500.0,236.6,216.6,52
P0,2022-11-29,,0,0,0,0,False,5600.0,13.0,6600.0,232.0,219.0,51
P0,2022-11-30,,0,0,0,0,False,5600.0,14.8,6600.0,237.2,222.39999999999998,50
P0,2022-12-01,,0,0,0,0,False,5600.0,9.4,6700.0,234.4,225.0,49
P0,2022-12-02,,0,0,0,0,False,5600.0,6.6,6700.0,216.6,210.0,48
P0,2022-12-05,,0,0,0,0,False,5600.0,5.8,6700.0,197.8,192.0,45
P0,2022-12-06,,0,0,0,0,False,5600.0,5.8,6700.0,196.4,190.6,44
P0,2022-12-07,,0,0,0,0,False,5600.0,4.6,6700.0,191.4,186.8,43
P0,2022-12-08,,0,0,0,0,False,5600.0,4.4,6700.0,205.0,200.6,42
P0,2022-12-09,,0,0,0,0,False,5600.0,4.6,6700.0,191.2,186.6,41
P0,2022-12-12,,0,0,0,0,False,5600.0,5.0,6700.0,193.0,188.0,38
P0,2022-12-13,,0,0,0,0,False,5600.0,5.0,6600.0,165.6,160.6,37
P0,2022-12-14,,0,0,0,0,False,5600.0,4.8,6600.0,187.4,182.6,36
P0,2022-12-15,,0,0,0,0,False,5600.0,3.8,6600.0,167.0,163.2,35
P0,2022-12-16,,0,0,0,0,False,5600.0,3.8,6500.0,117.6,113.8,34
P0,2022-12-19,,0,0,0,0,False,5600.0,6.8,6400.0,124.6,117.8,31
P0,2022-12-20,,0,0,0,0,False,5600.0,7.4,6300.0,113.0,105.6,30
P0,2022-12-21,,0,0,0,0,False,5700.0,25.0,6300.0,178.2,153.2,57
P0,2022-12-22,,0,0,0,0,False,5600.0,20.2,6200.0,176.0,155.8,56
P0,2022-12-23,,0,0,0,0,False,5500.0,19.6,6200.0,203.8,184.20000000000002,55
P0,2022-12-26,,0,0,0,0,False,5500.0,11.6,6300.0,184.2,172.6,52
P0,2022-12-27,,0,0,0,0,False,5500.0,9.6,6300.0,154.4,144.8,51
P0,2022-12-28,,0,0,0,0,False,5500.0,10.4,6300.0,167.0,156.6,50
P0,2022-12-29,,0,0,0,0,False,5500.0,8.8,6300.0,173.8,165.0,49
P0,2022-12-30,,0,0,0,0,False,5500.0,9.8,6300.0,167.4,157.6,48
P0,2023-01-03,,0,0,0,0,False,5500.0,6.4,6400.0,148.2,141.79999999999998,44
P0,2023-01-04,,0,0,0,0,False,5500.0,4.6,6400.0,154.0,149.4,43
P0,2023-01-05,,0,0,0,0,False,5500.0,5.2,6500.0,161.2,156.0,42
P0,2023-01-06,,0,0,0,0,False,5500.0,4.2,6500.0,150.0,145.8,41
P0,2023-01-09,,0,0,0,0,False,5500.0,4.2,6500.0,145.0,140.8,38
P0,2023-01-10,,0,0,0,0,False,5500.0,4.0,6500.0,139.8,135.8,37
P0,2023-01-11,,0,0,0,0,False,5500.0,4.0,6500.0,153.8,149.8,36
P0,2023-01-12,,0,0,0,0,False,5500.0,4.0,6500.0,150.6,146.6,35
P0,2023-01-13,,0,0,0,0,False,5500.0,2.2,6500.0,120.4,118.2,34
P0,2023-01-16,,0,0,0,0,False,5500.0,2.0,6600.0,131.4,129.4,31
P0,2023-01-17,,0,0,0,0,False,5500.0,1.8,6600.0,118.0,116.2,30
P0,2023-01-18,,0,0,0,0,False,5200.0,3.4,6600.0,166.0,162.6,57
P0,2023-01-19,,0,0,0,0,False,5200.0,3.8,6700.0,179.6,175.79999999999998,56
P0,2023-01-20,,0,0,0,0,False,5200.0,2.8,6700.0,146.2,143.39999999999998,55
P0,2023-01-30,,0,0,0,0,False,5200.0,2.0,6800.0,173.4,171.4,45
P0,2023-01-31,,0,0,0,0,False,5200.0,1.8,6800.0,150.8,149.0,44
P0,2023-02-01,,0,0,0,0,False,5200.0,2.0,6900.0,157.6,155.6,43
P0,2023-02-02,,0,0,0,0,False,5200.0,1.8,6900.0,160.0,158.2,42
P0,2023-02-03,,0,0,0,0,False,5200.0,1.8,6900.0,163.2,161.39999999999998,41
P0,2023-02-06,,0,0,0,0,False,5200.0,1.6,6900.0,175.0,173.4,38
P0,2023-02-07,,0,0,0,0,False,5200.0,1.4,6900.0,157.2,155.79999999999998,37
P0,2023-02-08,,0,0,0,0,False,5200.0,1.4,6900.0,172.0,170.6,36
P0,2023-02-09,,0,0,0,0,False,5200.0,0.2,7000.0,144.2,144.0,35
P0,2023-02-10,,0,0,0,0,False,5200.0,1.2,7000.0,164.0,162.8,34
P0,2023-02-13,,0,0,0,0,False,5200.0,1.2,7100.0,184.6,183.4,31
P0,2023-02-14,,0,0,0,0,False,5200.0,1.2,7100.0,172.0,170.8,30
P0,2023-02-15,,0,0,0,0,False,5200.0,1.0,7100.0,167.6,166.6,29
P0,2023-02-16,,0,0,0,0,False,5200.0,1.0,6900.0,132.0,131.0,28
P0,2023-02-17,,0,0,0,0,False,5200.0,1.0,6900.0,147.4,146.4,27
P0,2023-02-20,,0,0,0,0,False,6000.0,10.0,7000.0,246.4,236.4,59
P0,2023-02-21,,0,0,0,0,False,6000.0,8.4,7000.0,233.6,225.2,58
P0,2023-02-22,,0,0,0,0,False,6000.0,7.8,7000.0,218.8,211.0,57
P0,2023-02-23,,0,0,0,0,False,6000.0,8.2,7000.0,227.2,219.0,56
P0,2023-02-24,,0,0,0,0,False,6000.0,8.6,6900.0,177.0,168.4,55
P0,2023-02-27,,0,0,0,0,False,6000.0,11.6,6900.0,202.4,190.8,52
P0,2023-02-28,,0,0,0,0,False,6000.0,8.6,7000.0,214.8,206.20000000000002,51
P0,2023-03-01,,0,0,0,0,False,6000.0,6.2,7000.0,194.4,188.20000000000002,50
P0,2023-03-02,,0,0,0,0,False,6000.0,6.0,7000.0,202.8,196.8,49
P0,2023-03-03,,0,0,0,0,False,6000.0,6.0,7000.0,208.8,202.8,48
P0,2023-03-06,,0,0,0,0,False,6000.0,4.8,7000.0,190.0,185.2,45
P0,2023-03-07,,0,0,0,0,False,6000.0,7.0,6900.0,193.8,186.8,44
P0,2023-03-08,,0,0,0,0,False,6000.0,6.2,6900.0,180.8,174.60000000000002,43
P0,2023-03-09,,0,0,0,0,False,6000.0,5.8,6900.0,179.4,173.6,42
P0,2023-03-10,,0,0,0,0,False,6000.0,9.0,6800.0,164.2,155.2,41
P0,2023-03-13,,0,0,0,0,False,6000.0,6.4,6800.0,141.2,134.79999999999998,38
P0,2023-03-14,,0,0,0,0,False,6000.0,10.0,6800.0,178.0,168.0,37
P0,2023-03-15,,0,0,0,0,False,6000.0,5.6,6800.0,147.8,142.20000000000002,36
P0,2023-03-16,,0,0,0,0,False,6000.0,11.0,6700.0,149.6,138.6,35
P0,2023-03-17,,0,0,0,0,False,6000.0,7.4,6700.0,121.4,114.0,34
P0,2023-03-20,,0,0,0,0,False,6000.0,8.0,6700.0,122.8,114.8,31
P0,2023-03-21,,0,0,0,0,False,6000.0,4.2,6800.0,126.8,122.6,30
P0,2023-03-22,,0,0,0,0,False,6000.0,11.0,6800.0,164.2,153.2,57
P0,2023-03-23,,0,0,0,0,False,6000.0,8.6,6900.0,199.2,190.6,56
P0,2023-03-24,,0,0,0,0,False,6000.0,6.8,6900.0,187.4,180.6,55
P0,2023-03-27,,0,0,0,0,False,6000.0,6.4,6900.0,178.0,171.6,52
P0,2023-03-28,,0,0,0,0,False,6000.0,6.6,6800.0,142.2,135.6,51
P0,2023-03-29,,0,0,0,0,False,6000.0,6.4,6800.0,151.4,145.0,50
P0,2023-03-30,,0,0,0,0,False,6000.0,6.2,6800.0,148.8,142.60000000000002,49
P0,2023-03-31,,0,0,0,0,False,6000.0,5.0,6900.0,170.6,165.6,48
P0,2023-04-03,,0,0,0,0,False,6000.0,4.4,7000.0,194.4,190.0,45
P0,2023-04-04,,0,0,0,0,False,6000.0,3.6,7000.0,181.2,177.6,44
P0,2023-04-06,,0,0,0,0,False,6000.0,4.0,7000.0,180.4,176.4,42
P0,2023-04-07,,0,0,0,0,False,6000.0,2.6,7000.0,136.8,134.20000000000002,41
P0,2023-04-10,,0,0,0,0,False,6000.0,2.2,7000.0,160.0,157.8,38
P0,2023-04-11,,0,0,0,0,False,6000.0,2.0,7000.0,156.0,154.0,37
P0,2023-04-12,,0,0,0,0,False,6000.0,1.6,7000.0,134.6,133.0,36
P0,2023-04-13,,0,0,0,0,False,6000.0,1.6,7000.0,147.0,145.4,35
P0,2023-04-14,,0,0,0,0,False,6000.0,1.6,7000.0,127.8,126.2,34
P0,2023-04-17,,0,0,0,0,False,6000.0,1.2,7000.0,116.4,115.2,31
P0,2023-04-18,,0,0,0,0,False,6000.0,1.0,7000.0,126.0,125.0,30
P0,2023-04-19,,0,0,0,0,False,5200.0,0.4,7000.0,214.2,213.79999999999998,57
P0,2023-04-20,,0,0,0,0,False,5200.0,2.0,7000.0,204.4,202.4,56
P0,2023-04-21,,0,0,0,0,False,5200.0,2.2,6800.0,180.4,178.20000000000002,55
P0,2023-04-24,,0,0,0,0,False,5200.0,2.2,6700.0,160.8,158.60000000000002,52
P0,2023-04-25,,0,0,0,0,False,5200.0,2.8,6600.0,163.8,161.0,51
P0,2023-04-26,,0,0,0,0,False,5200.0,2.2,6600.0,154.4,152.20000000000002,50
P0,2023-04-27,,0,0,0,0,False,5200.0,2.4,6600.0,146.4,144.0,49
P0,2023-04-28,,0,0,0,0,False,5200.0,1.6,6700.0,143.6,142.0,48
P0,2023-05-04,,0,0,0,0,False,5200.0,1.6,6700.0,138.6,137.0,42
P0,2023-05-05,,0,0,0,0,False,5200.0,1.6,6700.0,173.4,171.8,41
P0,2023-05-08,,0,0,0,0,False,5200.0,1.4,6700.0,145.0,143.6,38
P0,2023-05-09,,0,0,0,0,False,5200.0,1.4,6600.0,135.6,134.2,37
P0,2023-05-10,,0,0,0,0,False,5200.0,1.2,6600.0,123.0,121.8,36
P0,2023-05-11,,0,0,0,0,False,5200.0,1.4,6600.0,126.4,125.0,35
P0,2023-05-12,,0,0,0,0,False,5200.0,1.4,6500.0,115.8,114.39999999999999,34
P0,2023-05-15,,0,0,0,0,False,5200.0,1.2,6600.0,134.6,133.4,31
P0,2023-05-16,,0,0,0,0,False,5200.0,1.2,6500.0,119.4,118.2,30
P0,2023-05-17,,0,0,0,0,False,5200.0,1.2,6600.0,151.8,150.60000000000002,29
P0,2023-05-18,,0,0,0,0,False,5200.0,1.0,6600.0,133.6,132.6,28
P0,2023-05-19,,0,0,0,0,False,5200.0,0.8,6600.0,102.8,102.0,27
P0,2023-05-22,,0,0,0,0,False,5800.0,4.8,6600.0,162.4,157.6,59
P0,2023-05-23,,0,0,0,0,False,5800.0,7.8,6500.0,147.4,139.6,58
P0,2023-05-24,,0,0,0,0,False,5800.0,6.8,6500.0,144.0,137.2,57
P0,2023-05-25,,0,0,0,0,False,5800.0,8.4,6500.0,157.4,149.0,56
P0,2023-05-26,,0,0,0,0,False,5800.0,6.2,6500.0,129.6,123.39999999999999,55
P0,2023-05-29,,0,0,0,0,False,5800.0,6.2,6500.0,132.6,126.39999999999999,52
P0,2023-05-30,,0,0,0,0,False,5800.0,5.4,6600.0,163.6,158.2,51
P0,2023-05-31,,0,0,0,0,False,5800.0,6.0,6600.0,171.8,165.8,50
P0,2023-06-01,,0,0,0,0,False,5800.0,5.0,6600.0,160.0,155.0,49
P0,2023-06-02,,0,0,0,0,False,5800.0,4.0,6600.0,132.2,128.2,48
P0,2023-06-05,,0,0,0,0,False,5800.0,3.8,6600.0,125.8,122.0,45
P0,2023-06-06,,0,0,0,0,False,5800.0,7.8,6500.0,150.6,142.79999999999998,44
P0,2023-06-07,,0,0,0,0,False,5800.0,8.6,6500.0,150.2,141.6,43
P0,2023-06-08,,0,0,0,0,False,5800.0,10.4,6400.0,121.8,111.39999999999999,42
P0,2023-06-09,,0,0,0,0,False,5700.0,4.8,6500.0,135.2,130.39999999999998,41
P0,2023-06-12,,0,0,0,0,False,5700.0,2.8,6500.0,114.4,111.60000000000001,38
P0,2023-06-13,,0,0,0,0,False,5700.0,2.6,6600.0,155.2,152.6,37
P0,2023-06-14,,0,0,0,0,False,5700.0,2.6,6600.0,138.0,135.4,36
P0,2023-06-15,,0,0,0,0,False,5700.0,2.0,6600.0,114.6,112.6,35
P0,2023-06-16,,0,0,0,0,False,5700.0,1.4,6700.0,138.0,136.6,34
P0,2023-06-19,,0,0,0,0,False,5700.0,1.4,6700.0,126.0,124.6,31
P0,2023-06-20,,0,0,0,0,False,5700.0,1.2,6700.0,121.2,120.0,30
P0,2023-06-21,,0,0,0,0,False,5700.0,3.2,6500.0,129.0,125.8,57
P0,2023-06-26,,0,0,0,0,False,5700.0,6.2,6400.0,133.8,127.60000000000001,52
P0,2023-06-27,,0,0,0,0,False,5700.0,4.0,6500.0,149.4,145.4,51
P0,2023-06-28,,0,0,0,0,False,5700.0,3.6,6500.0,156.6,153.0,50
P0,2023-06-29,,0,0,0,0,False,5700.0,3.4,6500.0,139.4,136.0,49
P0,2023-06-30,,0,0,0,0,False,5700.0,2.0,6600.0,150.4,148.4,48
P0,2023-07-03,,0,0,0,0,False,5700.0,2.0,6600.0,140.6,138.6,45
P0,2023-07-04,,0,0,0,0,False,5700.0,1.6,6600.0,128.0,126.4,44
P0,2023-07-05,,0,0,0,0,False,5700.0,2.0,6600.0,149.4,147.4,43
P0,2023-07-06,,0,0,0,0,False,5700.0,2.2,6600.0,166.4,164.20000000000002,42
P0,2023-07-07,,0,0,0,0,False,5700.0,2.2,6500.0,127.8,125.6,41
P0,2023-07-10,,0,0,0,0,False,5700.0,2.0,6500.0,122.6,120.6,38
P0,2023-07-11,,0,0,0,0,False,5700.0,1.6,6600.0,138.2,136.6,37
P0,2023-07-12,,0,0,0,0,False,5700.0,2.2,6500.0,135.2,133.0,36
P0,2023-07-13,,0,0,0,0,False,5700.0,2.0,6500.0,98.6,96.6,35
P0,2023-07-14,,0,0,0,0,False,5700.0,2.0,6500.0,94.2,92.2,34
P0,2023-07-17,,0,0,0,0,False,5700.0,1.8,6500.0,101.6,99.8,31
P0,2023-07-18,,0,0,0,0,False,5700.0,1.4,6500.0,104.0,102.6,30
P0,2023-07-19,,0,0,0,0,False,5200.0,1.8,6500.0,160.0,158.2,57
P0,2023-07-20,,0,0,0,0,False,5200.0,1.8,6400.0,144.2,142.39999999999998,56
P0,2023-07-21,,0,0,0,0,False,5200.0,1.8,6400.0,142.4,140.6,55
P0,2023-07-24,,0,0,0,0,False,5200.0,1.6,6400.0,146.6,145.0,52
P0,2023-07-25,,0,0,0,0,False,5200.0,1.2,6500.0,148.0,146.8,51
P0,2023-07-26,,0,0,0,0,False,5200.0,1.4,6500.0,159.0,157.6,50
P0,2023-07-27,,0,0,0,0,False,5200.0,1.2,6400.0,127.8,126.6,49
P0,2023-07-28,,0,0,0,0,False,5200.0,1.2,6500.0,153.0,151.8,48
P0,2023-07-31,,0,0,0,0,False,5200.0,1.2,6500.0,130.8,129.60000000000002,45
P0,2023-08-01,,0,0,0,0,False,5200.0,0.2,6500.0,137.4,137.20000000000002,44
P0,2023-08-02,,0,0,0,0,False,5200.0,1.2,6500.0,142.4,141.20000000000002,43
P0,2023-08-03,,0,0,0,0,False,5200.0,1.0,6500.0,140.4,139.4,42
P0,2023-08-04,,0,0,0,0,False,5200.0,1.2,6500.0,113.0,111.8,41
P0,2023-08-07,,0,0,0,0,False,5200.0,0.2,6500.0,118.8,118.6,38
P0,2023-08-08,,0,0,0,0,False,5200.0,1.0,6500.0,129.2,128.2,37
P0,2023-08-09,,0,0,0,0,False,5200.0,1.0,6400.0,100.0,99.0,36
P0,2023-08-10,,0,0,0,0,False,5200.0,1.0,6400.0,102.6,101.6,35
P0,2023-08-11,,0,0,0,0,False,5200.0,1.0,6300.0,110.8,109.8,34
P0,2023-08-14,,0,0,0,0,False,5200.0,1.0,6300.0,91.4,90.4,31
P0,2023-08-15,,0,0,0,0,False,5200.0,1.0,6300.0,116.6,115.6,30
P0,2023-08-16,,0,0,0,0,False,5200.0,2.2,6200.0,108.8,106.6,29
P0,2023-08-17,,0,0,0,0,False,5200.0,1.4,6200.0,77.6,76.19999999999999,28
P0,2023-08-18,,0,0,0,0,False,5200.0,2.2,6100.0,92.0,89.8,27
P0,2023-08-21,,0,0,0,0,False,5500.0,17.8,6100.0,176.4,158.6,59
P0,2023-08-22,,0,0,0,0,False,5400.0,10.4,6100.0,155.0,144.6,58
P0,2023-08-23,,0,0,0,0,False,5400.0,17.8,6000.0,170.6,152.79999999999998,57
P0,2023-08-24,,0,0,0,0,False,5300.0,10.4,6000.0,161.8,151.4,56
P0,2023-08-25,,0,0,0,0,False,5300.0,23.4,5900.0,174.8,151.4,55
P0,2023-08-28,,0,0,0,0,False,5200.0,16.6,5900.0,175.0,158.4,52
P0,2023-08-29,,0,0,0,0,False,5200.0,5.6,6100.0,162.0,156.4,51
P0,2023-08-30,,0,0,0,0,False,5200.0,4.0,6100.0,132.6,128.6,50
P0,2023-08-31,,0,0,0,0,False,5200.0,3.6,6100.0,139.0,135.4,49
P0,2023-09-01,,0,0,0,0,False,5200.0,2.6,6100.0,131.8,129.20000000000002,48
P0,2023-09-04,,0,0,0,0,False,5200.0,1.6,6200.0,128.0,126.4,45
P0,2023-09-05,,0,0,0,0,False,5200.0,2.6,6200.0,145.8,143.20000000000002,44
P0,2023-09-06,,0,0,0,0,False,5200.0,2.0,6200.0,132.4,130.4,43
P0,2023-09-07,,0,0,0,0,False,5200.0,4.0,6100.0,141.4,137.4,42
P0,2023-09-08,,0,0,0,0,False,5200.0,3.6,6100.0,138.0,134.4,41
P0,2023-09-11,,0,0,0,0,False,5200.0,2.4,6200.0,142.6,140.2,38
P0,2023-09-12,,0,0,0,0,False,5200.0,2.2,6200.0,131.2,129.0,37
P0,2023-09-13,,0,0,0,0,False,5200.0,3.4,6100.0,130.2,126.79999999999998,36
P0,2023-09-14,,0,0,0,0,False,5200.0,2.8,6100.0,136.0,133.2,35
P0,2023-09-15,,0,0,0,0,False,5200.0,2.8,6100.0,124.2,121.4,34
P0,2023-09-18,,0,0,0,0,False,5200.0,2.4,6100.0,115.0,112.6,31
P0,2023-09-19,,0,0,0,0,False,5200.0,2.4,6000.0,91.6,89.19999999999999,30
P0,2023-09-20,,0,0,0,0,False,5200.0,6.4,6000.0,162.6,156.2,57
P0,2023-09-21,,0,0,0,0,False,5200.0,7.2,5900.0,135.2,127.99999999999999,56
P0,2023-09-22,,0,0,0,0,False,5200.0,3.8,6100.0,167.4,163.6,55
P0,2023-09-25,,0,0,0,0,False,5200.0,4.2,6000.0,134.0,129.8,52
P0,2023-09-26,,0,0,0,0,False,5200.0,4.0,6000.0,145.0,141.0,51
P0,2023-09-27,,0,0,0,0,False,5200.0,3.8,6000.0,122.4,118.60000000000001,50
P0,2023-09-28,,0,0,0,0,False,5200.0,3.2,6100.0,154.4,151.20000000000002,49
P0,2023-10-09,,0,0,0,0,False,5200.0,1.8,6100.0,144.6,142.79999999999998,38
P0,2023-10-10,,0,0,0,0,False,5200.0,2.2,6000.0,100.0,97.8,37
P0,2023-10-11,,0,0,0,0,False,5200.0,1.8,6100.0,142.6,140.79999999999998,36
P0,2023-10-12,,0,0,0,0,False,5200.0,1.4,6100.0,114.0,112.6,35
P0,2023-10-13,,0,0,0,0,False,5200.0,1.6,6100.0,117.6,116.0,34
P0,2023-10-16,,0,0,0,0,False,5200.0,3.2,6000.0,96.8,93.6,31
P0,2023-10-17,,0,0,0,0,False,5200.0,2.4,6000.0,105.8,103.39999999999999,30
P0,2023-10-18,,0,0,0,0,False,5200.0,5.8,5900.0,146.0,140.2,57
P0,2023-10-19,,0,0,0,0,False,5200.0,10.4,5800.0,140.2,129.79999999999998,56
P0,2023-10-20,,0,0,0,0,False,5200.0,21.0,5800.0,179.0,158.0,55
P0,2023-10-23,,0,0,0,0,False,5100.0,33.4,5600.0,168.4,135.0,52
P0,2023-10-24,,0,0,0,0,False,5000.0,16.8,5700.0,173.4,156.6,51
P0,2023-10-25,,0,0,0,0,False,5000.0,9.2,5800.0,179.8,170.60000000000002,50
P0,2023-10-26,,0,0,0,0,False,5000.0,5.8,5800.0,154.4,148.6,49
P0,2023-10-27,,0,0,0,0,False,5000.0,3.6,5900.0,138.8,135.20000000000002,48
P0,2023-10-30,,0,0,0,0,False,5000.0,2.8,6000.0,153.6,150.79999999999998,45
P0,2023-10-31,,0,0,0,0,False,5000.0,2.4,6000.0,170.2,167.79999999999998,44
P0,2023-11-01,,0,0,0,0,False,5000.0,2.2,6000.0,171.4,169.20000000000002,43
P0,2023-11-02,,0,0,0,0,False,5000.0,2.4,5900.0,141.4,139.0,42
P0,2023-11-03,,0,0,0,0,False,5000.0,1.6,6000.0,148.2,146.6,41
P0,2023-11-06,,0,0,0,0,False,5000.0,1.6,6100.0,136.8,135.20000000000002,38
P0,2023-11-07,,0,0,0,0,False,5000.0,1.4,6100.0,132.0,130.6,37
P0,2023-11-08,,0,0,0,0,False,5000.0,1.2,6100.0,121.0,119.8,36
P0,2023-11-09,,0,0,0,0,False,5000.0,1.2,6100.0,140.0,138.8,35
P0,2023-11-10,,0,0,0,0,False,5000.0,1.6,6100.0,148.0,146.4,34
P0,2023-11-13,,0,0,0,0,False,5000.0,1.4,6100.0,115.8,114.39999999999999,31
P0,2023-11-14,,0,0,0,0,False,5000.0,1.0,6200.0,157.6,156.6,30
P0,2023-11-15,,0,0,0,0,False,5000.0,0.8,6200.0,130.0,129.2,29
P0,2023-11-16,,0,0,0,0,False,5000.0,1.0,6100.0,110.2,109.2,28
P0,2023-11-17,,0,0,0,0,False,5000.0,0.8,6200.0,127.0,126.2,27
P0,2023-11-20,,0,0,0,0,False,5000.0,1.8,6300.0,213.4,211.6,59
P0,2023-11-21,,0,0,0,0,False,5000.0,1.6,6200.0,179.2,177.6,58
P0,2023-11-22,,0,0,0,0,False,5000.0,2.0,6100.0,158.0,156.0,57
P0,2023-11-23,,0,0,0,0,False,5000.0,1.8,6200.0,168.2,166.39999999999998,56
P0,2023-11-24,,0,0,0,0,False,5000.0,2.0,6100.0,160.8,158.8,55
P0,2023-11-27,,0,0,0,0,False,5000.0,2.0,6100.0,162.4,160.4,52
P0,2023-11-28,,0,0,0,0,False,5000.0,2.0,6100.0,150.8,148.8,51
P0,2023-11-29,,0,0,0,0,False,5000.0,2.0,6100.0,166.6,164.6,50
P0,2023-11-30,,0,0,0,0,False,5000.0,2.2,6100.0,187.2,185.0,49
P0,2023-12-01,,0,0,0,0,False,5000.0,1.8,6100.0,155.2,153.39999999999998,48
P0,2023-12-04,,0,0,0,0,False,5000.0,2.2,6100.0,176.0,173.8,45
P0,2023-12-05,,0,0,0,0,False,5000.0,5.2,6000.0,189.8,184.60000000000002,44
P0,2023-12-06,,0,0,0,0,False,5000.0,4.6,6000.0,161.0,156.4,43
P0,2023-12-07,,0,0,0,0,False,5000.0,3.2,6000.0,145.6,142.4,42
P0,2023-12-08,,0,0,0,0,False,5000.0,3.2,6000.0,147.2,144.0,41
P0,2023-12-11,,0,0,0,0,False,5000.0,1.8,6100.0,159.0,157.2,38
P0,2023-12-12,,0,0,0,0,False,5000.0,1.6,6100.0,149.2,147.6,37
P0,2023-12-13,,0,0,0,0,False,5000.0,2.4,6000.0,126.6,124.19999999999999,36
P0,2023-12-14,,0,0,0,0,False,5000.0,2.0,6000.0,141.0,139.0,35
P0,2023-12-15,,0,0,0,0,False,5000.0,2.2,6000.0,163.0,160.8,34
P0,2023-12-18,,0,0,0,0,False,5000.0,2.0,5900.0,150.8,148.8,31
P0,2023-12-19,,0,0,0,0,False,5000.0,1.6,5900.0,141.4,139.8,30
P0,2023-12-20,,0,0,0,0,False,5000.0,2.6,5800.0,138.6,136.0,29
P0,2023-12-21,,0,0,0,0,False,5100.0,10.6,5800.0,172.0,161.4,60
P0,2023-12-22,,0,0,0,0,False,5100.0,14.0,5700.0,151.2,137.2,59
P0,2023-12-25,,0,0,0,0,False,5100.0,13.2,5700.0,150.0,136.8,56
P0,2023-12-26,,0,0,0,0,False,5100.0,21.4,5700.0,191.6,170.2,55
P0,2023-12-27,,0,0,0,0,False,5000.0,10.6,5700.0,168.4,157.8,54
P0,2023-12-28,,0,0,0,0,False,5000.0,4.6,5800.0,150.4,145.8,53
P0,2023-12-29,,0,0,0,0,False,5000.0,3.8,5900.0,150.4,146.6,52
P0,2024-01-02,,0,0,0,0,False,5000.0,3.8,5900.0,178.0,174.2,48
P0,2024-01-03,,0,0,0,0,False,5000.0,4.4,5800.0,135.0,130.6,47
P0,2024-01-04,,0,0,0,0,False,5000.0,5.0,5800.0,159.6,154.6,46
P0,2024-01-05,,0,0,0,0,False,5000.0,8.0,5700.0,159.4,151.4,45
P0,2024-01-08,,0,0,0,0,False,5000.0,29.8,5500.0,190.2,160.39999999999998,42
P0,2024-01-09,,0,0,0,0,False,4950.0,17.2,5600.0,218.4,201.20000000000002,38
P0,2024-01-10,,0,0,0,0,False,4950.0,26.6,5500.0,181.0,154.4,37
P0,2024-01-11,,0,0,0,0,False,4950.0,14.6,5600.0,169.6,155.0,36
P0,2024-01-12,,0,0,0,0,False,4950.0,15.6,5600.0,182.2,166.6,35
P0,2024-01-15,,0,0,0,0,False,4950.0,16.4,5600.0,192.2,175.79999999999998,32
P0,2024-01-16,,0,0,0,0,False,4950.0,15.2,5500.0,152.0,136.8,31
P0,2024-01-17,,0,0,0,0,False,4950.0,43.2,5400.0,221.0,177.8,30
P0,2024-01-18,,0,0,0,0,False,4850.0,72.6,5400.0,301.6,229.00000000000003,56
P0,2024-01-19,,0,0,0,0,False,4800.0,68.4,5300.0,267.0,198.6,55
P0,2024-01-22,,0,0,0,0,False,4750.0,275.0,5000.0,423.4,148.39999999999998,52
P0,2024-01-23,,0,0,0,0,False,4500.0,68.8,5100.0,301.8,233.0,51
P0,2024-01-24,,0,0,0,0,False,4500.0,49.6,5100.0,245.2,195.6,50
P0,2024-01-25,,0,0,0,0,False,4500.0,20.6,5300.0,216.8,196.20000000000002,49
P0,2024-01-26,,0,0,0,0,False,4500.0,25.0,5300.0,263.6,238.60000000000002,48
P0,2024-01-29,,0,0,0,0,False,4500.0,48.6,5100.0,255.2,206.6,45
P0,2024-01-30,,0,0,0,0,False,4500.0,91.0,5000.0,308.2,217.2,44
P0,2024-01-31,,0,0,0,0,False,4450.0,142.0,4800.0,305.8,163.8,43
P0,2024-02-01,,0,0,0,0,False,4300.0,92.0,4750.0,276.0,184.0,42
P0,2024-02-02,,0,0,0,0,False,4250.0,137.0,4550.0,271.2,134.2,41
P0,2024-02-05,,0,0,0,0,False,4100.0,319.6,4300.0,434.2,114.59999999999997,38
P0,2024-02-06,,0,0,0,0,False,3850.0,51.0,4600.0,272.8,221.8,37
P0,2024-02-07,,0,0,0,0,False,3850.0,24.6,4800.0,251.8,227.20000000000002,36
P0,2024-02-08,,0,0,0,0,False,3850.0,8.0,5000.0,268.6,260.6,35
P0,2024-02-19,,0,0,0,0,False,3850.0,21.4,5000.0,309.4,288.0,59
P0,2024-02-20,,0,0,0,0,False,3850.0,9.4,5000.0,252.2,242.79999999999998,58
P0,2024-02-21,,0,0,0,0,False,3850.0,9.8,5100.0,293.8,284.0,57
P0,2024-02-22,,0,0,0,0,False,3850.0,7.8,5200.0,299.2,291.4,56
P0,2024-02-23,,0,0,0,0,False,3850.0,5.2,5200.0,251.2,246.0,55
P0,2024-02-26,,0,0,0,0,False,3850.0,4.8,5300.0,295.6,290.8,52
P0,2024-02-27,,0,0,0,0,False,3850.0,3.0,5400.0,264.0,261.0,51
P0,2024-02-28,,0,0,0,0,False,3850.0,5.8,5200.0,310.6,304.8,50
P0,2024-02-29,,0,0,0,0,False,3850.0,3.4,5300.0,250.0,246.6,49
P0,2024-03-01,,0,0,0,0,False,3850.0,2.6,5400.0,282.8,280.2,48
P0,2024-03-04,,0,0,0,0,False,3850.0,4.0,5400.0,275.0,271.0,45
P0,2024-03-05,,0,0,0,0,False,3850.0,5.0,5400.0,312.8,307.8,44
P0,2024-03-06,,0,0,0,0,False,3850.0,3.0,5400.0,278.4,275.4,43
P0,2024-03-07,,0,0,0,0,False,3850.0,3.8,5300.0,254.2,250.39999999999998,42
P0,2024-03-08,,0,0,0,0,False,3850.0,2.2,5400.0,241.4,239.20000000000002,41
P0,2024-03-11,,0,0,0,0,False,3850.0,0.6,5500.0,224.4,223.8,38
P0,2024-03-12,,0,0,0,0,False,3850.0,0.6,5500.0,207.0,206.4,37
P0,2024-03-13,,0,0,0,0,False,3850.0,0.8,5500.0,181.0,180.2,36
P0,2024-03-14,,0,0,0,0,False,3850.0,1.0,5500.0,195.0,194.0,35
P0,2024-03-15,,0,0,0,0,False,3850.0,0.8,5600.0,201.4,200.6,34
P0,2024-03-18,,0,0,0,0,False,3850.0,0.2,5600.0,146.0,145.8,31
P0,2024-03-19,,0,0,0,0,False,3850.0,0.2,5600.0,164.6,164.4,30
P0,2024-03-20,,0,0,0,0,False,4500.0,6.0,5700.0,265.4,259.4,57
P0,2024-03-21,,0,0,0,0,False,4500.0,5.6,5700.0,261.8,256.2,56
P0,2024-03-22,,0,0,0,0,False,4500.0,7.4,5600.0,241.6,234.2,55
P0,2024-03-25,,0,0,0,0,False,4500.0,10.0,5500.0,260.2,250.2,52
P0,2024-03-26,,0,0,0,0,False,4500.0,12.4,5400.0,221.6,209.2,51
P0,2024-03-27,,0,0,0,0,False,4500.0,36.0,5300.0,289.2,253.2,50
P0,2024-03-28,,0,0,0,0,False,4500.0,18.6,5400.0,257.6,239.00000000000003,49
P0,2024-03-29,,0,0,0,0,False,4500.0,13.4,5400.0,211.8,198.4,48
P0,2024-04-01,,0,0,0,0,False,4500.0,8.4,5600.0,243.2,234.79999999999998,45
P0,2024-04-02,,0,0,0,0,False,4500.0,9.6,5500.0,204.8,195.20000000000002,44
P0,2024-04-03,,0,0,0,0,False,4500.0,9.4,5500.0,217.2,207.79999999999998,43
P0,2024-04-08,,0,0,0,0,False,4500.0,18.6,5400.0,225.0,206.4,38
P0,2024-04-09,,0,0,0,0,False,4500.0,10.6,5500.0,234.0,223.4,37
P0,2024-04-10,,0,0,0,0,False,4500.0,11.6,5400.0,231.2,219.6,36
P0,2024-04-11,,0,0,0,0,False,4500.0,8.8,5400.0,217.0,208.2,35
P0,2024-04-12,,0,0,0,0,False,4500.0,9.8,5300.0,179.0,169.2,34
P0,2024-04-15,,0,0,0,0,False,4500.0,11.8,5300.0,216.0,204.2,31
P0,2024-04-16,,0,0,0,0,False,4500.0,40.0,5100.0,243.2,203.2,30
P0,2024-04-17,,0,0,0,0,False,4500.0,16.6,5300.0,207.2,190.6,29
P0,2024-04-18,,0,0,0,0,False,4500.0,15.0,5300.0,207.4,192.4,28
P0,2024-04-19,,0,0,0,0,False,4500.0,15.6,5300.0,217.8,202.20000000000002,27
P0,2024-04-22,,0,0,0,0,False,3800.0,8.0,5200.0,265.2,257.2,59
P0,2024-04-23,,0,0,0,0,False,3800.0,7.6,5200.0,271.6,264.0,58
P0,2024-04-24,,0,0,0,0,False,3800.0,4.2,5300.0,261.0,256.8,57
P0,2024-04-25,,0,0,0,0,False,3800.0,3.2,5300.0,250.0,246.8,56
P0,2024-04-26,,0,0,0,0,False,3800.0,1.8,5400.0,231.4,229.6,55
P0,2024-04-29,,0,0,0,0,False,3800.0,0.6,5500.0,212.8,212.20000000000002,52
P0,2024-04-30,,0,0,0,0,False,3800.0,0.6,5500.0,228.6,228.0,51
P0,2024-05-06,,0,0,0,0,False,3800.0,1.2,5600.0,212.6,211.4,45
P0,2024-05-07,,0,0,0,0,False,3800.0,1.8,5600.0,201.2,199.39999999999998,44
P0,2024-05-08,,0,0,0,0,False,3800.0,1.6,5500.0,199.8,198.20000000000002,43
P0,2024-05-09,,0,0,0,0,False,3800.0,1.4,5600.0,196.8,195.4,42
P0,2024-05-10,,0,0,0,0,False,3800.0,0.4,5600.0,230.2,229.79999999999998,41
P0,2024-05-13,,0,0,0,0,False,3800.0,0.2,5500.0,206.4,206.20000000000002,38
P0,2024-05-14,,0,0,0,0,False,3800.0,0.4,5600.0,245.6,245.2,37
P0,2024-05-15,,0,0,0,0,False,3800.0,0.4,5500.0,212.8,212.4,36
P0,2024-05-16,,0,0,0,0,False,3800.0,0.4,5500.0,203.6,203.2,35
P0,2024-05-17,,0,0,0,0,False,3800.0,0.2,5600.0,192.0,191.8,34
P0,2024-05-20,,0,0,0,0,False,3800.0,0.2,5600.0,180.0,179.8,31
P0,2024-05-21,,0,0,0,0,False,3800.0,0.2,5500.0,153.8,153.60000000000002,30
P0,2024-05-22,,0,0,0,0,False,4650.0,10.8,5500.0,223.0,212.2,57
P0,2024-05-23,,0,0,0,0,False,4650.0,21.2,5400.0,238.2,217.0,56
P0,2024-05-24,,0,0,0,0,False,4650.0,26.8,5400.0,277.6,250.8,55
P0,2024-05-27,,0,0,0,0,False,4650.0,20.0,5400.0,246.6,226.6,52
P0,2024-05-28,,0,0,0,0,False,4650.0,25.2,5300.0,216.6,191.4,51
P0,2024-05-29,,0,0,0,0,False,4650.0,23.6,5400.0,271.6,248.00000000000003,50
P0,2024-05-30,,0,0,0,0,False,4650.0,20.2,5300.0,204.0,183.8,49
P0,2024-05-31,,0,0,0,0,False,4650.0,15.2,5400.0,244.8,229.60000000000002,48
P0,2024-06-03,,0,0,0,0,False,4650.0,24.6,5300.0,237.8,213.20000000000002,45
P0,2024-06-04,,0,0,0,0,False,4650.0,17.2,5300.0,205.0,187.8,44
P0,2024-06-05,,0,0,0,0,False,4650.0,23.0,5200.0,186.6,163.6,43
P0,2024-06-06,,0,0,0,0,False,4650.0,41.6,5100.0,196.6,155.0,42
P0,2024-06-07,,0,0,0,0,False,4600.0,28.6,5200.0,240.4,211.8,41
P0,2024-06-11,,0,0,0,0,False,4600.0,20.0,5200.0,196.0,176.0,37
P0,2024-06-12,,0,0,0,0,False,4600.0,19.0,5200.0,186.6,167.6,36
P0,2024-06-13,,0,0,0,0,False,4600.0,17.2,5200.0,202.0,184.8,35
P0,2024-06-14,,0,0,0,0,False,4600.0,11.0,5200.0,179.4,168.4,34
P0,2024-06-17,,0,0,0,0,False,4600.0,9.6,5200.0,176.0,166.4,31
P0,2024-06-18,,0,0,0,0,False,4600.0,6.0,5200.0,136.0,130.0,30
P0,2024-06-19,,0,0,0,0,False,4600.0,30.0,5200.0,248.2,218.2,57
P0,2024-06-20,,0,0,0,0,False,4600.0,49.2,5100.0,253.0,203.8,56
P0,2024-06-21,,0,0,0,0,False,4550.0,37.8,5100.0,253.0,215.2,55
P0,2024-06-24,,0,0,0,0,False,4500.0,66.8,4900.0,231.0,164.2,52
P0,2024-06-25,,0,0,0,0,False,4350.0,47.6,4850.0,223.6,176.0,51
P0,2024-06-26,,0,0,0,0,False,4350.0,23.2,5000.0,219.6,196.4,50
P0,2024-06-27,,0,0,0,0,False,4350.0,37.0,4850.0,200.8,163.8,49
P0,2024-06-28,,0,0,0,0,False,4350.0,33.6,4900.0,218.2,184.6,48
P0,2024-07-01,,0,0,0,0,False,4350.0,26.4,4950.0,220.0,193.6,45
P0,2024-07-02,,0,0,0,0,False,4350.0,26.2,4900.0,201.8,175.60000000000002,44
P0,2024-07-03,,0,0,0,0,False,4350.0,25.0,4850.0,184.4,159.4,43
P0,2024-07-04,,0,0,0,0,False,4350.0,41.6,4750.0,183.6,142.0,42
P0,2024-07-05,,0,0,0,0,False,4250.0,19.4,4800.0,178.6,159.2,41
P0,2024-07-08,,0,0,0,0,False,4250.0,33.0,4700.0,193.8,160.8,38
P0,2024-07-09,,0,0,0,0,False,4200.0,18.2,4800.0,189.0,170.8,37
P0,2024-07-10,,0,0,0,0,False,4200.0,18.0,4800.0,191.0,173.0,36
P0,2024-07-11,,0,0,0,0,False,4200.0,9.6,4900.0,174.6,165.0,35
P0,2024-07-12,,0,0,0,0,False,4200.0,9.8,4900.0,177.8,168.0,34
P0,2024-07-15,,0,0,0,0,False,4200.0,9.6,4850.0,177.2,167.6,31
P0,2024-07-16,,0,0,0,0,False,4200.0,6.6,4850.0,169.8,163.20000000000002,30
P0,2024-07-17,,0,0,0,0,False,4200.0,8.6,4800.0,163.0,154.4,29
P0,2024-07-18,,0,0,0,0,False,4200.0,9.6,4800.0,159.2,149.6,28
P0,2024-07-19,,0,0,0,0,False,4200.0,6.6,4800.0,145.2,138.6,27
P0,2024-07-22,,0,0,0,0,False,3800.0,5.0,4850.0,248.0,243.0,59
P0,2024-07-23,,0,0,0,0,False,3800.0,9.2,4700.0,242.6,233.4,58
P0,2024-07-24,,0,0,0,0,False,3800.0,11.2,4650.0,247.6,236.4,57
P0,2024-07-25,,0,0,0,0,False,3800.0,11.0,4650.0,244.4,233.4,56
P0,2024-07-26,,0,0,0,0,False,3800.0,7.0,4700.0,215.0,208.0,55
P0,2024-07-29,,0,0,0,0,False,3800.0,6.6,4700.0,224.8,218.20000000000002,52
P0,2024-07-30,,0,0,0,0,False,3800.0,6.2,4700.0,209.4,203.20000000000002,51
P0,2024-07-31,,0,0,0,0,False,3800.0,2.8,4900.0,192.6,189.79999999999998,50
P0,2024-08-01,,0,0,0,0,False,3800.0,2.6,4900.0,199.4,196.8,49
P0,2024-08-02,,0,0,0,0,False,3800.0,3.0,4800.0,185.0,182.0,48
P0,2024-08-05,,0,0,0,0,False,3800.0,8.2,4700.0,213.4,205.20000000000002,45
P0,2024-08-06,,0,0,0,0,False,3800.0,6.2,4750.0,198.2,192.0,44
P0,2024-08-07,,0,0,0,0,False,3800.0,4.4,4750.0,201.2,196.79999999999998,43
P0,2024-08-08,,0,0,0,0,False,3800.0,3.8,4750.0,183.2,179.39999999999998,42
P0,2024-08-09,,0,0,0,0,False,3800.0,4.6,4700.0,179.0,174.4,41
P0,2024-08-12,,0,0,0,0,False,3800.0,4.2,4650.0,151.0,146.8,38
P0,2024-08-13,,0,0,0,0,False,3800.0,3.4,4700.0,164.8,161.4,37
P0,2024-08-14,,0,0,0,0,False,3800.0,3.0,4650.0,160.4,157.4,36
P0,2024-08-15,,0,0,0,0,False,3800.0,2.2,4700.0,160.2,158.0,35
P0,2024-08-16,,0,0,0,0,False,3800.0,2.4,4650.0,140.0,137.6,34
P0,2024-08-19,,0,0,0,0,False,3800.0,2.0,4650.0,121.6,119.6,31
P0,2024-08-20,,0,0,0,0,False,3800.0,3.0,4600.0,142.0,139.0,30
P0,2024-08-21,,0,0,0,0,False,4100.0,27.8,4550.0,178.2,150.39999999999998,57
P0,2024-08-22,,0,0,0,0,False,4050.0,27.0,4500.0,182.2,155.2,56
P0,2024-08-23,,0,0,0,0,False,4000.0,16.8,4500.0,175.2,158.39999999999998,55
P0,2024-08-26,,0,0,0,0,False,4000.0,15.0,4500.0,166.4,151.4,52
P0,2024-08-27,,0,0,0,0,False,4000.0,19.4,4450.0,158.6,139.2,51
P0,2024-08-28,,0,0,0,0,False,4000.0,17.2,4450.0,152.8,135.60000000000002,50
P0,2024-08-29,,0,0,0,0,False,4000.0,11.8,4550.0,167.0,155.2,49
P0,2024-08-30,,0,0,0,0,False,4000.0,7.6,4650.0,166.4,158.8,48
P0,2024-09-02,,0,0,0,0,False,4000.0,11.0,4550.0,168.8,157.8,45
P0,2024-09-03,,0,0,0,0,False,4000.0,8.2,4550.0,149.0,140.8,44
P0,2024-09-04,,0,0,0,0,False,4000.0,8.6,4550.0,153.0,144.4,43
P0,2024-09-05,,0,0,0,0,False,4000.0,7.2,4600.0,161.4,154.20000000000002,42
P0,2024-09-06,,0,0,0,0,False,4000.0,10.0,4500.0,147.2,137.2,41
P0,2024-09-09,,0,0,0,0,False,4000.0,12.0,4500.0,164.4,152.4,38
P0,2024-09-10,,0,0,0,0,False,4000.0,12.4,4500.0,160.2,147.79999999999998,37
P0,2024-09-11,,0,0,0,0,False,4000.0,11.4,4500.0,159.0,147.6,36
P0,2024-09-12,,0,0,0,0,False,4000.0,10.4,4450.0,125.0,114.6,35
P0,2024-09-13,,0,0,0,0,False,4000.0,10.0,4400.0,116.0,106.0,34
P0,2024-09-18,,0,0,0,0,False,3950.0,30.0,4400.0,186.6,156.6,57
P0,2024-09-19,,0,0,0,0,False,3950.0,21.8,4500.0,200.8,179.0,56
P0,2024-09-20,,0,0,0,0,False,3950.0,20.2,4450.0,178.0,157.8,55
P0,2024-09-23,,0,0,0,0,False,3950.0,17.4,4450.0,170.4,153.0,52
P0,2024-09-24,,0,0,0,0,False,3950.0,7.2,4650.0,171.8,164.60000000000002,51
P0,2024-09-25,,0,0,0,0,False,3950.0,3.4,4700.0,180.0,176.6,50
P0,2024-09-26,,0,0,0,0,False,3950.0,1.8,4850.0,161.8,160.0,49
P0,2024-09-27,,0,0,0,0,False,3950.0,1.4,5100.0,160.6,159.2,48
P0,2024-09-30,,0,0,0,0,False,3950.0,1.4,5700.0,389.4,388.0,45
P0,2024-10-08,,0,0,0,0,False,3950.0,6.2,6200.0,613.8,607.5999999999999,37
P0,2024-10-09,,0,0,0,0,False,3950.0,5.6,5700.0,356.0,350.4,36
P0,2024-10-10,,0,0,0,0,False,3950.0,2.2,5700.0,351.2,349.0,35
P0,2024-10-11,,0,0,0,0,False,3950.0,3.8,5400.0,315.0,311.2,34
P0,2024-10-14,,0,0,0,0,False,3950.0,1.8,5600.0,255.0,253.2,31
P0,2024-10-15,,0,0,0,0,False,3950.0,2.2,5500.0,225.4,223.20000000000002,30
P0,2024-10-16,,0,0,0,0,False,3950.0,1.6,5500.0,215.8,214.20000000000002,29
P0,2024-10-17,,0,0,0,0,False,3950.0,1.8,5500.0,223.4,221.6,28
P0,2024-10-18,,0,0,0,0,False,3950.0,2.4,5700.0,219.0,216.6,27
P0,2024-10-21,,0,0,0,0,False,3800.0,3.2,5900.0,402.6,399.40000000000003,59
P0,2024-10-22,,0,0,0,0,False,3800.0,2.8,5900.0,379.4,376.59999999999997,58
P0,2024-10-23,,0,0,0,0,False,3800.0,2.4,5900.0,368.0,365.6,57
P0,2024-10-24,,0,0,0,0,False,3800.0,2.2,5900.0,357.8,355.6,56
P0,2024-10-25,,0,0,0,0,False,3800.0,1.8,6000.0,340.0,338.2,55
P0,2024-10-28,,0,0,0,0,False,3800.0,0.6,6100.0,356.8,356.2,52
P0,2024-10-29,,0,0,0,0,False,3800.0,2.0,6000.0,333.0,331.0,51
P0,2024-10-30,,0,0,0,0,False,3800.0,0.8,6000.0,320.2,319.4,50
P0,2024-10-31,,0,0,0,0,False,3800.0,2.0,6100.0,332.0,330.0,49
P0,2024-11-01,,0,0,0,0,False,3800.0,1.8,5900.0,337.4,335.59999999999997,48
P0,2024-11-04,,0,0,0,0,False,3800.0,1.8,6100.0,371.2,369.4,45
P0,2024-11-05,,0,0,0,0,False,3800.0,2.0,6300.0,365.4,363.4,44
P0,2024-11-06,,0,0,0,0,False,3800.0,2.6,6300.0,342.6,340.0,43
P0,2024-11-07,,0,0,0,0,False,3800.0,2.6,6400.0,313.0,310.4,42
P0,2024-11-08,,0,0,0,0,False,3800.0,3.0,6400.0,298.0,295.0,41
P0,2024-11-11,,0,0,0,0,False,3800.0,2.4,6600.0,314.0,311.6,38
P0,2024-11-12,,0,0,0,0,False,3800.0,2.8,6500.0,280.4,277.59999999999997,37
P0,2024-11-13,,0,0,0,0,False,3800.0,2.0,6500.0,273.6,271.6,36
P0,2024-11-14,,0,0,0,0,False,3800.0,1.6,6300.0,256.8,255.20000000000002,35
P0,2024-11-15,,0,0,0,0,False,3800.0,1.4,6100.0,217.6,216.2,34
P0,2024-11-18,,0,0,0,0,False,3800.0,0.6,6000.0,260.2,259.59999999999997,31
P0,2024-11-19,,0,0,0,0,False,3800.0,0.2,6100.0,234.6,234.4,30
P0,2024-11-20,,0,0,0,0,False,5100.0,33.8,6300.0,368.2,334.4,57
P0,2024-11-21,,0,0,0,0,False,5100.0,29.4,6300.0,364.6,335.20000000000005,56
P0,2024-11-22,,0,0,0,0,False,5100.0,49.4,6000.0,333.8,284.40000000000003,55
P0,2024-11-25,,0,0,0,0,False,5100.0,47.4,6100.0,372.8,325.40000000000003,52
P0,2024-11-26,,0,0,0,0,False,5100.0,50.4,6000.0,347.0,296.6,51
P0,2024-11-27,,0,0,0,0,False,5100.0,30.6,6100.0,294.8,264.2,50
P0,2024-11-28,,0,0,0,0,False,5100.0,30.0,6100.0,315.8,285.8,49
P0,2024-11-29,,0,0,0,0,False,5100.0,18.6,6200.0,310.6,292.0,48
P0,2024-12-02,,0,0,0,0,False,5100.0,16.2,6300.0,300.0,283.8,45
P0,2024-12-03,,0,0,0,0,False,5100.0,15.0,6300.0,296.6,281.6,44
P0,2024-12-04,,0,0,0,0,False,5100.0,18.2,6200.0,298.4,280.2,43
P0,2024-12-05,,0,0,0,0,False,5100.0,16.2,6300.0,307.6,291.40000000000003,42
P0,2024-12-06,,0,0,0,0,False,5100.0,10.2,6300.0,252.4,242.20000000000002,41
P0,2024-12-09,,0,0,0,0,False,5100.0,10.4,6300.0,281.0,270.6,38
P0,2024-12-10,,0,0,0,0,False,5100.0,6.2,6400.0,291.0,284.8,37
P0,2024-12-11,,0,0,0,0,False,5100.0,6.6,6400.0,228.4,221.8,36
P0,2024-12-12,,0,0,0,0,False,5100.0,6.2,6500.0,250.6,244.4,35
P0,2024-12-13,,0,0,0,0,False,5100.0,6.8,6400.0,253.2,246.39999999999998,34
P0,2024-12-16,,0,0,0,0,False,5100.0,5.2,6300.0,229.8,224.60000000000002,31
P0,2024-12-17,,0,0,0,0,False,5100.0,6.0,6100.0,188.2,182.2,30
P0,2024-12-18,,0,0,0,0,False,5100.0,4.2,6200.0,219.0,214.8,29
P0,2024-12-19,,0,0,0,0,False,5100.0,4.4,6200.0,202.8,198.4,28
P0,2024-12-20,,0,0,0,0,False,5100.0,3.4,6300.0,214.0,210.6,27
P0,2024-12-23,,0,0,0,0,False,5300.0,48.8,6100.0,306.8,258.0,59
P0,2024-12-24,,0,0,0,0,False,5300.0,38.8,6200.0,319.0,280.2,58
P0,2024-12-25,,0,0,0,0,False,5300.0,43.2,6100.0,294.6,251.40000000000003,57
P0,2024-12-26,,0,0,0,0,False,5300.0,35.0,6200.0,309.4,274.4,56
P0,2024-12-27,,0,0,0,0,False,5300.0,26.8,6200.0,291.4,264.59999999999997,55
P0,2024-12-30,,0,0,0,0,False,5300.0,24.8,6100.0,246.8,222.0,52
P0,2024-12-31,,0,0,0,0,False,5300.0,44.2,6000.0,299.6,255.40000000000003,51
P0,2025-01-02,,0,0,0,0,False,5300.0,82.6,5800.0,284.0,201.4,49
P0,2025-01-03,,0,0,0,0,False,5200.0,96.0,5600.0,256.6,160.60000000000002,48
P0,2025-01-06,,0,0,0,0,False,5000.0,59.0,5600.0,260.0,201.0,45
P0,2025-01-07,,0,0,0,0,False,5000.0,36.2,5700.0,254.2,218.0,44
P0,2025-01-08,,0,0,0,0,False,5000.0,39.2,5700.0,265.2,226.0,43
P0,2025-01-09,,0,0,0,0,False,5000.0,40.0,5700.0,266.0,226.0,42
P0,2025-01-10,,0,0,0,0,False,5000.0,56.6,5500.0,218.4,161.8,41
P0,2025-01-13,,0,0,0,0,False,4950.0,44.6,5600.0,261.2,216.6,38
P0,2025-01-14,,0,0,0,0,False,4950.0,18.2,5800.0,242.0,223.8,37
P0,2025-01-15,,0,0,0,0,False,4950.0,18.4,5800.0,243.8,225.4,36
P0,2025-01-16,,0,0,0,0,False,4950.0,16.6,5800.0,237.8,221.20000000000002,35
P0,2025-01-17,,0,0,0,0,False,4950.0,13.8,5800.0,208.0,194.2,34
P0,2025-01-20,,0,0,0,0,False,4950.0,8.8,5900.0,230.2,221.39999999999998,31
P0,2025-01-21,,0,0,0,0,False,4950.0,6.4,5900.0,207.4,201.0,30
P0,2025-01-22,,0,0,0,0,False,3900.0,3.4,5900.0,322.6,319.20000000000005,57
P0,2025-01-23,,0,0,0,0,False,3900.0,2.8,5800.0,271.6,268.8,56
P0,2025-01-24,,0,0,0,0,False,3900.0,2.6,5900.0,245.6,243.0,55
P0,2025-01-27,,0,0,0,0,False,3900.0,3.0,5800.0,240.0,237.0,52
P0,2025-02-05,,0,0,0,0,False,3900.0,0.6,5900.0,255.4,254.8,43
P0,2025-02-06,,0,0,0,0,False,3900.0,1.6,6000.0,210.8,209.20000000000002,42
P0,2025-02-07,,0,0,0,0,False,3900.0,1.6,6100.0,212.4,210.8,41
P0,2025-02-10,,0,0,0,0,False,3900.0,1.4,6200.0,243.6,242.2,38
P0,2025-02-11,,0,0,0,0,False,3900.0,1.4,6200.0,235.8,234.4,37
P0,2025-02-12,,0,0,0,0,False,3900.0,1.4,6300.0,235.4,234.0,36
P0,2025-02-13,,0,0,0,0,False,3900.0,1.4,6200.0,208.6,207.2,35
P0,2025-02-14,,0,0,0,0,False,3900.0,1.6,6200.0,180.0,178.4,34
P0,2025-02-17,,0,0,0,0,False,3900.0,1.4,6300.0,228.2,226.79999999999998,31
P0,2025-02-18,,0,0,0,0,False,3900.0,1.4,6100.0,168.6,167.2,30
P0,2025-02-19,,0,0,0,0,False,5200.0,13.4,6300.0,281.2,267.8,57
P0,2025-02-20,,0,0,0,0,False,5200.0,12.8,6300.0,269.2,256.4,56
P0,2025-02-21,,0,0,0,0,False,5200.0,7.4,6400.0,247.8,240.4,55
P0,2025-02-24,,0,0,0,0,False,5200.0,8.2,6500.0,326.6,318.40000000000003,52
P0,2025-02-25,,0,0,0,0,False,5200.0,7.8,6400.0,276.0,268.2,51
P0,2025-02-26,,0,0,0,0,False,5200.0,5.8,6500.0,302.2,296.4,50
P0,2025-02-27,,0,0,0,0,False,5200.0,6.0,6500.0,301.2,295.2,49
P0,2025-02-28,,0,0,0,0,False,5200.0,12.8,6300.0,281.8,269.0,48
P0,2025-03-03,,0,0,0,0,False,5200.0,11.2,6300.0,283.2,272.0,45
P0,2025-03-04,,0,0,0,0,False,5200.0,9.6,6400.0,298.6,289.0,44
P0,2025-03-05,,0,0,0,0,False,5200.0,6.2,6400.0,282.0,275.8,43
P0,2025-03-06,,0,0,0,0,False,5200.0,4.4,6500.0,247.6,243.2,42
P0,2025-03-07,,0,0,0,0,False,5200.0,5.0,6500.0,255.8,250.8,41
P0,2025-03-10,,0,0,0,0,False,5200.0,4.6,6500.0,265.2,260.59999999999997,38
P0,2025-03-11,,0,0,0,0,False,5200.0,4.4,6600.0,301.2,296.8,37
P0,2025-03-12,,0,0,0,0,False,5200.0,3.4,6600.0,281.4,278.0,36
P0,2025-03-13,,0,0,0,0,False,5200.0,3.6,6500.0,266.2,262.59999999999997,35
P0,2025-03-14,,0,0,0,0,False,5200.0,2.8,6600.0,249.0,246.2,34
P0,2025-03-17,,0,0,0,0,False,5200.0,2.2,6600.0,254.4,252.20000000000002,31
P0,2025-03-18,,0,0,0,0,False,5200.0,2.4,6600.0,232.2,229.79999999999998,30
P0,2025-03-19,,0,0,0,0,False,5600.0,23.2,6600.0,334.0,310.8,57
P0,2025-03-20,,0,0,0,0,False,5600.0,24.6,6500.0,285.4,260.79999999999995,56
P0,2025-03-21,,0,0,0,0,False,5600.0,32.6,6400.0,287.6,255.00000000000003,55
P0,2025-03-24,,0,0,0,0,False,5600.0,30.0,6400.0,306.6,276.6,52
P0,2025-03-25,,0,0,0,0,False,5600.0,29.6,6300.0,259.4,229.79999999999998,51
P0,2025-03-26,,0,0,0,0,False,5600.0,24.2,6300.0,245.8,221.60000000000002,50
P0,2025-03-27,,0,0,0,0,False,5600.0,23.2,6300.0,238.4,215.20000000000002,49
P0,2025-03-28,,0,0,0,0,False,5600.0,27.8,6300.0,270.0,242.2,48
P0,2025-03-31,,0,0,0,0,False,5600.0,33.8,6200.0,231.8,198.0,45
P0,2025-04-01,,0,0,0,0,False,5600.0,30.0,6300.0,277.4,247.39999999999998,44
P0,2025-04-02,,0,0,0,0,False,5600.0,26.4,6300.0,255.0,228.6,43
P0,2025-04-03,,0,0,0,0,False,5600.0,35.6,6200.0,234.2,198.6,42
P0,2025-04-07,,0,0,0,0,False,5500.0,400.0,5500.0,400.0,0.0,38
P0,2025-04-08,,0,0,0,0,False,4900.0,91.6,5500.0,303.0,211.4,37
P0,2025-04-09,,0,0,0,0,False,4900.0,64.4,5700.0,326.8,262.4,36
P0,2025-04-10,,0,0,0,0,False,4900.0,32.4,5800.0,270.6,238.20000000000002,35
P0,2025-04-11,,0,0,0,0,False,4900.0,20.4,5900.0,279.4,259.0,34
P0,2025-04-14,,0,0,0,0,False,4900.0,15.6,5900.0,230.0,214.4,31
P0,2025-04-15,,0,0,0,0,False,4900.0,11.6,5900.0,232.2,220.6,30
P0,2025-04-16,,0,0,0,0,False,4900.0,14.2,5800.0,214.4,200.20000000000002,29
P0,2025-04-17,,0,0,0,0,False,4900.0,10.6,5800.0,187.2,176.6,28
P0,2025-04-18,,0,0,0,0,False,4900.0,10.2,5800.0,185.0,174.8,27
P0,2025-04-21,,0,0,0,0,False,3900.0,4.6,6000.0,351.8,347.2,59
P0,2025-04-22,,0,0,0,0,False,3900.0,5.8,5900.0,284.4,278.59999999999997,58
P0,2025-04-23,,0,0,0,0,False,3900.0,4.6,6000.0,317.2,312.59999999999997,57
P0,2025-04-24,,0,0,0,0,False,3900.0,5.2,5900.0,286.0,280.8,56
P0,2025-04-25,,0,0,0,0,False,3900.0,5.2,5900.0,269.6,264.40000000000003,55
P0,2025-04-28,,0,0,0,0,False,3900.0,4.8,5900.0,301.4,296.59999999999997,52
P0,2025-04-29,,0,0,0,0,False,3900.0,4.8,5900.0,281.0,276.2,51
P0,2025-04-30,,0,0,0,0,False,3900.0,5.6,6000.0,318.8,313.2,50
P0,2025-05-06,,0,0,0,0,False,3900.0,2.8,6100.0,254.0,251.2,44
P0,2025-05-07,,0,0,0,0,False,3900.0,2.6,6100.0,251.0,248.4,43
P0,2025-05-08,,0,0,0,0,False,3900.0,2.4,6200.0,277.0,274.6,42
P0,2025-05-09,,0,0,0,0,False,3900.0,2.4,6100.0,258.0,255.6,41
P0,2025-05-12,,0,0,0,0,False,3900.0,2.2,6200.0,266.4,264.2,38
P0,2025-05-13,,0,0,0,0,False,3900.0,2.2,6200.0,281.2,279.0,37
P0,2025-05-14,,0,0,0,0,False,3900.0,0.6,6200.0,259.6,259.0,36
P0,2025-05-15,,0,0,0,0,False,3900.0,1.8,6100.0,246.0,244.2,35
P0,2025-05-16,,0,0,0,0,False,3900.0,1.8,6100.0,240.6,238.79999999999998,34
P0,2025-05-19,,0,0,0,0,False,3900.0,1.4,6100.0,214.8,213.4,31
P0,2025-05-20,,0,0,0,0,False,3900.0,1.2,6100.0,185.4,184.20000000000002,30
P0,2025-05-21,,0,0,0,0,False,5200.0,26.0,6100.0,299.6,273.6,57
P0,2025-05-22,,0,0,0,0,False,5200.0,35.2,6100.0,339.4,304.2,56
P0,2025-05-23,,0,0,0,0,False,5200.0,44.8,6000.0,325.0,280.2,55
P0,2025-05-26,,0,0,0,0,False,5200.0,39.6,6000.0,290.4,250.79999999999998,52
P0,2025-05-27,,0,0,0,0,False,5200.0,34.6,6000.0,286.6,252.00000000000003,51
P0,2025-05-28,,0,0,0,0,False,5200.0,35.8,6000.0,296.8,261.0,50
P0,2025-05-29,,0,0,0,0,False,5200.0,22.2,6100.0,273.2,251.0,49
P0,2025-05-30,,0,0,0,0,False,5200.0,25.2,6000.0,240.0,214.8,48
P0,2025-06-03,,0,0,0,0,False,5200.0,20.0,6100.0,282.4,262.4,44
P0,2025-06-04,,0,0,0,0,False,5200.0,15.6,6100.0,242.4,226.8,43
P0,2025-06-05,,0,0,0,0,False,5200.0,14.0,6200.0,277.2,263.2,42
P0,2025-06-06,,0,0,0,0,False,5200.0,13.8,6200.0,273.2,259.4,41
P0,2025-06-09,,0,0,0,0,False,5200.0,9.6,6200.0,223.2,213.6,38
P0,2025-06-10,,0,0,0,0,False,5200.0,12.4,6200.0,253.0,240.6,37
P0,2025-06-11,,0,0,0,0,False,5200.0,11.0,6200.0,233.0,222.0,36
P0,2025-06-12,,0,0,0,0,False,5200.0,12.4,6200.0,231.2,218.79999999999998,35
P0,2025-06-13,,0,0,0,0,False,5200.0,15.2,6100.0,208.2,193.0,34
P0,2025-06-16,,0,0,0,0,False,5200.0,9.8,6100.0,171.6,161.79999999999998,31
P0,2025-06-17,,0,0,0,0,False,5200.0,9.4,6100.0,166.2,156.79999999999998,30
P0,2025-06-18,,0,0,0,0,False,5300.0,32.8,6100.0,270.0,237.2,57
P0,2025-06-19,,0,0,0,0,False,5300.0,39.4,6000.0,237.6,198.2,56
P0,2025-06-20,,0,0,0,0,False,5300.0,38.4,6000.0,242.8,204.4,55
P0,2025-06-23,,0,0,0,0,False,5300.0,28.2,6100.0,263.2,235.0,52
P0,2025-06-24,,0,0,0,0,False,5300.0,16.6,6200.0,246.6,230.0,51
P0,2025-06-25,,0,0,0,0,False,5300.0,14.8,6300.0,257.8,243.0,50
P0,2025-06-26,,0,0,0,0,False,5300.0,11.6,6200.0,197.0,185.4,49
P0,2025-06-27,,0,0,0,0,False,5300.0,9.6,6300.0,240.4,230.8,48
P0,2025-06-30,,0,0,0,0,False,5300.0,8.2,6400.0,270.4,262.2,45
P0,2025-07-01,,0,0,0,0,False,5300.0,8.8,6400.0,275.0,266.2,44
P0,2025-07-02,,0,0,0,0,False,5300.0,8.2,6300.0,217.2,209.0,43
P0,2025-07-03,,0,0,0,0,False,5300.0,7.4,6300.0,204.4,197.0,42
P0,2025-07-04,,0,0,0,0,False,5300.0,8.4,6300.0,213.8,205.4,41
P0,2025-07-07,,0,0,0,0,False,5300.0,8.6,6300.0,214.6,206.0,38
P0,2025-07-08,,0,0,0,0,False,5300.0,5.8,6400.0,217.2,211.39999999999998,37
P0,2025-07-09,,0,0,0,0,False,5300.0,6.4,6400.0,222.2,215.79999999999998,36
P0,2025-07-10,,0,0,0,0,False,5300.0,6.0,6400.0,209.2,203.2,35
P0,2025-07-11,,0,0,0,0,False,5300.0,5.0,6500.0,221.8,216.8,34
P0,2025-07-14,,0,0,0,0,False,5300.0,4.8,6500.0,225.0,220.2,31
P0,2025-07-15,,0,0,0,0,False,5300.0,5.4,6400.0,165.4,160.0,30
P0,2025-07-16,,0,0,0,0,False,5300.0,4.0,6500.0,214.6,210.6,29
P0,2025-07-17,,0,0,0,0,False,5300.0,3.0,6500.0,148.2,145.2,28
P0,2025-07-18,,0,0,0,0,False,5300.0,3.0,6600.0,190.0,187.0,27
P0,2025-07-21,,0,0,0,0,False,4000.0,3.8,6600.0,267.8,264.0,59
P0,2025-07-22,,0,0,0,0,False,4000.0,3.8,6600.0,254.0,250.2,58
P0,2025-07-23,,0,0,0,0,False,4000.0,4.4,6600.0,265.8,261.40000000000003,57
P0,2025-07-24,,0,0,0,0,False,4000.0,4.2,6700.0,261.0,256.8,56
P0,2025-07-25,,0,0,0,0,False,4000.0,3.6,6700.0,274.6,271.0,55
P0,2025-07-28,,0,0,0,0,False,4000.0,3.6,6700.0,264.8,261.2,52
P0,2025-07-29,,0,0,0,0,False,4000.0,3.6,6800.0,295.0,291.4,51
P0,2025-07-30,,0,0,0,0,False,4000.0,3.6,6700.0,252.2,248.6,50
P0,2025-07-31,,0,0,0,0,False,4000.0,4.0,6700.0,288.0,284.0,49
P0,2025-08-01,,0,0,0,0,False,4000.0,3.6,6700.0,269.0,265.4,48
P0,2025-08-04,,0,0,0,0,False,4000.0,3.2,6700.0,206.8,203.60000000000002,45
P0,2025-08-05,,0,0,0,0,False,4000.0,0.4,6800.0,242.0,241.6,44
P0,2025-08-06,,0,0,0,0,False,4000.0,2.4,6900.0,250.4,248.0,43
P0,2025-08-07,,0,0,0,0,False,4000.0,2.6,6900.0,259.0,256.4,42
P0,2025-08-08,,0,0,0,0,False,4000.0,2.6,6800.0,199.8,197.20000000000002,41
P0,2025-08-11,,0,0,0,0,False,4000.0,1.0,6900.0,192.6,191.6,38
P0,2025-08-12,,0,0,0,0,False,4000.0,2.2,7000.0,238.0,235.8,37
P0,2025-08-13,,0,0,0,0,False,4000.0,2.2,7100.0,242.4,240.20000000000002,36
P0,2025-08-14,,0,0,0,0,False,4000.0,2.0,7000.0,218.6,216.6,35
P0,2025-08-15,,0,0,0,0,False,4000.0,1.4,7100.0,201.8,200.4,34
P0,2025-08-18,,0,0,0,0,False,4000.0,1.2,7200.0,238.8,237.60000000000002,31
P0,2025-08-19,,0,0,0,0,False,4000.0,0.6,7200.0,223.0,222.4,30
P0,2025-08-20,,0,0,0,0,False,5800.0,8.8,7300.0,348.0,339.2,57
P0,2025-08-21,,0,0,0,0,False,5800.0,10.2,7300.0,373.8,363.6,56
P0,2025-08-22,,0,0,0,0,False,5800.0,10.2,7400.0,349.2,339.0,55
P0,2025-08-25,,0,0,0,0,False,5800.0,9.2,7500.0,372.6,363.40000000000003,52
P0,2025-08-26,,0,0,0,0,False,5800.0,9.4,7500.0,361.8,352.40000000000003,51
P0,2025-08-27,,0,0,0,0,False,5800.0,9.8,7300.0,312.8,303.0,50
P0,2025-08-28,,0,0,0,0,False,5800.0,8.6,7400.0,328.2,319.59999999999997,49
P0,2025-08-29,,0,0,0,0,False,5800.0,10.8,7400.0,334.2,323.4,48
P0,2025-09-01,,0,0,0,0,False,5800.0,10.0,7500.0,373.0,363.0,45
P0,2025-09-02,,0,0,0,0,False,5800.0,13.8,7300.0,325.6,311.8,44
P0,2025-09-03,,0,0,0,0,False,5800.0,13.6,7200.0,310.8,297.2,43
P0,2025-09-04,,0,0,0,0,False,5800.0,15.6,7000.0,271.6,256.0,42
P0,2025-09-05,,0,0,0,0,False,5800.0,8.2,7200.0,262.2,254.0,41
P0,2025-09-08,,0,0,0,0,False,5800.0,8.0,7300.0,299.2,291.2,38
P0,2025-09-09,,0,0,0,0,False,5800.0,8.2,7200.0,275.2,267.0,37
P0,2025-09-10,,0,0,0,0,False,5800.0,7.4,7200.0,265.8,258.40000000000003,36
P0,2025-09-11,,0,0,0,0,False,5800.0,5.2,7400.0,263.6,258.40000000000003,35
P0,2025-09-12,,0,0,0,0,False,5800.0,5.6,7400.0,250.0,244.4,34
P0,2025-09-15,,0,0,0,0,False,5800.0,7.2,7400.0,262.8,255.60000000000002,31
P0,2025-09-16,,0,0,0,0,False,5800.0,6.0,7500.0,280.0,274.0,30
P0,2025-09-17,,0,0,0,0,False,5800.0,5.6,7600.0,285.2,279.59999999999997,29
P0,2025-09-18,,0,0,0,0,False,5800.0,6.2,7500.0,282.8,276.6,28
P0,2025-09-19,,0,0,0,0,False,5800.0,4.6,7400.0,218.8,214.20000000000002,27
P0,2025-09-22,,0,0,0,0,False,6300.0,41.0,7500.0,414.8,373.8,59
P0,2025-09-23,,0,0,0,0,False,6300.0,52.4,7400.0,406.6,354.20000000000005,58
P0,2025-09-24,,0,0,0,0,False,6300.0,37.8,7500.0,364.2,326.4,57
P0,2025-09-25,,0,0,0,0,False,6300.0,31.2,7500.0,366.6,335.40000000000003,56
P0,2025-09-26,,0,0,0,0,False,6300.0,33.4,7400.0,355.0,321.6,55
P0,2025-09-29,,0,0,0,0,False,6300.0,23.8,7500.0,332.6,308.8,52
P0,2025-09-30,,0,0,0,0,False,6300.0,18.4,7600.0,343.2,324.8,51
P0,2025-10-09,,0,0,0,0,False,6300.0,9.6,7600.0,261.6,252.00000000000003,42
P0,2025-10-10,,0,0,0,0,False,6300.0,10.8,7500.0,260.2,249.39999999999998,41
P0,2025-10-13,,0,0,0,0,False,6300.0,14.4,7500.0,293.2,278.8,38
P0,2025-10-14,,0,0,0,0,False,6300.0,23.8,7400.0,316.2,292.4,37
P0,2025-10-15,,0,0,0,0,False,6300.0,10.4,7500.0,284.0,273.6,36
P0,2025-10-16,,0,0,0,0,False,6300.0,12.8,7400.0,274.2,261.4,35
P0,2025-10-17,,0,0,0,0,False,6300.0,24.2,7200.0,280.0,255.8,34
P0,2025-10-20,,0,0,0,0,False,6300.0,16.2,7200.0,243.4,227.20000000000002,31
P0,2025-10-21,,0,0,0,0,False,6300.0,8.0,7300.0,217.6,209.6,30
P0,2025-10-22,,0,0,0,0,False,4900.0,4.8,7300.0,350.8,346.0,57
P0,2025-10-23,,0,0,0,0,False,4900.0,4.8,7300.0,346.0,341.2,56
P0,2025-10-24,,0,0,0,0,False,4900.0,4.2,7400.0,324.6,320.40000000000003,55
P0,2025-10-27,,0,0,0,0,False,4900.0,3.2,7500.0,354.4,351.2,52
P0,2025-10-28,,0,0,0,0,False,4900.0,2.4,7500.0,337.6,335.20000000000005,51
P0,2025-10-29,,0,0,0,0,False,4900.0,3.0,7600.0,337.0,334.0,50
P0,2025-10-30,,0,0,0,0,False,4900.0,2.6,7500.0,327.0,324.4,49
P0,2025-10-31,,0,0,0,0,False,4900.0,2.8,7500.0,314.6,311.8,48
P0,2025-11-03,,0,0,0,0,False,4900.0,0.8,7500.0,287.0,286.2,45
P0,2025-11-04,,0,0,0,0,False,4900.0,0.8,7400.0,297.8,297.0,44
P0,2025-11-05,,0,0,0,0,False,4900.0,2.0,7500.0,336.0,334.0,43
P0,2025-11-06,,0,0,0,0,False,4900.0,2.2,7600.0,326.2,324.0,42
P0,2025-11-07,,0,0,0,0,False,4900.0,2.0,7500.0,260.0,258.0,41
P0,2025-11-10,,0,0,0,0,False,4900.0,1.8,7600.0,307.6,305.8,38
P0,2025-11-11,,0,0,0,0,False,4900.0,1.6,7500.0,265.0,263.4,37
P0,2025-11-12,,0,0,0,0,False,4900.0,1.8,7500.0,279.0,277.2,36
P0,2025-11-13,,0,0,0,0,False,4900.0,1.4,7600.0,268.0,266.6,35
P0,2025-11-14,,0,0,0,0,False,4900.0,1.2,7500.0,250.4,249.20000000000002,34
P0,2025-11-17,,0,0,0,0,False,4900.0,0.2,7500.0,228.8,228.60000000000002,31
P0,2025-11-18,,0,0,0,0,False,4900.0,1.4,7400.0,206.0,204.6,30
P0,2025-11-19,,0,0,0,0,False,6400.0,32.8,7400.0,336.4,303.59999999999997,57
P0,2025-11-20,,0,0,0,0,False,6400.0,33.4,7300.0,286.4,252.99999999999997,56
P0,2025-11-21,,0,0,0,0,False,6400.0,64.8,7100.0,315.0,250.2,55
P0,2025-11-24,,0,0,0,0,False,6300.0,39.6,7200.0,327.4,287.79999999999995,52
P0,2025-11-25,,0,0,0,0,False,6300.0,27.2,7200.0,267.0,239.8,51
P0,2025-11-26,,0,0,0,0,False,6300.0,23.2,7200.0,259.0,235.8,50
P0,2025-11-27,,0,0,0,0,False,6300.0,20.4,7300.0,318.4,298.0,49
P0,2025-11-28,,0,0,0,0,False,6300.0,15.0,7300.0,265.6,250.60000000000002,48
P0,2025-12-01,,0,0,0,0,False,6300.0,12.0,7400.0,296.8,284.8,45
P0,2025-12-02,,0,0,0,0,False,6300.0,11.8,7300.0,262.8,251.0,44
P0,2025-12-03,,0,0,0,0,False,6300.0,12.6,7200.0,230.0,217.4,43
P0,2025-12-04,,0,0,0,0,False,6300.0,11.0,7200.0,214.8,203.8,42
P0,2025-12-05,,0,0,0,0,False,6300.0,8.8,7300.0,205.2,196.39999999999998,41
P0,2025-12-08,,0,0,0,0,False,6300.0,6.8,7400.0,214.4,207.6,38
P0,2025-12-09,,0,0,0,0,False,6300.0,6.8,7400.0,229.2,222.39999999999998,37
P0,2025-12-10,,0,0,0,0,False,6300.0,6.8,7400.0,221.0,214.2,36
P0,2025-12-11,,0,0,0,0,False,6300.0,7.4,7300.0,204.8,197.4,35
P0,2025-12-12,,0,0,0,0,False,6300.0,6.6,7400.0,220.4,213.8,34
P0,2025-12-15,,0,0,0,0,False,6300.0,6.0,7300.0,184.6,178.6,31
P0,2025-12-16,,0,0,0,0,False,6300.0,8.4,7200.0,197.0,188.6,30
P0,2025-12-17,,0,0,0,0,False,6300.0,23.4,7300.0,295.8,272.40000000000003,58
P0,2025-12-18,,0,0,0,0,False,6300.0,24.0,7300.0,300.0,276.0,57
P0,2025-12-19,,0,0,0,0,False,6300.0,18.8,7300.0,255.0,236.2,56
P0,2025-12-22,,0,0,0,0,False,6300.0,14.0,7400.0,277.0,263.0,53
P0,2025-12-23,,0,0,0,0,False,6300.0,13.6,7400.0,275.0,261.4,52
P0,2025-12-24,,0,0,0,0,False,6300.0,10.2,7500.0,268.8,258.6,51
P0,2025-12-25,,0,0,0,0,False,6300.0,7.4,7600.0,283.0,275.6,50
P0,2025-12-26,,0,0,0,0,False,6300.0,7.2,7600.0,255.6,248.4,49
P0,2025-12-29,,0,0,0,0,False,6300.0,8.8,7600.0,275.8,267.0,46
P0,2025-12-30,,0,0,0,0,False,6300.0,8.4,7600.0,273.0,264.6,45
P0,2025-12-31,,0,0,0,0,False,6300.0,8.4,7600.0,278.4,270.0,44
P0,2026-01-05,,0,0,0,0,False,6300.0,4.8,7800.0,284.6,279.8,39
P0,2026-01-06,,0,0,0,0,False,6300.0,4.0,7900.0,295.0,291.0,38
P0,2026-01-07,,0,0,0,0,False,6300.0,4.0,7900.0,269.8,265.8,37
P0,2026-01-08,,0,0,0,0,False,6300.0,3.4,8000.0,294.0,290.6,36
P0,2026-01-09,,0,0,0,0,False,6300.0,4.0,8100.0,253.8,249.8,35
P0,2026-01-12,,0,0,0,0,False,6300.0,3.8,8400.0,339.8,336.0,32
P0,2026-01-13,,0,0,0,0,False,6300.0,4.6,8200.0,266.0,261.4,31
P0,2026-01-14,,0,0,0,0,False,6300.0,3.6,8300.0,321.2,317.59999999999997,30
P0,2026-01-15,,0,0,0,0,False,6300.0,1.4,8200.0,238.0,236.6,29
P0,2026-01-16,,0,0,0,0,False,6300.0,2.4,8200.0,220.8,218.4,28
P0,2026-01-19,,0,0,0,0,False,4900.0,2.0,8300.0,369.8,367.8,59
P0,2026-01-20,,0,0,0,0,False,4900.0,2.2,8200.0,321.0,318.8,58
P0,2026-01-21,,0,0,0,0,False,4900.0,2.0,8200.0,274.4,272.4,57
P0,2026-01-22,,0,0,0,0,False,4900.0,2.0,8300.0,295.2,293.2,56
P0,2026-01-23,,0,0,0,0,False,4900.0,2.0,8500.0,327.0,325.0,55
P0,2026-01-26,,0,0,0,0,False,4900.0,2.0,8400.0,376.6,374.6,52
P0,2026-01-27,,0,0,0,0,False,4900.0,1.8,8400.0,343.2,341.4,51
P0,2026-01-28,,0,0,0,0,False,4900.0,1.6,8400.0,337.6,336.0,50
P0,2026-01-29,,0,0,0,0,False,4900.0,1.4,8300.0,289.6,288.20000000000005,49
P0,2026-01-30,,0,0,0,0,False,4900.0,1.8,8300.0,327.0,325.2,48
P0,2026-02-02,,0,0,0,0,False,4900.0,3.8,8000.0,417.2,413.4,45
P0,2026-02-03,,0,0,0,0,False,4900.0,1.0,8200.0,308.0,307.0,44
P0,2026-02-04,,0,0,0,0,False,4900.0,1.8,8200.0,292.8,291.0,43
P0,2026-02-05,,0,0,0,0,False,4900.0,2.6,8100.0,301.8,299.2,42
P0,2026-02-06,,0,0,0,0,False,4900.0,4.0,8100.0,325.4,321.4,41
P0,2026-02-09,,0,0,0,0,False,4900.0,3.2,8200.0,248.0,244.8,38
P0,2026-02-10,,0,0,0,0,False,4900.0,2.2,8300.0,284.8,282.6,37
P0,2026-02-11,,0,0,0,0,False,4900.0,2.2,8200.0,236.8,234.60000000000002,36
P0,2026-02-12,,0,0,0,0,False,4900.0,2.0,8300.0,234.2,232.2,35
P0,2026-02-13,,0,0,0,0,False,4900.0,2.4,8200.0,267.4,265.0,34
P0,2026-02-24,,0,0,0,0,False,7100.0,29.6,8300.0,326.2,296.59999999999997,51
P0,2026-02-25,,0,0,0,0,False,7100.0,21.4,8400.0,297.8,276.40000000000003,50
P0,2026-02-26,,0,0,0,0,False,7100.0,17.4,8500.0,326.0,308.6,49
P0,2026-02-27,,0,0,0,0,False,7100.0,15.0,8600.0,334.4,319.4,48
P0,2026-03-02,,0,0,0,0,False,7100.0,18.0,8500.0,322.4,304.4,45
P0,2026-03-03,,0,0,0,0,False,7100.0,36.4,8100.0,288.2,251.79999999999998,44
P0,2026-03-04,,0,0,0,0,False,7100.0,45.2,8100.0,325.8,280.6,43
P0,2026-03-05,,0,0,0,0,False,7100.0,36.8,8200.0,308.8,272.0,42
P0,2026-03-06,,0,0,0,0,False,7100.0,32.2,8200.0,267.6,235.40000000000003,41
P0,2026-03-09,,0,0,0,0,False,7100.0,44.6,8200.0,294.0,249.4,38
P0,2026-03-10,,0,0,0,0,False,7100.0,27.6,8400.0,305.2,277.59999999999997,37
P0,2026-03-11,,0,0,0,0,False,7100.0,30.2,8400.0,318.0,287.8,36
P0,2026-03-12,,0,0,0,0,False,7100.0,28.6,8300.0,295.4,266.79999999999995,35
P0,2026-03-13,,0,0,0,0,False,7100.0,35.2,8200.0,286.6,251.40000000000003,34
P0,2026-03-16,,0,0,0,0,False,7100.0,26.2,8200.0,272.4,246.2,31
P0,2026-03-17,,0,0,0,0,False,7100.0,32.8,8000.0,255.0,222.2,30
P0,2026-03-18,,0,0,0,0,False,7200.0,82.0,8100.0,363.8,281.8,57
P0,2026-03-19,,0,0,0,0,False,7200.0,114.8,7900.0,360.8,246.0,56
P0,2026-03-20,,0,0,0,0,False,7100.0,115.6,7800.0,365.0,249.4,55
P0,2026-03-23,,0,0,0,0,False,7000.0,273.6,7400.0,432.0,158.39999999999998,52
P0,2026-03-24,,0,0,0,0,False,6600.0,71.0,7600.0,369.8,298.8,51
P0,2026-03-25,,0,0,0,0,False,6600.0,51.0,7800.0,386.6,335.6,50
P0,2026-03-26,,0,0,0,0,False,6600.0,68.8,7600.0,343.2,274.4,49
P0,2026-03-27,,0,0,0,0,False,6600.0,55.6,7700.0,325.0,269.4,48
P0,2026-03-30,,0,0,0,0,False,6600.0,57.6,7800.0,382.6,325.0,45
P0,2026-03-31,,0,0,0,0,False,6600.0,65.6,7600.0,337.0,271.4,44
P0,2026-04-01,,0,0,0,0,False,6600.0,38.4,7800.0,347.4,309.0,43
P0,2026-04-02,,0,0,0,0,False,6600.0,57.8,7600.0,329.8,272.0,42
P0,2026-04-03,,0,0,0,0,False,6600.0,69.4,7500.0,311.0,241.6,41
P0,2026-04-07,,0,0,0,0,False,6600.0,55.0,7600.0,303.0,248.0,37
P0,2026-04-08,,0,0,0,0,False,6600.0,16.8,8000.0,301.2,284.4,36
P0,2026-04-09,,0,0,0,0,False,6600.0,17.6,7900.0,265.0,247.4,35
P0,2026-04-10,,0,0,0,0,False,6600.0,16.8,8000.0,268.0,251.2,34
P0,2026-04-13,,0,0,0,0,False,6600.0,18.8,8000.0,260.4,241.59999999999997,31
P0,2026-04-14,,0,0,0,0,False,6600.0,14.0,8100.0,250.8,236.8,30
P0,2026-04-15,,0,0,0,0,False,6600.0,12.6,8100.0,250.6,238.0,29
P0,2026-04-16,,0,0,0,0,False,6600.0,7.0,8200.0,225.2,218.2,28
P0,2026-04-17,,0,0,0,0,False,6600.0,6.8,8300.0,222.8,216.0,27
P0,2026-04-20,,0,0,0,0,False,5200.0,6.8,8400.0,431.2,424.4,59
P0,2026-04-21,,0,0,0,0,False,5200.0,5.8,8400.0,425.6,419.8,58
P0,2026-04-22,,0,0,0,0,False,5200.0,4.6,8500.0,401.8,397.2,57
P0,2026-04-23,,0,0,0,0,False,5200.0,4.4,8400.0,398.8,394.40000000000003,56
P0,2026-04-24,,0,0,0,0,False,5200.0,4.4,8300.0,368.6,364.20000000000005,55
P0,2026-04-27,,0,0,0,0,False,5200.0,3.6,8300.0,341.6,338.0,52
P0,2026-04-28,,0,0,0,0,False,5200.0,3.6,8200.0,324.8,321.2,51
P0,2026-04-29,,0,0,0,0,False,5200.0,3.2,8300.0,303.2,300.0,50
P0,2026-04-30,,0,0,0,0,False,5200.0,2.8,8400.0,336.4,333.59999999999997,49
P0,2026-05-06,,0,0,0,0,False,5200.0,2.4,8600.0,323.6,321.20000000000005,43
P0,2026-05-07,,0,0,0,0,False,5200.0,2.4,8700.0,312.0,309.6,42
P0,2026-05-08,,0,0,0,0,False,5200.0,2.4,8700.0,311.8,309.40000000000003,41
P0,2026-05-11,,0,0,0,0,False,5200.0,2.4,8900.0,378.0,375.6,38
P0,2026-05-12,,0,0,0,0,False,5200.0,2.8,8800.0,338.2,335.4,37
P0,2026-05-13,,0,0,0,0,False,5200.0,1.8,9000.0,369.0,367.2,36
P0,2026-05-14,,0,0,0,0,False,5200.0,2.0,8800.0,318.0,316.0,35
P0,2026-05-15,,0,0,0,0,False,5200.0,1.8,8700.0,314.6,312.8,34
P0,2026-05-18,,0,0,0,0,False,5200.0,1.8,8700.0,280.8,279.0,31
P0,2026-05-19,,0,0,0,0,False,5200.0,1.6,8800.0,282.6,281.0,30
P0,2026-05-20,,0,0,0,0,False,7400.0,47.2,8800.0,432.6,385.40000000000003,58
P0,2026-05-21,,0,0,0,0,False,7400.0,67.8,8500.0,403.0,335.2,57
P0,2026-05-22,,0,0,0,0,False,7400.0,48.4,8700.0,424.0,375.6,56
P0,2026-05-25,,0,0,0,0,False,7400.0,38.8,8800.0,434.8,396.0,53
P0,2026-05-26,,0,0,0,0,False,7400.0,42.8,8700.0,431.0,388.2,52
P0,2026-05-27,,0,0,0,0,False,7400.0,59.4,8500.0,405.8,346.40000000000003,51
P0,2026-05-28,,0,0,0,0,False,7400.0,45.4,8600.0,389.4,344.0,50
P0,2026-05-29,,0,0,0,0,False,7400.0,61.8,8400.0,396.8,335.0,49
P0,2026-06-01,,0,0,0,0,False,7400.0,60.8,8300.0,349.2,288.4,46
P0,2026-06-02,,0,0,0,0,False,7400.0,58.0,8400.0,386.0,328.0,45
P0,2026-06-03,,0,0,0,0,False,7400.0,50.8,8400.0,355.8,305.0,44
P0,2026-06-04,,0,0,0,0,False,7400.0,50.8,8400.0,356.2,305.4,43
P0,2026-06-05,,0,0,0,0,False,7400.0,59.2,8300.0,342.8,283.6,42
P0,2026-06-08,,0,0,0,0,False,7400.0,98.4,8100.0,345.4,246.99999999999997,39
P0,2026-06-09,,0,0,0,0,False,7200.0,42.0,8300.0,353.0,311.0,37
P0,2026-06-10,,0,0,0,0,False,7200.0,48.8,8200.0,335.8,287.0,36
P0,2026-06-11,,0,0,0,0,False,7200.0,50.6,8200.0,349.8,299.2,35
P0,2026-06-12,,0,0,0,0,False,7200.0,34.4,8200.0,296.8,262.40000000000003,34
P0,2026-06-15,,0,0,0,0,False,7200.0,15.4,8500.0,315.0,299.6,31
P0,2026-06-16,,0,0,0,0,False,7200.0,14.8,8600.0,308.8,294.0,30
P0,2026-06-17,,0,0,0,0,False,7200.0,11.8,8700.0,320.0,308.2,29
P0,2026-06-18,,0,0,0,0,False,7200.0,9.0,8800.0,320.0,311.0,28
P0,2026-06-22,,0,0,0,0,False,7200.0,35.2,8900.0,520.4,485.2,59
P0,2026-06-23,,0,0,0,0,False,7200.0,43.4,8700.0,480.6,437.20000000000005,58
P0,2026-06-24,,0,0,0,0,False,7200.0,36.6,8800.0,487.2,450.59999999999997,57
P0,2026-06-25,,0,0,0,0,False,7200.0,32.8,8800.0,451.2,418.4,56
P0,2026-06-26,,0,0,0,0,False,7200.0,43.0,8600.0,444.2,401.2,55
P0,2026-06-29,,0,0,0,0,False,7200.0,42.6,8600.0,446.2,403.59999999999997,52
P0,2026-06-30,,0,0,0,0,False,7200.0,28.6,8800.0,438.6,410.0,51
P0,2026-07-01,,0,0,0,0,False,7200.0,23.6,8900.0,481.0,457.4,50
P0,2026-07-02,,0,0,0,0,False,7200.0,29.8,8600.0,396.6,366.8,49
P0,2026-07-03,,0,0,0,0,False,7200.0,28.2,8600.0,373.6,345.40000000000003,48
P0,2026-07-06,,0,0,0,0,False,7200.0,27.2,8500.0,387.0,359.8,45
P0,2026-07-07,,0,0,0,0,False,7200.0,33.8,8300.0,344.0,310.2,44
P0,2026-07-08,,0,0,0,0,False,7200.0,45.0,8100.0,318.4,273.4,43
P0,2026-07-09,,0,0,0,0,False,7200.0,30.4,8300.0,336.2,305.8,42
P0,2026-07-10,,0,0,0,0,False,7200.0,35.2,8200.0,325.2,290.0,41
P0,2026-07-13,,0,0,0,0,False,7200.0,92.2,7800.0,330.0,237.8,38
P0,2026-07-14,,0,0,0,0,False,7000.0,44.2,7900.0,303.6,259.40000000000003,37
P0,2026-07-15,,0,0,0,0,False,7000.0,56.6,7800.0,304.6,248.00000000000003,36
P0,2026-07-16,,0,0,0,0,False,7000.0,90.0,7600.0,297.6,207.60000000000002,35
P0,2026-07-17,,0,0,0,0,False,6800.0,176.6,7200.0,360.2,183.6,34
P0,2026-07-20,,0,0,0,0,False,6400.0,158.4,7000.0,412.8,254.4,31
P0,2026-07-21,,0,0,0,0,False,6200.0,42.4,7300.0,339.0,296.6,30
P0,2026-07-22,,0,0,0,0,False,6200.0,96.4,7200.0,437.8,341.4,58
P0,2026-07-23,,0,0,0,0,False,6200.0,66.0,7200.0,393.0,327.0,57
P0,2026-07-24,,0,0,0,0,False,6200.0,106.8,7000.0,395.0,288.2,56
P0,2026-07-27,,0,0,0,0,False,6200.0,60.8,7200.0,349.6,288.8,53
P0,2026-07-28,,0,0,0,0,False,6200.0,102.6,7000.0,369.0,266.4,52
P0,2026-07-29,,0,0,0,0,False,6200.0,89.4,7100.0,378.0,288.6,51
P0,2026-07-30,,0,0,0,0,False,6200.0,147.8,6900.0,410.4,262.59999999999997,50
P0,2026-07-31,,0,0,0,0,False,6200.0,101.2,7100.0,390.0,288.8,49
P0,2026-08-03,,0,0,0,0,False,6200.0,83.4,7100.0,367.4,284.0,46
P0,2026-08-04,,0,0,0,0,False,6200.0,44.8,7300.0,342.0,297.2,45
P0,2026-08-05,,0,0,0,0,False,6200.0,31.4,7500.0,327.2,295.8,44
P0,2026-08-06,,0,0,0,0,False,6200.0,32.2,7500.0,320.0,287.8,43
P0,2026-08-07,,0,0,0,0,False,6200.0,21.8,7700.0,332.8,311.0,42
P0,2026-08-10,,0,0,0,0,False,6200.0,18.4,7700.0,315.6,297.20000000000005,39
P0,2026-08-11,,0,0,0,0,False,6200.0,18.2,7700.0,307.8,289.6,38
P0,2026-08-12,,0,0,0,0,False,6200.0,15.2,7800.0,316.2,301.0,37
P0,2026-08-13,,0,0,0,0,False,6200.0,16.6,7700.0,282.0,265.4,36
P0,2026-08-14,,0,0,0,0,False,6200.0,12.6,7800.0,311.4,298.79999999999995,35
P-core,2022-07-22,MO2209-P-6300,13,43,13,2,False,6300.0,72.8,7000.0,305.8,233.0,55
P-core,2022-07-25,MO2209-P-6300,13,40,13,2,False,6300.0,78.6,6900.0,287.6,209.00000000000003,52
P-core,2022-07-26,MO2209-P-6200,15,84,15,2,False,6200.0,38.0,7000.0,271.0,233.0,51
P-core,2022-07-27,MO2209-P-6200,15,93,15,2,False,6200.0,34.2,7100.0,280.6,246.40000000000003,50
P-core,2022-07-28,MO2209-P-6200,14,94,14,2,False,6200.0,33.8,7200.0,313.4,279.59999999999997,49
P-core,2022-07-29,MO2209-P-6200,16,87,16,2,False,6200.0,36.4,7100.0,270.0,233.6,48
P-core,2022-08-01,MO2209-P-6200,15,98,15,2,False,6200.0,32.6,7200.0,296.6,264.0,45
P-core,2022-08-02,MO2209-P-6200,13,45,13,2,False,6200.0,71.0,7000.0,314.0,243.0,44
P-core,2022-08-03,MO2209-P-6200,14,48,14,2,False,6200.0,66.4,6900.0,276.4,209.99999999999997,43
P-core,2022-08-04,MO2209-P-6200,12,56,12,2,False,6200.0,56.4,7000.0,311.4,254.99999999999997,42
P-core,2022-08-05,MO2209-P-6200,17,87,17,2,False,6200.0,36.4,7100.0,255.8,219.4,41
P-core,2022-08-08,MO2209-P-6200,16,109,16,2,False,6200.0,29.2,7200.0,278.6,249.40000000000003,38
P-core,2022-08-09,MO2209-P-6200,18,113,18,2,False,6200.0,28.2,7200.0,263.4,235.2,37
P-core,2022-08-10,MO2209-P-6200,18,111,18,2,False,6200.0,28.8,7200.0,256.0,227.2,36
P-core,2022-08-11,MO2209-P-6200,20,152,20,2,False,6200.0,21.0,7300.0,248.8,227.8,35
P-core,2022-08-12,MO2209-P-6200,22,173,22,2,False,6200.0,18.4,7200.0,213.2,194.79999999999998,34
P-core,2022-08-15,MO2209-P-6200,20,266,20,2,False,6200.0,12.0,7300.0,230.0,218.0,31
P-core,2022-08-16,MO2209-P-6200,25,363,25,2,False,6200.0,8.8,7300.0,191.8,183.0,30
P-core,2022-08-17,MO2209-P-6200,28,444,28,2,False,6200.0,7.2,7300.0,172.6,165.4,29
P-core,2022-08-18,MO2209-P-6200,23,400,23,2,False,6200.0,8.0,7400.0,212.2,204.2,28
P-core,2022-08-19,MO2209-P-6200,28,266,28,2,False,6200.0,12.0,7200.0,161.0,149.0,27
P-core,2022-08-22,MO2210-P-6200,17,129,17,2,False,6200.0,24.8,7300.0,286.6,261.8,59
P-core,2022-08-23,MO2210-P-6200,18,131,18,2,False,6200.0,24.4,7300.0,280.6,256.20000000000005,58
P-core,2022-08-24,MO2210-P-6200,15,66,15,2,False,6200.0,48.2,7000.0,276.0,227.8,57
P-core,2022-08-25,MO2210-P-6200,14,68,14,2,False,6200.0,46.4,7000.0,290.2,243.79999999999998,56
P-core,2022-08-26,MO2210-P-6200,13,70,13,2,False,6200.0,45.4,7000.0,301.2,255.79999999999998,55
P-core,2022-08-29,MO2210-P-6200,14,80,14,2,False,6200.0,39.6,7000.0,278.8,239.20000000000002,52
P-core,2022-08-30,MO2210-P-6200,13,79,13,2,False,6200.0,40.4,7000.0,286.0,245.6,51
P-core,2022-08-31,MO2210-P-6200,10,47,10,2,False,6200.0,67.0,6800.0,293.0,226.0,50
P-core,2022-09-01,MO2210-P-6000,14,72,14,2,False,6000.0,44.2,6700.0,254.0,209.8,49
P-core,2022-09-02,MO2210-P-6000,14,77,14,2,False,6000.0,41.4,6800.0,274.2,232.79999999999998,48
P-core,2022-09-05,MO2210-P-6000,15,90,15,2,False,6000.0,35.4,6800.0,261.2,225.79999999999998,45
P-core,2022-09-06,MO2210-P-6000,18,142,18,2,False,6000.0,22.4,6900.0,235.0,212.6,44
P-core,2022-09-07,MO2210-P-6000,16,200,16,2,False,6000.0,16.0,7000.0,264.0,248.0,43
P-core,2022-09-08,MO2210-P-6000,18,183,18,2,False,6000.0,17.4,6900.0,227.0,209.6,42
P-core,2022-09-09,MO2210-P-6000,20,246,20,2,False,6000.0,13.0,6900.0,196.2,183.2,41
P-core,2022-09-13,MO2210-P-6000,20,280,20,2,False,6000.0,11.4,6900.0,198.4,187.0,37
P-core,2022-09-14,MO2210-P-6000,20,231,20,2,False,6000.0,13.8,6800.0,183.0,169.2,36
P-core,2022-09-15,MO2210-P-6000,15,107,15,2,False,6000.0,29.8,6600.0,203.0,173.2,35
P-core,2022-09-16,MO2210-P-5900,13,93,13,2,False,5900.0,34.2,6500.0,216.8,182.60000000000002,34
P-core,2022-09-19,MO2210-P-5800,14,91,14,2,False,5800.0,35.0,6400.0,217.8,182.8,31
P-core,2022-09-20,MO2210-P-5700,16,177,16,2,False,5700.0,18.0,6500.0,221.4,203.4,30
P-core,2022-09-21,MO2211-P-5700,12,62,12,2,False,5700.0,50.8,6500.0,316.0,265.2,57
P-core,2022-09-22,MO2211-P-5700,13,59,13,2,False,5700.0,54.0,6500.0,302.8,248.8,56
P-core,2022-09-23,MO2211-P-5700,11,49,11,2,False,5700.0,64.8,6400.0,311.8,247.0,55
P-core,2022-09-26,MO2211-P-5700,12,44,12,2,False,5700.0,71.2,6300.0,275.8,204.60000000000002,52
P-core,2022-09-27,MO2211-P-5600,15,86,15,2,False,5600.0,36.8,6400.0,256.2,219.39999999999998,51
P-core,2022-09-28,MO2211-P-5600,14,55,14,2,False,5600.0,58.0,6200.0,243.0,185.0,50
P-core,2022-09-29,MO2211-P-5500,16,78,16,2,False,5500.0,40.6,6200.0,233.8,193.20000000000002,49
P-core,2022-09-30,MO2211-P-5500,14,55,14,2,False,5500.0,58.0,6100.0,240.8,182.8,48
P-core,2022-10-10,MO2211-P-5500,12,49,12,2,False,5500.0,64.4,6000.0,238.4,174.0,38
P-core,2022-10-11,MO2211-P-5300,15,106,15,2,False,5300.0,30.0,6000.0,225.6,195.6,37
P-core,2022-10-12,MO2211-P-5300,17,160,17,2,False,5300.0,20.0,6200.0,235.8,215.8,36
P-core,2022-10-13,MO2211-P-5300,16,275,16,2,False,5300.0,11.6,6300.0,256.2,244.6,35
P-core,2022-10-14,MO2211-P-5300,23,592,23,2,False,5300.0,5.4,6400.0,200.6,195.2,34
P-core,2022-10-17,MO2211-P-5300,22,571,22,2,False,5300.0,5.6,6500.0,227.2,221.6,31
P-core,2022-10-18,MO2211-P-5300,25,695,25,2,False,5300.0,4.6,6500.0,202.0,197.4,30
P-core,2022-10-19,MO2212-P-5300,16,190,16,2,False,5300.0,16.8,6500.0,313.2,296.4,57
P-core,2022-10-20,MO2212-P-5300,18,190,18,2,False,5300.0,16.8,6400.0,281.2,264.4,56
P-core,2022-10-21,MO2212-P-5300,19,145,19,2,False,5300.0,22.0,6400.0,273.2,251.2,55
P-core,2022-10-24,MO2212-P-5300,17,111,17,2,False,5300.0,28.6,6400.0,292.2,263.59999999999997,52
P-core,2022-10-25,MO2212-P-5300,16,119,16,2,False,5300.0,26.8,6400.0,296.4,269.59999999999997,51
P-core,2022-10-26,MO2212-P-5300,21,175,21,2,False,5300.0,18.2,6500.0,248.8,230.60000000000002,50
P-core,2022-10-27,MO2212-P-5300,20,181,20,2,False,5300.0,17.6,6500.0,261.2,243.6,49
P-core,2022-10-28,MO2212-P-5300,19,103,19,2,False,5300.0,31.0,6200.0,233.2,202.2,48
P-core,2022-10-31,MO2212-P-5300,18,111,18,2,False,5300.0,28.6,6300.0,259.6,231.00000000000003,45
P-core,2022-11-01,MO2212-P-5300,24,219,24,2,False,5300.0,14.6,6400.0,207.6,193.0,44
P-core,2022-11-02,MO2212-P-5300,24,333,24,2,False,5300.0,9.6,6500.0,217.0,207.4,43
P-core,2022-11-03,MO2212-P-5300,21,380,21,2,False,5300.0,8.4,6600.0,252.0,243.6,42
P-core,2022-11-04,MO2212-P-5300,29,888,29,2,False,5300.0,3.6,6700.0,203.2,199.6,41
P-core,2022-11-07,MO2212-P-5300,27,941,27,2,False,5300.0,3.4,6700.0,214.6,211.2,38
P-core,2022-11-08,MO2212-P-5300,28,941,28,2,False,5300.0,3.4,6700.0,208.4,205.0,37
P-core,2022-11-09,MO2212-P-5300,26,888,26,2,False,5300.0,3.6,6700.0,215.8,212.20000000000002,36
P-core,2022-11-10,MO2212-P-5300,28,727,28,2,False,5300.0,4.4,6600.0,192.8,188.4,35
P-core,2022-11-11,MO2212-P-5300,33,1230,33,2,False,5300.0,2.6,6600.0,166.4,163.8,34
P-core,2022-11-14,MO2212-P-5300,29,842,29,2,False,5300.0,3.8,6600.0,187.2,183.39999999999998,31
P-core,2022-11-15,MO2212-P-5300,28,1333,28,2,False,5300.0,2.4,6800.0,213.8,211.4,30
P-core,2022-11-16,MO2212-P-5300,32,1066,32,2,False,5300.0,3.0,6700.0,180.8,177.8,29
P-core,2022-11-17,MO2212-P-5300,37,1230,37,2,False,5300.0,2.6,6700.0,156.0,153.4,28
P-core,2022-11-18,MO2212-P-5300,31,2000,31,2,False,5300.0,1.6,6700.0,182.2,180.6,27
P-core,2022-11-21,MO2301-P-5600,18,333,18,2,False,5600.0,9.6,6700.0,253.2,243.6,59
P-core,2022-11-22,MO2301-P-5600,16,238,16,2,False,5600.0,13.4,6600.0,262.4,248.99999999999997,58
P-core,2022-11-23,MO2301-P-5600,16,235,16,2,False,5600.0,13.6,6600.0,263.2,249.6,57
P-core,2022-11-24,MO2301-P-5600,17,207,17,2,False,5600.0,15.4,6600.0,254.6,239.2,56
P-core,2022-11-25,MO2301-P-5600,17,179,17,2,False,5600.0,17.8,6500.0,233.0,215.2,55
P-core,2022-11-28,MO2301-P-5600,17,160,17,2,False,5600.0,20.0,6500.0,236.6,216.6,52
P-core,2022-11-29,MO2301-P-5600,19,246,19,2,False,5600.0,13.0,6600.0,232.0,219.0,51
P-core,2022-11-30,MO2301-P-5600,18,216,18,2,False,5600.0,14.8,6600.0,237.2,222.39999999999998,50
P-core,2022-12-01,MO2301-P-5600,19,340,19,2,False,5600.0,9.4,6700.0,234.4,225.0,49
P-core,2022-12-02,MO2301-P-5600,21,484,21,2,False,5600.0,6.6,6700.0,216.6,210.0,48
P-core,2022-12-05,MO2301-P-5600,24,551,24,2,False,5600.0,5.8,6700.0,197.8,192.0,45
P-core,2022-12-06,MO2301-P-5600,24,551,24,2,False,5600.0,5.8,6700.0,196.4,190.6,44
P-core,2022-12-07,MO2301-P-5600,24,695,24,2,False,5600.0,4.6,6700.0,191.4,186.8,43
P-core,2022-12-08,MO2301-P-5600,22,727,22,2,False,5600.0,4.4,6700.0,205.0,200.6,42
P-core,2022-12-09,MO2301-P-5600,24,695,24,2,False,5600.0,4.6,6700.0,191.2,186.6,41
P-core,2022-12-12,MO2301-P-5600,23,640,23,2,False,5600.0,5.0,6700.0,193.0,188.0,38
P-core,2022-12-13,MO2301-P-5600,25,640,25,2,False,5600.0,5.0,6600.0,165.6,160.6,37
P-core,2022-12-14,MO2301-P-5600,22,666,22,2,False,5600.0,4.8,6600.0,187.4,182.6,36
P-core,2022-12-15,MO2301-P-5600,25,842,25,2,False,5600.0,3.8,6600.0,167.0,163.2,35
P-core,2022-12-16,MO2301-P-5600,33,842,33,2,False,5600.0,3.8,6500.0,117.6,113.8,34
P-core,2022-12-19,MO2301-P-5600,27,470,27,2,False,5600.0,6.8,6400.0,124.6,117.8,31
P-core,2022-12-20,MO2301-P-5600,29,432,29,2,False,5600.0,7.4,6300.0,113.0,105.6,30
P-core,2022-12-21,MO2302-P-5700,16,128,16,2,False,5700.0,25.0,6300.0,178.2,153.2,57
P-core,2022-12-22,MO2302-P-5600,16,158,16,2,False,5600.0,20.2,6200.0,176.0,155.8,56
P-core,2022-12-23,MO2302-P-5500,15,163,15,2,False,5500.0,19.6,6200.0,203.8,184.20000000000002,55
P-core,2022-12-26,MO2302-P-5500,18,275,18,2,False,5500.0,11.6,6300.0,184.2,172.6,52
P-core,2022-12-27,MO2302-P-5500,23,333,23,2,False,5500.0,9.6,6300.0,154.4,144.8,51
P-core,2022-12-28,MO2302-P-5500,20,307,20,2,False,5500.0,10.4,6300.0,167.0,156.6,50
P-core,2022-12-29,MO2302-P-5500,19,363,19,2,False,5500.0,8.8,6300.0,173.8,165.0,49
P-core,2022-12-30,MO2302-P-5500,20,326,20,2,False,5500.0,9.8,6300.0,167.4,157.6,48
P-core,2023-01-03,MO2302-P-5500,27,500,27,2,False,5500.0,6.4,6400.0,148.2,141.79999999999998,44
P-core,2023-01-04,MO2302-P-5500,25,695,25,2,False,5500.0,4.6,6400.0,154.0,149.4,43
P-core,2023-01-05,MO2302-P-5500,26,615,26,2,False,5500.0,5.2,6500.0,161.2,156.0,42
P-core,2023-01-06,MO2302-P-5500,28,761,28,2,False,5500.0,4.2,6500.0,150.0,145.8,41
P-core,2023-01-09,MO2302-P-5500,30,761,30,2,False,5500.0,4.2,6500.0,145.0,140.8,38
P-core,2023-01-10,MO2302-P-5500,31,800,31,2,False,5500.0,4.0,6500.0,139.8,135.8,37
P-core,2023-01-11,MO2302-P-5500,27,800,27,2,False,5500.0,4.0,6500.0,153.8,149.8,36
P-core,2023-01-12,MO2302-P-5500,28,800,28,2,False,5500.0,4.0,6500.0,150.6,146.6,35
P-core,2023-01-13,MO2302-P-5500,35,1454,35,2,False,5500.0,2.2,6500.0,120.4,118.2,34
P-core,2023-01-16,MO2302-P-5500,34,1600,34,2,False,5500.0,2.0,6600.0,131.4,129.4,31
P-core,2023-01-17,MO2302-P-5500,38,1777,38,2,False,5500.0,1.8,6600.0,118.0,116.2,30
P-core,2023-01-18,MO2303-P-5200,35,941,35,2,False,5200.0,3.4,6600.0,166.0,162.6,57
P-core,2023-01-19,MO2303-P-5200,34,842,34,2,False,5200.0,3.8,6700.0,179.6,175.79999999999998,56
P-core,2023-01-20,MO2303-P-5200,43,1142,43,2,False,5200.0,2.8,6700.0,146.2,143.39999999999998,55
P-core,2023-01-30,MO2303-P-5200,38,1600,38,2,False,5200.0,2.0,6800.0,173.4,171.4,45
P-core,2023-01-31,MO2303-P-5200,44,1777,44,2,False,5200.0,1.8,6800.0,150.8,149.0,44
P-core,2023-02-01,MO2303-P-5200,45,1600,45,2,False,5200.0,2.0,6900.0,157.6,155.6,43
P-core,2023-02-02,MO2303-P-5200,44,1777,44,2,False,5200.0,1.8,6900.0,160.0,158.2,42
P-core,2023-02-03,MO2303-P-5200,43,1777,43,2,False,5200.0,1.8,6900.0,163.2,161.39999999999998,41
P-core,2023-02-06,MO2303-P-5200,40,2000,40,2,False,5200.0,1.6,6900.0,175.0,173.4,38
P-core,2023-02-07,MO2303-P-5200,45,2285,45,2,False,5200.0,1.4,6900.0,157.2,155.79999999999998,37
P-core,2023-02-08,MO2303-P-5200,40,2285,40,2,False,5200.0,1.4,6900.0,172.0,170.6,36
P-core,2023-02-09,MO2303-P-5200,50,16000,50,2,False,5200.0,0.2,7000.0,144.2,144.0,35
P-core,2023-02-10,MO2303-P-5200,44,2666,44,2,False,5200.0,1.2,7000.0,164.0,162.8,34
P-core,2023-02-13,MO2303-P-5200,41,2666,41,2,False,5200.0,1.2,7100.0,184.6,183.4,31
P-core,2023-02-14,MO2303-P-5200,44,2666,44,2,False,5200.0,1.2,7100.0,172.0,170.8,30
P-core,2023-02-15,MO2303-P-5200,45,3200,45,2,False,5200.0,1.0,7100.0,167.6,166.6,29
P-core,2023-02-16,MO2303-P-5200,53,3200,53,2,False,5200.0,1.0,6900.0,132.0,131.0,28
P-core,2023-02-17,MO2303-P-5200,46,3200,46,2,False,5200.0,1.0,6900.0,147.4,146.4,27
P-core,2023-02-20,MO2304-P-6000,17,320,17,2,False,6000.0,10.0,7000.0,246.4,236.4,59
P-core,2023-02-21,MO2304-P-6000,18,380,18,2,False,6000.0,8.4,7000.0,233.6,225.2,58
P-core,2023-02-22,MO2304-P-6000,19,410,19,2,False,6000.0,7.8,7000.0,218.8,211.0,57
P-core,2023-02-23,MO2304-P-6000,18,390,18,2,False,6000.0,8.2,7000.0,227.2,219.0,56
P-core,2023-02-24,MO2304-P-6000,23,372,23,2,False,6000.0,8.6,6900.0,177.0,168.4,55
P-core,2023-02-27,MO2304-P-6000,19,275,19,2,False,6000.0,11.6,6900.0,202.4,190.8,52
P-core,2023-02-28,MO2304-P-6000,19,372,19,2,False,6000.0,8.6,7000.0,214.8,206.20000000000002,51
P-core,2023-03-01,MO2304-P-6000,22,516,22,2,False,6000.0,6.2,7000.0,194.4,188.20000000000002,50
P-core,2023-03-02,MO2304-P-6000,20,533,20,2,False,6000.0,6.0,7000.0,202.8,196.8,49
P-core,2023-03-03,MO2304-P-6000,20,533,20,2,False,6000.0,6.0,7000.0,208.8,202.8,48
P-core,2023-03-06,MO2304-P-6000,22,666,22,2,False,6000.0,4.8,7000.0,190.0,185.2,45
P-core,2023-03-07,MO2304-P-6000,19,457,19,2,False,6000.0,7.0,6900.0,193.8,186.8,44
P-core,2023-03-08,MO2304-P-6000,21,516,21,2,False,6000.0,6.2,6900.0,180.8,174.60000000000002,43
P-core,2023-03-09,MO2304-P-6000,21,551,21,2,False,6000.0,5.8,6900.0,179.4,173.6,42
P-core,2023-03-10,MO2304-P-6000,21,355,21,2,False,6000.0,9.0,6800.0,164.2,155.2,41
P-core,2023-03-13,MO2304-P-6000,25,500,25,2,False,6000.0,6.4,6800.0,141.2,134.79999999999998,38
P-core,2023-03-14,MO2304-P-6000,19,320,19,2,False,6000.0,10.0,6800.0,178.0,168.0,37
P-core,2023-03-15,MO2304-P-6000,23,571,23,2,False,6000.0,5.6,6800.0,147.8,142.20000000000002,36
P-core,2023-03-16,MO2304-P-6000,20,290,20,2,False,6000.0,11.0,6700.0,149.6,138.6,35
P-core,2023-03-17,MO2304-P-6000,26,432,26,2,False,6000.0,7.4,6700.0,121.4,114.0,34
P-core,2023-03-20,MO2304-P-6000,26,400,26,2,False,6000.0,8.0,6700.0,122.8,114.8,31
P-core,2023-03-21,MO2304-P-6000,27,761,27,2,False,6000.0,4.2,6800.0,126.8,122.6,30
P-core,2023-03-22,MO2305-P-6000,22,290,22,2,False,6000.0,11.0,6800.0,164.2,153.2,57
P-core,2023-03-23,MO2305-P-6000,19,372,19,2,False,6000.0,8.6,6900.0,199.2,190.6,56
P-core,2023-03-24,MO2305-P-6000,20,470,20,2,False,6000.0,6.8,6900.0,187.4,180.6,55
P-core,2023-03-27,MO2305-P-6000,21,500,21,2,False,6000.0,6.4,6900.0,178.0,171.6,52
P-core,2023-03-28,MO2305-P-6000,25,484,25,2,False,6000.0,6.6,6800.0,142.2,135.6,51
P-core,2023-03-29,MO2305-P-6000,23,500,23,2,False,6000.0,6.4,6800.0,151.4,145.0,50
P-core,2023-03-30,MO2305-P-6000,23,516,23,2,False,6000.0,6.2,6800.0,148.8,142.60000000000002,49
P-core,2023-03-31,MO2305-P-6000,22,640,22,2,False,6000.0,5.0,6900.0,170.6,165.6,48
P-core,2023-04-03,MO2305-P-6000,21,727,21,2,False,6000.0,4.4,7000.0,194.4,190.0,45
P-core,2023-04-04,MO2305-P-6000,22,888,22,2,False,6000.0,3.6,7000.0,181.2,177.6,44
P-core,2023-04-06,MO2305-P-6000,23,800,23,2,False,6000.0,4.0,7000.0,180.4,176.4,42
P-core,2023-04-07,MO2305-P-6000,32,1230,32,2,False,6000.0,2.6,7000.0,136.8,134.20000000000002,41
P-core,2023-04-10,MO2305-P-6000,25,1454,25,2,False,6000.0,2.2,7000.0,160.0,157.8,38
P-core,2023-04-11,MO2305-P-6000,26,1600,26,2,False,6000.0,2.0,7000.0,156.0,154.0,37
P-core,2023-04-12,MO2305-P-6000,31,2000,31,2,False,6000.0,1.6,7000.0,134.6,133.0,36
P-core,2023-04-13,MO2305-P-6000,27,2000,27,2,False,6000.0,1.6,7000.0,147.0,145.4,35
P-core,2023-04-14,MO2305-P-6000,33,2000,33,2,False,6000.0,1.6,7000.0,127.8,126.2,34
P-core,2023-04-17,MO2305-P-6000,36,2666,36,2,False,6000.0,1.2,7000.0,116.4,115.2,31
P-core,2023-04-18,MO2305-P-6000,32,3200,32,2,False,6000.0,1.0,7000.0,126.0,125.0,30
P-core,2023-04-19,MO2306-P-5200,34,8000,34,2,False,5200.0,0.4,7000.0,214.2,213.79999999999998,57
P-core,2023-04-20,MO2306-P-5200,35,1600,35,2,False,5200.0,2.0,7000.0,204.4,202.4,56
P-core,2023-04-21,MO2306-P-5200,36,1454,36,2,False,5200.0,2.2,6800.0,180.4,178.20000000000002,55
P-core,2023-04-24,MO2306-P-5200,39,1454,39,2,False,5200.0,2.2,6700.0,160.8,158.60000000000002,52
P-core,2023-04-25,MO2306-P-5200,35,1142,35,2,False,5200.0,2.8,6600.0,163.8,161.0,51
P-core,2023-04-26,MO2306-P-5200,38,1454,38,2,False,5200.0,2.2,6600.0,154.4,152.20000000000002,50
P-core,2023-04-27,MO2306-P-5200,40,1333,40,2,False,5200.0,2.4,6600.0,146.4,144.0,49
P-core,2023-04-28,MO2306-P-5200,43,2000,43,2,False,5200.0,1.6,6700.0,143.6,142.0,48
P-core,2023-05-04,MO2306-P-5200,45,2000,45,2,False,5200.0,1.6,6700.0,138.6,137.0,42
P-core,2023-05-05,MO2306-P-5200,34,2000,34,2,False,5200.0,1.6,6700.0,173.4,171.8,41
P-core,2023-05-08,MO2306-P-5200,42,2285,42,2,False,5200.0,1.4,6700.0,145.0,143.6,38
P-core,2023-05-09,MO2306-P-5200,43,2285,43,2,False,5200.0,1.4,6600.0,135.6,134.2,37
P-core,2023-05-10,MO2306-P-5200,47,2666,47,2,False,5200.0,1.2,6600.0,123.0,121.8,36
P-core,2023-05-11,MO2306-P-5200,46,2285,46,2,False,5200.0,1.4,6600.0,126.4,125.0,35
P-core,2023-05-12,MO2306-P-5200,47,2285,47,2,False,5200.0,1.4,6500.0,115.8,114.39999999999999,34
P-core,2023-05-15,MO2306-P-5200,42,2666,42,2,False,5200.0,1.2,6600.0,134.6,133.4,31
P-core,2023-05-16,MO2306-P-5200,45,2666,45,2,False,5200.0,1.2,6500.0,119.4,118.2,30
P-core,2023-05-17,MO2306-P-5200,36,2666,36,2,False,5200.0,1.2,6600.0,151.8,150.60000000000002,29
P-core,2023-05-18,MO2306-P-5200,42,3200,42,2,False,5200.0,1.0,6600.0,133.6,132.6,28
P-core,2023-05-19,MO2306-P-5200,55,4000,55,2,False,5200.0,0.8,6600.0,102.8,102.0,27
P-core,2023-05-22,MO2307-P-5800,21,666,21,2,False,5800.0,4.8,6600.0,162.4,157.6,59
P-core,2023-05-23,MO2307-P-5800,21,410,21,2,False,5800.0,7.8,6500.0,147.4,139.6,58
P-core,2023-05-24,MO2307-P-5800,21,470,21,2,False,5800.0,6.8,6500.0,144.0,137.2,57
P-core,2023-05-25,MO2307-P-5800,19,380,19,2,False,5800.0,8.4,6500.0,157.4,149.0,56
P-core,2023-05-26,MO2307-P-5800,25,516,25,2,False,5800.0,6.2,6500.0,129.6,123.39999999999999,55
P-core,2023-05-29,MO2307-P-5800,24,516,24,2,False,5800.0,6.2,6500.0,132.6,126.39999999999999,52
P-core,2023-05-30,MO2307-P-5800,20,592,20,2,False,5800.0,5.4,6600.0,163.6,158.2,51
P-core,2023-05-31,MO2307-P-5800,19,533,19,2,False,5800.0,6.0,6600.0,171.8,165.8,50
P-core,2023-06-01,MO2307-P-5800,20,640,20,2,False,5800.0,5.0,6600.0,160.0,155.0,49
P-core,2023-06-02,MO2307-P-5800,26,800,26,2,False,5800.0,4.0,6600.0,132.2,128.2,48
P-core,2023-06-05,MO2307-P-5800,28,842,28,2,False,5800.0,3.8,6600.0,125.8,122.0,45
P-core,2023-06-06,MO2307-P-5800,20,410,20,2,False,5800.0,7.8,6500.0,150.6,142.79999999999998,44
P-core,2023-06-07,MO2307-P-5800,20,372,20,2,False,5800.0,8.6,6500.0,150.2,141.6,43
P-core,2023-06-08,MO2307-P-5800,24,307,24,2,False,5800.0,10.4,6400.0,121.8,111.39999999999999,42
P-core,2023-06-09,MO2307-P-5700,25,666,25,2,False,5700.0,4.8,6500.0,135.2,130.39999999999998,41
P-core,2023-06-12,MO2307-P-5700,30,1142,30,2,False,5700.0,2.8,6500.0,114.4,111.60000000000001,38
P-core,2023-06-13,MO2307-P-5700,23,1230,23,2,False,5700.0,2.6,6600.0,155.2,152.6,37
P-core,2023-06-14,MO2307-P-5700,26,1230,26,2,False,5700.0,2.6,6600.0,138.0,135.4,36
P-core,2023-06-15,MO2307-P-5700,33,1600,33,2,False,5700.0,2.0,6600.0,114.6,112.6,35
P-core,2023-06-16,MO2307-P-5700,29,2285,29,2,False,5700.0,1.4,6700.0,138.0,136.6,34
P-core,2023-06-19,MO2307-P-5700,32,2285,32,2,False,5700.0,1.4,6700.0,126.0,124.6,31
P-core,2023-06-20,MO2307-P-5700,34,2666,34,2,False,5700.0,1.2,6700.0,121.2,120.0,30
P-core,2023-06-21,MO2308-P-5700,27,1000,27,2,False,5700.0,3.2,6500.0,129.0,125.8,57
P-core,2023-06-26,MO2308-P-5700,23,516,23,2,False,5700.0,6.2,6400.0,133.8,127.60000000000001,52
P-core,2023-06-27,MO2308-P-5700,23,800,23,2,False,5700.0,4.0,6500.0,149.4,145.4,51
P-core,2023-06-28,MO2308-P-5700,21,888,21,2,False,5700.0,3.6,6500.0,156.6,153.0,50
P-core,2023-06-29,MO2308-P-5700,25,941,25,2,False,5700.0,3.4,6500.0,139.4,136.0,49
P-core,2023-06-30,MO2308-P-5700,25,1600,25,2,False,5700.0,2.0,6600.0,150.4,148.4,48
P-core,2023-07-03,MO2308-P-5700,27,1600,27,2,False,5700.0,2.0,6600.0,140.6,138.6,45
P-core,2023-07-04,MO2308-P-5700,30,2000,30,2,False,5700.0,1.6,6600.0,128.0,126.4,44
P-core,2023-07-05,MO2308-P-5700,25,1600,25,2,False,5700.0,2.0,6600.0,149.4,147.4,43
P-core,2023-07-06,MO2308-P-5700,22,1454,22,2,False,5700.0,2.2,6600.0,166.4,164.20000000000002,42
P-core,2023-07-07,MO2308-P-5700,27,1454,27,2,False,5700.0,2.2,6500.0,127.8,125.6,41
P-core,2023-07-10,MO2308-P-5700,28,1600,28,2,False,5700.0,2.0,6500.0,122.6,120.6,38
P-core,2023-07-11,MO2308-P-5700,26,2000,26,2,False,5700.0,1.6,6600.0,138.2,136.6,37
P-core,2023-07-12,MO2308-P-5700,24,1454,24,2,False,5700.0,2.2,6500.0,135.2,133.0,36
P-core,2023-07-13,MO2308-P-5700,36,1600,36,2,False,5700.0,2.0,6500.0,98.6,96.6,35
P-core,2023-07-14,MO2308-P-5700,37,1600,37,2,False,5700.0,2.0,6500.0,94.2,92.2,34
P-core,2023-07-17,MO2308-P-5700,33,1777,33,2,False,5700.0,1.8,6500.0,101.6,99.8,31
P-core,2023-07-18,MO2308-P-5700,32,2285,32,2,False,5700.0,1.4,6500.0,104.0,102.6,30
P-core,2023-07-19,MO2309-P-5200,33,1777,33,2,False,5200.0,1.8,6500.0,160.0,158.2,57
P-core,2023-07-20,MO2309-P-5200,34,1777,34,2,False,5200.0,1.8,6400.0,144.2,142.39999999999998,56
P-core,2023-07-21,MO2309-P-5200,35,1777,35,2,False,5200.0,1.8,6400.0,142.4,140.6,55
P-core,2023-07-24,MO2309-P-5200,33,2000,33,2,False,5200.0,1.6,6400.0,146.6,145.0,52
P-core,2023-07-25,MO2309-P-5200,36,2666,36,2,False,5200.0,1.2,6500.0,148.0,146.8,51
P-core,2023-07-26,MO2309-P-5200,32,2285,32,2,False,5200.0,1.4,6500.0,159.0,157.6,50
P-core,2023-07-27,MO2309-P-5200,39,2666,39,2,False,5200.0,1.2,6400.0,127.8,126.6,49
P-core,2023-07-28,MO2309-P-5200,34,2666,34,2,False,5200.0,1.2,6500.0,153.0,151.8,48
P-core,2023-07-31,MO2309-P-5200,41,2666,41,2,False,5200.0,1.2,6500.0,130.8,129.60000000000002,45
P-core,2023-08-01,MO2309-P-5200,39,16000,39,2,False,5200.0,0.2,6500.0,137.4,137.20000000000002,44
P-core,2023-08-02,MO2309-P-5200,37,2666,37,2,False,5200.0,1.2,6500.0,142.4,141.20000000000002,43
P-core,2023-08-03,MO2309-P-5200,38,3200,38,2,False,5200.0,1.0,6500.0,140.4,139.4,42
P-core,2023-08-04,MO2309-P-5200,48,2666,48,2,False,5200.0,1.2,6500.0,113.0,111.8,41
P-core,2023-08-07,MO2309-P-5200,44,16000,44,2,False,5200.0,0.2,6500.0,118.8,118.6,38
P-core,2023-08-08,MO2309-P-5200,40,3200,40,2,False,5200.0,1.0,6500.0,129.2,128.2,37
P-core,2023-08-09,MO2309-P-5200,50,3200,50,2,False,5200.0,1.0,6400.0,100.0,99.0,36
P-core,2023-08-10,MO2309-P-5200,49,3200,49,2,False,5200.0,1.0,6400.0,102.6,101.6,35
P-core,2023-08-11,MO2309-P-5200,41,3200,41,2,False,5200.0,1.0,6300.0,110.8,109.8,34
P-core,2023-08-14,MO2309-P-5200,50,3200,50,2,False,5200.0,1.0,6300.0,91.4,90.4,31
P-core,2023-08-15,MO2309-P-5200,37,3200,37,2,False,5200.0,1.0,6300.0,116.6,115.6,30
P-core,2023-08-16,MO2309-P-5200,38,1454,38,2,False,5200.0,2.2,6200.0,108.8,106.6,29
P-core,2023-08-17,MO2309-P-5200,55,2285,55,2,False,5200.0,1.4,6200.0,77.6,76.19999999999999,28
P-core,2023-08-18,MO2309-P-5200,41,1454,41,2,False,5200.0,2.2,6100.0,92.0,89.8,27
P-core,2023-08-21,MO2310-P-5500,15,179,15,2,False,5500.0,17.8,6100.0,176.4,158.6,59
P-core,2023-08-22,MO2310-P-5400,20,307,20,2,False,5400.0,10.4,6100.0,155.0,144.6,58
P-core,2023-08-23,MO2310-P-5400,16,179,16,2,False,5400.0,17.8,6000.0,170.6,152.79999999999998,57
P-core,2023-08-24,MO2310-P-5300,19,307,19,2,False,5300.0,10.4,6000.0,161.8,151.4,56
P-core,2023-08-25,MO2310-P-5300,16,136,16,2,False,5300.0,23.4,5900.0,174.8,151.4,55
P-core,2023-08-28,MO2310-P-5200,19,192,19,2,False,5200.0,16.6,5900.0,175.0,158.4,52
P-core,2023-08-29,MO2310-P-5200,24,571,24,2,False,5200.0,5.6,6100.0,162.0,156.4,51
P-core,2023-08-30,MO2310-P-5200,30,800,30,2,False,5200.0,4.0,6100.0,132.6,128.6,50
P-core,2023-08-31,MO2310-P-5200,27,888,27,2,False,5200.0,3.6,6100.0,139.0,135.4,49
P-core,2023-09-01,MO2310-P-5200,29,1230,29,2,False,5200.0,2.6,6100.0,131.8,129.20000000000002,48
P-core,2023-09-04,MO2310-P-5200,32,2000,32,2,False,5200.0,1.6,6200.0,128.0,126.4,45
P-core,2023-09-05,MO2310-P-5200,28,1230,28,2,False,5200.0,2.6,6200.0,145.8,143.20000000000002,44
P-core,2023-09-06,MO2310-P-5200,31,1600,31,2,False,5200.0,2.0,6200.0,132.4,130.4,43
P-core,2023-09-07,MO2310-P-5200,26,800,26,2,False,5200.0,4.0,6100.0,141.4,137.4,42
P-core,2023-09-08,MO2310-P-5200,27,888,27,2,False,5200.0,3.6,6100.0,138.0,134.4,41
P-core,2023-09-11,MO2310-P-5200,29,1333,29,2,False,5200.0,2.4,6200.0,142.6,140.2,38
P-core,2023-09-12,MO2310-P-5200,31,1454,31,2,False,5200.0,2.2,6200.0,131.2,129.0,37
P-core,2023-09-13,MO2310-P-5200,29,941,29,2,False,5200.0,3.4,6100.0,130.2,126.79999999999998,36
P-core,2023-09-14,MO2310-P-5200,27,1142,27,2,False,5200.0,2.8,6100.0,136.0,133.2,35
P-core,2023-09-15,MO2310-P-5200,29,1142,29,2,False,5200.0,2.8,6100.0,124.2,121.4,34
P-core,2023-09-18,MO2310-P-5200,32,1333,32,2,False,5200.0,2.4,6100.0,115.0,112.6,31
P-core,2023-09-19,MO2310-P-5200,38,1333,38,2,False,5200.0,2.4,6000.0,91.6,89.19999999999999,30
P-core,2023-09-20,MO2311-P-5200,21,500,21,2,False,5200.0,6.4,6000.0,162.6,156.2,57
P-core,2023-09-21,MO2311-P-5200,24,444,24,2,False,5200.0,7.2,5900.0,135.2,127.99999999999999,56
P-core,2023-09-22,MO2311-P-5200,21,842,21,2,False,5200.0,3.8,6100.0,167.4,163.6,55
P-core,2023-09-25,MO2311-P-5200,26,761,26,2,False,5200.0,4.2,6000.0,134.0,129.8,52
P-core,2023-09-26,MO2311-P-5200,23,800,23,2,False,5200.0,4.0,6000.0,145.0,141.0,51
P-core,2023-09-27,MO2311-P-5200,29,842,29,2,False,5200.0,3.8,6000.0,122.4,118.60000000000001,50
P-core,2023-09-28,MO2311-P-5200,24,1000,24,2,False,5200.0,3.2,6100.0,154.4,151.20000000000002,49
P-core,2023-10-09,MO2311-P-5200,25,1777,25,2,False,5200.0,1.8,6100.0,144.6,142.79999999999998,38
P-core,2023-10-10,MO2311-P-5200,35,1454,35,2,False,5200.0,2.2,6000.0,100.0,97.8,37
P-core,2023-10-11,MO2311-P-5200,25,1777,25,2,False,5200.0,1.8,6100.0,142.6,140.79999999999998,36
P-core,2023-10-12,MO2311-P-5200,33,2285,33,2,False,5200.0,1.4,6100.0,114.0,112.6,35
P-core,2023-10-13,MO2311-P-5200,31,2000,31,2,False,5200.0,1.6,6100.0,117.6,116.0,34
P-core,2023-10-16,MO2311-P-5200,36,1000,36,2,False,5200.0,3.2,6000.0,96.8,93.6,31
P-core,2023-10-17,MO2311-P-5200,32,1333,32,2,False,5200.0,2.4,6000.0,105.8,103.39999999999999,30
P-core,2023-10-18,MO2312-P-5200,21,551,21,2,False,5200.0,5.8,5900.0,146.0,140.2,57
P-core,2023-10-19,MO2312-P-5200,20,307,20,2,False,5200.0,10.4,5800.0,140.2,129.79999999999998,56
P-core,2023-10-20,MO2312-P-5200,15,152,15,2,False,5200.0,21.0,5800.0,179.0,158.0,55
P-core,2023-10-23,MO2312-P-5100,16,95,16,2,False,5100.0,33.4,5600.0,168.4,135.0,52
P-core,2023-10-24,MO2312-P-5000,19,190,19,2,False,5000.0,16.8,5700.0,173.4,156.6,51
P-core,2023-10-25,MO2312-P-5000,19,347,19,2,False,5000.0,9.2,5800.0,179.8,170.60000000000002,50
P-core,2023-10-26,MO2312-P-5000,22,551,22,2,False,5000.0,5.8,5800.0,154.4,148.6,49
P-core,2023-10-27,MO2312-P-5000,28,888,28,2,False,5000.0,3.6,5900.0,138.8,135.20000000000002,48
P-core,2023-10-30,MO2312-P-5000,27,1142,27,2,False,5000.0,2.8,6000.0,153.6,150.79999999999998,45
P-core,2023-10-31,MO2312-P-5000,24,1333,24,2,False,5000.0,2.4,6000.0,170.2,167.79999999999998,44
P-core,2023-11-01,MO2312-P-5000,23,1454,23,2,False,5000.0,2.2,6000.0,171.4,169.20000000000002,43
P-core,2023-11-02,MO2312-P-5000,26,1333,26,2,False,5000.0,2.4,5900.0,141.4,139.0,42
P-core,2023-11-03,MO2312-P-5000,27,2000,27,2,False,5000.0,1.6,6000.0,148.2,146.6,41
P-core,2023-11-06,MO2312-P-5000,33,2000,33,2,False,5000.0,1.6,6100.0,136.8,135.20000000000002,38
P-core,2023-11-07,MO2312-P-5000,35,2285,35,2,False,5000.0,1.4,6100.0,132.0,130.6,37
P-core,2023-11-08,MO2312-P-5000,39,2666,39,2,False,5000.0,1.2,6100.0,121.0,119.8,36
P-core,2023-11-09,MO2312-P-5000,32,2666,32,2,False,5000.0,1.2,6100.0,140.0,138.8,35
P-core,2023-11-10,MO2312-P-5000,30,2000,30,2,False,5000.0,1.6,6100.0,148.0,146.4,34
P-core,2023-11-13,MO2312-P-5000,41,2285,41,2,False,5000.0,1.4,6100.0,115.8,114.39999999999999,31
P-core,2023-11-14,MO2312-P-5000,31,3200,31,2,False,5000.0,1.0,6200.0,157.6,156.6,30
P-core,2023-11-15,MO2312-P-5000,38,4000,38,2,False,5000.0,0.8,6200.0,130.0,129.2,29
P-core,2023-11-16,MO2312-P-5000,42,3200,42,2,False,5000.0,1.0,6100.0,110.2,109.2,28
P-core,2023-11-17,MO2312-P-5000,39,4000,39,2,False,5000.0,0.8,6200.0,127.0,126.2,27
P-core,2023-11-20,MO2401-P-5000,24,1777,24,2,False,5000.0,1.8,6300.0,213.4,211.6,59
P-core,2023-11-21,MO2401-P-5000,28,2000,28,2,False,5000.0,1.6,6200.0,179.2,177.6,58
P-core,2023-11-22,MO2401-P-5000,30,1600,30,2,False,5000.0,2.0,6100.0,158.0,156.0,57
P-core,2023-11-23,MO2401-P-5000,29,1777,29,2,False,5000.0,1.8,6200.0,168.2,166.39999999999998,56
P-core,2023-11-24,MO2401-P-5000,29,1600,29,2,False,5000.0,2.0,6100.0,160.8,158.8,55
P-core,2023-11-27,MO2401-P-5000,28,1600,28,2,False,5000.0,2.0,6100.0,162.4,160.4,52
P-core,2023-11-28,MO2401-P-5000,31,1600,31,2,False,5000.0,2.0,6100.0,150.8,148.8,51
P-core,2023-11-29,MO2401-P-5000,28,1600,28,2,False,5000.0,2.0,6100.0,166.6,164.6,50
P-core,2023-11-30,MO2401-P-5000,24,1454,24,2,False,5000.0,2.2,6100.0,187.2,185.0,49
P-core,2023-12-01,MO2401-P-5000,30,1777,30,2,False,5000.0,1.8,6100.0,155.2,153.39999999999998,48
P-core,2023-12-04,MO2401-P-5000,26,1454,26,2,False,5000.0,2.2,6100.0,176.0,173.8,45
P-core,2023-12-05,MO2401-P-5000,22,615,22,2,False,5000.0,5.2,6000.0,189.8,184.60000000000002,44
P-core,2023-12-06,MO2401-P-5000,27,695,27,2,False,5000.0,4.6,6000.0,161.0,156.4,43
P-core,2023-12-07,MO2401-P-5000,29,1000,29,2,False,5000.0,3.2,6000.0,145.6,142.4,42
P-core,2023-12-08,MO2401-P-5000,28,1000,28,2,False,5000.0,3.2,6000.0,147.2,144.0,41
P-core,2023-12-11,MO2401-P-5000,28,1777,28,2,False,5000.0,1.8,6100.0,159.0,157.2,38
P-core,2023-12-12,MO2401-P-5000,30,2000,30,2,False,5000.0,1.6,6100.0,149.2,147.6,37
P-core,2023-12-13,MO2401-P-5000,33,1333,33,2,False,5000.0,2.4,6000.0,126.6,124.19999999999999,36
P-core,2023-12-14,MO2401-P-5000,29,1600,29,2,False,5000.0,2.0,6000.0,141.0,139.0,35
P-core,2023-12-15,MO2401-P-5000,24,1454,24,2,False,5000.0,2.2,6000.0,163.0,160.8,34
P-core,2023-12-18,MO2401-P-5000,24,1600,24,2,False,5000.0,2.0,5900.0,150.8,148.8,31
P-core,2023-12-19,MO2401-P-5000,25,2000,25,2,False,5000.0,1.6,5900.0,141.4,139.8,30
P-core,2023-12-20,MO2401-P-5000,23,1230,23,2,False,5000.0,2.6,5800.0,138.6,136.0,29
P-core,2023-12-21,MO2402-P-5100,18,301,18,2,False,5100.0,10.6,5800.0,172.0,161.4,60
P-core,2023-12-22,MO2402-P-5100,19,228,19,2,False,5100.0,14.0,5700.0,151.2,137.2,59
P-core,2023-12-25,MO2402-P-5100,19,242,19,2,False,5100.0,13.2,5700.0,150.0,136.8,56
P-core,2023-12-26,MO2402-P-5100,13,149,13,2,False,5100.0,21.4,5700.0,191.6,170.2,55
P-core,2023-12-27,MO2402-P-5000,18,301,18,2,False,5000.0,10.6,5700.0,168.4,157.8,54
P-core,2023-12-28,MO2402-P-5000,23,695,23,2,False,5000.0,4.6,5800.0,150.4,145.8,53
P-core,2023-12-29,MO2402-P-5000,25,842,25,2,False,5000.0,3.8,5900.0,150.4,146.6,52
P-core,2024-01-02,MO2402-P-5000,20,842,20,2,False,5000.0,3.8,5900.0,178.0,174.2,48
P-core,2024-01-03,MO2402-P-5000,26,727,26,2,False,5000.0,4.4,5800.0,135.0,130.6,47
P-core,2024-01-04,MO2402-P-5000,21,640,21,2,False,5000.0,5.0,5800.0,159.6,154.6,46
P-core,2024-01-05,MO2402-P-5000,18,400,18,2,False,5000.0,8.0,5700.0,159.4,151.4,45
P-core,2024-01-08,MO2402-P-5000,14,107,14,2,False,5000.0,29.8,5500.0,190.2,160.39999999999998,42
P-core,2024-01-09,MO2402-P-4950,12,186,12,2,False,4950.0,17.2,5600.0,218.4,201.20000000000002,38
P-core,2024-01-10,MO2402-P-4950,15,120,15,2,False,4950.0,26.6,5500.0,181.0,154.4,37
P-core,2024-01-11,MO2402-P-4950,18,219,18,2,False,4950.0,14.6,5600.0,169.6,155.0,36
P-core,2024-01-12,MO2402-P-4950,15,205,15,2,False,4950.0,15.6,5600.0,182.2,166.6,35
P-core,2024-01-15,MO2402-P-4950,14,195,14,2,False,4950.0,16.4,5600.0,192.2,175.79999999999998,32
P-core,2024-01-16,MO2402-P-4950,18,210,18,2,False,4950.0,15.2,5500.0,152.0,136.8,31
P-core,2024-01-17,MO2402-P-4950,10,74,10,2,False,4950.0,43.2,5400.0,221.0,177.8,30
P-core,2024-01-18,MO2403-P-4850,10,44,10,2,False,4850.0,72.6,5400.0,301.6,229.00000000000003,56
P-core,2024-01-19,MO2403-P-4800,11,46,11,2,False,4800.0,68.4,5300.0,267.0,198.6,55
P-core,2024-01-22,MO2403-P-4750,7,11,7,2,False,4750.0,275.0,5000.0,423.4,148.39999999999998,52
P-core,2024-01-23,MO2403-P-4500,10,46,10,2,False,4500.0,68.8,5100.0,301.8,233.0,51
P-core,2024-01-24,MO2403-P-4500,14,64,14,2,False,4500.0,49.6,5100.0,245.2,195.6,50
P-core,2024-01-25,MO2403-P-4500,17,155,17,2,False,4500.0,20.6,5300.0,216.8,196.20000000000002,49
P-core,2024-01-26,MO2403-P-4500,13,128,13,2,False,4500.0,25.0,5300.0,263.6,238.60000000000002,48
P-core,2024-01-29,MO2403-P-4500,13,65,13,2,False,4500.0,48.6,5100.0,255.2,206.6,45
P-core,2024-01-30,MO2403-P-4500,9,35,9,2,False,4500.0,91.0,5000.0,308.2,217.2,44
P-core,2024-01-31,MO2403-P-4450,9,22,9,2,False,4450.0,142.0,4800.0,305.8,163.8,43
P-core,2024-02-01,MO2403-P-4300,10,34,10,2,False,4300.0,92.0,4750.0,276.0,184.0,42
P-core,2024-02-02,MO2403-P-4250,10,23,10,2,False,4250.0,137.0,4550.0,271.2,134.2,41
P-core,2024-02-05,MO2403-P-4100,7,10,7,2,False,4100.0,319.6,4300.0,434.2,114.59999999999997,38
P-core,2024-02-06,MO2403-P-3850,14,62,14,2,False,3850.0,51.0,4600.0,272.8,221.8,37
P-core,2024-02-07,MO2403-P-3850,17,130,17,2,False,3850.0,24.6,4800.0,251.8,227.20000000000002,36
P-core,2024-02-08,MO2403-P-3850,18,400,18,2,False,3850.0,8.0,5000.0,268.6,260.6,35
P-core,2024-02-19,MO2404-P-3850,17,149,17,2,False,3850.0,21.4,5000.0,309.4,288.0,59
P-core,2024-02-20,MO2404-P-3850,20,340,20,2,False,3850.0,9.4,5000.0,252.2,242.79999999999998,58
P-core,2024-02-21,MO2404-P-3850,18,326,18,2,False,3850.0,9.8,5100.0,293.8,284.0,57
P-core,2024-02-22,MO2404-P-3850,18,410,18,2,False,3850.0,7.8,5200.0,299.2,291.4,56
P-core,2024-02-23,MO2404-P-3850,23,615,23,2,False,3850.0,5.2,5200.0,251.2,246.0,55
P-core,2024-02-26,MO2404-P-3850,20,666,20,2,False,3850.0,4.8,5300.0,295.6,290.8,52
P-core,2024-02-27,MO2404-P-3850,24,1066,24,2,False,3850.0,3.0,5400.0,264.0,261.0,51
P-core,2024-02-28,MO2404-P-3850,18,551,18,2,False,3850.0,5.8,5200.0,310.6,304.8,50
P-core,2024-02-29,MO2404-P-3850,25,941,25,2,False,3850.0,3.4,5300.0,250.0,246.6,49
P-core,2024-03-01,MO2404-P-3850,23,1230,23,2,False,3850.0,2.6,5400.0,282.8,280.2,48
P-core,2024-03-04,MO2404-P-3850,24,800,24,2,False,3850.0,4.0,5400.0,275.0,271.0,45
P-core,2024-03-05,MO2404-P-3850,20,640,20,2,False,3850.0,5.0,5400.0,312.8,307.8,44
P-core,2024-03-06,MO2404-P-3850,23,1066,23,2,False,3850.0,3.0,5400.0,278.4,275.4,43
P-core,2024-03-07,MO2404-P-3850,24,842,24,2,False,3850.0,3.8,5300.0,254.2,250.39999999999998,42
P-core,2024-03-08,MO2404-P-3850,26,1454,26,2,False,3850.0,2.2,5400.0,241.4,239.20000000000002,41
P-core,2024-03-11,MO2404-P-3850,29,5333,29,2,False,3850.0,0.6,5500.0,224.4,223.8,38
P-core,2024-03-12,MO2404-P-3850,32,5333,32,2,False,3850.0,0.6,5500.0,207.0,206.4,37
P-core,2024-03-13,MO2404-P-3850,38,4000,38,2,False,3850.0,0.8,5500.0,181.0,180.2,36
P-core,2024-03-14,MO2404-P-3850,34,3200,34,2,False,3850.0,1.0,5500.0,195.0,194.0,35
P-core,2024-03-15,MO2404-P-3850,35,4000,35,2,False,3850.0,0.8,5600.0,201.4,200.6,34
P-core,2024-03-18,MO2404-P-3850,50,16000,50,2,False,3850.0,0.2,5600.0,146.0,145.8,31
P-core,2024-03-19,MO2404-P-3850,43,16000,43,2,False,3850.0,0.2,5600.0,164.6,164.4,30
P-core,2024-03-20,MO2405-P-4500,18,533,18,2,False,4500.0,6.0,5700.0,265.4,259.4,57
P-core,2024-03-21,MO2405-P-4500,19,571,19,2,False,4500.0,5.6,5700.0,261.8,256.2,56
P-core,2024-03-22,MO2405-P-4500,19,432,19,2,False,4500.0,7.4,5600.0,241.6,234.2,55
P-core,2024-03-25,MO2405-P-4500,16,320,16,2,False,4500.0,10.0,5500.0,260.2,250.2,52
P-core,2024-03-26,MO2405-P-4500,19,258,19,2,False,4500.0,12.4,5400.0,221.6,209.2,51
P-core,2024-03-27,MO2405-P-4500,13,88,13,2,False,4500.0,36.0,5300.0,289.2,253.2,50
P-core,2024-03-28,MO2405-P-4500,15,172,15,2,False,4500.0,18.6,5400.0,257.6,239.00000000000003,49
P-core,2024-03-29,MO2405-P-4500,19,238,19,2,False,4500.0,13.4,5400.0,211.8,198.4,48
P-core,2024-04-01,MO2405-P-4500,19,380,19,2,False,4500.0,8.4,5600.0,243.2,234.79999999999998,45
P-core,2024-04-02,MO2405-P-4500,22,333,22,2,False,4500.0,9.6,5500.0,204.8,195.20000000000002,44
P-core,2024-04-03,MO2405-P-4500,20,340,20,2,False,4500.0,9.4,5500.0,217.2,207.79999999999998,43
P-core,2024-04-08,MO2405-P-4500,18,172,18,2,False,4500.0,18.6,5400.0,225.0,206.4,38
P-core,2024-04-09,MO2405-P-4500,18,301,18,2,False,4500.0,10.6,5500.0,234.0,223.4,37
P-core,2024-04-10,MO2405-P-4500,16,275,16,2,False,4500.0,11.6,5400.0,231.2,219.6,36
P-core,2024-04-11,MO2405-P-4500,17,363,17,2,False,4500.0,8.8,5400.0,217.0,208.2,35
P-core,2024-04-12,MO2405-P-4500,20,326,20,2,False,4500.0,9.8,5300.0,179.0,169.2,34
P-core,2024-04-15,MO2405-P-4500,16,271,16,2,False,4500.0,11.8,5300.0,216.0,204.2,31
P-core,2024-04-16,MO2405-P-4500,12,80,12,2,False,4500.0,40.0,5100.0,243.2,203.2,30
P-core,2024-04-17,MO2405-P-4500,17,192,17,2,False,4500.0,16.6,5300.0,207.2,190.6,29
P-core,2024-04-18,MO2405-P-4500,17,213,17,2,False,4500.0,15.0,5300.0,207.4,192.4,28
P-core,2024-04-19,MO2405-P-4500,16,205,16,2,False,4500.0,15.6,5300.0,217.8,202.20000000000002,27
P-core,2024-04-22,MO2406-P-3800,23,400,23,2,False,3800.0,8.0,5200.0,265.2,257.2,59
P-core,2024-04-23,MO2406-P-3800,22,421,22,2,False,3800.0,7.6,5200.0,271.6,264.0,58
P-core,2024-04-24,MO2406-P-3800,24,761,24,2,False,3800.0,4.2,5300.0,261.0,256.8,57
P-core,2024-04-25,MO2406-P-3800,25,1000,25,2,False,3800.0,3.2,5300.0,250.0,246.8,56
P-core,2024-04-26,MO2406-P-3800,29,1777,29,2,False,3800.0,1.8,5400.0,231.4,229.6,55
P-core,2024-04-29,MO2406-P-3800,33,5333,33,2,False,3800.0,0.6,5500.0,212.8,212.20000000000002,52
P-core,2024-04-30,MO2406-P-3800,30,5333,30,2,False,3800.0,0.6,5500.0,228.6,228.0,51
P-core,2024-05-06,MO2406-P-3800,35,2666,35,2,False,3800.0,1.2,5600.0,212.6,211.4,45
P-core,2024-05-07,MO2406-P-3800,37,1777,37,2,False,3800.0,1.8,5600.0,201.2,199.39999999999998,44
P-core,2024-05-08,MO2406-P-3800,36,2000,36,2,False,3800.0,1.6,5500.0,199.8,198.20000000000002,43
P-core,2024-05-09,MO2406-P-3800,38,2285,38,2,False,3800.0,1.4,5600.0,196.8,195.4,42
P-core,2024-05-10,MO2406-P-3800,31,8000,31,2,False,3800.0,0.4,5600.0,230.2,229.79999999999998,41
P-core,2024-05-13,MO2406-P-3800,34,16000,34,2,False,3800.0,0.2,5500.0,206.4,206.20000000000002,38
P-core,2024-05-14,MO2406-P-3800,29,8000,29,2,False,3800.0,0.4,5600.0,245.6,245.2,37
P-core,2024-05-15,MO2406-P-3800,32,8000,32,2,False,3800.0,0.4,5500.0,212.8,212.4,36
P-core,2024-05-16,MO2406-P-3800,34,8000,34,2,False,3800.0,0.4,5500.0,203.6,203.2,35
P-core,2024-05-17,MO2406-P-3800,37,16000,37,2,False,3800.0,0.2,5600.0,192.0,191.8,34
P-core,2024-05-20,MO2406-P-3800,40,16000,40,2,False,3800.0,0.2,5600.0,180.0,179.8,31
P-core,2024-05-21,MO2406-P-3800,46,16000,46,2,False,3800.0,0.2,5500.0,153.8,153.60000000000002,30
P-core,2024-05-22,MO2407-P-4650,17,296,17,2,False,4650.0,10.8,5500.0,223.0,212.2,57
P-core,2024-05-23,MO2407-P-4650,15,150,15,2,False,4650.0,21.2,5400.0,238.2,217.0,56
P-core,2024-05-24,MO2407-P-4650,12,119,12,2,False,4650.0,26.8,5400.0,277.6,250.8,55
P-core,2024-05-27,MO2407-P-4650,14,160,14,2,False,4650.0,20.0,5400.0,246.6,226.6,52
P-core,2024-05-28,MO2407-P-4650,15,126,15,2,False,4650.0,25.2,5300.0,216.6,191.4,51
P-core,2024-05-29,MO2407-P-4650,12,135,12,2,False,4650.0,23.6,5400.0,271.6,248.00000000000003,50
P-core,2024-05-30,MO2407-P-4650,15,158,15,2,False,4650.0,20.2,5300.0,204.0,183.8,49
P-core,2024-05-31,MO2407-P-4650,13,210,13,2,False,4650.0,15.2,5400.0,244.8,229.60000000000002,48
P-core,2024-06-03,MO2407-P-4650,12,130,12,2,False,4650.0,24.6,5300.0,237.8,213.20000000000002,45
P-core,2024-06-04,MO2407-P-4650,15,186,15,2,False,4650.0,17.2,5300.0,205.0,187.8,44
P-core,2024-06-05,MO2407-P-4650,15,139,15,2,False,4650.0,23.0,5200.0,186.6,163.6,43
P-core,2024-06-06,MO2407-P-4650,13,76,13,2,False,4650.0,41.6,5100.0,196.6,155.0,42
P-core,2024-06-07,MO2407-P-4600,11,111,11,2,False,4600.0,28.6,5200.0,240.4,211.8,41
P-core,2024-06-11,MO2407-P-4600,14,160,14,2,False,4600.0,20.0,5200.0,196.0,176.0,37
P-core,2024-06-12,MO2407-P-4600,15,168,15,2,False,4600.0,19.0,5200.0,186.6,167.6,36
P-core,2024-06-13,MO2407-P-4600,13,186,13,2,False,4600.0,17.2,5200.0,202.0,184.8,35
P-core,2024-06-14,MO2407-P-4600,14,290,14,2,False,4600.0,11.0,5200.0,179.4,168.4,34
P-core,2024-06-17,MO2407-P-4600,15,333,15,2,False,4600.0,9.6,5200.0,176.0,166.4,31
P-core,2024-06-18,MO2407-P-4600,20,533,20,2,False,4600.0,6.0,5200.0,136.0,130.0,30
P-core,2024-06-19,MO2408-P-4600,11,106,11,2,False,4600.0,30.0,5200.0,248.2,218.2,57
P-core,2024-06-20,MO2408-P-4600,9,65,9,2,False,4600.0,49.2,5100.0,253.0,203.8,56
P-core,2024-06-21,MO2408-P-4550,10,84,10,2,False,4550.0,37.8,5100.0,253.0,215.2,55
P-core,2024-06-24,MO2408-P-4500,10,47,10,2,False,4500.0,66.8,4900.0,231.0,164.2,52
P-core,2024-06-25,MO2408-P-4350,12,67,12,2,False,4350.0,47.6,4850.0,223.6,176.0,51
P-core,2024-06-26,MO2408-P-4350,13,137,13,2,False,4350.0,23.2,5000.0,219.6,196.4,50
P-core,2024-06-27,MO2408-P-4350,13,86,13,2,False,4350.0,37.0,4850.0,200.8,163.8,49
P-core,2024-06-28,MO2408-P-4350,12,95,12,2,False,4350.0,33.6,4900.0,218.2,184.6,48
P-core,2024-07-01,MO2408-P-4350,13,121,13,2,False,4350.0,26.4,4950.0,220.0,193.6,45
P-core,2024-07-02,MO2408-P-4350,13,122,13,2,False,4350.0,26.2,4900.0,201.8,175.60000000000002,44
P-core,2024-07-03,MO2408-P-4350,13,128,13,2,False,4350.0,25.0,4850.0,184.4,159.4,43
P-core,2024-07-04,MO2408-P-4350,12,76,12,2,False,4350.0,41.6,4750.0,183.6,142.0,42
P-core,2024-07-05,MO2408-P-4250,15,164,15,2,False,4250.0,19.4,4800.0,178.6,159.2,41
P-core,2024-07-08,MO2408-P-4250,12,96,12,2,False,4250.0,33.0,4700.0,193.8,160.8,38
P-core,2024-07-09,MO2408-P-4200,14,175,14,2,False,4200.0,18.2,4800.0,189.0,170.8,37
P-core,2024-07-10,MO2408-P-4200,14,177,14,2,False,4200.0,18.0,4800.0,191.0,173.0,36
P-core,2024-07-11,MO2408-P-4200,17,333,17,2,False,4200.0,9.6,4900.0,174.6,165.0,35
P-core,2024-07-12,MO2408-P-4200,17,326,17,2,False,4200.0,9.8,4900.0,177.8,168.0,34
P-core,2024-07-15,MO2408-P-4200,15,333,15,2,False,4200.0,9.6,4850.0,177.2,167.6,31
P-core,2024-07-16,MO2408-P-4200,16,484,16,2,False,4200.0,6.6,4850.0,169.8,163.20000000000002,30
P-core,2024-07-17,MO2408-P-4200,16,372,16,2,False,4200.0,8.6,4800.0,163.0,154.4,29
P-core,2024-07-18,MO2408-P-4200,17,333,17,2,False,4200.0,9.6,4800.0,159.2,149.6,28
P-core,2024-07-19,MO2408-P-4200,18,484,18,2,False,4200.0,6.6,4800.0,145.2,138.6,27
P-core,2024-07-22,MO2409-P-3800,17,640,17,2,False,3800.0,5.0,4850.0,248.0,243.0,59
P-core,2024-07-23,MO2409-P-3800,16,347,16,2,False,3800.0,9.2,4700.0,242.6,233.4,58
P-core,2024-07-24,MO2409-P-3800,15,285,15,2,False,3800.0,11.2,4650.0,247.6,236.4,57
P-core,2024-07-25,MO2409-P-3800,15,290,15,2,False,3800.0,11.0,4650.0,244.4,233.4,56
P-core,2024-07-26,MO2409-P-3800,18,457,18,2,False,3800.0,7.0,4700.0,215.0,208.0,55
P-core,2024-07-29,MO2409-P-3800,17,484,17,2,False,3800.0,6.6,4700.0,224.8,218.20000000000002,52
P-core,2024-07-30,MO2409-P-3800,18,516,18,2,False,3800.0,6.2,4700.0,209.4,203.20000000000002,51
P-core,2024-07-31,MO2409-P-3800,23,1142,23,2,False,3800.0,2.8,4900.0,192.6,189.79999999999998,50
P-core,2024-08-01,MO2409-P-3800,22,1230,22,2,False,3800.0,2.6,4900.0,199.4,196.8,49
P-core,2024-08-02,MO2409-P-3800,23,1066,23,2,False,3800.0,3.0,4800.0,185.0,182.0,48
P-core,2024-08-05,MO2409-P-3800,18,390,18,2,False,3800.0,8.2,4700.0,213.4,205.20000000000002,45
P-core,2024-08-06,MO2409-P-3800,20,516,20,2,False,3800.0,6.2,4750.0,198.2,192.0,44
P-core,2024-08-07,MO2409-P-3800,20,727,20,2,False,3800.0,4.4,4750.0,201.2,196.79999999999998,43
P-core,2024-08-08,MO2409-P-3800,21,842,21,2,False,3800.0,3.8,4750.0,183.2,179.39999999999998,42
P-core,2024-08-09,MO2409-P-3800,21,695,21,2,False,3800.0,4.6,4700.0,179.0,174.4,41
P-core,2024-08-12,MO2409-P-3800,24,761,24,2,False,3800.0,4.2,4650.0,151.0,146.8,38
P-core,2024-08-13,MO2409-P-3800,23,941,23,2,False,3800.0,3.4,4700.0,164.8,161.4,37
P-core,2024-08-14,MO2409-P-3800,22,1066,22,2,False,3800.0,3.0,4650.0,160.4,157.4,36
P-core,2024-08-15,MO2409-P-3800,23,1454,23,2,False,3800.0,2.2,4700.0,160.2,158.0,35
P-core,2024-08-16,MO2409-P-3800,25,1333,25,2,False,3800.0,2.4,4650.0,140.0,137.6,34
P-core,2024-08-19,MO2409-P-3800,29,1600,29,2,False,3800.0,2.0,4650.0,121.6,119.6,31
P-core,2024-08-20,MO2409-P-3800,23,1066,23,2,False,3800.0,3.0,4600.0,142.0,139.0,30
P-core,2024-08-21,MO2410-P-4100,12,115,12,2,False,4100.0,27.8,4550.0,178.2,150.39999999999998,57
P-core,2024-08-22,MO2410-P-4050,12,118,12,2,False,4050.0,27.0,4500.0,182.2,155.2,56
P-core,2024-08-23,MO2410-P-4000,13,190,13,2,False,4000.0,16.8,4500.0,175.2,158.39999999999998,55
P-core,2024-08-26,MO2410-P-4000,14,213,14,2,False,4000.0,15.0,4500.0,166.4,151.4,52
P-core,2024-08-27,MO2410-P-4000,14,164,14,2,False,4000.0,19.4,4450.0,158.6,139.2,51
P-core,2024-08-28,MO2410-P-4000,14,186,14,2,False,4000.0,17.2,4450.0,152.8,135.60000000000002,50
P-core,2024-08-29,MO2410-P-4000,14,271,14,2,False,4000.0,11.8,4550.0,167.0,155.2,49
P-core,2024-08-30,MO2410-P-4000,16,421,16,2,False,4000.0,7.6,4650.0,166.4,158.8,48
P-core,2024-09-02,MO2410-P-4000,14,290,14,2,False,4000.0,11.0,4550.0,168.8,157.8,45
P-core,2024-09-03,MO2410-P-4000,17,390,17,2,False,4000.0,8.2,4550.0,149.0,140.8,44
P-core,2024-09-04,MO2410-P-4000,16,372,16,2,False,4000.0,8.6,4550.0,153.0,144.4,43
P-core,2024-09-05,MO2410-P-4000,16,444,16,2,False,4000.0,7.2,4600.0,161.4,154.20000000000002,42
P-core,2024-09-06,MO2410-P-4000,15,320,15,2,False,4000.0,10.0,4500.0,147.2,137.2,41
P-core,2024-09-09,MO2410-P-4000,13,266,13,2,False,4000.0,12.0,4500.0,164.4,152.4,38
P-core,2024-09-10,MO2410-P-4000,14,258,14,2,False,4000.0,12.4,4500.0,160.2,147.79999999999998,37
P-core,2024-09-11,MO2410-P-4000,14,280,14,2,False,4000.0,11.4,4500.0,159.0,147.6,36
P-core,2024-09-12,MO2410-P-4000,17,307,17,2,False,4000.0,10.4,4450.0,125.0,114.6,35
P-core,2024-09-13,MO2410-P-4000,16,320,16,2,False,4000.0,10.0,4400.0,116.0,106.0,34
P-core,2024-09-18,MO2411-P-3950,12,106,12,2,False,3950.0,30.0,4400.0,186.6,156.6,57
P-core,2024-09-19,MO2411-P-3950,12,146,12,2,False,3950.0,21.8,4500.0,200.8,179.0,56
P-core,2024-09-20,MO2411-P-3950,14,158,14,2,False,3950.0,20.2,4450.0,178.0,157.8,55
P-core,2024-09-23,MO2411-P-3950,14,183,14,2,False,3950.0,17.4,4450.0,170.4,153.0,52
P-core,2024-09-24,MO2411-P-3950,17,444,17,2,False,3950.0,7.2,4650.0,171.8,164.60000000000002,51
P-core,2024-09-25,MO2411-P-3950,17,941,17,2,False,3950.0,3.4,4700.0,180.0,176.6,50
P-core,2024-09-26,MO2411-P-3950,24,1777,24,2,False,3950.0,1.8,4850.0,161.8,160.0,49
P-core,2024-09-27,MO2411-P-3950,30,2285,30,2,False,3950.0,1.4,5100.0,160.6,159.2,48
P-core,2024-09-30,MO2411-P-3950,19,2285,19,2,False,3950.0,1.4,5700.0,389.4,388.0,45
P-core,2024-10-08,MO2411-P-3950,15,516,15,2,False,3950.0,6.2,6200.0,613.8,607.5999999999999,37
P-core,2024-10-09,MO2411-P-3950,21,571,21,2,False,3950.0,5.6,5700.0,356.0,350.4,36
P-core,2024-10-10,MO2411-P-3950,20,1454,20,2,False,3950.0,2.2,5700.0,351.2,349.0,35
P-core,2024-10-11,MO2411-P-3950,19,842,19,2,False,3950.0,3.8,5400.0,315.0,311.2,34
P-core,2024-10-14,MO2411-P-3950,27,1777,27,2,False,3950.0,1.8,5600.0,255.0,253.2,31
P-core,2024-10-15,MO2411-P-3950,28,1454,28,2,False,3950.0,2.2,5500.0,225.4,223.20000000000002,30
P-core,2024-10-16,MO2411-P-3950,30,2000,30,2,False,3950.0,1.6,5500.0,215.8,214.20000000000002,29
P-core,2024-10-17,MO2411-P-3950,29,1777,29,2,False,3950.0,1.8,5500.0,223.4,221.6,28
P-core,2024-10-18,MO2411-P-3950,34,1333,34,2,False,3950.0,2.4,5700.0,219.0,216.6,27
P-core,2024-10-21,MO2412-P-3800,21,1000,21,2,False,3800.0,3.2,5900.0,402.6,399.40000000000003,59
P-core,2024-10-22,MO2412-P-3800,23,1142,23,2,False,3800.0,2.8,5900.0,379.4,376.59999999999997,58
P-core,2024-10-23,MO2412-P-3800,24,1333,24,2,False,3800.0,2.4,5900.0,368.0,365.6,57
P-core,2024-10-24,MO2412-P-3800,24,1454,24,2,False,3800.0,2.2,5900.0,357.8,355.6,56
P-core,2024-10-25,MO2412-P-3800,26,1777,26,2,False,3800.0,1.8,6000.0,340.0,338.2,55
P-core,2024-10-28,MO2412-P-3800,26,5333,26,2,False,3800.0,0.6,6100.0,356.8,356.2,52
P-core,2024-10-29,MO2412-P-3800,27,1600,27,2,False,3800.0,2.0,6000.0,333.0,331.0,51
P-core,2024-10-30,MO2412-P-3800,28,4000,28,2,False,3800.0,0.8,6000.0,320.2,319.4,50
P-core,2024-10-31,MO2412-P-3800,29,1600,29,2,False,3800.0,2.0,6100.0,332.0,330.0,49
P-core,2024-11-01,MO2412-P-3800,26,1777,26,2,False,3800.0,1.8,5900.0,337.4,335.59999999999997,48
P-core,2024-11-04,MO2412-P-3800,25,1777,25,2,False,3800.0,1.8,6100.0,371.2,369.4,45
P-core,2024-11-05,MO2412-P-3800,28,1600,28,2,False,3800.0,2.0,6300.0,365.4,363.4,44
P-core,2024-11-06,MO2412-P-3800,30,1230,30,2,False,3800.0,2.6,6300.0,342.6,340.0,43
P-core,2024-11-07,MO2412-P-3800,34,1230,34,2,False,3800.0,2.6,6400.0,313.0,310.4,42
P-core,2024-11-08,MO2412-P-3800,36,1066,36,2,False,3800.0,3.0,6400.0,298.0,295.0,41
P-core,2024-11-11,MO2412-P-3800,36,1333,36,2,False,3800.0,2.4,6600.0,314.0,311.6,38
P-core,2024-11-12,MO2412-P-3800,39,1142,39,2,False,3800.0,2.8,6500.0,280.4,277.59999999999997,37
P-core,2024-11-13,MO2412-P-3800,40,1600,40,2,False,3800.0,2.0,6500.0,273.6,271.6,36
P-core,2024-11-14,MO2412-P-3800,39,2000,39,2,False,3800.0,1.6,6300.0,256.8,255.20000000000002,35
P-core,2024-11-15,MO2412-P-3800,44,2285,44,2,False,3800.0,1.4,6100.0,217.6,216.2,34
P-core,2024-11-18,MO2412-P-3800,34,5333,34,2,False,3800.0,0.6,6000.0,260.2,259.59999999999997,31
P-core,2024-11-19,MO2412-P-3800,40,16000,40,2,False,3800.0,0.2,6100.0,234.6,234.4,30
P-core,2024-11-20,MO2501-P-5100,14,94,14,2,False,5100.0,33.8,6300.0,368.2,334.4,57
P-core,2024-11-21,MO2501-P-5100,14,108,14,2,False,5100.0,29.4,6300.0,364.6,335.20000000000005,56
P-core,2024-11-22,MO2501-P-5100,14,64,14,2,False,5100.0,49.4,6000.0,333.8,284.40000000000003,55
P-core,2024-11-25,MO2501-P-5100,12,67,12,2,False,5100.0,47.4,6100.0,372.8,325.40000000000003,52
P-core,2024-11-26,MO2501-P-5100,12,63,12,2,False,5100.0,50.4,6000.0,347.0,296.6,51
P-core,2024-11-27,MO2501-P-5100,16,104,16,2,False,5100.0,30.6,6100.0,294.8,264.2,50
P-core,2024-11-28,MO2501-P-5100,14,106,14,2,False,5100.0,30.0,6100.0,315.8,285.8,49
P-core,2024-11-29,MO2501-P-5100,15,172,15,2,False,5100.0,18.6,6200.0,310.6,292.0,48
P-core,2024-12-02,MO2501-P-5100,18,197,18,2,False,5100.0,16.2,6300.0,300.0,283.8,45
P-core,2024-12-03,MO2501-P-5100,18,213,18,2,False,5100.0,15.0,6300.0,296.6,281.6,44
P-core,2024-12-04,MO2501-P-5100,16,175,16,2,False,5100.0,18.2,6200.0,298.4,280.2,43
P-core,2024-12-05,MO2501-P-5100,17,197,17,2,False,5100.0,16.2,6300.0,307.6,291.40000000000003,42
P-core,2024-12-06,MO2501-P-5100,21,313,21,2,False,5100.0,10.2,6300.0,252.4,242.20000000000002,41
P-core,2024-12-09,MO2501-P-5100,18,307,18,2,False,5100.0,10.4,6300.0,281.0,270.6,38
P-core,2024-12-10,MO2501-P-5100,18,516,18,2,False,5100.0,6.2,6400.0,291.0,284.8,37
P-core,2024-12-11,MO2501-P-5100,25,484,25,2,False,5100.0,6.6,6400.0,228.4,221.8,36
P-core,2024-12-12,MO2501-P-5100,23,516,23,2,False,5100.0,6.2,6500.0,250.6,244.4,35
P-core,2024-12-13,MO2501-P-5100,21,470,21,2,False,5100.0,6.8,6400.0,253.2,246.39999999999998,34
P-core,2024-12-16,MO2501-P-5100,21,615,21,2,False,5100.0,5.2,6300.0,229.8,224.60000000000002,31
P-core,2024-12-17,MO2501-P-5100,23,533,23,2,False,5100.0,6.0,6100.0,188.2,182.2,30
P-core,2024-12-18,MO2501-P-5100,21,761,21,2,False,5100.0,4.2,6200.0,219.0,214.8,29
P-core,2024-12-19,MO2501-P-5100,23,727,23,2,False,5100.0,4.4,6200.0,202.8,198.4,28
P-core,2024-12-20,MO2501-P-5100,23,941,23,2,False,5100.0,3.4,6300.0,214.0,210.6,27
P-core,2024-12-23,MO2502-P-5300,13,65,13,2,False,5300.0,48.8,6100.0,306.8,258.0,59
P-core,2024-12-24,MO2502-P-5300,13,82,13,2,False,5300.0,38.8,6200.0,319.0,280.2,58
P-core,2024-12-25,MO2502-P-5300,13,74,13,2,False,5300.0,43.2,6100.0,294.6,251.40000000000003,57
P-core,2024-12-26,MO2502-P-5300,13,91,13,2,False,5300.0,35.0,6200.0,309.4,274.4,56
P-core,2024-12-27,MO2502-P-5300,14,119,14,2,False,5300.0,26.8,6200.0,291.4,264.59999999999997,55
P-core,2024-12-30,MO2502-P-5300,16,129,16,2,False,5300.0,24.8,6100.0,246.8,222.0,52
P-core,2024-12-31,MO2502-P-5300,11,72,11,2,False,5300.0,44.2,6000.0,299.6,255.40000000000003,51
P-core,2025-01-02,MO2502-P-5300,10,38,10,2,False,5300.0,82.6,5800.0,284.0,201.4,49
P-core,2025-01-03,MO2502-P-5200,11,33,11,2,False,5200.0,96.0,5600.0,256.6,160.60000000000002,48
P-core,2025-01-06,MO2502-P-5000,13,54,13,2,False,5000.0,59.0,5600.0,260.0,201.0,45
P-core,2025-01-07,MO2502-P-5000,13,88,13,2,False,5000.0,36.2,5700.0,254.2,218.0,44
P-core,2025-01-08,MO2502-P-5000,12,81,12,2,False,5000.0,39.2,5700.0,265.2,226.0,43
P-core,2025-01-09,MO2502-P-5000,12,80,12,2,False,5000.0,40.0,5700.0,266.0,226.0,42
P-core,2025-01-10,MO2502-P-5000,14,56,14,2,False,5000.0,56.6,5500.0,218.4,161.8,41
P-core,2025-01-13,MO2502-P-4950,12,71,12,2,False,4950.0,44.6,5600.0,261.2,216.6,38
P-core,2025-01-14,MO2502-P-4950,16,175,16,2,False,4950.0,18.2,5800.0,242.0,223.8,37
P-core,2025-01-15,MO2502-P-4950,15,173,15,2,False,4950.0,18.4,5800.0,243.8,225.4,36
P-core,2025-01-16,MO2502-P-4950,16,192,16,2,False,4950.0,16.6,5800.0,237.8,221.20000000000002,35
P-core,2025-01-17,MO2502-P-4950,19,231,19,2,False,4950.0,13.8,5800.0,208.0,194.2,34
P-core,2025-01-20,MO2502-P-4950,17,363,17,2,False,4950.0,8.8,5900.0,230.2,221.39999999999998,31
P-core,2025-01-21,MO2502-P-4950,20,500,20,2,False,4950.0,6.4,5900.0,207.4,201.0,30
P-core,2025-01-22,MO2503-P-3900,25,941,25,2,False,3900.0,3.4,5900.0,322.6,319.20000000000005,57
P-core,2025-01-23,MO2503-P-3900,29,1142,29,2,False,3900.0,2.8,5800.0,271.6,268.8,56
P-core,2025-01-24,MO2503-P-3900,34,1230,34,2,False,3900.0,2.6,5900.0,245.6,243.0,55
P-core,2025-01-27,MO2503-P-3900,33,1066,33,2,False,3900.0,3.0,5800.0,240.0,237.0,52
P-core,2025-02-05,MO2503-P-3900,32,5333,32,2,False,3900.0,0.6,5900.0,255.4,254.8,43
P-core,2025-02-06,MO2503-P-3900,41,2000,41,2,False,3900.0,1.6,6000.0,210.8,209.20000000000002,42
P-core,2025-02-07,MO2503-P-3900,43,2000,43,2,False,3900.0,1.6,6100.0,212.4,210.8,41
P-core,2025-02-10,MO2503-P-3900,39,2285,39,2,False,3900.0,1.4,6200.0,243.6,242.2,38
P-core,2025-02-11,MO2503-P-3900,40,2285,40,2,False,3900.0,1.4,6200.0,235.8,234.4,37
P-core,2025-02-12,MO2503-P-3900,41,2285,41,2,False,3900.0,1.4,6300.0,235.4,234.0,36
P-core,2025-02-13,MO2503-P-3900,45,2285,45,2,False,3900.0,1.4,6200.0,208.6,207.2,35
P-core,2025-02-14,MO2503-P-3900,53,2000,53,2,False,3900.0,1.6,6200.0,180.0,178.4,34
P-core,2025-02-17,MO2503-P-3900,43,2285,43,2,False,3900.0,1.4,6300.0,228.2,226.79999999999998,31
P-core,2025-02-18,MO2503-P-3900,54,2285,54,2,False,3900.0,1.4,6100.0,168.6,167.2,30
P-core,2025-02-19,MO2504-P-5200,17,238,17,2,False,5200.0,13.4,6300.0,281.2,267.8,57
P-core,2025-02-20,MO2504-P-5200,18,250,18,2,False,5200.0,12.8,6300.0,269.2,256.4,56
P-core,2025-02-21,MO2504-P-5200,21,432,21,2,False,5200.0,7.4,6400.0,247.8,240.4,55
P-core,2025-02-24,MO2504-P-5200,16,390,16,2,False,5200.0,8.2,6500.0,326.6,318.40000000000003,52
P-core,2025-02-25,MO2504-P-5200,19,410,19,2,False,5200.0,7.8,6400.0,276.0,268.2,51
P-core,2025-02-26,MO2504-P-5200,18,551,18,2,False,5200.0,5.8,6500.0,302.2,296.4,50
P-core,2025-02-27,MO2504-P-5200,18,533,18,2,False,5200.0,6.0,6500.0,301.2,295.2,49
P-core,2025-02-28,MO2504-P-5200,16,250,16,2,False,5200.0,12.8,6300.0,281.8,269.0,48
P-core,2025-03-03,MO2504-P-5200,16,285,16,2,False,5200.0,11.2,6300.0,283.2,272.0,45
P-core,2025-03-04,MO2504-P-5200,17,333,17,2,False,5200.0,9.6,6400.0,298.6,289.0,44
P-core,2025-03-05,MO2504-P-5200,18,516,18,2,False,5200.0,6.2,6400.0,282.0,275.8,43
P-core,2025-03-06,MO2504-P-5200,22,727,22,2,False,5200.0,4.4,6500.0,247.6,243.2,42
P-core,2025-03-07,MO2504-P-5200,21,640,21,2,False,5200.0,5.0,6500.0,255.8,250.8,41
P-core,2025-03-10,MO2504-P-5200,21,695,21,2,False,5200.0,4.6,6500.0,265.2,260.59999999999997,38
P-core,2025-03-11,MO2504-P-5200,19,727,19,2,False,5200.0,4.4,6600.0,301.2,296.8,37
P-core,2025-03-12,MO2504-P-5200,20,941,20,2,False,5200.0,3.4,6600.0,281.4,278.0,36
P-core,2025-03-13,MO2504-P-5200,20,888,20,2,False,5200.0,3.6,6500.0,266.2,262.59999999999997,35
P-core,2025-03-14,MO2504-P-5200,23,1142,23,2,False,5200.0,2.8,6600.0,249.0,246.2,34
P-core,2025-03-17,MO2504-P-5200,23,1454,23,2,False,5200.0,2.2,6600.0,254.4,252.20000000000002,31
P-core,2025-03-18,MO2504-P-5200,25,1333,25,2,False,5200.0,2.4,6600.0,232.2,229.79999999999998,30
P-core,2025-03-19,MO2505-P-5600,13,137,13,2,False,5600.0,23.2,6600.0,334.0,310.8,57
P-core,2025-03-20,MO2505-P-5600,15,130,15,2,False,5600.0,24.6,6500.0,285.4,260.79999999999995,56
P-core,2025-03-21,MO2505-P-5600,13,98,13,2,False,5600.0,32.6,6400.0,287.6,255.00000000000003,55
P-core,2025-03-24,MO2505-P-5600,11,106,11,2,False,5600.0,30.0,6400.0,306.6,276.6,52
P-core,2025-03-25,MO2505-P-5600,13,108,13,2,False,5600.0,29.6,6300.0,259.4,229.79999999999998,51
P-core,2025-03-26,MO2505-P-5600,14,132,14,2,False,5600.0,24.2,6300.0,245.8,221.60000000000002,50
P-core,2025-03-27,MO2505-P-5600,14,137,14,2,False,5600.0,23.2,6300.0,238.4,215.20000000000002,49
P-core,2025-03-28,MO2505-P-5600,12,115,12,2,False,5600.0,27.8,6300.0,270.0,242.2,48
P-core,2025-03-31,MO2505-P-5600,13,94,13,2,False,5600.0,33.8,6200.0,231.8,198.0,45
P-core,2025-04-01,MO2505-P-5600,11,106,11,2,False,5600.0,30.0,6300.0,277.4,247.39999999999998,44
P-core,2025-04-02,MO2505-P-5600,12,121,12,2,False,5600.0,26.4,6300.0,255.0,228.6,43
P-core,2025-04-03,MO2505-P-5600,13,89,13,2,False,5600.0,35.6,6200.0,234.2,198.6,42
P-core,2025-04-07,MO2505-P-5500,0,8,0,2,False,5500.0,400.0,5500.0,400.0,0.0,38
P-core,2025-04-08,MO2505-P-4900,12,34,12,2,False,4900.0,91.6,5500.0,303.0,211.4,37
P-core,2025-04-09,MO2505-P-4900,12,49,12,2,False,4900.0,64.4,5700.0,326.8,262.4,36
P-core,2025-04-10,MO2505-P-4900,15,98,15,2,False,4900.0,32.4,5800.0,270.6,238.20000000000002,35
P-core,2025-04-11,MO2505-P-4900,15,156,15,2,False,4900.0,20.4,5900.0,279.4,259.0,34
P-core,2025-04-14,MO2505-P-4900,20,205,20,2,False,4900.0,15.6,5900.0,230.0,214.4,31
P-core,2025-04-15,MO2505-P-4900,19,275,19,2,False,4900.0,11.6,5900.0,232.2,220.6,30
P-core,2025-04-16,MO2505-P-4900,19,225,19,2,False,4900.0,14.2,5800.0,214.4,200.20000000000002,29
P-core,2025-04-17,MO2505-P-4900,22,301,22,2,False,4900.0,10.6,5800.0,187.2,176.6,28
P-core,2025-04-18,MO2505-P-4900,22,313,22,2,False,4900.0,10.2,5800.0,185.0,174.8,27
P-core,2025-04-21,MO2506-P-3900,24,695,24,2,False,3900.0,4.6,6000.0,351.8,347.2,59
P-core,2025-04-22,MO2506-P-3900,30,551,30,2,False,3900.0,5.8,5900.0,284.4,278.59999999999997,58
P-core,2025-04-23,MO2506-P-3900,27,695,27,2,False,3900.0,4.6,6000.0,317.2,312.59999999999997,57
P-core,2025-04-24,MO2506-P-3900,29,615,29,2,False,3900.0,5.2,5900.0,286.0,280.8,56
P-core,2025-04-25,MO2506-P-3900,31,615,31,2,False,3900.0,5.2,5900.0,269.6,264.40000000000003,55
P-core,2025-04-28,MO2506-P-3900,27,666,27,2,False,3900.0,4.8,5900.0,301.4,296.59999999999997,52
P-core,2025-04-29,MO2506-P-3900,30,666,30,2,False,3900.0,4.8,5900.0,281.0,276.2,51
P-core,2025-04-30,MO2506-P-3900,27,571,27,2,False,3900.0,5.6,6000.0,318.8,313.2,50
P-core,2025-05-06,MO2506-P-3900,36,1142,36,2,False,3900.0,2.8,6100.0,254.0,251.2,44
P-core,2025-05-07,MO2506-P-3900,36,1230,36,2,False,3900.0,2.6,6100.0,251.0,248.4,43
P-core,2025-05-08,MO2506-P-3900,33,1333,33,2,False,3900.0,2.4,6200.0,277.0,274.6,42
P-core,2025-05-09,MO2506-P-3900,35,1333,35,2,False,3900.0,2.4,6100.0,258.0,255.6,41
P-core,2025-05-12,MO2506-P-3900,35,1454,35,2,False,3900.0,2.2,6200.0,266.4,264.2,38
P-core,2025-05-13,MO2506-P-3900,33,1454,33,2,False,3900.0,2.2,6200.0,281.2,279.0,37
P-core,2025-05-14,MO2506-P-3900,35,5333,35,2,False,3900.0,0.6,6200.0,259.6,259.0,36
P-core,2025-05-15,MO2506-P-3900,36,1777,36,2,False,3900.0,1.8,6100.0,246.0,244.2,35
P-core,2025-05-16,MO2506-P-3900,37,1777,37,2,False,3900.0,1.8,6100.0,240.6,238.79999999999998,34
P-core,2025-05-19,MO2506-P-3900,42,2285,42,2,False,3900.0,1.4,6100.0,214.8,213.4,31
P-core,2025-05-20,MO2506-P-3900,49,2666,49,2,False,3900.0,1.2,6100.0,185.4,184.20000000000002,30
P-core,2025-05-21,MO2507-P-5200,14,123,14,2,False,5200.0,26.0,6100.0,299.6,273.6,57
P-core,2025-05-22,MO2507-P-5200,12,90,12,2,False,5200.0,35.2,6100.0,339.4,304.2,56
P-core,2025-05-23,MO2507-P-5200,12,71,12,2,False,5200.0,44.8,6000.0,325.0,280.2,55
P-core,2025-05-26,MO2507-P-5200,14,80,14,2,False,5200.0,39.6,6000.0,290.4,250.79999999999998,52
P-core,2025-05-27,MO2507-P-5200,13,92,13,2,False,5200.0,34.6,6000.0,286.6,252.00000000000003,51
P-core,2025-05-28,MO2507-P-5200,13,89,13,2,False,5200.0,35.8,6000.0,296.8,261.0,50
P-core,2025-05-29,MO2507-P-5200,15,144,15,2,False,5200.0,22.2,6100.0,273.2,251.0,49
P-core,2025-05-30,MO2507-P-5200,16,126,16,2,False,5200.0,25.2,6000.0,240.0,214.8,48
P-core,2025-06-03,MO2507-P-5200,14,160,14,2,False,5200.0,20.0,6100.0,282.4,262.4,44
P-core,2025-06-04,MO2507-P-5200,17,205,17,2,False,5200.0,15.6,6100.0,242.4,226.8,43
P-core,2025-06-05,MO2507-P-5200,15,228,15,2,False,5200.0,14.0,6200.0,277.2,263.2,42
P-core,2025-06-06,MO2507-P-5200,15,231,15,2,False,5200.0,13.8,6200.0,273.2,259.4,41
P-core,2025-06-09,MO2507-P-5200,20,333,20,2,False,5200.0,9.6,6200.0,223.2,213.6,38
P-core,2025-06-10,MO2507-P-5200,16,258,16,2,False,5200.0,12.4,6200.0,253.0,240.6,37
P-core,2025-06-11,MO2507-P-5200,18,290,18,2,False,5200.0,11.0,6200.0,233.0,222.0,36
P-core,2025-06-12,MO2507-P-5200,19,258,19,2,False,5200.0,12.4,6200.0,231.2,218.79999999999998,35
P-core,2025-06-13,MO2507-P-5200,19,210,19,2,False,5200.0,15.2,6100.0,208.2,193.0,34
P-core,2025-06-16,MO2507-P-5200,24,326,24,2,False,5200.0,9.8,6100.0,171.6,161.79999999999998,31
P-core,2025-06-17,MO2507-P-5200,25,340,25,2,False,5200.0,9.4,6100.0,166.2,156.79999999999998,30
P-core,2025-06-18,MO2508-P-5300,15,97,15,2,False,5300.0,32.8,6100.0,270.0,237.2,57
P-core,2025-06-19,MO2508-P-5300,16,81,16,2,False,5300.0,39.4,6000.0,237.6,198.2,56
P-core,2025-06-20,MO2508-P-5300,14,83,14,2,False,5300.0,38.4,6000.0,242.8,204.4,55
P-core,2025-06-23,MO2508-P-5300,14,113,14,2,False,5300.0,28.2,6100.0,263.2,235.0,52
P-core,2025-06-24,MO2508-P-5300,16,192,16,2,False,5300.0,16.6,6200.0,246.6,230.0,51
P-core,2025-06-25,MO2508-P-5300,17,216,17,2,False,5300.0,14.8,6300.0,257.8,243.0,50
P-core,2025-06-26,MO2508-P-5300,21,275,21,2,False,5300.0,11.6,6200.0,197.0,185.4,49
P-core,2025-06-27,MO2508-P-5300,17,333,17,2,False,5300.0,9.6,6300.0,240.4,230.8,48
P-core,2025-06-30,MO2508-P-5300,17,390,17,2,False,5300.0,8.2,6400.0,270.4,262.2,45
P-core,2025-07-01,MO2508-P-5300,17,363,17,2,False,5300.0,8.8,6400.0,275.0,266.2,44
P-core,2025-07-02,MO2508-P-5300,20,390,20,2,False,5300.0,8.2,6300.0,217.2,209.0,43
P-core,2025-07-03,MO2508-P-5300,22,432,22,2,False,5300.0,7.4,6300.0,204.4,197.0,42
P-core,2025-07-04,MO2508-P-5300,20,380,20,2,False,5300.0,8.4,6300.0,213.8,205.4,41
P-core,2025-07-07,MO2508-P-5300,20,372,20,2,False,5300.0,8.6,6300.0,214.6,206.0,38
P-core,2025-07-08,MO2508-P-5300,21,551,21,2,False,5300.0,5.8,6400.0,217.2,211.39999999999998,37
P-core,2025-07-09,MO2508-P-5300,21,500,21,2,False,5300.0,6.4,6400.0,222.2,215.79999999999998,36
P-core,2025-07-10,MO2508-P-5300,22,533,22,2,False,5300.0,6.0,6400.0,209.2,203.2,35
P-core,2025-07-11,MO2508-P-5300,22,640,22,2,False,5300.0,5.0,6500.0,221.8,216.8,34
P-core,2025-07-14,MO2508-P-5300,22,666,22,2,False,5300.0,4.8,6500.0,225.0,220.2,31
P-core,2025-07-15,MO2508-P-5300,29,592,29,2,False,5300.0,5.4,6400.0,165.4,160.0,30
P-core,2025-07-16,MO2508-P-5300,23,800,23,2,False,5300.0,4.0,6500.0,214.6,210.6,29
P-core,2025-07-17,MO2508-P-5300,35,1066,35,2,False,5300.0,3.0,6500.0,148.2,145.2,28
P-core,2025-07-18,MO2508-P-5300,27,1066,27,2,False,5300.0,3.0,6600.0,190.0,187.0,27
P-core,2025-07-21,MO2509-P-4000,40,842,40,2,False,4000.0,3.8,6600.0,267.8,264.0,59
P-core,2025-07-22,MO2509-P-4000,43,842,43,2,False,4000.0,3.8,6600.0,254.0,250.2,58
P-core,2025-07-23,MO2509-P-4000,40,727,40,2,False,4000.0,4.4,6600.0,265.8,261.40000000000003,57
P-core,2025-07-24,MO2509-P-4000,43,761,43,2,False,4000.0,4.2,6700.0,261.0,256.8,56
P-core,2025-07-25,MO2509-P-4000,40,888,40,2,False,4000.0,3.6,6700.0,274.6,271.0,55
P-core,2025-07-28,MO2509-P-4000,42,888,42,2,False,4000.0,3.6,6700.0,264.8,261.2,52
P-core,2025-07-29,MO2509-P-4000,39,888,39,2,False,4000.0,3.6,6800.0,295.0,291.4,51
P-core,2025-07-30,MO2509-P-4000,44,888,44,2,False,4000.0,3.6,6700.0,252.2,248.6,50
P-core,2025-07-31,MO2509-P-4000,38,800,38,2,False,4000.0,4.0,6700.0,288.0,284.0,49
P-core,2025-08-01,MO2509-P-4000,41,888,41,2,False,4000.0,3.6,6700.0,269.0,265.4,48
P-core,2025-08-04,MO2509-P-4000,54,1000,54,2,False,4000.0,3.2,6700.0,206.8,203.60000000000002,45
P-core,2025-08-05,MO2509-P-4000,47,8000,47,2,False,4000.0,0.4,6800.0,242.0,241.6,44
P-core,2025-08-06,MO2509-P-4000,47,1333,47,2,False,4000.0,2.4,6900.0,250.4,248.0,43
P-core,2025-08-07,MO2509-P-4000,45,1230,45,2,False,4000.0,2.6,6900.0,259.0,256.4,42
P-core,2025-08-08,MO2509-P-4000,58,1230,58,2,False,4000.0,2.6,6800.0,199.8,197.20000000000002,41
P-core,2025-08-11,MO2509-P-4000,62,3200,62,2,False,4000.0,1.0,6900.0,192.6,191.6,38
P-core,2025-08-12,MO2509-P-4000,51,1454,51,2,False,4000.0,2.2,7000.0,238.0,235.8,37
P-core,2025-08-13,MO2509-P-4000,52,1454,52,2,False,4000.0,2.2,7100.0,242.4,240.20000000000002,36
P-core,2025-08-14,MO2509-P-4000,55,1600,55,2,False,4000.0,2.0,7000.0,218.6,216.6,35
P-core,2025-08-15,MO2509-P-4000,63,2285,63,2,False,4000.0,1.4,7100.0,201.8,200.4,34
P-core,2025-08-18,MO2509-P-4000,55,2666,55,2,False,4000.0,1.2,7200.0,238.8,237.60000000000002,31
P-core,2025-08-19,MO2509-P-4000,59,5333,59,2,False,4000.0,0.6,7200.0,223.0,222.4,30
P-core,2025-08-20,MO2510-P-5800,18,363,18,2,False,5800.0,8.8,7300.0,348.0,339.2,57
P-core,2025-08-21,MO2510-P-5800,16,313,16,2,False,5800.0,10.2,7300.0,373.8,363.6,56
P-core,2025-08-22,MO2510-P-5800,19,313,19,2,False,5800.0,10.2,7400.0,349.2,339.0,55
P-core,2025-08-25,MO2510-P-5800,19,347,19,2,False,5800.0,9.2,7500.0,372.6,363.40000000000003,52
P-core,2025-08-26,MO2510-P-5800,20,340,20,2,False,5800.0,9.4,7500.0,361.8,352.40000000000003,51
P-core,2025-08-27,MO2510-P-5800,21,326,21,2,False,5800.0,9.8,7300.0,312.8,303.0,50
P-core,2025-08-28,MO2510-P-5800,21,372,21,2,False,5800.0,8.6,7400.0,328.2,319.59999999999997,49
P-core,2025-08-29,MO2510-P-5800,21,296,21,2,False,5800.0,10.8,7400.0,334.2,323.4,48
P-core,2025-09-01,MO2510-P-5800,19,320,19,2,False,5800.0,10.0,7500.0,373.0,363.0,45
P-core,2025-09-02,MO2510-P-5800,20,231,20,2,False,5800.0,13.8,7300.0,325.6,311.8,44
P-core,2025-09-03,MO2510-P-5800,19,235,19,2,False,5800.0,13.6,7200.0,310.8,297.2,43
P-core,2025-09-04,MO2510-P-5800,20,205,20,2,False,5800.0,15.6,7000.0,271.6,256.0,42
P-core,2025-09-05,MO2510-P-5800,23,390,23,2,False,5800.0,8.2,7200.0,262.2,254.0,41
P-core,2025-09-08,MO2510-P-5800,21,400,21,2,False,5800.0,8.0,7300.0,299.2,291.2,38
P-core,2025-09-09,MO2510-P-5800,22,390,22,2,False,5800.0,8.2,7200.0,275.2,267.0,37
P-core,2025-09-10,MO2510-P-5800,23,432,23,2,False,5800.0,7.4,7200.0,265.8,258.40000000000003,36
P-core,2025-09-11,MO2510-P-5800,25,615,25,2,False,5800.0,5.2,7400.0,263.6,258.40000000000003,35
P-core,2025-09-12,MO2510-P-5800,27,571,27,2,False,5800.0,5.6,7400.0,250.0,244.4,34
P-core,2025-09-15,MO2510-P-5800,26,444,26,2,False,5800.0,7.2,7400.0,262.8,255.60000000000002,31
P-core,2025-09-16,MO2510-P-5800,25,533,25,2,False,5800.0,6.0,7500.0,280.0,274.0,30
P-core,2025-09-17,MO2510-P-5800,26,571,26,2,False,5800.0,5.6,7600.0,285.2,279.59999999999997,29
P-core,2025-09-18,MO2510-P-5800,25,516,25,2,False,5800.0,6.2,7500.0,282.8,276.6,28
P-core,2025-09-19,MO2510-P-5800,31,695,31,2,False,5800.0,4.6,7400.0,218.8,214.20000000000002,27
P-core,2025-09-22,MO2511-P-6300,13,78,13,2,False,6300.0,41.0,7500.0,414.8,373.8,59
P-core,2025-09-23,MO2511-P-6300,13,61,13,2,False,6300.0,52.4,7400.0,406.6,354.20000000000005,58
P-core,2025-09-24,MO2511-P-6300,16,84,16,2,False,6300.0,37.8,7500.0,364.2,326.4,57
P-core,2025-09-25,MO2511-P-6300,15,102,15,2,False,6300.0,31.2,7500.0,366.6,335.40000000000003,56
P-core,2025-09-26,MO2511-P-6300,14,95,14,2,False,6300.0,33.4,7400.0,355.0,321.6,55
P-core,2025-09-29,MO2511-P-6300,16,134,16,2,False,6300.0,23.8,7500.0,332.6,308.8,52
P-core,2025-09-30,MO2511-P-6300,16,173,16,2,False,6300.0,18.4,7600.0,343.2,324.8,51
P-core,2025-10-09,MO2511-P-6300,22,333,22,2,False,6300.0,9.6,7600.0,261.6,252.00000000000003,42
P-core,2025-10-10,MO2511-P-6300,20,296,20,2,False,6300.0,10.8,7500.0,260.2,249.39999999999998,41
P-core,2025-10-13,MO2511-P-6300,18,222,18,2,False,6300.0,14.4,7500.0,293.2,278.8,38
P-core,2025-10-14,MO2511-P-6300,15,134,15,2,False,6300.0,23.8,7400.0,316.2,292.4,37
P-core,2025-10-15,MO2511-P-6300,18,307,18,2,False,6300.0,10.4,7500.0,284.0,273.6,36
P-core,2025-10-16,MO2511-P-6300,17,250,17,2,False,6300.0,12.8,7400.0,274.2,261.4,35
P-core,2025-10-17,MO2511-P-6300,14,132,14,2,False,6300.0,24.2,7200.0,280.0,255.8,34
P-core,2025-10-20,MO2511-P-6300,17,197,17,2,False,6300.0,16.2,7200.0,243.4,227.20000000000002,31
P-core,2025-10-21,MO2511-P-6300,20,400,20,2,False,6300.0,8.0,7300.0,217.6,209.6,30
P-core,2025-10-22,MO2512-P-4900,28,666,28,2,False,4900.0,4.8,7300.0,350.8,346.0,57
P-core,2025-10-23,MO2512-P-4900,29,666,29,2,False,4900.0,4.8,7300.0,346.0,341.2,56
P-core,2025-10-24,MO2512-P-4900,32,761,32,2,False,4900.0,4.2,7400.0,324.6,320.40000000000003,55
P-core,2025-10-27,MO2512-P-4900,30,1000,30,2,False,4900.0,3.2,7500.0,354.4,351.2,52
P-core,2025-10-28,MO2512-P-4900,31,1333,31,2,False,4900.0,2.4,7500.0,337.6,335.20000000000005,51
P-core,2025-10-29,MO2512-P-4900,32,1066,32,2,False,4900.0,3.0,7600.0,337.0,334.0,50
P-core,2025-10-30,MO2512-P-4900,32,1230,32,2,False,4900.0,2.6,7500.0,327.0,324.4,49
P-core,2025-10-31,MO2512-P-4900,34,1142,34,2,False,4900.0,2.8,7500.0,314.6,311.8,48
P-core,2025-11-03,MO2512-P-4900,37,4000,37,2,False,4900.0,0.8,7500.0,287.0,286.2,45
P-core,2025-11-04,MO2512-P-4900,35,4000,35,2,False,4900.0,0.8,7400.0,297.8,297.0,44
P-core,2025-11-05,MO2512-P-4900,31,1600,31,2,False,4900.0,2.0,7500.0,336.0,334.0,43
P-core,2025-11-06,MO2512-P-4900,33,1454,33,2,False,4900.0,2.2,7600.0,326.2,324.0,42
P-core,2025-11-07,MO2512-P-4900,41,1600,41,2,False,4900.0,2.0,7500.0,260.0,258.0,41
P-core,2025-11-10,MO2512-P-4900,35,1777,35,2,False,4900.0,1.8,7600.0,307.6,305.8,38
P-core,2025-11-11,MO2512-P-4900,41,2000,41,2,False,4900.0,1.6,7500.0,265.0,263.4,37
P-core,2025-11-12,MO2512-P-4900,38,1777,38,2,False,4900.0,1.8,7500.0,279.0,277.2,36
P-core,2025-11-13,MO2512-P-4900,41,2285,41,2,False,4900.0,1.4,7600.0,268.0,266.6,35
P-core,2025-11-14,MO2512-P-4900,42,2666,42,2,False,4900.0,1.2,7500.0,250.4,249.20000000000002,34
P-core,2025-11-17,MO2512-P-4900,46,16000,46,2,False,4900.0,0.2,7500.0,228.8,228.60000000000002,31
P-core,2025-11-18,MO2512-P-4900,50,2285,50,2,False,4900.0,1.4,7400.0,206.0,204.6,30
P-core,2025-11-19,MO2601-P-6400,14,97,14,2,False,6400.0,32.8,7400.0,336.4,303.59999999999997,57
P-core,2025-11-20,MO2601-P-6400,15,95,15,2,False,6400.0,33.4,7300.0,286.4,252.99999999999997,56
P-core,2025-11-21,MO2601-P-6400,11,49,11,2,False,6400.0,64.8,7100.0,315.0,250.2,55
P-core,2025-11-24,MO2601-P-6300,12,80,12,2,False,6300.0,39.6,7200.0,327.4,287.79999999999995,52
P-core,2025-11-25,MO2601-P-6300,16,117,16,2,False,6300.0,27.2,7200.0,267.0,239.8,51
P-core,2025-11-26,MO2601-P-6300,17,137,17,2,False,6300.0,23.2,7200.0,259.0,235.8,50
P-core,2025-11-27,MO2601-P-6300,13,156,13,2,False,6300.0,20.4,7300.0,318.4,298.0,49
P-core,2025-11-28,MO2601-P-6300,17,213,17,2,False,6300.0,15.0,7300.0,265.6,250.60000000000002,48
P-core,2025-12-01,MO2601-P-6300,16,266,16,2,False,6300.0,12.0,7400.0,296.8,284.8,45
P-core,2025-12-02,MO2601-P-6300,17,271,17,2,False,6300.0,11.8,7300.0,262.8,251.0,44
P-core,2025-12-03,MO2601-P-6300,18,253,18,2,False,6300.0,12.6,7200.0,230.0,217.4,43
P-core,2025-12-04,MO2601-P-6300,19,290,19,2,False,6300.0,11.0,7200.0,214.8,203.8,42
P-core,2025-12-05,MO2601-P-6300,22,363,22,2,False,6300.0,8.8,7300.0,205.2,196.39999999999998,41
P-core,2025-12-08,MO2601-P-6300,22,470,22,2,False,6300.0,6.8,7400.0,214.4,207.6,38
P-core,2025-12-09,MO2601-P-6300,20,470,20,2,False,6300.0,6.8,7400.0,229.2,222.39999999999998,37
P-core,2025-12-10,MO2601-P-6300,21,470,21,2,False,6300.0,6.8,7400.0,221.0,214.2,36
P-core,2025-12-11,MO2601-P-6300,21,432,21,2,False,6300.0,7.4,7300.0,204.8,197.4,35
P-core,2025-12-12,MO2601-P-6300,21,484,21,2,False,6300.0,6.6,7400.0,220.4,213.8,34
P-core,2025-12-15,MO2601-P-6300,23,533,23,2,False,6300.0,6.0,7300.0,184.6,178.6,31
P-core,2025-12-16,MO2601-P-6300,19,380,19,2,False,6300.0,8.4,7200.0,197.0,188.6,30
P-core,2025-12-17,MO2602-P-6300,15,136,15,2,False,6300.0,23.4,7300.0,295.8,272.40000000000003,58
P-core,2025-12-18,MO2602-P-6300,15,133,15,2,False,6300.0,24.0,7300.0,300.0,276.0,57
P-core,2025-12-19,MO2602-P-6300,18,170,18,2,False,6300.0,18.8,7300.0,255.0,236.2,56
P-core,2025-12-22,MO2602-P-6300,17,228,17,2,False,6300.0,14.0,7400.0,277.0,263.0,53
P-core,2025-12-23,MO2602-P-6300,17,235,17,2,False,6300.0,13.6,7400.0,275.0,261.4,52
P-core,2025-12-24,MO2602-P-6300,19,313,19,2,False,6300.0,10.2,7500.0,268.8,258.6,51
P-core,2025-12-25,MO2602-P-6300,19,432,19,2,False,6300.0,7.4,7600.0,283.0,275.6,50
P-core,2025-12-26,MO2602-P-6300,22,444,22,2,False,6300.0,7.2,7600.0,255.6,248.4,49
P-core,2025-12-29,MO2602-P-6300,20,363,20,2,False,6300.0,8.8,7600.0,275.8,267.0,46
P-core,2025-12-30,MO2602-P-6300,20,380,20,2,False,6300.0,8.4,7600.0,273.0,264.6,45
P-core,2025-12-31,MO2602-P-6300,20,380,20,2,False,6300.0,8.4,7600.0,278.4,270.0,44
P-core,2026-01-05,MO2602-P-6300,21,666,21,2,False,6300.0,4.8,7800.0,284.6,279.8,39
P-core,2026-01-06,MO2602-P-6300,22,800,22,2,False,6300.0,4.0,7900.0,295.0,291.0,38
P-core,2026-01-07,MO2602-P-6300,25,800,25,2,False,6300.0,4.0,7900.0,269.8,265.8,37
P-core,2026-01-08,MO2602-P-6300,24,941,24,2,False,6300.0,3.4,8000.0,294.0,290.6,36
P-core,2026-01-09,MO2602-P-6300,30,800,30,2,False,6300.0,4.0,8100.0,253.8,249.8,35
P-core,2026-01-12,MO2602-P-6300,25,842,25,2,False,6300.0,3.8,8400.0,339.8,336.0,32
P-core,2026-01-13,MO2602-P-6300,30,695,30,2,False,6300.0,4.6,8200.0,266.0,261.4,31
P-core,2026-01-14,MO2602-P-6300,25,888,25,2,False,6300.0,3.6,8300.0,321.2,317.59999999999997,30
P-core,2026-01-15,MO2602-P-6300,33,2285,33,2,False,6300.0,1.4,8200.0,238.0,236.6,29
P-core,2026-01-16,MO2602-P-6300,36,1333,36,2,False,6300.0,2.4,8200.0,220.8,218.4,28
P-core,2026-01-19,MO2603-P-4900,37,1600,37,2,False,4900.0,2.0,8300.0,369.8,367.8,59
P-core,2026-01-20,MO2603-P-4900,42,1454,42,2,False,4900.0,2.2,8200.0,321.0,318.8,58
P-core,2026-01-21,MO2603-P-4900,50,1600,50,2,False,4900.0,2.0,8200.0,274.4,272.4,57
P-core,2026-01-22,MO2603-P-4900,47,1600,47,2,False,4900.0,2.0,8300.0,295.2,293.2,56
P-core,2026-01-23,MO2603-P-4900,44,1600,44,2,False,4900.0,2.0,8500.0,327.0,325.0,55
P-core,2026-01-26,MO2603-P-4900,38,1600,38,2,False,4900.0,2.0,8400.0,376.6,374.6,52
P-core,2026-01-27,MO2603-P-4900,41,1777,41,2,False,4900.0,1.8,8400.0,343.2,341.4,51
P-core,2026-01-28,MO2603-P-4900,42,2000,42,2,False,4900.0,1.6,8400.0,337.6,336.0,50
P-core,2026-01-29,MO2603-P-4900,48,2285,48,2,False,4900.0,1.4,8300.0,289.6,288.20000000000005,49
P-core,2026-01-30,MO2603-P-4900,42,1777,42,2,False,4900.0,1.8,8300.0,327.0,325.2,48
P-core,2026-02-02,MO2603-P-4900,30,842,30,2,False,4900.0,3.8,8000.0,417.2,413.4,45
P-core,2026-02-03,MO2603-P-4900,44,3200,44,2,False,4900.0,1.0,8200.0,308.0,307.0,44
P-core,2026-02-04,MO2603-P-4900,46,1777,46,2,False,4900.0,1.8,8200.0,292.8,291.0,43
P-core,2026-02-05,MO2603-P-4900,43,1230,43,2,False,4900.0,2.6,8100.0,301.8,299.2,42
P-core,2026-02-06,MO2603-P-4900,40,800,40,2,False,4900.0,4.0,8100.0,325.4,321.4,41
P-core,2026-02-09,MO2603-P-4900,55,1000,55,2,False,4900.0,3.2,8200.0,248.0,244.8,38
P-core,2026-02-10,MO2603-P-4900,48,1454,48,2,False,4900.0,2.2,8300.0,284.8,282.6,37
P-core,2026-02-11,MO2603-P-4900,57,1454,57,2,False,4900.0,2.2,8200.0,236.8,234.60000000000002,36
P-core,2026-02-12,MO2603-P-4900,59,1600,59,2,False,4900.0,2.0,8300.0,234.2,232.2,35
P-core,2026-02-13,MO2603-P-4900,50,1333,50,2,False,4900.0,2.4,8200.0,267.4,265.0,34
P-core,2026-02-24,MO2604-P-7100,17,108,17,2,False,7100.0,29.6,8300.0,326.2,296.59999999999997,51
P-core,2026-02-25,MO2604-P-7100,20,149,20,2,False,7100.0,21.4,8400.0,297.8,276.40000000000003,50
P-core,2026-02-26,MO2604-P-7100,19,183,19,2,False,7100.0,17.4,8500.0,326.0,308.6,49
P-core,2026-02-27,MO2604-P-7100,19,213,19,2,False,7100.0,15.0,8600.0,334.4,319.4,48
P-core,2026-03-02,MO2604-P-7100,19,177,19,2,False,7100.0,18.0,8500.0,322.4,304.4,45
P-core,2026-03-03,MO2604-P-7100,17,87,17,2,False,7100.0,36.4,8100.0,288.2,251.79999999999998,44
P-core,2026-03-04,MO2604-P-7100,15,70,15,2,False,7100.0,45.2,8100.0,325.8,280.6,43
P-core,2026-03-05,MO2604-P-7100,16,86,16,2,False,7100.0,36.8,8200.0,308.8,272.0,42
P-core,2026-03-06,MO2604-P-7100,20,99,20,2,False,7100.0,32.2,8200.0,267.6,235.40000000000003,41
P-core,2026-03-09,MO2604-P-7100,18,71,18,2,False,7100.0,44.6,8200.0,294.0,249.4,38
P-core,2026-03-10,MO2604-P-7100,19,115,19,2,False,7100.0,27.6,8400.0,305.2,277.59999999999997,37
P-core,2026-03-11,MO2604-P-7100,18,105,18,2,False,7100.0,30.2,8400.0,318.0,287.8,36
P-core,2026-03-12,MO2604-P-7100,19,111,19,2,False,7100.0,28.6,8300.0,295.4,266.79999999999995,35
P-core,2026-03-13,MO2604-P-7100,18,90,18,2,False,7100.0,35.2,8200.0,286.6,251.40000000000003,34
P-core,2026-03-16,MO2604-P-7100,19,122,19,2,False,7100.0,26.2,8200.0,272.4,246.2,31
P-core,2026-03-17,MO2604-P-7100,17,97,17,2,False,7100.0,32.8,8000.0,255.0,222.2,30
P-core,2026-03-18,MO2605-P-7200,13,39,13,2,False,7200.0,82.0,8100.0,363.8,281.8,57
P-core,2026-03-19,MO2605-P-7200,12,27,12,2,False,7200.0,114.8,7900.0,360.8,246.0,56
P-core,2026-03-20,MO2605-P-7100,11,27,11,2,False,7100.0,115.6,7800.0,365.0,249.4,55
P-core,2026-03-23,MO2605-P-7000,11,11,11,2,False,7000.0,273.6,7400.0,432.0,158.39999999999998,52
P-core,2026-03-24,MO2605-P-6600,14,45,14,2,False,6600.0,71.0,7600.0,369.8,298.8,51
P-core,2026-03-25,MO2605-P-6600,14,62,14,2,False,6600.0,51.0,7800.0,386.6,335.6,50
P-core,2026-03-26,MO2605-P-6600,16,46,16,2,False,6600.0,68.8,7600.0,343.2,274.4,49
P-core,2026-03-27,MO2605-P-6600,18,57,18,2,False,6600.0,55.6,7700.0,325.0,269.4,48
P-core,2026-03-30,MO2605-P-6600,15,55,15,2,False,6600.0,57.6,7800.0,382.6,325.0,45
P-core,2026-03-31,MO2605-P-6600,16,48,16,2,False,6600.0,65.6,7600.0,337.0,271.4,44
P-core,2026-04-01,MO2605-P-6600,16,83,16,2,False,6600.0,38.4,7800.0,347.4,309.0,43
P-core,2026-04-02,MO2605-P-6600,16,55,16,2,False,6600.0,57.8,7600.0,329.8,272.0,42
P-core,2026-04-03,MO2605-P-6600,16,46,16,2,False,6600.0,69.4,7500.0,311.0,241.6,41
P-core,2026-04-07,MO2605-P-6600,17,58,17,2,False,6600.0,55.0,7600.0,303.0,248.0,37
P-core,2026-04-08,MO2605-P-6600,20,190,20,2,False,6600.0,16.8,8000.0,301.2,284.4,36
P-core,2026-04-09,MO2605-P-6600,22,181,22,2,False,6600.0,17.6,7900.0,265.0,247.4,35
P-core,2026-04-10,MO2605-P-6600,23,190,23,2,False,6600.0,16.8,8000.0,268.0,251.2,34
P-core,2026-04-13,MO2605-P-6600,24,170,24,2,False,6600.0,18.8,8000.0,260.4,241.59999999999997,31
P-core,2026-04-14,MO2605-P-6600,27,228,27,2,False,6600.0,14.0,8100.0,250.8,236.8,30
P-core,2026-04-15,MO2605-P-6600,26,253,26,2,False,6600.0,12.6,8100.0,250.6,238.0,29
P-core,2026-04-16,MO2605-P-6600,30,457,30,2,False,6600.0,7.0,8200.0,225.2,218.2,28
P-core,2026-04-17,MO2605-P-6600,32,470,32,2,False,6600.0,6.8,8300.0,222.8,216.0,27
P-core,2026-04-20,MO2606-P-5200,30,470,30,2,False,5200.0,6.8,8400.0,431.2,424.4,59
P-core,2026-04-21,MO2606-P-5200,31,551,31,2,False,5200.0,5.8,8400.0,425.6,419.8,58
P-core,2026-04-22,MO2606-P-5200,34,695,34,2,False,5200.0,4.6,8500.0,401.8,397.2,57
P-core,2026-04-23,MO2606-P-5200,33,727,33,2,False,5200.0,4.4,8400.0,398.8,394.40000000000003,56
P-core,2026-04-24,MO2606-P-5200,35,727,35,2,False,5200.0,4.4,8300.0,368.6,364.20000000000005,55
P-core,2026-04-27,MO2606-P-5200,38,888,38,2,False,5200.0,3.6,8300.0,341.6,338.0,52
P-core,2026-04-28,MO2606-P-5200,38,888,38,2,False,5200.0,3.6,8200.0,324.8,321.2,51
P-core,2026-04-29,MO2606-P-5200,42,1000,42,2,False,5200.0,3.2,8300.0,303.2,300.0,50
P-core,2026-04-30,MO2606-P-5200,39,1142,39,2,False,5200.0,2.8,8400.0,336.4,333.59999999999997,49
P-core,2026-05-06,MO2606-P-5200,43,1333,43,2,False,5200.0,2.4,8600.0,323.6,321.20000000000005,43
P-core,2026-05-07,MO2606-P-5200,46,1333,46,2,False,5200.0,2.4,8700.0,312.0,309.6,42
P-core,2026-05-08,MO2606-P-5200,46,1333,46,2,False,5200.0,2.4,8700.0,311.8,309.40000000000003,41
P-core,2026-05-11,MO2606-P-5200,40,1333,40,2,False,5200.0,2.4,8900.0,378.0,375.6,38
P-core,2026-05-12,MO2606-P-5200,44,1142,44,2,False,5200.0,2.8,8800.0,338.2,335.4,37
P-core,2026-05-13,MO2606-P-5200,41,1777,41,2,False,5200.0,1.8,9000.0,369.0,367.2,36
P-core,2026-05-14,MO2606-P-5200,46,1600,46,2,False,5200.0,2.0,8800.0,318.0,316.0,35
P-core,2026-05-15,MO2606-P-5200,45,1777,45,2,False,5200.0,1.8,8700.0,314.6,312.8,34
P-core,2026-05-18,MO2606-P-5200,51,1777,51,2,False,5200.0,1.8,8700.0,280.8,279.0,31
P-core,2026-05-19,MO2606-P-5200,52,2000,52,2,False,5200.0,1.6,8800.0,282.6,281.0,30
P-core,2026-05-20,MO2607-P-7400,15,67,15,2,False,7400.0,47.2,8800.0,432.6,385.40000000000003,58
P-core,2026-05-21,MO2607-P-7400,14,47,14,2,False,7400.0,67.8,8500.0,403.0,335.2,57
P-core,2026-05-22,MO2607-P-7400,14,66,14,2,False,7400.0,48.4,8700.0,424.0,375.6,56
P-core,2026-05-25,MO2607-P-7400,15,82,15,2,False,7400.0,38.8,8800.0,434.8,396.0,53
P-core,2026-05-26,MO2607-P-7400,14,74,14,2,False,7400.0,42.8,8700.0,431.0,388.2,52
P-core,2026-05-27,MO2607-P-7400,14,53,14,2,False,7400.0,59.4,8500.0,405.8,346.40000000000003,51
P-core,2026-05-28,MO2607-P-7400,15,70,15,2,False,7400.0,45.4,8600.0,389.4,344.0,50
P-core,2026-05-29,MO2607-P-7400,13,51,13,2,False,7400.0,61.8,8400.0,396.8,335.0,49
P-core,2026-06-01,MO2607-P-7400,14,52,14,2,False,7400.0,60.8,8300.0,349.2,288.4,46
P-core,2026-06-02,MO2607-P-7400,13,55,13,2,False,7400.0,58.0,8400.0,386.0,328.0,45
P-core,2026-06-03,MO2607-P-7400,14,62,14,2,False,7400.0,50.8,8400.0,355.8,305.0,44
P-core,2026-06-04,MO2607-P-7400,14,62,14,2,False,7400.0,50.8,8400.0,356.2,305.4,43
P-core,2026-06-05,MO2607-P-7400,14,54,14,2,False,7400.0,59.2,8300.0,342.8,283.6,42
P-core,2026-06-08,MO2607-P-7400,12,32,12,2,False,7400.0,98.4,8100.0,345.4,246.99999999999997,39
P-core,2026-06-09,MO2607-P-7200,15,76,15,2,False,7200.0,42.0,8300.0,353.0,311.0,37
P-core,2026-06-10,MO2607-P-7200,14,65,14,2,False,7200.0,48.8,8200.0,335.8,287.0,36
P-core,2026-06-11,MO2607-P-7200,13,63,13,2,False,7200.0,50.6,8200.0,349.8,299.2,35
P-core,2026-06-12,MO2607-P-7200,16,93,16,2,False,7200.0,34.4,8200.0,296.8,262.40000000000003,34
P-core,2026-06-15,MO2607-P-7200,18,207,18,2,False,7200.0,15.4,8500.0,315.0,299.6,31
P-core,2026-06-16,MO2607-P-7200,20,216,20,2,False,7200.0,14.8,8600.0,308.8,294.0,30
P-core,2026-06-17,MO2607-P-7200,20,271,20,2,False,7200.0,11.8,8700.0,320.0,308.2,29
P-core,2026-06-18,MO2607-P-7200,21,355,21,2,False,7200.0,9.0,8800.0,320.0,311.0,28
P-core,2026-06-22,MO2608-P-7200,14,90,14,2,False,7200.0,35.2,8900.0,520.4,485.2,59
P-core,2026-06-23,MO2608-P-7200,14,73,14,2,False,7200.0,43.4,8700.0,480.6,437.20000000000005,58
P-core,2026-06-24,MO2608-P-7200,15,87,15,2,False,7200.0,36.6,8800.0,487.2,450.59999999999997,57
P-core,2026-06-25,MO2608-P-7200,16,97,16,2,False,7200.0,32.8,8800.0,451.2,418.4,56
P-core,2026-06-26,MO2608-P-7200,14,74,14,2,False,7200.0,43.0,8600.0,444.2,401.2,55
P-core,2026-06-29,MO2608-P-7200,14,75,14,2,False,7200.0,42.6,8600.0,446.2,403.59999999999997,52
P-core,2026-06-30,MO2608-P-7200,16,111,16,2,False,7200.0,28.6,8800.0,438.6,410.0,51
P-core,2026-07-01,MO2608-P-7200,15,135,15,2,False,7200.0,23.6,8900.0,481.0,457.4,50
P-core,2026-07-02,MO2608-P-7200,16,107,16,2,False,7200.0,29.8,8600.0,396.6,366.8,49
P-core,2026-07-03,MO2608-P-7200,17,113,17,2,False,7200.0,28.2,8600.0,373.6,345.40000000000003,48
P-core,2026-07-06,MO2608-P-7200,15,117,15,2,False,7200.0,27.2,8500.0,387.0,359.8,45
P-core,2026-07-07,MO2608-P-7200,15,94,15,2,False,7200.0,33.8,8300.0,344.0,310.2,44
P-core,2026-07-08,MO2608-P-7200,14,71,14,2,False,7200.0,45.0,8100.0,318.4,273.4,43
P-core,2026-07-09,MO2608-P-7200,15,105,15,2,False,7200.0,30.4,8300.0,336.2,305.8,42
P-core,2026-07-10,MO2608-P-7200,14,90,14,2,False,7200.0,35.2,8200.0,325.2,290.0,41
P-core,2026-07-13,MO2608-P-7200,10,34,10,2,False,7200.0,92.2,7800.0,330.0,237.8,38
P-core,2026-07-14,MO2608-P-7000,15,72,15,2,False,7000.0,44.2,7900.0,303.6,259.40000000000003,37
P-core,2026-07-15,MO2608-P-7000,14,56,14,2,False,7000.0,56.6,7800.0,304.6,248.00000000000003,36
P-core,2026-07-16,MO2608-P-7000,13,35,13,2,False,7000.0,90.0,7600.0,297.6,207.60000000000002,35
P-core,2026-07-17,MO2608-P-6800,9,18,9,2,False,6800.0,176.6,7200.0,360.2,183.6,34
P-core,2026-07-20,MO2608-P-6400,9,20,9,2,False,6400.0,158.4,7000.0,412.8,254.4,31
P-core,2026-07-21,MO2608-P-6200,15,75,15,2,False,6200.0,42.4,7300.0,339.0,296.6,30
P-core,2026-07-22,MO2609-P-6200,12,33,12,2,False,6200.0,96.4,7200.0,437.8,341.4,58
P-core,2026-07-23,MO2609-P-6200,13,48,13,2,False,6200.0,66.0,7200.0,393.0,327.0,57
P-core,2026-07-24,MO2609-P-6200,12,29,12,2,False,6200.0,106.8,7000.0,395.0,288.2,56
P-core,2026-07-27,MO2609-P-6200,15,52,15,2,False,6200.0,60.8,7200.0,349.6,288.8,53
P-core,2026-07-28,MO2609-P-6200,13,31,13,2,False,6200.0,102.6,7000.0,369.0,266.4,52
P-core,2026-07-29,MO2609-P-6200,13,35,13,2,False,6200.0,89.4,7100.0,378.0,288.6,51
P-core,2026-07-30,MO2609-P-6200,11,21,11,2,False,6200.0,147.8,6900.0,410.4,262.59999999999997,50
P-core,2026-07-31,MO2609-P-6200,13,31,13,2,False,6200.0,101.2,7100.0,390.0,288.8,49
P-core,2026-08-03,MO2609-P-6200,13,38,13,2,False,6200.0,83.4,7100.0,367.4,284.0,46
P-core,2026-08-04,MO2609-P-6200,15,71,15,2,False,6200.0,44.8,7300.0,342.0,297.2,45
P-core,2026-08-05,MO2609-P-6200,18,101,18,2,False,6200.0,31.4,7500.0,327.2,295.8,44
P-core,2026-08-06,MO2609-P-6200,19,99,19,2,False,6200.0,32.2,7500.0,320.0,287.8,43
P-core,2026-08-07,MO2609-P-6200,20,146,20,2,False,6200.0,21.8,7700.0,332.8,311.0,42
P-core,2026-08-10,MO2609-P-6200,21,173,21,2,False,6200.0,18.4,7700.0,315.6,297.20000000000005,39
P-core,2026-08-11,MO2609-P-6200,21,175,21,2,False,6200.0,18.2,7700.0,307.8,289.6,38
P-core,2026-08-12,MO2609-P-6200,22,210,22,2,False,6200.0,15.2,7800.0,316.2,301.0,37
P-core,2026-08-13,MO2609-P-6200,23,192,23,2,False,6200.0,16.6,7700.0,282.0,265.4,36
P-core,2026-08-14,MO2609-P-6200,22,253,22,2,False,6200.0,12.6,7800.0,311.4,298.79999999999995,35
P25,2022-07-22,MO2209-P-6300,4,43,13,2,False,6300.0,72.8,7000.0,305.8,233.0,55
P25,2022-07-25,MO2209-P-6300,4,40,13,2,False,6300.0,78.6,6900.0,287.6,209.00000000000003,52
P25,2022-07-26,MO2209-P-6200,4,84,15,2,False,6200.0,38.0,7000.0,271.0,233.0,51
P25,2022-07-27,MO2209-P-6200,4,93,15,2,False,6200.0,34.2,7100.0,280.6,246.40000000000003,50
P25,2022-07-28,MO2209-P-6200,4,94,14,2,False,6200.0,33.8,7200.0,313.4,279.59999999999997,49
P25,2022-07-29,MO2209-P-6200,4,87,16,2,False,6200.0,36.4,7100.0,270.0,233.6,48
P25,2022-08-01,MO2209-P-6200,4,98,15,2,False,6200.0,32.6,7200.0,296.6,264.0,45
P25,2022-08-02,MO2209-P-6200,4,45,13,2,False,6200.0,71.0,7000.0,314.0,243.0,44
P25,2022-08-03,MO2209-P-6200,4,48,14,2,False,6200.0,66.4,6900.0,276.4,209.99999999999997,43
P25,2022-08-04,MO2209-P-6200,3,56,12,2,False,6200.0,56.4,7000.0,311.4,254.99999999999997,42
P25,2022-08-05,MO2209-P-6200,5,87,17,2,False,6200.0,36.4,7100.0,255.8,219.4,41
P25,2022-08-08,MO2209-P-6200,4,109,16,2,False,6200.0,29.2,7200.0,278.6,249.40000000000003,38
P25,2022-08-09,MO2209-P-6200,5,113,18,2,False,6200.0,28.2,7200.0,263.4,235.2,37
P25,2022-08-10,MO2209-P-6200,5,111,18,2,False,6200.0,28.8,7200.0,256.0,227.2,36
P25,2022-08-11,MO2209-P-6200,5,152,20,2,False,6200.0,21.0,7300.0,248.8,227.8,35
P25,2022-08-12,MO2209-P-6200,6,173,22,2,False,6200.0,18.4,7200.0,213.2,194.79999999999998,34
P25,2022-08-15,MO2209-P-6200,5,266,20,2,False,6200.0,12.0,7300.0,230.0,218.0,31
P25,2022-08-16,MO2209-P-6200,7,363,25,2,False,6200.0,8.8,7300.0,191.8,183.0,30
P25,2022-08-17,MO2209-P-6200,7,444,28,2,False,6200.0,7.2,7300.0,172.6,165.4,29
P25,2022-08-18,MO2209-P-6200,6,400,23,2,False,6200.0,8.0,7400.0,212.2,204.2,28
P25,2022-08-19,MO2209-P-6200,7,266,28,2,False,6200.0,12.0,7200.0,161.0,149.0,27
P25,2022-08-22,MO2210-P-6200,5,129,17,2,False,6200.0,24.8,7300.0,286.6,261.8,59
P25,2022-08-23,MO2210-P-6200,5,131,18,2,False,6200.0,24.4,7300.0,280.6,256.20000000000005,58
P25,2022-08-24,MO2210-P-6200,4,66,15,2,False,6200.0,48.2,7000.0,276.0,227.8,57
P25,2022-08-25,MO2210-P-6200,4,68,14,2,False,6200.0,46.4,7000.0,290.2,243.79999999999998,56
P25,2022-08-26,MO2210-P-6200,4,70,13,2,False,6200.0,45.4,7000.0,301.2,255.79999999999998,55
P25,2022-08-29,MO2210-P-6200,4,80,14,2,False,6200.0,39.6,7000.0,278.8,239.20000000000002,52
P25,2022-08-30,MO2210-P-6200,4,79,13,2,False,6200.0,40.4,7000.0,286.0,245.6,51
P25,2022-08-31,MO2210-P-6200,3,47,10,2,False,6200.0,67.0,6800.0,293.0,226.0,50
P25,2022-09-01,MO2210-P-6000,4,72,14,2,False,6000.0,44.2,6700.0,254.0,209.8,49
P25,2022-09-02,MO2210-P-6000,4,77,14,2,False,6000.0,41.4,6800.0,274.2,232.79999999999998,48
P25,2022-09-05,MO2210-P-6000,4,90,15,2,False,6000.0,35.4,6800.0,261.2,225.79999999999998,45
P25,2022-09-06,MO2210-P-6000,5,142,18,2,False,6000.0,22.4,6900.0,235.0,212.6,44
P25,2022-09-07,MO2210-P-6000,4,200,16,2,False,6000.0,16.0,7000.0,264.0,248.0,43
P25,2022-09-08,MO2210-P-6000,5,183,18,2,False,6000.0,17.4,6900.0,227.0,209.6,42
P25,2022-09-09,MO2210-P-6000,5,246,20,2,False,6000.0,13.0,6900.0,196.2,183.2,41
P25,2022-09-13,MO2210-P-6000,5,280,20,2,False,6000.0,11.4,6900.0,198.4,187.0,37
P25,2022-09-14,MO2210-P-6000,5,231,20,2,False,6000.0,13.8,6800.0,183.0,169.2,36
P25,2022-09-15,MO2210-P-6000,4,107,15,2,False,6000.0,29.8,6600.0,203.0,173.2,35
P25,2022-09-16,MO2210-P-5900,4,93,13,2,False,5900.0,34.2,6500.0,216.8,182.60000000000002,34
P25,2022-09-19,MO2210-P-5800,4,91,14,2,False,5800.0,35.0,6400.0,217.8,182.8,31
P25,2022-09-20,MO2210-P-5700,4,177,16,2,False,5700.0,18.0,6500.0,221.4,203.4,30
P25,2022-09-21,MO2211-P-5700,3,62,12,2,False,5700.0,50.8,6500.0,316.0,265.2,57
P25,2022-09-22,MO2211-P-5700,4,59,13,2,False,5700.0,54.0,6500.0,302.8,248.8,56
P25,2022-09-23,MO2211-P-5700,3,49,11,2,False,5700.0,64.8,6400.0,311.8,247.0,55
P25,2022-09-26,MO2211-P-5700,3,44,12,2,False,5700.0,71.2,6300.0,275.8,204.60000000000002,52
P25,2022-09-27,MO2211-P-5600,6,130,23,3,False,5600.0,36.8,6400.0,256.2,219.39999999999998,51
P25,2022-09-28,MO2211-P-5600,5,82,20,3,False,5600.0,58.0,6200.0,243.0,185.0,50
P25,2022-09-29,MO2211-P-5500,6,118,23,3,False,5500.0,40.6,6200.0,233.8,193.20000000000002,49
P25,2022-09-30,MO2211-P-5500,6,82,21,3,False,5500.0,58.0,6100.0,240.8,182.8,48
P25,2022-10-10,MO2211-P-5500,5,74,17,3,False,5500.0,64.4,6000.0,238.4,174.0,38
P25,2022-10-11,MO2211-P-5300,6,160,23,3,False,5300.0,30.0,6000.0,225.6,195.6,37
P25,2022-10-12,MO2211-P-5300,7,240,25,3,False,5300.0,20.0,6200.0,235.8,215.8,36
P25,2022-10-13,MO2211-P-5300,6,413,24,3,False,5300.0,11.6,6300.0,256.2,244.6,35
P25,2022-10-14,MO2211-P-5300,9,888,35,3,False,5300.0,5.4,6400.0,200.6,195.2,34
P25,2022-10-17,MO2211-P-5300,8,857,32,3,False,5300.0,5.6,6500.0,227.2,221.6,31
P25,2022-10-18,MO2211-P-5300,10,1043,37,3,False,5300.0,4.6,6500.0,202.0,197.4,30
P25,2022-10-19,MO2212-P-5300,6,285,24,3,False,5300.0,16.8,6500.0,313.2,296.4,57
P25,2022-10-20,MO2212-P-5300,7,285,26,3,False,5300.0,16.8,6400.0,281.2,264.4,56
P25,2022-10-21,MO2212-P-5300,7,218,28,3,False,5300.0,22.0,6400.0,273.2,251.2,55
P25,2022-10-24,MO2212-P-5300,7,167,25,3,False,5300.0,28.6,6400.0,292.2,263.59999999999997,52
P25,2022-10-25,MO2212-P-5300,6,179,24,3,False,5300.0,26.8,6400.0,296.4,269.59999999999997,51
P25,2022-10-26,MO2212-P-5300,8,263,32,3,False,5300.0,18.2,6500.0,248.8,230.60000000000002,50
P25,2022-10-27,MO2212-P-5300,8,272,29,3,False,5300.0,17.6,6500.0,261.2,243.6,49
P25,2022-10-28,MO2212-P-5300,7,154,28,3,False,5300.0,31.0,6200.0,233.2,202.2,48
P25,2022-10-31,MO2212-P-5300,7,167,26,3,False,5300.0,28.6,6300.0,259.6,231.00000000000003,45
P25,2022-11-01,MO2212-P-5300,9,328,36,3,False,5300.0,14.6,6400.0,207.6,193.0,44
P25,2022-11-02,MO2212-P-5300,9,500,36,3,False,5300.0,9.6,6500.0,217.0,207.4,43
P25,2022-11-03,MO2212-P-5300,8,571,32,3,False,5300.0,8.4,6600.0,252.0,243.6,42
P25,2022-11-04,MO2212-P-5300,11,1333,43,3,False,5300.0,3.6,6700.0,203.2,199.6,41
P25,2022-11-07,MO2212-P-5300,11,1411,41,3,False,5300.0,3.4,6700.0,214.6,211.2,38
P25,2022-11-08,MO2212-P-5300,11,1411,41,3,False,5300.0,3.4,6700.0,208.4,205.0,37
P25,2022-11-09,MO2212-P-5300,10,1333,39,3,False,5300.0,3.6,6700.0,215.8,212.20000000000002,36
P25,2022-11-10,MO2212-P-5300,11,1090,42,3,False,5300.0,4.4,6600.0,192.8,188.4,35
P25,2022-11-11,MO2212-P-5300,13,1846,50,3,False,5300.0,2.6,6600.0,166.4,163.8,34
P25,2022-11-14,MO2212-P-5300,11,1263,43,3,False,5300.0,3.8,6600.0,187.2,183.39999999999998,31
P25,2022-11-15,MO2212-P-5300,11,2000,42,3,False,5300.0,2.4,6800.0,213.8,211.4,30
P25,2022-11-16,MO2212-P-5300,12,1600,48,3,False,5300.0,3.0,6700.0,180.8,177.8,29
P25,2022-11-17,MO2212-P-5300,14,1846,56,3,False,5300.0,2.6,6700.0,156.0,153.4,28
P25,2022-11-18,MO2212-P-5300,12,3000,46,3,False,5300.0,1.6,6700.0,182.2,180.6,27
P25,2022-11-21,MO2301-P-5600,7,500,27,3,False,5600.0,9.6,6700.0,253.2,243.6,59
P25,2022-11-22,MO2301-P-5600,6,358,24,3,False,5600.0,13.4,6600.0,262.4,248.99999999999997,58
P25,2022-11-23,MO2301-P-5600,6,352,24,3,False,5600.0,13.6,6600.0,263.2,249.6,57
P25,2022-11-24,MO2301-P-5600,7,311,25,3,False,5600.0,15.4,6600.0,254.6,239.2,56
P25,2022-11-25,MO2301-P-5600,7,269,26,3,False,5600.0,17.8,6500.0,233.0,215.2,55
P25,2022-11-28,MO2301-P-5600,7,240,25,3,False,5600.0,20.0,6500.0,236.6,216.6,52
P25,2022-11-29,MO2301-P-5600,7,369,28,3,False,5600.0,13.0,6600.0,232.0,219.0,51
P25,2022-11-30,MO2301-P-5600,7,324,27,3,False,5600.0,14.8,6600.0,237.2,222.39999999999998,50
P25,2022-12-01,MO2301-P-5600,8,510,29,3,False,5600.0,9.4,6700.0,234.4,225.0,49
P25,2022-12-02,MO2301-P-5600,8,727,31,3,False,5600.0,6.6,6700.0,216.6,210.0,48
P25,2022-12-05,MO2301-P-5600,9,827,35,3,False,5600.0,5.8,6700.0,197.8,192.0,45
P25,2022-12-06,MO2301-P-5600,9,827,35,3,False,5600.0,5.8,6700.0,196.4,190.6,44
P25,2022-12-07,MO2301-P-5600,9,1043,36,3,False,5600.0,4.6,6700.0,191.4,186.8,43
P25,2022-12-08,MO2301-P-5600,8,1090,32,3,False,5600.0,4.4,6700.0,205.0,200.6,42
P25,2022-12-09,MO2301-P-5600,9,1043,35,3,False,5600.0,4.6,6700.0,191.2,186.6,41
P25,2022-12-12,MO2301-P-5600,9,960,34,3,False,5600.0,5.0,6700.0,193.0,188.0,38
P25,2022-12-13,MO2301-P-5600,10,960,38,3,False,5600.0,5.0,6600.0,165.6,160.6,37
P25,2022-12-14,MO2301-P-5600,8,1000,32,3,False,5600.0,4.8,6600.0,187.4,182.6,36
P25,2022-12-15,MO2301-P-5600,10,1263,37,3,False,5600.0,3.8,6600.0,167.0,163.2,35
P25,2022-12-16,MO2301-P-5600,13,1263,49,3,False,5600.0,3.8,6500.0,117.6,113.8,34
P25,2022-12-19,MO2301-P-5600,11,705,41,3,False,5600.0,6.8,6400.0,124.6,117.8,31
P25,2022-12-20,MO2301-P-5600,11,648,43,3,False,5600.0,7.4,6300.0,113.0,105.6,30
P25,2022-12-21,MO2302-P-5700,6,192,24,3,False,5700.0,25.0,6300.0,178.2,153.2,57
P25,2022-12-22,MO2302-P-5600,6,237,23,3,False,5600.0,20.2,6200.0,176.0,155.8,56
P25,2022-12-23,MO2302-P-5500,6,244,22,3,False,5500.0,19.6,6200.0,203.8,184.20000000000002,55
P25,2022-12-26,MO2302-P-5500,7,413,27,3,False,5500.0,11.6,6300.0,184.2,172.6,52
P25,2022-12-27,MO2302-P-5500,9,500,35,3,False,5500.0,9.6,6300.0,154.4,144.8,51
P25,2022-12-28,MO2302-P-5500,8,461,30,3,False,5500.0,10.4,6300.0,167.0,156.6,50
P25,2022-12-29,MO2302-P-5500,7,545,28,3,False,5500.0,8.8,6300.0,173.8,165.0,49
P25,2022-12-30,MO2302-P-5500,8,489,30,3,False,5500.0,9.8,6300.0,167.4,157.6,48
P25,2023-01-03,MO2302-P-5500,10,750,40,3,False,5500.0,6.4,6400.0,148.2,141.79999999999998,44
P25,2023-01-04,MO2302-P-5500,10,1043,37,3,False,5500.0,4.6,6400.0,154.0,149.4,43
P25,2023-01-05,MO2302-P-5500,10,923,38,3,False,5500.0,5.2,6500.0,161.2,156.0,42
P25,2023-01-06,MO2302-P-5500,11,1142,42,3,False,5500.0,4.2,6500.0,150.0,145.8,41
P25,2023-01-09,MO2302-P-5500,12,1142,45,3,False,5500.0,4.2,6500.0,145.0,140.8,38
P25,2023-01-10,MO2302-P-5500,12,1200,46,3,False,5500.0,4.0,6500.0,139.8,135.8,37
P25,2023-01-11,MO2302-P-5500,10,1200,40,3,False,5500.0,4.0,6500.0,153.8,149.8,36
P25,2023-01-12,MO2302-P-5500,11,1200,41,3,False,5500.0,4.0,6500.0,150.6,146.6,35
P25,2023-01-13,MO2302-P-5500,13,2181,52,3,False,5500.0,2.2,6500.0,120.4,118.2,34
P25,2023-01-16,MO2302-P-5500,13,2400,51,3,False,5500.0,2.0,6600.0,131.4,129.4,31
P25,2023-01-17,MO2302-P-5500,15,2666,57,3,False,5500.0,1.8,6600.0,118.0,116.2,30
P25,2023-01-18,MO2303-P-5200,14,1411,53,3,False,5200.0,3.4,6600.0,166.0,162.6,57
P25,2023-01-19,MO2303-P-5200,13,1263,51,3,False,5200.0,3.8,6700.0,179.6,175.79999999999998,56
P25,2023-01-20,MO2303-P-5200,17,1714,65,3,False,5200.0,2.8,6700.0,146.2,143.39999999999998,55
P25,2023-01-30,MO2303-P-5200,14,2400,56,3,False,5200.0,2.0,6800.0,173.4,171.4,45
P25,2023-01-31,MO2303-P-5200,17,2666,65,3,False,5200.0,1.8,6800.0,150.8,149.0,44
P25,2023-02-01,MO2303-P-5200,17,2400,67,3,False,5200.0,2.0,6900.0,157.6,155.6,43
P25,2023-02-02,MO2303-P-5200,17,2666,66,3,False,5200.0,1.8,6900.0,160.0,158.2,42
P25,2023-02-03,MO2303-P-5200,17,2666,65,3,False,5200.0,1.8,6900.0,163.2,161.39999999999998,41
P25,2023-02-06,MO2303-P-5200,15,3000,59,3,False,5200.0,1.6,6900.0,175.0,173.4,38
P25,2023-02-07,MO2303-P-5200,17,3428,67,3,False,5200.0,1.4,6900.0,157.2,155.79999999999998,37
P25,2023-02-08,MO2303-P-5200,15,3428,60,3,False,5200.0,1.4,6900.0,172.0,170.6,36
P25,2023-02-09,MO2303-P-5200,19,24000,75,3,False,5200.0,0.2,7000.0,144.2,144.0,35
P25,2023-02-10,MO2303-P-5200,17,4000,66,3,False,5200.0,1.2,7000.0,164.0,162.8,34
P25,2023-02-13,MO2303-P-5200,16,4000,61,3,False,5200.0,1.2,7100.0,184.6,183.4,31
P25,2023-02-14,MO2303-P-5200,17,4000,66,3,False,5200.0,1.2,7100.0,172.0,170.8,30
P25,2023-02-15,MO2303-P-5200,17,4800,68,3,False,5200.0,1.0,7100.0,167.6,166.6,29
P25,2023-02-16,MO2303-P-5200,20,4800,80,3,False,5200.0,1.0,6900.0,132.0,131.0,28
P25,2023-02-17,MO2303-P-5200,18,4800,69,3,False,5200.0,1.0,6900.0,147.4,146.4,27
P25,2023-02-20,MO2304-P-6000,7,480,25,3,False,6000.0,10.0,7000.0,246.4,236.4,59
P25,2023-02-21,MO2304-P-6000,7,571,27,3,False,6000.0,8.4,7000.0,233.6,225.2,58
P25,2023-02-22,MO2304-P-6000,8,615,29,3,False,6000.0,7.8,7000.0,218.8,211.0,57
P25,2023-02-23,MO2304-P-6000,7,585,27,3,False,6000.0,8.2,7000.0,227.2,219.0,56
P25,2023-02-24,MO2304-P-6000,9,558,34,3,False,6000.0,8.6,6900.0,177.0,168.4,55
P25,2023-02-27,MO2304-P-6000,8,413,29,3,False,6000.0,11.6,6900.0,202.4,190.8,52
P25,2023-02-28,MO2304-P-6000,7,558,28,3,False,6000.0,8.6,7000.0,214.8,206.20000000000002,51
P25,2023-03-01,MO2304-P-6000,8,774,32,3,False,6000.0,6.2,7000.0,194.4,188.20000000000002,50
P25,2023-03-02,MO2304-P-6000,8,800,30,3,False,6000.0,6.0,7000.0,202.8,196.8,49
P25,2023-03-03,MO2304-P-6000,8,800,29,3,False,6000.0,6.0,7000.0,208.8,202.8,48
P25,2023-03-06,MO2304-P-6000,9,1000,33,3,False,6000.0,4.8,7000.0,190.0,185.2,45
P25,2023-03-07,MO2304-P-6000,7,685,28,3,False,6000.0,7.0,6900.0,193.8,186.8,44
P25,2023-03-08,MO2304-P-6000,8,774,31,3,False,6000.0,6.2,6900.0,180.8,174.60000000000002,43
P25,2023-03-09,MO2304-P-6000,8,827,31,3,False,6000.0,5.8,6900.0,179.4,173.6,42
P25,2023-03-10,MO2304-P-6000,8,533,31,3,False,6000.0,9.0,6800.0,164.2,155.2,41
P25,2023-03-13,MO2304-P-6000,10,750,38,3,False,6000.0,6.4,6800.0,141.2,134.79999999999998,38
P25,2023-03-14,MO2304-P-6000,7,480,28,3,False,6000.0,10.0,6800.0,178.0,168.0,37
P25,2023-03-15,MO2304-P-6000,9,857,34,3,False,6000.0,5.6,6800.0,147.8,142.20000000000002,36
P25,2023-03-16,MO2304-P-6000,8,436,30,3,False,6000.0,11.0,6700.0,149.6,138.6,35
P25,2023-03-17,MO2304-P-6000,10,648,39,3,False,6000.0,7.4,6700.0,121.4,114.0,34
P25,2023-03-20,MO2304-P-6000,10,600,38,3,False,6000.0,8.0,6700.0,122.8,114.8,31
P25,2023-03-21,MO2304-P-6000,10,1142,40,3,False,6000.0,4.2,6800.0,126.8,122.6,30
P25,2023-03-22,MO2305-P-6000,9,436,33,3,False,6000.0,11.0,6800.0,164.2,153.2,57
P25,2023-03-23,MO2305-P-6000,7,558,28,3,False,6000.0,8.6,6900.0,199.2,190.6,56
P25,2023-03-24,MO2305-P-6000,8,705,29,3,False,6000.0,6.8,6900.0,187.4,180.6,55
P25,2023-03-27,MO2305-P-6000,8,750,32,3,False,6000.0,6.4,6900.0,178.0,171.6,52
P25,2023-03-28,MO2305-P-6000,10,727,37,3,False,6000.0,6.6,6800.0,142.2,135.6,51
P25,2023-03-29,MO2305-P-6000,9,750,34,3,False,6000.0,6.4,6800.0,151.4,145.0,50
P25,2023-03-30,MO2305-P-6000,9,774,34,3,False,6000.0,6.2,6800.0,148.8,142.60000000000002,49
P25,2023-03-31,MO2305-P-6000,8,960,32,3,False,6000.0,5.0,6900.0,170.6,165.6,48
P25,2023-04-03,MO2305-P-6000,8,1090,31,3,False,6000.0,4.4,7000.0,194.4,190.0,45
P25,2023-04-04,MO2305-P-6000,9,1333,33,3,False,6000.0,3.6,7000.0,181.2,177.6,44
P25,2023-04-06,MO2305-P-6000,9,1200,34,3,False,6000.0,4.0,7000.0,180.4,176.4,42
P25,2023-04-07,MO2305-P-6000,12,1846,47,3,False,6000.0,2.6,7000.0,136.8,134.20000000000002,41
P25,2023-04-10,MO2305-P-6000,10,2181,37,3,False,6000.0,2.2,7000.0,160.0,157.8,38
P25,2023-04-11,MO2305-P-6000,10,2400,39,3,False,6000.0,2.0,7000.0,156.0,154.0,37
P25,2023-04-12,MO2305-P-6000,12,3000,47,3,False,6000.0,1.6,7000.0,134.6,133.0,36
P25,2023-04-13,MO2305-P-6000,10,3000,40,3,False,6000.0,1.6,7000.0,147.0,145.4,35
P25,2023-04-14,MO2305-P-6000,13,3000,49,3,False,6000.0,1.6,7000.0,127.8,126.2,34
P25,2023-04-17,MO2305-P-6000,14,4000,53,3,False,6000.0,1.2,7000.0,116.4,115.2,31
P25,2023-04-18,MO2305-P-6000,12,4800,48,3,False,6000.0,1.0,7000.0,126.0,125.0,30
P25,2023-04-19,MO2306-P-5200,13,12000,50,3,False,5200.0,0.4,7000.0,214.2,213.79999999999998,57
P25,2023-04-20,MO2306-P-5200,14,2400,53,3,False,5200.0,2.0,7000.0,204.4,202.4,56
P25,2023-04-21,MO2306-P-5200,14,2181,53,3,False,5200.0,2.2,6800.0,180.4,178.20000000000002,55
P25,2023-04-24,MO2306-P-5200,15,2181,58,3,False,5200.0,2.2,6700.0,160.8,158.60000000000002,52
P25,2023-04-25,MO2306-P-5200,14,1714,53,3,False,5200.0,2.8,6600.0,163.8,161.0,51
P25,2023-04-26,MO2306-P-5200,15,2181,57,3,False,5200.0,2.2,6600.0,154.4,152.20000000000002,50
P25,2023-04-27,MO2306-P-5200,15,2000,60,3,False,5200.0,2.4,6600.0,146.4,144.0,49
P25,2023-04-28,MO2306-P-5200,17,3000,65,3,False,5200.0,1.6,6700.0,143.6,142.0,48
P25,2023-05-04,MO2306-P-5200,17,3000,68,3,False,5200.0,1.6,6700.0,138.6,137.0,42
P25,2023-05-05,MO2306-P-5200,13,3000,51,3,False,5200.0,1.6,6700.0,173.4,171.8,41
P25,2023-05-08,MO2306-P-5200,16,3428,63,3,False,5200.0,1.4,6700.0,145.0,143.6,38
P25,2023-05-09,MO2306-P-5200,16,3428,64,3,False,5200.0,1.4,6600.0,135.6,134.2,37
P25,2023-05-10,MO2306-P-5200,18,4000,71,3,False,5200.0,1.2,6600.0,123.0,121.8,36
P25,2023-05-11,MO2306-P-5200,18,3428,69,3,False,5200.0,1.4,6600.0,126.4,125.0,35
P25,2023-05-12,MO2306-P-5200,18,3428,71,3,False,5200.0,1.4,6500.0,115.8,114.39999999999999,34
P25,2023-05-15,MO2306-P-5200,16,4000,63,3,False,5200.0,1.2,6600.0,134.6,133.4,31
P25,2023-05-16,MO2306-P-5200,17,4000,67,3,False,5200.0,1.2,6500.0,119.4,118.2,30
P25,2023-05-17,MO2306-P-5200,14,4000,54,3,False,5200.0,1.2,6600.0,151.8,150.60000000000002,29
P25,2023-05-18,MO2306-P-5200,16,4800,63,3,False,5200.0,1.0,6600.0,133.6,132.6,28
P25,2023-05-19,MO2306-P-5200,21,6000,83,3,False,5200.0,0.8,6600.0,102.8,102.0,27
P25,2023-05-22,MO2307-P-5800,8,1000,31,3,False,5800.0,4.8,6600.0,162.4,157.6,59
P25,2023-05-23,MO2307-P-5800,8,615,32,3,False,5800.0,7.8,6500.0,147.4,139.6,58
P25,2023-05-24,MO2307-P-5800,8,705,32,3,False,5800.0,6.8,6500.0,144.0,137.2,57
P25,2023-05-25,MO2307-P-5800,8,571,29,3,False,5800.0,8.4,6500.0,157.4,149.0,56
P25,2023-05-26,MO2307-P-5800,10,774,37,3,False,5800.0,6.2,6500.0,129.6,123.39999999999999,55
P25,2023-05-29,MO2307-P-5800,9,774,35,3,False,5800.0,6.2,6500.0,132.6,126.39999999999999,52
P25,2023-05-30,MO2307-P-5800,8,888,29,3,False,5800.0,5.4,6600.0,163.6,158.2,51
P25,2023-05-31,MO2307-P-5800,7,800,28,3,False,5800.0,6.0,6600.0,171.8,165.8,50
P25,2023-06-01,MO2307-P-5800,8,960,30,3,False,5800.0,5.0,6600.0,160.0,155.0,49
P25,2023-06-02,MO2307-P-5800,10,1200,39,3,False,5800.0,4.0,6600.0,132.2,128.2,48
P25,2023-06-05,MO2307-P-5800,11,1263,41,3,False,5800.0,3.8,6600.0,125.8,122.0,45
P25,2023-06-06,MO2307-P-5800,8,615,29,3,False,5800.0,7.8,6500.0,150.6,142.79999999999998,44
P25,2023-06-07,MO2307-P-5800,8,558,30,3,False,5800.0,8.6,6500.0,150.2,141.6,43
P25,2023-06-08,MO2307-P-5800,9,461,35,3,False,5800.0,10.4,6400.0,121.8,111.39999999999999,42
P25,2023-06-09,MO2307-P-5700,10,1000,37,3,False,5700.0,4.8,6500.0,135.2,130.39999999999998,41
P25,2023-06-12,MO2307-P-5700,12,1714,45,3,False,5700.0,2.8,6500.0,114.4,111.60000000000001,38
P25,2023-06-13,MO2307-P-5700,9,1846,34,3,False,5700.0,2.6,6600.0,155.2,152.6,37
P25,2023-06-14,MO2307-P-5700,10,1846,39,3,False,5700.0,2.6,6600.0,138.0,135.4,36
P25,2023-06-15,MO2307-P-5700,13,2400,49,3,False,5700.0,2.0,6600.0,114.6,112.6,35
P25,2023-06-16,MO2307-P-5700,11,3428,43,3,False,5700.0,1.4,6700.0,138.0,136.6,34
P25,2023-06-19,MO2307-P-5700,12,3428,48,3,False,5700.0,1.4,6700.0,126.0,124.6,31
P25,2023-06-20,MO2307-P-5700,13,4000,50,3,False,5700.0,1.2,6700.0,121.2,120.0,30
P25,2023-06-21,MO2308-P-5700,11,1500,41,3,False,5700.0,3.2,6500.0,129.0,125.8,57
P25,2023-06-26,MO2308-P-5700,9,774,34,3,False,5700.0,6.2,6400.0,133.8,127.60000000000001,52
P25,2023-06-27,MO2308-P-5700,9,1200,34,3,False,5700.0,4.0,6500.0,149.4,145.4,51
P25,2023-06-28,MO2308-P-5700,8,1333,31,3,False,5700.0,3.6,6500.0,156.6,153.0,50
P25,2023-06-29,MO2308-P-5700,10,1411,37,3,False,5700.0,3.4,6500.0,139.4,136.0,49
P25,2023-06-30,MO2308-P-5700,10,2400,37,3,False,5700.0,2.0,6600.0,150.4,148.4,48
P25,2023-07-03,MO2308-P-5700,10,2400,40,3,False,5700.0,2.0,6600.0,140.6,138.6,45
P25,2023-07-04,MO2308-P-5700,12,3000,45,3,False,5700.0,1.6,6600.0,128.0,126.4,44
P25,2023-07-05,MO2308-P-5700,10,2400,37,3,False,5700.0,2.0,6600.0,149.4,147.4,43
P25,2023-07-06,MO2308-P-5700,8,2181,32,3,False,5700.0,2.2,6600.0,166.4,164.20000000000002,42
P25,2023-07-07,MO2308-P-5700,10,2181,40,3,False,5700.0,2.2,6500.0,127.8,125.6,41
P25,2023-07-10,MO2308-P-5700,11,2400,42,3,False,5700.0,2.0,6500.0,122.6,120.6,38
P25,2023-07-11,MO2308-P-5700,10,3000,39,3,False,5700.0,1.6,6600.0,138.2,136.6,37
P25,2023-07-12,MO2308-P-5700,9,2181,36,3,False,5700.0,2.2,6500.0,135.2,133.0,36
P25,2023-07-13,MO2308-P-5700,14,2400,53,3,False,5700.0,2.0,6500.0,98.6,96.6,35
P25,2023-07-14,MO2308-P-5700,14,2400,55,3,False,5700.0,2.0,6500.0,94.2,92.2,34
P25,2023-07-17,MO2308-P-5700,13,2666,50,3,False,5700.0,1.8,6500.0,101.6,99.8,31
P25,2023-07-18,MO2308-P-5700,12,3428,48,3,False,5700.0,1.4,6500.0,104.0,102.6,30
P25,2023-07-19,MO2309-P-5200,13,2666,50,3,False,5200.0,1.8,6500.0,160.0,158.2,57
P25,2023-07-20,MO2309-P-5200,13,2666,51,3,False,5200.0,1.8,6400.0,144.2,142.39999999999998,56
P25,2023-07-21,MO2309-P-5200,13,2666,52,3,False,5200.0,1.8,6400.0,142.4,140.6,55
P25,2023-07-24,MO2309-P-5200,13,3000,50,3,False,5200.0,1.6,6400.0,146.6,145.0,52
P25,2023-07-25,MO2309-P-5200,14,4000,54,3,False,5200.0,1.2,6500.0,148.0,146.8,51
P25,2023-07-26,MO2309-P-5200,12,3428,48,3,False,5200.0,1.4,6500.0,159.0,157.6,50
P25,2023-07-27,MO2309-P-5200,15,4000,58,3,False,5200.0,1.2,6400.0,127.8,126.6,49
P25,2023-07-28,MO2309-P-5200,13,4000,51,3,False,5200.0,1.2,6500.0,153.0,151.8,48
P25,2023-07-31,MO2309-P-5200,16,4000,61,3,False,5200.0,1.2,6500.0,130.8,129.60000000000002,45
P25,2023-08-01,MO2309-P-5200,15,24000,58,3,False,5200.0,0.2,6500.0,137.4,137.20000000000002,44
P25,2023-08-02,MO2309-P-5200,14,4000,56,3,False,5200.0,1.2,6500.0,142.4,141.20000000000002,43
P25,2023-08-03,MO2309-P-5200,14,4800,56,3,False,5200.0,1.0,6500.0,140.4,139.4,42
P25,2023-08-04,MO2309-P-5200,18,4000,72,3,False,5200.0,1.2,6500.0,113.0,111.8,41
P25,2023-08-07,MO2309-P-5200,17,24000,66,3,False,5200.0,0.2,6500.0,118.8,118.6,38
P25,2023-08-08,MO2309-P-5200,15,4800,60,3,False,5200.0,1.0,6500.0,129.2,128.2,37
P25,2023-08-09,MO2309-P-5200,19,4800,74,3,False,5200.0,1.0,6400.0,100.0,99.0,36
P25,2023-08-10,MO2309-P-5200,19,4800,73,3,False,5200.0,1.0,6400.0,102.6,101.6,35
P25,2023-08-11,MO2309-P-5200,16,4800,61,3,False,5200.0,1.0,6300.0,110.8,109.8,34
P25,2023-08-14,MO2309-P-5200,19,4800,75,3,False,5200.0,1.0,6300.0,91.4,90.4,31
P25,2023-08-15,MO2309-P-5200,14,4800,56,3,False,5200.0,1.0,6300.0,116.6,115.6,30
P25,2023-08-16,MO2309-P-5200,14,2181,56,3,False,5200.0,2.2,6200.0,108.8,106.6,29
P25,2023-08-17,MO2309-P-5200,21,3428,83,3,False,5200.0,1.4,6200.0,77.6,76.19999999999999,28
P25,2023-08-18,MO2309-P-5200,16,2181,62,3,False,5200.0,2.2,6100.0,92.0,89.8,27
P25,2023-08-21,MO2310-P-5500,6,269,22,3,False,5500.0,17.8,6100.0,176.4,158.6,59
P25,2023-08-22,MO2310-P-5400,8,461,30,3,False,5400.0,10.4,6100.0,155.0,144.6,58
P25,2023-08-23,MO2310-P-5400,6,269,23,3,False,5400.0,17.8,6000.0,170.6,152.79999999999998,57
P25,2023-08-24,MO2310-P-5300,7,461,28,3,False,5300.0,10.4,6000.0,161.8,151.4,56
P25,2023-08-25,MO2310-P-5300,6,205,23,3,False,5300.0,23.4,5900.0,174.8,151.4,55
P25,2023-08-28,MO2310-P-5200,7,289,28,3,False,5200.0,16.6,5900.0,175.0,158.4,52
P25,2023-08-29,MO2310-P-5200,9,857,35,3,False,5200.0,5.6,6100.0,162.0,156.4,51
P25,2023-08-30,MO2310-P-5200,11,1200,44,3,False,5200.0,4.0,6100.0,132.6,128.6,50
P25,2023-08-31,MO2310-P-5200,11,1333,41,3,False,5200.0,3.6,6100.0,139.0,135.4,49
P25,2023-09-01,MO2310-P-5200,11,1846,43,3,False,5200.0,2.6,6100.0,131.8,129.20000000000002,48
P25,2023-09-04,MO2310-P-5200,12,3000,48,3,False,5200.0,1.6,6200.0,128.0,126.4,45
P25,2023-09-05,MO2310-P-5200,11,1846,41,3,False,5200.0,2.6,6200.0,145.8,143.20000000000002,44
P25,2023-09-06,MO2310-P-5200,12,2400,46,3,False,5200.0,2.0,6200.0,132.4,130.4,43
P25,2023-09-07,MO2310-P-5200,10,1200,39,3,False,5200.0,4.0,6100.0,141.4,137.4,42
P25,2023-09-08,MO2310-P-5200,11,1333,41,3,False,5200.0,3.6,6100.0,138.0,134.4,41
P25,2023-09-11,MO2310-P-5200,11,2000,43,3,False,5200.0,2.4,6200.0,142.6,140.2,38
P25,2023-09-12,MO2310-P-5200,12,2181,46,3,False,5200.0,2.2,6200.0,131.2,129.0,37
P25,2023-09-13,MO2310-P-5200,11,1411,43,3,False,5200.0,3.4,6100.0,130.2,126.79999999999998,36
P25,2023-09-14,MO2310-P-5200,10,1714,40,3,False,5200.0,2.8,6100.0,136.0,133.2,35
P25,2023-09-15,MO2310-P-5200,11,1714,44,3,False,5200.0,2.8,6100.0,124.2,121.4,34
P25,2023-09-18,MO2310-P-5200,12,2000,48,3,False,5200.0,2.4,6100.0,115.0,112.6,31
P25,2023-09-19,MO2310-P-5200,14,2000,56,3,False,5200.0,2.4,6000.0,91.6,89.19999999999999,30
P25,2023-09-20,MO2311-P-5200,8,750,31,3,False,5200.0,6.4,6000.0,162.6,156.2,57
P25,2023-09-21,MO2311-P-5200,9,666,35,3,False,5200.0,7.2,5900.0,135.2,127.99999999999999,56
P25,2023-09-22,MO2311-P-5200,8,1263,32,3,False,5200.0,3.8,6100.0,167.4,163.6,55
P25,2023-09-25,MO2311-P-5200,10,1142,39,3,False,5200.0,4.2,6000.0,134.0,129.8,52
P25,2023-09-26,MO2311-P-5200,9,1200,34,3,False,5200.0,4.0,6000.0,145.0,141.0,51
P25,2023-09-27,MO2311-P-5200,11,1263,43,3,False,5200.0,3.8,6000.0,122.4,118.60000000000001,50
P25,2023-09-28,MO2311-P-5200,9,1500,35,3,False,5200.0,3.2,6100.0,154.4,151.20000000000002,49
P25,2023-10-09,MO2311-P-5200,10,2666,37,3,False,5200.0,1.8,6100.0,144.6,142.79999999999998,38
P25,2023-10-10,MO2311-P-5200,13,2181,52,3,False,5200.0,2.2,6000.0,100.0,97.8,37
P25,2023-10-11,MO2311-P-5200,10,2666,37,3,False,5200.0,1.8,6100.0,142.6,140.79999999999998,36
P25,2023-10-12,MO2311-P-5200,13,3428,49,3,False,5200.0,1.4,6100.0,114.0,112.6,35
P25,2023-10-13,MO2311-P-5200,12,3000,46,3,False,5200.0,1.6,6100.0,117.6,116.0,34
P25,2023-10-16,MO2311-P-5200,14,1500,53,3,False,5200.0,3.2,6000.0,96.8,93.6,31
P25,2023-10-17,MO2311-P-5200,12,2000,48,3,False,5200.0,2.4,6000.0,105.8,103.39999999999999,30
P25,2023-10-18,MO2312-P-5200,8,827,31,3,False,5200.0,5.8,5900.0,146.0,140.2,57
P25,2023-10-19,MO2312-P-5200,8,461,30,3,False,5200.0,10.4,5800.0,140.2,129.79999999999998,56
P25,2023-10-20,MO2312-P-5200,6,228,22,3,False,5200.0,21.0,5800.0,179.0,158.0,55
P25,2023-10-23,MO2312-P-5100,6,143,24,3,False,5100.0,33.4,5600.0,168.4,135.0,52
P25,2023-10-24,MO2312-P-5000,7,285,28,3,False,5000.0,16.8,5700.0,173.4,156.6,51
P25,2023-10-25,MO2312-P-5000,7,521,28,3,False,5000.0,9.2,5800.0,179.8,170.60000000000002,50
P25,2023-10-26,MO2312-P-5000,9,827,33,3,False,5000.0,5.8,5800.0,154.4,148.6,49
P25,2023-10-27,MO2312-P-5000,11,1333,41,3,False,5000.0,3.6,5900.0,138.8,135.20000000000002,48
P25,2023-10-30,MO2312-P-5000,11,1714,41,3,False,5000.0,2.8,6000.0,153.6,150.79999999999998,45
P25,2023-10-31,MO2312-P-5000,9,2000,35,3,False,5000.0,2.4,6000.0,170.2,167.79999999999998,44
P25,2023-11-01,MO2312-P-5000,9,2181,34,3,False,5000.0,2.2,6000.0,171.4,169.20000000000002,43
P25,2023-11-02,MO2312-P-5000,10,2000,39,3,False,5000.0,2.4,5900.0,141.4,139.0,42
P25,2023-11-03,MO2312-P-5000,10,3000,40,3,False,5000.0,1.6,6000.0,148.2,146.6,41
P25,2023-11-06,MO2312-P-5000,13,3000,49,3,False,5000.0,1.6,6100.0,136.8,135.20000000000002,38
P25,2023-11-07,MO2312-P-5000,13,3428,52,3,False,5000.0,1.4,6100.0,132.0,130.6,37
P25,2023-11-08,MO2312-P-5000,15,4000,58,3,False,5000.0,1.2,6100.0,121.0,119.8,36
P25,2023-11-09,MO2312-P-5000,12,4000,48,3,False,5000.0,1.2,6100.0,140.0,138.8,35
P25,2023-11-10,MO2312-P-5000,12,3000,45,3,False,5000.0,1.6,6100.0,148.0,146.4,34
P25,2023-11-13,MO2312-P-5000,16,3428,61,3,False,5000.0,1.4,6100.0,115.8,114.39999999999999,31
P25,2023-11-14,MO2312-P-5000,12,4800,46,3,False,5000.0,1.0,6200.0,157.6,156.6,30
P25,2023-11-15,MO2312-P-5000,15,6000,57,3,False,5000.0,0.8,6200.0,130.0,129.2,29
P25,2023-11-16,MO2312-P-5000,16,4800,63,3,False,5000.0,1.0,6100.0,110.2,109.2,28
P25,2023-11-17,MO2312-P-5000,15,6000,58,3,False,5000.0,0.8,6200.0,127.0,126.2,27
P25,2023-11-20,MO2401-P-5000,9,2666,36,3,False,5000.0,1.8,6300.0,213.4,211.6,59
P25,2023-11-21,MO2401-P-5000,11,3000,41,3,False,5000.0,1.6,6200.0,179.2,177.6,58
P25,2023-11-22,MO2401-P-5000,11,2400,44,3,False,5000.0,2.0,6100.0,158.0,156.0,57
P25,2023-11-23,MO2401-P-5000,11,2666,44,3,False,5000.0,1.8,6200.0,168.2,166.39999999999998,56
P25,2023-11-24,MO2401-P-5000,11,2400,43,3,False,5000.0,2.0,6100.0,160.8,158.8,55
P25,2023-11-27,MO2401-P-5000,11,2400,42,3,False,5000.0,2.0,6100.0,162.4,160.4,52
P25,2023-11-28,MO2401-P-5000,12,2400,47,3,False,5000.0,2.0,6100.0,150.8,148.8,51
P25,2023-11-29,MO2401-P-5000,11,2400,41,3,False,5000.0,2.0,6100.0,166.6,164.6,50
P25,2023-11-30,MO2401-P-5000,9,2181,36,3,False,5000.0,2.2,6100.0,187.2,185.0,49
P25,2023-12-01,MO2401-P-5000,12,2666,45,3,False,5000.0,1.8,6100.0,155.2,153.39999999999998,48
P25,2023-12-04,MO2401-P-5000,10,2181,39,3,False,5000.0,2.2,6100.0,176.0,173.8,45
P25,2023-12-05,MO2401-P-5000,9,923,33,3,False,5000.0,5.2,6000.0,189.8,184.60000000000002,44
P25,2023-12-06,MO2401-P-5000,10,1043,40,3,False,5000.0,4.6,6000.0,161.0,156.4,43
P25,2023-12-07,MO2401-P-5000,11,1500,44,3,False,5000.0,3.2,6000.0,145.6,142.4,42
P25,2023-12-08,MO2401-P-5000,11,1500,42,3,False,5000.0,3.2,6000.0,147.2,144.0,41
P25,2023-12-11,MO2401-P-5000,11,2666,42,3,False,5000.0,1.8,6100.0,159.0,157.2,38
P25,2023-12-12,MO2401-P-5000,11,3000,44,3,False,5000.0,1.6,6100.0,149.2,147.6,37
P25,2023-12-13,MO2401-P-5000,13,2000,50,3,False,5000.0,2.4,6000.0,126.6,124.19999999999999,36
P25,2023-12-14,MO2401-P-5000,11,2400,43,3,False,5000.0,2.0,6000.0,141.0,139.0,35
P25,2023-12-15,MO2401-P-5000,9,2181,36,3,False,5000.0,2.2,6000.0,163.0,160.8,34
P25,2023-12-18,MO2401-P-5000,9,2400,35,3,False,5000.0,2.0,5900.0,150.8,148.8,31
P25,2023-12-19,MO2401-P-5000,10,3000,38,3,False,5000.0,1.6,5900.0,141.4,139.8,30
P25,2023-12-20,MO2401-P-5000,9,1846,34,3,False,5000.0,2.6,5800.0,138.6,136.0,29
P25,2023-12-21,MO2402-P-5100,7,452,26,3,False,5100.0,10.6,5800.0,172.0,161.4,60
P25,2023-12-22,MO2402-P-5100,7,342,28,3,False,5100.0,14.0,5700.0,151.2,137.2,59
P25,2023-12-25,MO2402-P-5100,7,363,28,3,False,5100.0,13.2,5700.0,150.0,136.8,56
P25,2023-12-26,MO2402-P-5100,5,224,20,3,False,5100.0,21.4,5700.0,191.6,170.2,55
P25,2023-12-27,MO2402-P-5000,7,452,27,3,False,5000.0,10.6,5700.0,168.4,157.8,54
P25,2023-12-28,MO2402-P-5000,9,1043,34,3,False,5000.0,4.6,5800.0,150.4,145.8,53
P25,2023-12-29,MO2402-P-5000,10,1263,37,3,False,5000.0,3.8,5900.0,150.4,146.6,52
P25,2024-01-02,MO2402-P-5000,8,1263,30,3,False,5000.0,3.8,5900.0,178.0,174.2,48
P25,2024-01-03,MO2402-P-5000,10,1090,38,3,False,5000.0,4.4,5800.0,135.0,130.6,47
P25,2024-01-04,MO2402-P-5000,8,960,31,3,False,5000.0,5.0,5800.0,159.6,154.6,46
P25,2024-01-05,MO2402-P-5000,7,600,27,3,False,5000.0,8.0,5700.0,159.4,151.4,45
P25,2024-01-08,MO2402-P-5000,6,161,21,3,False,5000.0,29.8,5500.0,190.2,160.39999999999998,42
P25,2024-01-09,MO2402-P-4950,5,279,18,3,False,4950.0,17.2,5600.0,218.4,201.20000000000002,38
P25,2024-01-10,MO2402-P-4950,6,180,22,3,False,4950.0,26.6,5500.0,181.0,154.4,37
P25,2024-01-11,MO2402-P-4950,7,328,26,3,False,4950.0,14.6,5600.0,169.6,155.0,36
P25,2024-01-12,MO2402-P-4950,6,307,23,3,False,4950.0,15.6,5600.0,182.2,166.6,35
P25,2024-01-15,MO2402-P-4950,6,292,21,3,False,4950.0,16.4,5600.0,192.2,175.79999999999998,32
P25,2024-01-16,MO2402-P-4950,7,315,26,3,False,4950.0,15.2,5500.0,152.0,136.8,31
P25,2024-01-17,MO2402-P-4950,4,111,15,3,False,4950.0,43.2,5400.0,221.0,177.8,30
P25,2024-01-18,MO2403-P-4850,4,66,14,3,False,4850.0,72.6,5400.0,301.6,229.00000000000003,56
P25,2024-01-19,MO2403-P-4800,4,70,16,3,False,4800.0,68.4,5300.0,267.0,198.6,55
P25,2024-01-22,MO2403-P-4750,4,23,14,4,False,4750.0,275.0,5000.0,423.4,148.39999999999998,52
P25,2024-01-23,MO2403-P-4500,5,93,20,4,False,4500.0,68.8,5100.0,301.8,233.0,51
P25,2024-01-24,MO2403-P-4500,7,129,27,4,False,4500.0,49.6,5100.0,245.2,195.6,50
P25,2024-01-25,MO2403-P-4500,9,310,34,4,False,4500.0,20.6,5300.0,216.8,196.20000000000002,49
P25,2024-01-26,MO2403-P-4500,7,256,26,4,False,4500.0,25.0,5300.0,263.6,238.60000000000002,48
P25,2024-01-29,MO2403-P-4500,7,131,25,4,False,4500.0,48.6,5100.0,255.2,206.6,45
P25,2024-01-30,MO2403-P-4500,5,70,18,4,False,4500.0,91.0,5000.0,308.2,217.2,44
P25,2024-01-31,MO2403-P-4450,5,45,17,4,False,4450.0,142.0,4800.0,305.8,163.8,43
P25,2024-02-01,MO2403-P-4300,5,69,20,4,False,4300.0,92.0,4750.0,276.0,184.0,42
P25,2024-02-02,MO2403-P-4250,5,46,20,4,False,4250.0,137.0,4550.0,271.2,134.2,41
P25,2024-02-05,MO2403-P-4100,4,20,14,4,False,4100.0,319.6,4300.0,434.2,114.59999999999997,38
P25,2024-02-06,MO2403-P-3850,7,125,27,4,False,3850.0,51.0,4600.0,272.8,221.8,37
P25,2024-02-07,MO2403-P-3850,9,260,34,4,False,3850.0,24.6,4800.0,251.8,227.20000000000002,36
P25,2024-02-08,MO2403-P-3850,9,800,36,4,False,3850.0,8.0,5000.0,268.6,260.6,35
P25,2024-02-19,MO2404-P-3850,9,299,33,4,False,3850.0,21.4,5000.0,309.4,288.0,59
P25,2024-02-20,MO2404-P-3850,10,680,40,4,False,3850.0,9.4,5000.0,252.2,242.79999999999998,58
P25,2024-02-21,MO2404-P-3850,9,653,35,4,False,3850.0,9.8,5100.0,293.8,284.0,57
P25,2024-02-22,MO2404-P-3850,9,820,36,4,False,3850.0,7.8,5200.0,299.2,291.4,56
P25,2024-02-23,MO2404-P-3850,12,1230,45,4,False,3850.0,5.2,5200.0,251.2,246.0,55
P25,2024-02-26,MO2404-P-3850,10,1333,39,4,False,3850.0,4.8,5300.0,295.6,290.8,52
P25,2024-02-27,MO2404-P-3850,12,2133,48,4,False,3850.0,3.0,5400.0,264.0,261.0,51
P25,2024-02-28,MO2404-P-3850,9,1103,35,4,False,3850.0,5.8,5200.0,310.6,304.8,50
P25,2024-02-29,MO2404-P-3850,13,1882,49,4,False,3850.0,3.4,5300.0,250.0,246.6,49
P25,2024-03-01,MO2404-P-3850,12,2461,45,4,False,3850.0,2.6,5400.0,282.8,280.2,48
P25,2024-03-04,MO2404-P-3850,12,1600,47,4,False,3850.0,4.0,5400.0,275.0,271.0,45
P25,2024-03-05,MO2404-P-3850,10,1280,40,4,False,3850.0,5.0,5400.0,312.8,307.8,44
P25,2024-03-06,MO2404-P-3850,12,2133,45,4,False,3850.0,3.0,5400.0,278.4,275.4,43
P25,2024-03-07,MO2404-P-3850,12,1684,47,4,False,3850.0,3.8,5300.0,254.2,250.39999999999998,42
P25,2024-03-08,MO2404-P-3850,13,2909,51,4,False,3850.0,2.2,5400.0,241.4,239.20000000000002,41
P25,2024-03-11,MO2404-P-3850,15,10666,58,4,False,3850.0,0.6,5500.0,224.4,223.8,38
P25,2024-03-12,MO2404-P-3850,16,10666,64,4,False,3850.0,0.6,5500.0,207.0,206.4,37
P25,2024-03-13,MO2404-P-3850,19,8000,75,4,False,3850.0,0.8,5500.0,181.0,180.2,36
P25,2024-03-14,MO2404-P-3850,17,6400,68,4,False,3850.0,1.0,5500.0,195.0,194.0,35
P25,2024-03-15,MO2404-P-3850,18,8000,69,4,False,3850.0,0.8,5600.0,201.4,200.6,34
P25,2024-03-18,MO2404-P-3850,25,32000,99,4,False,3850.0,0.2,5600.0,146.0,145.8,31
P25,2024-03-19,MO2404-P-3850,22,32000,86,4,False,3850.0,0.2,5600.0,164.6,164.4,30
P25,2024-03-20,MO2405-P-4500,9,1066,36,4,False,4500.0,6.0,5700.0,265.4,259.4,57
P25,2024-03-21,MO2405-P-4500,10,1142,37,4,False,4500.0,5.6,5700.0,261.8,256.2,56
P25,2024-03-22,MO2405-P-4500,10,864,38,4,False,4500.0,7.4,5600.0,241.6,234.2,55
P25,2024-03-25,MO2405-P-4500,8,640,31,4,False,4500.0,10.0,5500.0,260.2,250.2,52
P25,2024-03-26,MO2405-P-4500,10,516,37,4,False,4500.0,12.4,5400.0,221.6,209.2,51
P25,2024-03-27,MO2405-P-4500,7,177,25,4,False,4500.0,36.0,5300.0,289.2,253.2,50
P25,2024-03-28,MO2405-P-4500,8,344,30,4,False,4500.0,18.6,5400.0,257.6,239.00000000000003,49
P25,2024-03-29,MO2405-P-4500,10,477,38,4,False,4500.0,13.4,5400.0,211.8,198.4,48
P25,2024-04-01,MO2405-P-4500,10,761,37,4,False,4500.0,8.4,5600.0,243.2,234.79999999999998,45
P25,2024-04-02,MO2405-P-4500,11,666,43,4,False,4500.0,9.6,5500.0,204.8,195.20000000000002,44
P25,2024-04-03,MO2405-P-4500,10,680,39,4,False,4500.0,9.4,5500.0,217.2,207.79999999999998,43
P25,2024-04-08,MO2405-P-4500,9,344,35,4,False,4500.0,18.6,5400.0,225.0,206.4,38
P25,2024-04-09,MO2405-P-4500,9,603,35,4,False,4500.0,10.6,5500.0,234.0,223.4,37
P25,2024-04-10,MO2405-P-4500,8,551,32,4,False,4500.0,11.6,5400.0,231.2,219.6,36
P25,2024-04-11,MO2405-P-4500,9,727,34,4,False,4500.0,8.8,5400.0,217.0,208.2,35
P25,2024-04-12,MO2405-P-4500,10,653,40,4,False,4500.0,9.8,5300.0,179.0,169.2,34
P25,2024-04-15,MO2405-P-4500,8,542,31,4,False,4500.0,11.8,5300.0,216.0,204.2,31
P25,2024-04-16,MO2405-P-4500,6,160,23,4,False,4500.0,40.0,5100.0,243.2,203.2,30
P25,2024-04-17,MO2405-P-4500,9,385,34,4,False,4500.0,16.6,5300.0,207.2,190.6,29
P25,2024-04-18,MO2405-P-4500,9,426,33,4,False,4500.0,15.0,5300.0,207.4,192.4,28
P25,2024-04-19,MO2405-P-4500,8,410,31,4,False,4500.0,15.6,5300.0,217.8,202.20000000000002,27
P25,2024-04-22,MO2406-P-3800,12,800,45,4,False,3800.0,8.0,5200.0,265.2,257.2,59
P25,2024-04-23,MO2406-P-3800,11,842,43,4,False,3800.0,7.6,5200.0,271.6,264.0,58
P25,2024-04-24,MO2406-P-3800,12,1523,47,4,False,3800.0,4.2,5300.0,261.0,256.8,57
P25,2024-04-25,MO2406-P-3800,13,2000,50,4,False,3800.0,3.2,5300.0,250.0,246.8,56
P25,2024-04-26,MO2406-P-3800,15,3555,57,4,False,3800.0,1.8,5400.0,231.4,229.6,55
P25,2024-04-29,MO2406-P-3800,17,10666,66,4,False,3800.0,0.6,5500.0,212.8,212.20000000000002,52
P25,2024-04-30,MO2406-P-3800,15,10666,60,4,False,3800.0,0.6,5500.0,228.6,228.0,51
P25,2024-05-06,MO2406-P-3800,18,5333,69,4,False,3800.0,1.2,5600.0,212.6,211.4,45
P25,2024-05-07,MO2406-P-3800,19,3555,74,4,False,3800.0,1.8,5600.0,201.2,199.39999999999998,44
P25,2024-05-08,MO2406-P-3800,18,4000,71,4,False,3800.0,1.6,5500.0,199.8,198.20000000000002,43
P25,2024-05-09,MO2406-P-3800,19,4571,75,4,False,3800.0,1.4,5600.0,196.8,195.4,42
P25,2024-05-10,MO2406-P-3800,16,16000,62,4,False,3800.0,0.4,5600.0,230.2,229.79999999999998,41
P25,2024-05-13,MO2406-P-3800,17,32000,67,4,False,3800.0,0.2,5500.0,206.4,206.20000000000002,38
P25,2024-05-14,MO2406-P-3800,15,16000,58,4,False,3800.0,0.4,5600.0,245.6,245.2,37
P25,2024-05-15,MO2406-P-3800,16,16000,64,4,False,3800.0,0.4,5500.0,212.8,212.4,36
P25,2024-05-16,MO2406-P-3800,17,16000,67,4,False,3800.0,0.4,5500.0,203.6,203.2,35
P25,2024-05-17,MO2406-P-3800,19,32000,74,4,False,3800.0,0.2,5600.0,192.0,191.8,34
P25,2024-05-20,MO2406-P-3800,20,32000,80,4,False,3800.0,0.2,5600.0,180.0,179.8,31
P25,2024-05-21,MO2406-P-3800,23,32000,91,4,False,3800.0,0.2,5500.0,153.8,153.60000000000002,30
P25,2024-05-22,MO2407-P-4650,9,592,34,4,False,4650.0,10.8,5500.0,223.0,212.2,57
P25,2024-05-23,MO2407-P-4650,8,301,29,4,False,4650.0,21.2,5400.0,238.2,217.0,56
P25,2024-05-24,MO2407-P-4650,6,238,23,4,False,4650.0,26.8,5400.0,277.6,250.8,55
P25,2024-05-27,MO2407-P-4650,7,320,27,4,False,4650.0,20.0,5400.0,246.6,226.6,52
P25,2024-05-28,MO2407-P-4650,8,253,30,4,False,4650.0,25.2,5300.0,216.6,191.4,51
P25,2024-05-29,MO2407-P-4650,6,271,23,4,False,4650.0,23.6,5400.0,271.6,248.00000000000003,50
P25,2024-05-30,MO2407-P-4650,8,316,30,4,False,4650.0,20.2,5300.0,204.0,183.8,49
P25,2024-05-31,MO2407-P-4650,7,421,25,4,False,4650.0,15.2,5400.0,244.8,229.60000000000002,48
P25,2024-06-03,MO2407-P-4650,6,260,24,4,False,4650.0,24.6,5300.0,237.8,213.20000000000002,45
P25,2024-06-04,MO2407-P-4650,8,372,29,4,False,4650.0,17.2,5300.0,205.0,187.8,44
P25,2024-06-05,MO2407-P-4650,8,278,30,4,False,4650.0,23.0,5200.0,186.6,163.6,43
P25,2024-06-06,MO2407-P-4650,7,153,25,4,False,4650.0,41.6,5100.0,196.6,155.0,42
P25,2024-06-07,MO2407-P-4600,6,223,21,4,False,4600.0,28.6,5200.0,240.4,211.8,41
P25,2024-06-11,MO2407-P-4600,7,320,28,4,False,4600.0,20.0,5200.0,196.0,176.0,37
P25,2024-06-12,MO2407-P-4600,8,336,30,4,False,4600.0,19.0,5200.0,186.6,167.6,36
P25,2024-06-13,MO2407-P-4600,7,372,26,4,False,4600.0,17.2,5200.0,202.0,184.8,35
P25,2024-06-14,MO2407-P-4600,7,581,28,4,False,4600.0,11.0,5200.0,179.4,168.4,34
P25,2024-06-17,MO2407-P-4600,8,666,29,4,False,4600.0,9.6,5200.0,176.0,166.4,31
P25,2024-06-18,MO2407-P-4600,10,1066,39,4,False,4600.0,6.0,5200.0,136.0,130.0,30
P25,2024-06-19,MO2408-P-4600,6,213,21,4,False,4600.0,30.0,5200.0,248.2,218.2,57
P25,2024-06-20,MO2408-P-4600,5,130,18,4,False,4600.0,49.2,5100.0,253.0,203.8,56
P25,2024-06-21,MO2408-P-4550,5,169,19,4,False,4550.0,37.8,5100.0,253.0,215.2,55
P25,2024-06-24,MO2408-P-4500,5,95,19,4,False,4500.0,66.8,4900.0,231.0,164.2,52
P25,2024-06-25,MO2408-P-4350,6,134,23,4,False,4350.0,47.6,4850.0,223.6,176.0,51
P25,2024-06-26,MO2408-P-4350,7,275,26,4,False,4350.0,23.2,5000.0,219.6,196.4,50
P25,2024-06-27,MO2408-P-4350,7,172,26,4,False,4350.0,37.0,4850.0,200.8,163.8,49
P25,2024-06-28,MO2408-P-4350,6,190,24,4,False,4350.0,33.6,4900.0,218.2,184.6,48
P25,2024-07-01,MO2408-P-4350,7,242,25,4,False,4350.0,26.4,4950.0,220.0,193.6,45
P25,2024-07-02,MO2408-P-4350,7,244,26,4,False,4350.0,26.2,4900.0,201.8,175.60000000000002,44
P25,2024-07-03,MO2408-P-4350,7,256,26,4,False,4350.0,25.0,4850.0,184.4,159.4,43
P25,2024-07-04,MO2408-P-4350,6,153,24,4,False,4350.0,41.6,4750.0,183.6,142.0,42
P25,2024-07-05,MO2408-P-4250,8,329,29,4,False,4250.0,19.4,4800.0,178.6,159.2,41
P25,2024-07-08,MO2408-P-4250,6,193,23,4,False,4250.0,33.0,4700.0,193.8,160.8,38
P25,2024-07-09,MO2408-P-4200,7,351,28,4,False,4200.0,18.2,4800.0,189.0,170.8,37
P25,2024-07-10,MO2408-P-4200,7,355,27,4,False,4200.0,18.0,4800.0,191.0,173.0,36
P25,2024-07-11,MO2408-P-4200,9,666,34,4,False,4200.0,9.6,4900.0,174.6,165.0,35
P25,2024-07-12,MO2408-P-4200,9,653,33,4,False,4200.0,9.8,4900.0,177.8,168.0,34
P25,2024-07-15,MO2408-P-4200,8,666,30,4,False,4200.0,9.6,4850.0,177.2,167.6,31
P25,2024-07-16,MO2408-P-4200,8,969,32,4,False,4200.0,6.6,4850.0,169.8,163.20000000000002,30
P25,2024-07-17,MO2408-P-4200,8,744,31,4,False,4200.0,8.6,4800.0,163.0,154.4,29
P25,2024-07-18,MO2408-P-4200,9,666,33,4,False,4200.0,9.6,4800.0,159.2,149.6,28
P25,2024-07-19,MO2408-P-4200,9,969,36,4,False,4200.0,6.6,4800.0,145.2,138.6,27
P25,2024-07-22,MO2409-P-3800,9,1280,34,4,False,3800.0,5.0,4850.0,248.0,243.0,59
P25,2024-07-23,MO2409-P-3800,8,695,31,4,False,3800.0,9.2,4700.0,242.6,233.4,58
P25,2024-07-24,MO2409-P-3800,8,571,29,4,False,3800.0,11.2,4650.0,247.6,236.4,57
P25,2024-07-25,MO2409-P-3800,8,581,29,4,False,3800.0,11.0,4650.0,244.4,233.4,56
P25,2024-07-26,MO2409-P-3800,9,914,35,4,False,3800.0,7.0,4700.0,215.0,208.0,55
P25,2024-07-29,MO2409-P-3800,9,969,33,4,False,3800.0,6.6,4700.0,224.8,218.20000000000002,52
P25,2024-07-30,MO2409-P-3800,9,1032,36,4,False,3800.0,6.2,4700.0,209.4,203.20000000000002,51
P25,2024-07-31,MO2409-P-3800,12,2285,46,4,False,3800.0,2.8,4900.0,192.6,189.79999999999998,50
P25,2024-08-01,MO2409-P-3800,11,2461,44,4,False,3800.0,2.6,4900.0,199.4,196.8,49
P25,2024-08-02,MO2409-P-3800,12,2133,45,4,False,3800.0,3.0,4800.0,185.0,182.0,48
P25,2024-08-05,MO2409-P-3800,9,780,35,4,False,3800.0,8.2,4700.0,213.4,205.20000000000002,45
P25,2024-08-06,MO2409-P-3800,10,1032,40,4,False,3800.0,6.2,4750.0,198.2,192.0,44
P25,2024-08-07,MO2409-P-3800,10,1454,39,4,False,3800.0,4.4,4750.0,201.2,196.79999999999998,43
P25,2024-08-08,MO2409-P-3800,11,1684,42,4,False,3800.0,3.8,4750.0,183.2,179.39999999999998,42
P25,2024-08-09,MO2409-P-3800,11,1391,42,4,False,3800.0,4.6,4700.0,179.0,174.4,41
P25,2024-08-12,MO2409-P-3800,12,1523,48,4,False,3800.0,4.2,4650.0,151.0,146.8,38
P25,2024-08-13,MO2409-P-3800,12,1882,45,4,False,3800.0,3.4,4700.0,164.8,161.4,37
P25,2024-08-14,MO2409-P-3800,11,2133,44,4,False,3800.0,3.0,4650.0,160.4,157.4,36
P25,2024-08-15,MO2409-P-3800,12,2909,46,4,False,3800.0,2.2,4700.0,160.2,158.0,35
P25,2024-08-16,MO2409-P-3800,13,2666,50,4,False,3800.0,2.4,4650.0,140.0,137.6,34
P25,2024-08-19,MO2409-P-3800,15,3200,58,4,False,3800.0,2.0,4650.0,121.6,119.6,31
P25,2024-08-20,MO2409-P-3800,12,2133,45,4,False,3800.0,3.0,4600.0,142.0,139.0,30
P25,2024-08-21,MO2410-P-4100,6,230,24,4,False,4100.0,27.8,4550.0,178.2,150.39999999999998,57
P25,2024-08-22,MO2410-P-4050,6,237,23,4,False,4050.0,27.0,4500.0,182.2,155.2,56
P25,2024-08-23,MO2410-P-4000,7,380,26,4,False,4000.0,16.8,4500.0,175.2,158.39999999999998,55
P25,2024-08-26,MO2410-P-4000,7,426,28,4,False,4000.0,15.0,4500.0,166.4,151.4,52
P25,2024-08-27,MO2410-P-4000,7,329,27,4,False,4000.0,19.4,4450.0,158.6,139.2,51
P25,2024-08-28,MO2410-P-4000,7,372,28,4,False,4000.0,17.2,4450.0,152.8,135.60000000000002,50
P25,2024-08-29,MO2410-P-4000,7,542,28,4,False,4000.0,11.8,4550.0,167.0,155.2,49
P25,2024-08-30,MO2410-P-4000,8,842,32,4,False,4000.0,7.6,4650.0,166.4,158.8,48
P25,2024-09-02,MO2410-P-4000,7,581,27,4,False,4000.0,11.0,4550.0,168.8,157.8,45
P25,2024-09-03,MO2410-P-4000,9,780,33,4,False,4000.0,8.2,4550.0,149.0,140.8,44
P25,2024-09-04,MO2410-P-4000,8,744,31,4,False,4000.0,8.6,4550.0,153.0,144.4,43
P25,2024-09-05,MO2410-P-4000,8,888,31,4,False,4000.0,7.2,4600.0,161.4,154.20000000000002,42
P25,2024-09-06,MO2410-P-4000,8,640,30,4,False,4000.0,10.0,4500.0,147.2,137.2,41
P25,2024-09-09,MO2410-P-4000,7,533,25,4,False,4000.0,12.0,4500.0,164.4,152.4,38
P25,2024-09-10,MO2410-P-4000,7,516,27,4,False,4000.0,12.4,4500.0,160.2,147.79999999999998,37
P25,2024-09-11,MO2410-P-4000,7,561,27,4,False,4000.0,11.4,4500.0,159.0,147.6,36
P25,2024-09-12,MO2410-P-4000,9,615,33,4,False,4000.0,10.4,4450.0,125.0,114.6,35
P25,2024-09-13,MO2410-P-4000,8,640,32,4,False,4000.0,10.0,4400.0,116.0,106.0,34
P25,2024-09-18,MO2411-P-3950,6,213,23,4,False,3950.0,30.0,4400.0,186.6,156.6,57
P25,2024-09-19,MO2411-P-3950,6,293,24,4,False,3950.0,21.8,4500.0,200.8,179.0,56
P25,2024-09-20,MO2411-P-3950,7,316,27,4,False,3950.0,20.2,4450.0,178.0,157.8,55
P25,2024-09-23,MO2411-P-3950,7,367,28,4,False,3950.0,17.4,4450.0,170.4,153.0,52
P25,2024-09-24,MO2411-P-3950,9,888,34,4,False,3950.0,7.2,4650.0,171.8,164.60000000000002,51
P25,2024-09-25,MO2411-P-3950,9,1882,34,4,False,3950.0,3.4,4700.0,180.0,176.6,50
P25,2024-09-26,MO2411-P-3950,12,3555,47,4,False,3950.0,1.8,4850.0,161.8,160.0,49
P25,2024-09-27,MO2411-P-3950,15,4571,60,4,False,3950.0,1.4,5100.0,160.6,159.2,48
P25,2024-09-30,MO2411-P-3950,10,4571,37,4,False,3950.0,1.4,5700.0,389.4,388.0,45
P25,2024-10-08,MO2411-P-3950,6,774,23,3,False,3950.0,6.2,6200.0,613.8,607.5999999999999,37
P25,2024-10-09,MO2411-P-3950,8,857,31,3,False,3950.0,5.6,5700.0,356.0,350.4,36
P25,2024-10-10,MO2411-P-3950,8,2181,30,3,False,3950.0,2.2,5700.0,351.2,349.0,35
P25,2024-10-11,MO2411-P-3950,8,1263,29,3,False,3950.0,3.8,5400.0,315.0,311.2,34
P25,2024-10-14,MO2411-P-3950,10,2666,40,3,False,3950.0,1.8,5600.0,255.0,253.2,31
P25,2024-10-15,MO2411-P-3950,11,2181,42,3,False,3950.0,2.2,5500.0,225.4,223.20000000000002,30
P25,2024-10-16,MO2411-P-3950,12,3000,45,3,False,3950.0,1.6,5500.0,215.8,214.20000000000002,29
P25,2024-10-17,MO2411-P-3950,11,2666,43,3,False,3950.0,1.8,5500.0,223.4,221.6,28
P25,2024-10-18,MO2411-P-3950,13,2000,50,3,False,3950.0,2.4,5700.0,219.0,216.6,27
P25,2024-10-21,MO2412-P-3800,8,1500,31,3,False,3800.0,3.2,5900.0,402.6,399.40000000000003,59
P25,2024-10-22,MO2412-P-3800,9,1714,34,3,False,3800.0,2.8,5900.0,379.4,376.59999999999997,58
P25,2024-10-23,MO2412-P-3800,9,2000,35,3,False,3800.0,2.4,5900.0,368.0,365.6,57
P25,2024-10-24,MO2412-P-3800,9,2181,35,3,False,3800.0,2.2,5900.0,357.8,355.6,56
P25,2024-10-25,MO2412-P-3800,10,2666,39,3,False,3800.0,1.8,6000.0,340.0,338.2,55
P25,2024-10-28,MO2412-P-3800,10,8000,39,3,False,3800.0,0.6,6100.0,356.8,356.2,52
P25,2024-10-29,MO2412-P-3800,10,2400,40,3,False,3800.0,2.0,6000.0,333.0,331.0,51
P25,2024-10-30,MO2412-P-3800,11,6000,42,3,False,3800.0,0.8,6000.0,320.2,319.4,50
P25,2024-10-31,MO2412-P-3800,11,2400,43,3,False,3800.0,2.0,6100.0,332.0,330.0,49
P25,2024-11-01,MO2412-P-3800,10,2666,39,3,False,3800.0,1.8,5900.0,337.4,335.59999999999997,48
P25,2024-11-04,MO2412-P-3800,10,2666,37,3,False,3800.0,1.8,6100.0,371.2,369.4,45
P25,2024-11-05,MO2412-P-3800,11,2400,41,3,False,3800.0,2.0,6300.0,365.4,363.4,44
P25,2024-11-06,MO2412-P-3800,11,1846,44,3,False,3800.0,2.6,6300.0,342.6,340.0,43
P25,2024-11-07,MO2412-P-3800,13,1846,51,3,False,3800.0,2.6,6400.0,313.0,310.4,42
P25,2024-11-08,MO2412-P-3800,14,1600,54,3,False,3800.0,3.0,6400.0,298.0,295.0,41
P25,2024-11-11,MO2412-P-3800,14,2000,54,3,False,3800.0,2.4,6600.0,314.0,311.6,38
P25,2024-11-12,MO2412-P-3800,15,1714,59,3,False,3800.0,2.8,6500.0,280.4,277.59999999999997,37
P25,2024-11-13,MO2412-P-3800,15,2400,60,3,False,3800.0,2.0,6500.0,273.6,271.6,36
P25,2024-11-14,MO2412-P-3800,15,3000,59,3,False,3800.0,1.6,6300.0,256.8,255.20000000000002,35
P25,2024-11-15,MO2412-P-3800,17,3428,65,3,False,3800.0,1.4,6100.0,217.6,216.2,34
P25,2024-11-18,MO2412-P-3800,13,8000,51,3,False,3800.0,0.6,6000.0,260.2,259.59999999999997,31
P25,2024-11-19,MO2412-P-3800,15,24000,60,3,False,3800.0,0.2,6100.0,234.6,234.4,30
P25,2024-11-20,MO2501-P-5100,6,142,21,3,False,5100.0,33.8,6300.0,368.2,334.4,57
P25,2024-11-21,MO2501-P-5100,6,163,21,3,False,5100.0,29.4,6300.0,364.6,335.20000000000005,56
P25,2024-11-22,MO2501-P-5100,5,97,20,3,False,5100.0,49.4,6000.0,333.8,284.40000000000003,55
P25,2024-11-25,MO2501-P-5100,5,101,18,3,False,5100.0,47.4,6100.0,372.8,325.40000000000003,52
P25,2024-11-26,MO2501-P-5100,5,95,18,3,False,5100.0,50.4,6000.0,347.0,296.6,51
P25,2024-11-27,MO2501-P-5100,6,156,24,3,False,5100.0,30.6,6100.0,294.8,264.2,50
P25,2024-11-28,MO2501-P-5100,6,160,21,3,False,5100.0,30.0,6100.0,315.8,285.8,49
P25,2024-11-29,MO2501-P-5100,6,258,23,3,False,5100.0,18.6,6200.0,310.6,292.0,48
P25,2024-12-02,MO2501-P-5100,7,296,26,3,False,5100.0,16.2,6300.0,300.0,283.8,45
P25,2024-12-03,MO2501-P-5100,7,320,26,3,False,5100.0,15.0,6300.0,296.6,281.6,44
P25,2024-12-04,MO2501-P-5100,6,263,24,3,False,5100.0,18.2,6200.0,298.4,280.2,43
P25,2024-12-05,MO2501-P-5100,7,296,25,3,False,5100.0,16.2,6300.0,307.6,291.40000000000003,42
P25,2024-12-06,MO2501-P-5100,8,470,31,3,False,5100.0,10.2,6300.0,252.4,242.20000000000002,41
P25,2024-12-09,MO2501-P-5100,7,461,27,3,False,5100.0,10.4,6300.0,281.0,270.6,38
P25,2024-12-10,MO2501-P-5100,7,774,27,3,False,5100.0,6.2,6400.0,291.0,284.8,37
P25,2024-12-11,MO2501-P-5100,10,727,37,3,False,5100.0,6.6,6400.0,228.4,221.8,36
P25,2024-12-12,MO2501-P-5100,9,774,35,3,False,5100.0,6.2,6500.0,250.6,244.4,35
P25,2024-12-13,MO2501-P-5100,8,705,31,3,False,5100.0,6.8,6400.0,253.2,246.39999999999998,34
P25,2024-12-16,MO2501-P-5100,8,923,32,3,False,5100.0,5.2,6300.0,229.8,224.60000000000002,31
P25,2024-12-17,MO2501-P-5100,9,800,35,3,False,5100.0,6.0,6100.0,188.2,182.2,30
P25,2024-12-18,MO2501-P-5100,8,1142,31,3,False,5100.0,4.2,6200.0,219.0,214.8,29
P25,2024-12-19,MO2501-P-5100,9,1090,34,3,False,5100.0,4.4,6200.0,202.8,198.4,28
P25,2024-12-20,MO2501-P-5100,9,1411,34,3,False,5100.0,3.4,6300.0,214.0,210.6,27
P25,2024-12-23,MO2502-P-5300,5,98,19,3,False,5300.0,48.8,6100.0,306.8,258.0,59
P25,2024-12-24,MO2502-P-5300,5,123,19,3,False,5300.0,38.8,6200.0,319.0,280.2,58
P25,2024-12-25,MO2502-P-5300,5,111,19,3,False,5300.0,43.2,6100.0,294.6,251.40000000000003,57
P25,2024-12-26,MO2502-P-5300,5,137,19,3,False,5300.0,35.0,6200.0,309.4,274.4,56
P25,2024-12-27,MO2502-P-5300,5,179,20,3,False,5300.0,26.8,6200.0,291.4,264.59999999999997,55
P25,2024-12-30,MO2502-P-5300,6,193,23,3,False,5300.0,24.8,6100.0,246.8,222.0,52
P25,2024-12-31,MO2502-P-5300,4,108,16,3,False,5300.0,44.2,6000.0,299.6,255.40000000000003,51
P25,2025-01-02,MO2502-P-5300,4,58,15,3,False,5300.0,82.6,5800.0,284.0,201.4,49
P25,2025-01-03,MO2502-P-5200,4,50,16,3,False,5200.0,96.0,5600.0,256.6,160.60000000000002,48
P25,2025-01-06,MO2502-P-5000,5,81,19,3,False,5000.0,59.0,5600.0,260.0,201.0,45
P25,2025-01-07,MO2502-P-5000,5,132,20,3,False,5000.0,36.2,5700.0,254.2,218.0,44
P25,2025-01-08,MO2502-P-5000,5,122,18,3,False,5000.0,39.2,5700.0,265.2,226.0,43
P25,2025-01-09,MO2502-P-5000,5,120,18,3,False,5000.0,40.0,5700.0,266.0,226.0,42
P25,2025-01-10,MO2502-P-5000,6,84,21,3,False,5000.0,56.6,5500.0,218.4,161.8,41
P25,2025-01-13,MO2502-P-4950,5,107,17,3,False,4950.0,44.6,5600.0,261.2,216.6,38
P25,2025-01-14,MO2502-P-4950,6,263,24,3,False,4950.0,18.2,5800.0,242.0,223.8,37
P25,2025-01-15,MO2502-P-4950,6,260,22,3,False,4950.0,18.4,5800.0,243.8,225.4,36
P25,2025-01-16,MO2502-P-4950,6,289,24,3,False,4950.0,16.6,5800.0,237.8,221.20000000000002,35
P25,2025-01-17,MO2502-P-4950,7,347,28,3,False,4950.0,13.8,5800.0,208.0,194.2,34
P25,2025-01-20,MO2502-P-4950,7,545,26,3,False,4950.0,8.8,5900.0,230.2,221.39999999999998,31
P25,2025-01-21,MO2502-P-4950,8,750,29,3,False,4950.0,6.4,5900.0,207.4,201.0,30
P25,2025-01-22,MO2503-P-3900,10,1411,37,3,False,3900.0,3.4,5900.0,322.6,319.20000000000005,57
P25,2025-01-23,MO2503-P-3900,11,1714,44,3,False,3900.0,2.8,5800.0,271.6,268.8,56
P25,2025-01-24,MO2503-P-3900,13,1846,51,3,False,3900.0,2.6,5900.0,245.6,243.0,55
P25,2025-01-27,MO2503-P-3900,13,1600,50,3,False,3900.0,3.0,5800.0,240.0,237.0,52
P25,2025-02-05,MO2503-P-3900,12,8000,47,3,False,3900.0,0.6,5900.0,255.4,254.8,43
P25,2025-02-06,MO2503-P-3900,16,3000,62,3,False,3900.0,1.6,6000.0,210.8,209.20000000000002,42
P25,2025-02-07,MO2503-P-3900,16,3000,64,3,False,3900.0,1.6,6100.0,212.4,210.8,41
P25,2025-02-10,MO2503-P-3900,15,3428,58,3,False,3900.0,1.4,6200.0,243.6,242.2,38
P25,2025-02-11,MO2503-P-3900,15,3428,59,3,False,3900.0,1.4,6200.0,235.8,234.4,37
P25,2025-02-12,MO2503-P-3900,16,3428,62,3,False,3900.0,1.4,6300.0,235.4,234.0,36
P25,2025-02-13,MO2503-P-3900,17,3428,67,3,False,3900.0,1.4,6200.0,208.6,207.2,35
P25,2025-02-14,MO2503-P-3900,20,3000,79,3,False,3900.0,1.6,6200.0,180.0,178.4,34
P25,2025-02-17,MO2503-P-3900,16,3428,64,3,False,3900.0,1.4,6300.0,228.2,226.79999999999998,31
P25,2025-02-18,MO2503-P-3900,21,3428,81,3,False,3900.0,1.4,6100.0,168.6,167.2,30
P25,2025-02-19,MO2504-P-5200,7,358,25,3,False,5200.0,13.4,6300.0,281.2,267.8,57
P25,2025-02-20,MO2504-P-5200,7,375,27,3,False,5200.0,12.8,6300.0,269.2,256.4,56
P25,2025-02-21,MO2504-P-5200,8,648,32,3,False,5200.0,7.4,6400.0,247.8,240.4,55
P25,2025-02-24,MO2504-P-5200,6,585,24,3,False,5200.0,8.2,6500.0,326.6,318.40000000000003,52
P25,2025-02-25,MO2504-P-5200,7,615,28,3,False,5200.0,7.8,6400.0,276.0,268.2,51
P25,2025-02-26,MO2504-P-5200,7,827,27,3,False,5200.0,5.8,6500.0,302.2,296.4,50
P25,2025-02-27,MO2504-P-5200,7,800,27,3,False,5200.0,6.0,6500.0,301.2,295.2,49
P25,2025-02-28,MO2504-P-5200,6,375,24,3,False,5200.0,12.8,6300.0,281.8,269.0,48
P25,2025-03-03,MO2504-P-5200,6,428,24,3,False,5200.0,11.2,6300.0,283.2,272.0,45
P25,2025-03-04,MO2504-P-5200,7,500,25,3,False,5200.0,9.6,6400.0,298.6,289.0,44
P25,2025-03-05,MO2504-P-5200,7,774,27,3,False,5200.0,6.2,6400.0,282.0,275.8,43
P25,2025-03-06,MO2504-P-5200,9,1090,33,3,False,5200.0,4.4,6500.0,247.6,243.2,42
P25,2025-03-07,MO2504-P-5200,6,640,21,2,False,5200.0,5.0,6500.0,255.8,250.8,41
P25,2025-03-10,MO2504-P-5200,6,695,21,2,False,5200.0,4.6,6500.0,265.2,260.59999999999997,38
P25,2025-03-11,MO2504-P-5200,5,727,19,2,False,5200.0,4.4,6600.0,301.2,296.8,37
P25,2025-03-12,MO2504-P-5200,5,941,20,2,False,5200.0,3.4,6600.0,281.4,278.0,36
P25,2025-03-13,MO2504-P-5200,5,888,20,2,False,5200.0,3.6,6500.0,266.2,262.59999999999997,35
P25,2025-03-14,MO2504-P-5200,6,1142,23,2,False,5200.0,2.8,6600.0,249.0,246.2,34
P25,2025-03-17,MO2504-P-5200,6,1454,23,2,False,5200.0,2.2,6600.0,254.4,252.20000000000002,31
P25,2025-03-18,MO2504-P-5200,7,1333,25,2,False,5200.0,2.4,6600.0,232.2,229.79999999999998,30
P25,2025-03-19,MO2505-P-5600,4,137,13,2,False,5600.0,23.2,6600.0,334.0,310.8,57
P25,2025-03-20,MO2505-P-5600,4,130,15,2,False,5600.0,24.6,6500.0,285.4,260.79999999999995,56
P25,2025-03-21,MO2505-P-5600,4,98,13,2,False,5600.0,32.6,6400.0,287.6,255.00000000000003,55
P25,2025-03-24,MO2505-P-5600,3,106,11,2,False,5600.0,30.0,6400.0,306.6,276.6,52
P25,2025-03-25,MO2505-P-5600,4,108,13,2,False,5600.0,29.6,6300.0,259.4,229.79999999999998,51
P25,2025-03-26,MO2505-P-5600,4,132,14,2,False,5600.0,24.2,6300.0,245.8,221.60000000000002,50
P25,2025-03-27,MO2505-P-5600,4,137,14,2,False,5600.0,23.2,6300.0,238.4,215.20000000000002,49
P25,2025-03-28,MO2505-P-5600,3,115,12,2,False,5600.0,27.8,6300.0,270.0,242.2,48
P25,2025-03-31,MO2505-P-5600,4,94,13,2,False,5600.0,33.8,6200.0,231.8,198.0,45
P25,2025-04-01,MO2505-P-5600,3,106,11,2,False,5600.0,30.0,6300.0,277.4,247.39999999999998,44
P25,2025-04-02,MO2505-P-5600,3,121,12,2,False,5600.0,26.4,6300.0,255.0,228.6,43
P25,2025-04-03,MO2505-P-5600,4,89,13,2,False,5600.0,35.6,6200.0,234.2,198.6,42
P25,2025-04-07,MO2505-P-5500,0,8,0,2,False,5500.0,400.0,5500.0,400.0,0.0,38
P25,2025-04-08,MO2505-P-4900,5,52,18,3,False,4900.0,91.6,5500.0,303.0,211.4,37
P25,2025-04-09,MO2505-P-4900,5,74,18,3,False,4900.0,64.4,5700.0,326.8,262.4,36
P25,2025-04-10,MO2505-P-4900,6,148,23,3,False,4900.0,32.4,5800.0,270.6,238.20000000000002,35
P25,2025-04-11,MO2505-P-4900,6,235,23,3,False,4900.0,20.4,5900.0,279.4,259.0,34
P25,2025-04-14,MO2505-P-4900,8,307,30,3,False,4900.0,15.6,5900.0,230.0,214.4,31
P25,2025-04-15,MO2505-P-4900,7,413,28,3,False,4900.0,11.6,5900.0,232.2,220.6,30
P25,2025-04-16,MO2505-P-4900,8,338,29,3,False,4900.0,14.2,5800.0,214.4,200.20000000000002,29
P25,2025-04-17,MO2505-P-4900,8,452,32,3,False,4900.0,10.6,5800.0,187.2,176.6,28
P25,2025-04-18,MO2505-P-4900,8,470,32,3,False,4900.0,10.2,5800.0,185.0,174.8,27
P25,2025-04-21,MO2506-P-3900,9,1043,36,3,False,3900.0,4.6,6000.0,351.8,347.2,59
P25,2025-04-22,MO2506-P-3900,12,827,45,3,False,3900.0,5.8,5900.0,284.4,278.59999999999997,58
P25,2025-04-23,MO2506-P-3900,11,1043,41,3,False,3900.0,4.6,6000.0,317.2,312.59999999999997,57
P25,2025-04-24,MO2506-P-3900,11,923,44,3,False,3900.0,5.2,5900.0,286.0,280.8,56
P25,2025-04-25,MO2506-P-3900,12,923,47,3,False,3900.0,5.2,5900.0,269.6,264.40000000000003,55
P25,2025-04-28,MO2506-P-3900,10,1000,40,3,False,3900.0,4.8,5900.0,301.4,296.59999999999997,52
P25,2025-04-29,MO2506-P-3900,11,1000,44,3,False,3900.0,4.8,5900.0,281.0,276.2,51
P25,2025-04-30,MO2506-P-3900,10,857,40,3,False,3900.0,5.6,6000.0,318.8,313.2,50
P25,2025-05-06,MO2506-P-3900,14,1714,53,3,False,3900.0,2.8,6100.0,254.0,251.2,44
P25,2025-05-07,MO2506-P-3900,14,1846,54,3,False,3900.0,2.6,6100.0,251.0,248.4,43
P25,2025-05-08,MO2506-P-3900,13,2000,50,3,False,3900.0,2.4,6200.0,277.0,274.6,42
P25,2025-05-09,MO2506-P-3900,13,2000,52,3,False,3900.0,2.4,6100.0,258.0,255.6,41
P25,2025-05-12,MO2506-P-3900,13,2181,52,3,False,3900.0,2.2,6200.0,266.4,264.2,38
P25,2025-05-13,MO2506-P-3900,13,2181,49,3,False,3900.0,2.2,6200.0,281.2,279.0,37
P25,2025-05-14,MO2506-P-3900,14,8000,53,3,False,3900.0,0.6,6200.0,259.6,259.0,36
P25,2025-05-15,MO2506-P-3900,14,2666,53,3,False,3900.0,1.8,6100.0,246.0,244.2,35
P25,2025-05-16,MO2506-P-3900,14,2666,55,3,False,3900.0,1.8,6100.0,240.6,238.79999999999998,34
P25,2025-05-19,MO2506-P-3900,16,3428,62,3,False,3900.0,1.4,6100.0,214.8,213.4,31
P25,2025-05-20,MO2506-P-3900,19,4000,74,3,False,3900.0,1.2,6100.0,185.4,184.20000000000002,30
P25,2025-05-21,MO2507-P-5200,6,184,21,3,False,5200.0,26.0,6100.0,299.6,273.6,57
P25,2025-05-22,MO2507-P-5200,5,136,18,3,False,5200.0,35.2,6100.0,339.4,304.2,56
P25,2025-05-23,MO2507-P-5200,5,107,17,3,False,5200.0,44.8,6000.0,325.0,280.2,55
P25,2025-05-26,MO2507-P-5200,5,121,20,3,False,5200.0,39.6,6000.0,290.4,250.79999999999998,52
P25,2025-05-27,MO2507-P-5200,5,138,20,3,False,5200.0,34.6,6000.0,286.6,252.00000000000003,51
P25,2025-05-28,MO2507-P-5200,5,134,19,3,False,5200.0,35.8,6000.0,296.8,261.0,50
P25,2025-05-29,MO2507-P-5200,6,216,22,3,False,5200.0,22.2,6100.0,273.2,251.0,49
P25,2025-05-30,MO2507-P-5200,6,190,24,3,False,5200.0,25.2,6000.0,240.0,214.8,48
P25,2025-06-03,MO2507-P-5200,5,240,20,3,False,5200.0,20.0,6100.0,282.4,262.4,44
P25,2025-06-04,MO2507-P-5200,7,307,25,3,False,5200.0,15.6,6100.0,242.4,226.8,43
P25,2025-06-05,MO2507-P-5200,6,342,23,3,False,5200.0,14.0,6200.0,277.2,263.2,42
P25,2025-06-06,MO2507-P-5200,6,347,23,3,False,5200.0,13.8,6200.0,273.2,259.4,41
P25,2025-06-09,MO2507-P-5200,8,500,29,3,False,5200.0,9.6,6200.0,223.2,213.6,38
P25,2025-06-10,MO2507-P-5200,6,387,24,3,False,5200.0,12.4,6200.0,253.0,240.6,37
P25,2025-06-11,MO2507-P-5200,7,436,27,3,False,5200.0,11.0,6200.0,233.0,222.0,36
P25,2025-06-12,MO2507-P-5200,7,387,28,3,False,5200.0,12.4,6200.0,231.2,218.79999999999998,35
P25,2025-06-13,MO2507-P-5200,8,315,29,3,False,5200.0,15.2,6100.0,208.2,193.0,34
P25,2025-06-16,MO2507-P-5200,9,489,36,3,False,5200.0,9.8,6100.0,171.6,161.79999999999998,31
P25,2025-06-17,MO2507-P-5200,10,510,37,3,False,5200.0,9.4,6100.0,166.2,156.79999999999998,30
P25,2025-06-18,MO2508-P-5300,6,146,22,3,False,5300.0,32.8,6100.0,270.0,237.2,57
P25,2025-06-19,MO2508-P-5300,6,121,23,3,False,5300.0,39.4,6000.0,237.6,198.2,56
P25,2025-06-20,MO2508-P-5300,6,125,21,3,False,5300.0,38.4,6000.0,242.8,204.4,55
P25,2025-06-23,MO2508-P-5300,5,170,20,3,False,5300.0,28.2,6100.0,263.2,235.0,52
P25,2025-06-24,MO2508-P-5300,6,289,24,3,False,5300.0,16.6,6200.0,246.6,230.0,51
P25,2025-06-25,MO2508-P-5300,7,324,25,3,False,5300.0,14.8,6300.0,257.8,243.0,50
P25,2025-06-26,MO2508-P-5300,6,275,21,2,False,5300.0,11.6,6200.0,197.0,185.4,49
P25,2025-06-27,MO2508-P-5300,5,333,17,2,False,5300.0,9.6,6300.0,240.4,230.8,48
P25,2025-06-30,MO2508-P-5300,5,390,17,2,False,5300.0,8.2,6400.0,270.4,262.2,45
P25,2025-07-01,MO2508-P-5300,5,363,17,2,False,5300.0,8.8,6400.0,275.0,266.2,44
P25,2025-07-02,MO2508-P-5300,5,390,20,2,False,5300.0,8.2,6300.0,217.2,209.0,43
P25,2025-07-03,MO2508-P-5300,6,432,22,2,False,5300.0,7.4,6300.0,204.4,197.0,42
P25,2025-07-04,MO2508-P-5300,5,380,20,2,False,5300.0,8.4,6300.0,213.8,205.4,41
P25,2025-07-07,MO2508-P-5300,5,372,20,2,False,5300.0,8.6,6300.0,214.6,206.0,38
P25,2025-07-08,MO2508-P-5300,6,551,21,2,False,5300.0,5.8,6400.0,217.2,211.39999999999998,37
P25,2025-07-09,MO2508-P-5300,6,500,21,2,False,5300.0,6.4,6400.0,222.2,215.79999999999998,36
P25,2025-07-10,MO2508-P-5300,6,533,22,2,False,5300.0,6.0,6400.0,209.2,203.2,35
P25,2025-07-11,MO2508-P-5300,6,640,22,2,False,5300.0,5.0,6500.0,221.8,216.8,34
P25,2025-07-14,MO2508-P-5300,6,666,22,2,False,5300.0,4.8,6500.0,225.0,220.2,31
P25,2025-07-15,MO2508-P-5300,8,592,29,2,False,5300.0,5.4,6400.0,165.4,160.0,30
P25,2025-07-16,MO2508-P-5300,6,800,23,2,False,5300.0,4.0,6500.0,214.6,210.6,29
P25,2025-07-17,MO2508-P-5300,9,1066,35,2,False,5300.0,3.0,6500.0,148.2,145.2,28
P25,2025-07-18,MO2508-P-5300,7,1066,27,2,False,5300.0,3.0,6600.0,190.0,187.0,27
P25,2025-07-21,MO2509-P-4000,10,842,40,2,False,4000.0,3.8,6600.0,267.8,264.0,59
P25,2025-07-22,MO2509-P-4000,11,842,43,2,False,4000.0,3.8,6600.0,254.0,250.2,58
P25,2025-07-23,MO2509-P-4000,10,727,40,2,False,4000.0,4.4,6600.0,265.8,261.40000000000003,57
P25,2025-07-24,MO2509-P-4000,11,761,43,2,False,4000.0,4.2,6700.0,261.0,256.8,56
P25,2025-07-25,MO2509-P-4000,10,888,40,2,False,4000.0,3.6,6700.0,274.6,271.0,55
P25,2025-07-28,MO2509-P-4000,11,888,42,2,False,4000.0,3.6,6700.0,264.8,261.2,52
P25,2025-07-29,MO2509-P-4000,10,888,39,2,False,4000.0,3.6,6800.0,295.0,291.4,51
P25,2025-07-30,MO2509-P-4000,11,888,44,2,False,4000.0,3.6,6700.0,252.2,248.6,50
P25,2025-07-31,MO2509-P-4000,10,800,38,2,False,4000.0,4.0,6700.0,288.0,284.0,49
P25,2025-08-01,MO2509-P-4000,11,888,41,2,False,4000.0,3.6,6700.0,269.0,265.4,48
P25,2025-08-04,MO2509-P-4000,14,1000,54,2,False,4000.0,3.2,6700.0,206.8,203.60000000000002,45
P25,2025-08-05,MO2509-P-4000,12,8000,47,2,False,4000.0,0.4,6800.0,242.0,241.6,44
P25,2025-08-06,MO2509-P-4000,12,1333,47,2,False,4000.0,2.4,6900.0,250.4,248.0,43
P25,2025-08-07,MO2509-P-4000,12,1230,45,2,False,4000.0,2.6,6900.0,259.0,256.4,42
P25,2025-08-08,MO2509-P-4000,15,1230,58,2,False,4000.0,2.6,6800.0,199.8,197.20000000000002,41
P25,2025-08-11,MO2509-P-4000,16,3200,62,2,False,4000.0,1.0,6900.0,192.6,191.6,38
P25,2025-08-12,MO2509-P-4000,13,1454,51,2,False,4000.0,2.2,7000.0,238.0,235.8,37
P25,2025-08-13,MO2509-P-4000,13,1454,52,2,False,4000.0,2.2,7100.0,242.4,240.20000000000002,36
P25,2025-08-14,MO2509-P-4000,14,1600,55,2,False,4000.0,2.0,7000.0,218.6,216.6,35
P25,2025-08-15,MO2509-P-4000,16,2285,63,2,False,4000.0,1.4,7100.0,201.8,200.4,34
P25,2025-08-18,MO2509-P-4000,14,2666,55,2,False,4000.0,1.2,7200.0,238.8,237.60000000000002,31
P25,2025-08-19,MO2509-P-4000,15,5333,59,2,False,4000.0,0.6,7200.0,223.0,222.4,30
P25,2025-08-20,MO2510-P-5800,5,363,18,2,False,5800.0,8.8,7300.0,348.0,339.2,57
P25,2025-08-21,MO2510-P-5800,4,313,16,2,False,5800.0,10.2,7300.0,373.8,363.6,56
P25,2025-08-22,MO2510-P-5800,5,313,19,2,False,5800.0,10.2,7400.0,349.2,339.0,55
P25,2025-08-25,MO2510-P-5800,5,347,19,2,False,5800.0,9.2,7500.0,372.6,363.40000000000003,52
P25,2025-08-26,MO2510-P-5800,5,340,20,2,False,5800.0,9.4,7500.0,361.8,352.40000000000003,51
P25,2025-08-27,MO2510-P-5800,6,326,21,2,False,5800.0,9.8,7300.0,312.8,303.0,50
P25,2025-08-28,MO2510-P-5800,6,372,21,2,False,5800.0,8.6,7400.0,328.2,319.59999999999997,49
P25,2025-08-29,MO2510-P-5800,6,296,21,2,False,5800.0,10.8,7400.0,334.2,323.4,48
P25,2025-09-01,MO2510-P-5800,5,320,19,2,False,5800.0,10.0,7500.0,373.0,363.0,45
P25,2025-09-02,MO2510-P-5800,5,231,20,2,False,5800.0,13.8,7300.0,325.6,311.8,44
P25,2025-09-03,MO2510-P-5800,5,235,19,2,False,5800.0,13.6,7200.0,310.8,297.2,43
P25,2025-09-04,MO2510-P-5800,5,205,20,2,False,5800.0,15.6,7000.0,271.6,256.0,42
P25,2025-09-05,MO2510-P-5800,6,390,23,2,False,5800.0,8.2,7200.0,262.2,254.0,41
P25,2025-09-08,MO2510-P-5800,6,400,21,2,False,5800.0,8.0,7300.0,299.2,291.2,38
P25,2025-09-09,MO2510-P-5800,6,390,22,2,False,5800.0,8.2,7200.0,275.2,267.0,37
P25,2025-09-10,MO2510-P-5800,6,432,23,2,False,5800.0,7.4,7200.0,265.8,258.40000000000003,36
P25,2025-09-11,MO2510-P-5800,7,615,25,2,False,5800.0,5.2,7400.0,263.6,258.40000000000003,35
P25,2025-09-12,MO2510-P-5800,7,571,27,2,False,5800.0,5.6,7400.0,250.0,244.4,34
P25,2025-09-15,MO2510-P-5800,7,444,26,2,False,5800.0,7.2,7400.0,262.8,255.60000000000002,31
P25,2025-09-16,MO2510-P-5800,7,533,25,2,False,5800.0,6.0,7500.0,280.0,274.0,30
P25,2025-09-17,MO2510-P-5800,7,571,26,2,False,5800.0,5.6,7600.0,285.2,279.59999999999997,29
P25,2025-09-18,MO2510-P-5800,7,516,25,2,False,5800.0,6.2,7500.0,282.8,276.6,28
P25,2025-09-19,MO2510-P-5800,8,695,31,2,False,5800.0,4.6,7400.0,218.8,214.20000000000002,27
P25,2025-09-22,MO2511-P-6300,4,78,13,2,False,6300.0,41.0,7500.0,414.8,373.8,59
P25,2025-09-23,MO2511-P-6300,4,61,13,2,False,6300.0,52.4,7400.0,406.6,354.20000000000005,58
P25,2025-09-24,MO2511-P-6300,4,84,16,2,False,6300.0,37.8,7500.0,364.2,326.4,57
P25,2025-09-25,MO2511-P-6300,4,102,15,2,False,6300.0,31.2,7500.0,366.6,335.40000000000003,56
P25,2025-09-26,MO2511-P-6300,4,95,14,2,False,6300.0,33.4,7400.0,355.0,321.6,55
P25,2025-09-29,MO2511-P-6300,4,134,16,2,False,6300.0,23.8,7500.0,332.6,308.8,52
P25,2025-09-30,MO2511-P-6300,4,173,16,2,False,6300.0,18.4,7600.0,343.2,324.8,51
P25,2025-10-09,MO2511-P-6300,6,333,22,2,False,6300.0,9.6,7600.0,261.6,252.00000000000003,42
P25,2025-10-10,MO2511-P-6300,5,296,20,2,False,6300.0,10.8,7500.0,260.2,249.39999999999998,41
P25,2025-10-13,MO2511-P-6300,5,222,18,2,False,6300.0,14.4,7500.0,293.2,278.8,38
P25,2025-10-14,MO2511-P-6300,4,134,15,2,False,6300.0,23.8,7400.0,316.2,292.4,37
P25,2025-10-15,MO2511-P-6300,5,307,18,2,False,6300.0,10.4,7500.0,284.0,273.6,36
P25,2025-10-16,MO2511-P-6300,5,250,17,2,False,6300.0,12.8,7400.0,274.2,261.4,35
P25,2025-10-17,MO2511-P-6300,4,132,14,2,False,6300.0,24.2,7200.0,280.0,255.8,34
P25,2025-10-20,MO2511-P-6300,5,197,17,2,False,6300.0,16.2,7200.0,243.4,227.20000000000002,31
P25,2025-10-21,MO2511-P-6300,5,400,20,2,False,6300.0,8.0,7300.0,217.6,209.6,30
P25,2025-10-22,MO2512-P-4900,7,666,28,2,False,4900.0,4.8,7300.0,350.8,346.0,57
P25,2025-10-23,MO2512-P-4900,8,666,29,2,False,4900.0,4.8,7300.0,346.0,341.2,56
P25,2025-10-24,MO2512-P-4900,8,761,32,2,False,4900.0,4.2,7400.0,324.6,320.40000000000003,55
P25,2025-10-27,MO2512-P-4900,8,1000,30,2,False,4900.0,3.2,7500.0,354.4,351.2,52
P25,2025-10-28,MO2512-P-4900,8,1333,31,2,False,4900.0,2.4,7500.0,337.6,335.20000000000005,51
P25,2025-10-29,MO2512-P-4900,8,1066,32,2,False,4900.0,3.0,7600.0,337.0,334.0,50
P25,2025-10-30,MO2512-P-4900,8,1230,32,2,False,4900.0,2.6,7500.0,327.0,324.4,49
P25,2025-10-31,MO2512-P-4900,9,1142,34,2,False,4900.0,2.8,7500.0,314.6,311.8,48
P25,2025-11-03,MO2512-P-4900,10,4000,37,2,False,4900.0,0.8,7500.0,287.0,286.2,45
P25,2025-11-04,MO2512-P-4900,9,4000,35,2,False,4900.0,0.8,7400.0,297.8,297.0,44
P25,2025-11-05,MO2512-P-4900,8,1600,31,2,False,4900.0,2.0,7500.0,336.0,334.0,43
P25,2025-11-06,MO2512-P-4900,9,1454,33,2,False,4900.0,2.2,7600.0,326.2,324.0,42
P25,2025-11-07,MO2512-P-4900,11,1600,41,2,False,4900.0,2.0,7500.0,260.0,258.0,41
P25,2025-11-10,MO2512-P-4900,9,1777,35,2,False,4900.0,1.8,7600.0,307.6,305.8,38
P25,2025-11-11,MO2512-P-4900,11,2000,41,2,False,4900.0,1.6,7500.0,265.0,263.4,37
P25,2025-11-12,MO2512-P-4900,10,1777,38,2,False,4900.0,1.8,7500.0,279.0,277.2,36
P25,2025-11-13,MO2512-P-4900,11,2285,41,2,False,4900.0,1.4,7600.0,268.0,266.6,35
P25,2025-11-14,MO2512-P-4900,11,2666,42,2,False,4900.0,1.2,7500.0,250.4,249.20000000000002,34
P25,2025-11-17,MO2512-P-4900,12,16000,46,2,False,4900.0,0.2,7500.0,228.8,228.60000000000002,31
P25,2025-11-18,MO2512-P-4900,13,2285,50,2,False,4900.0,1.4,7400.0,206.0,204.6,30
P25,2025-11-19,MO2601-P-6400,4,97,14,2,False,6400.0,32.8,7400.0,336.4,303.59999999999997,57
P25,2025-11-20,MO2601-P-6400,4,95,15,2,False,6400.0,33.4,7300.0,286.4,252.99999999999997,56
P25,2025-11-21,MO2601-P-6400,3,49,11,2,False,6400.0,64.8,7100.0,315.0,250.2,55
P25,2025-11-24,MO2601-P-6300,3,80,12,2,False,6300.0,39.6,7200.0,327.4,287.79999999999995,52
P25,2025-11-25,MO2601-P-6300,4,117,16,2,False,6300.0,27.2,7200.0,267.0,239.8,51
P25,2025-11-26,MO2601-P-6300,5,137,17,2,False,6300.0,23.2,7200.0,259.0,235.8,50
P25,2025-11-27,MO2601-P-6300,4,156,13,2,False,6300.0,20.4,7300.0,318.4,298.0,49
P25,2025-11-28,MO2601-P-6300,5,213,17,2,False,6300.0,15.0,7300.0,265.6,250.60000000000002,48
P25,2025-12-01,MO2601-P-6300,4,266,16,2,False,6300.0,12.0,7400.0,296.8,284.8,45
P25,2025-12-02,MO2601-P-6300,5,271,17,2,False,6300.0,11.8,7300.0,262.8,251.0,44
P25,2025-12-03,MO2601-P-6300,5,253,18,2,False,6300.0,12.6,7200.0,230.0,217.4,43
P25,2025-12-04,MO2601-P-6300,5,290,19,2,False,6300.0,11.0,7200.0,214.8,203.8,42
P25,2025-12-05,MO2601-P-6300,6,363,22,2,False,6300.0,8.8,7300.0,205.2,196.39999999999998,41
P25,2025-12-08,MO2601-P-6300,6,470,22,2,False,6300.0,6.8,7400.0,214.4,207.6,38
P25,2025-12-09,MO2601-P-6300,5,470,20,2,False,6300.0,6.8,7400.0,229.2,222.39999999999998,37
P25,2025-12-10,MO2601-P-6300,6,470,21,2,False,6300.0,6.8,7400.0,221.0,214.2,36
P25,2025-12-11,MO2601-P-6300,6,432,21,2,False,6300.0,7.4,7300.0,204.8,197.4,35
P25,2025-12-12,MO2601-P-6300,6,484,21,2,False,6300.0,6.6,7400.0,220.4,213.8,34
P25,2025-12-15,MO2601-P-6300,6,533,23,2,False,6300.0,6.0,7300.0,184.6,178.6,31
P25,2025-12-16,MO2601-P-6300,5,380,19,2,False,6300.0,8.4,7200.0,197.0,188.6,30
P25,2025-12-17,MO2602-P-6300,4,136,15,2,False,6300.0,23.4,7300.0,295.8,272.40000000000003,58
P25,2025-12-18,MO2602-P-6300,4,133,15,2,False,6300.0,24.0,7300.0,300.0,276.0,57
P25,2025-12-19,MO2602-P-6300,5,170,18,2,False,6300.0,18.8,7300.0,255.0,236.2,56
P25,2025-12-22,MO2602-P-6300,5,228,17,2,False,6300.0,14.0,7400.0,277.0,263.0,53
P25,2025-12-23,MO2602-P-6300,5,235,17,2,False,6300.0,13.6,7400.0,275.0,261.4,52
P25,2025-12-24,MO2602-P-6300,5,313,19,2,False,6300.0,10.2,7500.0,268.8,258.6,51
P25,2025-12-25,MO2602-P-6300,5,432,19,2,False,6300.0,7.4,7600.0,283.0,275.6,50
P25,2025-12-26,MO2602-P-6300,6,444,22,2,False,6300.0,7.2,7600.0,255.6,248.4,49
P25,2025-12-29,MO2602-P-6300,5,363,20,2,False,6300.0,8.8,7600.0,275.8,267.0,46
P25,2025-12-30,MO2602-P-6300,5,380,20,2,False,6300.0,8.4,7600.0,273.0,264.6,45
P25,2025-12-31,MO2602-P-6300,5,380,20,2,False,6300.0,8.4,7600.0,278.4,270.0,44
P25,2026-01-05,MO2602-P-6300,6,666,21,2,False,6300.0,4.8,7800.0,284.6,279.8,39
P25,2026-01-06,MO2602-P-6300,6,800,22,2,False,6300.0,4.0,7900.0,295.0,291.0,38
P25,2026-01-07,MO2602-P-6300,7,800,25,2,False,6300.0,4.0,7900.0,269.8,265.8,37
P25,2026-01-08,MO2602-P-6300,6,941,24,2,False,6300.0,3.4,8000.0,294.0,290.6,36
P25,2026-01-09,MO2602-P-6300,8,800,30,2,False,6300.0,4.0,8100.0,253.8,249.8,35
P25,2026-01-12,MO2602-P-6300,7,842,25,2,False,6300.0,3.8,8400.0,339.8,336.0,32
P25,2026-01-13,MO2602-P-6300,8,695,30,2,False,6300.0,4.6,8200.0,266.0,261.4,31
P25,2026-01-14,MO2602-P-6300,7,888,25,2,False,6300.0,3.6,8300.0,321.2,317.59999999999997,30
P25,2026-01-15,MO2602-P-6300,9,2285,33,2,False,6300.0,1.4,8200.0,238.0,236.6,29
P25,2026-01-16,MO2602-P-6300,9,1333,36,2,False,6300.0,2.4,8200.0,220.8,218.4,28
P25,2026-01-19,MO2603-P-4900,10,1600,37,2,False,4900.0,2.0,8300.0,369.8,367.8,59
P25,2026-01-20,MO2603-P-4900,11,1454,42,2,False,4900.0,2.2,8200.0,321.0,318.8,58
P25,2026-01-21,MO2603-P-4900,13,1600,50,2,False,4900.0,2.0,8200.0,274.4,272.4,57
P25,2026-01-22,MO2603-P-4900,12,1600,47,2,False,4900.0,2.0,8300.0,295.2,293.2,56
P25,2026-01-23,MO2603-P-4900,11,1600,44,2,False,4900.0,2.0,8500.0,327.0,325.0,55
P25,2026-01-26,MO2603-P-4900,10,1600,38,2,False,4900.0,2.0,8400.0,376.6,374.6,52
P25,2026-01-27,MO2603-P-4900,11,1777,41,2,False,4900.0,1.8,8400.0,343.2,341.4,51
P25,2026-01-28,MO2603-P-4900,11,2000,42,2,False,4900.0,1.6,8400.0,337.6,336.0,50
P25,2026-01-29,MO2603-P-4900,12,2285,48,2,False,4900.0,1.4,8300.0,289.6,288.20000000000005,49
P25,2026-01-30,MO2603-P-4900,11,1777,42,2,False,4900.0,1.8,8300.0,327.0,325.2,48
P25,2026-02-02,MO2603-P-4900,8,842,30,2,False,4900.0,3.8,8000.0,417.2,413.4,45
P25,2026-02-03,MO2603-P-4900,11,3200,44,2,False,4900.0,1.0,8200.0,308.0,307.0,44
P25,2026-02-04,MO2603-P-4900,12,1777,46,2,False,4900.0,1.8,8200.0,292.8,291.0,43
P25,2026-02-05,MO2603-P-4900,11,1230,43,2,False,4900.0,2.6,8100.0,301.8,299.2,42
P25,2026-02-06,MO2603-P-4900,10,800,40,2,False,4900.0,4.0,8100.0,325.4,321.4,41
P25,2026-02-09,MO2603-P-4900,14,1000,55,2,False,4900.0,3.2,8200.0,248.0,244.8,38
P25,2026-02-10,MO2603-P-4900,12,1454,48,2,False,4900.0,2.2,8300.0,284.8,282.6,37
P25,2026-02-11,MO2603-P-4900,15,1454,57,2,False,4900.0,2.2,8200.0,236.8,234.60000000000002,36
P25,2026-02-12,MO2603-P-4900,15,1600,59,2,False,4900.0,2.0,8300.0,234.2,232.2,35
P25,2026-02-13,MO2603-P-4900,13,1333,50,2,False,4900.0,2.4,8200.0,267.4,265.0,34
P25,2026-02-24,MO2604-P-7100,5,108,17,2,False,7100.0,29.6,8300.0,326.2,296.59999999999997,51
P25,2026-02-25,MO2604-P-7100,5,149,20,2,False,7100.0,21.4,8400.0,297.8,276.40000000000003,50
P25,2026-02-26,MO2604-P-7100,5,183,19,2,False,7100.0,17.4,8500.0,326.0,308.6,49
P25,2026-02-27,MO2604-P-7100,5,213,19,2,False,7100.0,15.0,8600.0,334.4,319.4,48
P25,2026-03-02,MO2604-P-7100,5,177,19,2,False,7100.0,18.0,8500.0,322.4,304.4,45
P25,2026-03-03,MO2604-P-7100,5,87,17,2,False,7100.0,36.4,8100.0,288.2,251.79999999999998,44
P25,2026-03-04,MO2604-P-7100,4,70,15,2,False,7100.0,45.2,8100.0,325.8,280.6,43
P25,2026-03-05,MO2604-P-7100,4,86,16,2,False,7100.0,36.8,8200.0,308.8,272.0,42
P25,2026-03-06,MO2604-P-7100,5,99,20,2,False,7100.0,32.2,8200.0,267.6,235.40000000000003,41
P25,2026-03-09,MO2604-P-7100,5,71,18,2,False,7100.0,44.6,8200.0,294.0,249.4,38
P25,2026-03-10,MO2604-P-7100,5,115,19,2,False,7100.0,27.6,8400.0,305.2,277.59999999999997,37
P25,2026-03-11,MO2604-P-7100,5,105,18,2,False,7100.0,30.2,8400.0,318.0,287.8,36
P25,2026-03-12,MO2604-P-7100,5,111,19,2,False,7100.0,28.6,8300.0,295.4,266.79999999999995,35
P25,2026-03-13,MO2604-P-7100,5,90,18,2,False,7100.0,35.2,8200.0,286.6,251.40000000000003,34
P25,2026-03-16,MO2604-P-7100,5,122,19,2,False,7100.0,26.2,8200.0,272.4,246.2,31
P25,2026-03-17,MO2604-P-7100,5,97,17,2,False,7100.0,32.8,8000.0,255.0,222.2,30
P25,2026-03-18,MO2605-P-7200,4,39,13,2,False,7200.0,82.0,8100.0,363.8,281.8,57
P25,2026-03-19,MO2605-P-7200,3,27,12,2,False,7200.0,114.8,7900.0,360.8,246.0,56
P25,2026-03-20,MO2605-P-7100,3,27,11,2,False,7100.0,115.6,7800.0,365.0,249.4,55
P25,2026-03-23,MO2605-P-7000,3,11,11,2,False,7000.0,273.6,7400.0,432.0,158.39999999999998,52
P25,2026-03-24,MO2605-P-6600,6,67,21,3,False,6600.0,71.0,7600.0,369.8,298.8,51
P25,2026-03-25,MO2605-P-6600,6,94,21,3,False,6600.0,51.0,7800.0,386.6,335.6,50
P25,2026-03-26,MO2605-P-6600,6,69,23,3,False,6600.0,68.8,7600.0,343.2,274.4,49
P25,2026-03-27,MO2605-P-6600,7,86,26,3,False,6600.0,55.6,7700.0,325.0,269.4,48
P25,2026-03-30,MO2605-P-6600,6,83,22,3,False,6600.0,57.6,7800.0,382.6,325.0,45
P25,2026-03-31,MO2605-P-6600,6,73,23,3,False,6600.0,65.6,7600.0,337.0,271.4,44
P25,2026-04-01,MO2605-P-6600,6,125,23,3,False,6600.0,38.4,7800.0,347.4,309.0,43
P25,2026-04-02,MO2605-P-6600,6,83,23,3,False,6600.0,57.8,7600.0,329.8,272.0,42
P25,2026-04-03,MO2605-P-6600,6,69,24,3,False,6600.0,69.4,7500.0,311.0,241.6,41
P25,2026-04-07,MO2605-P-6600,7,87,25,3,False,6600.0,55.0,7600.0,303.0,248.0,37
P25,2026-04-08,MO2605-P-6600,8,285,29,3,False,6600.0,16.8,8000.0,301.2,284.4,36
P25,2026-04-09,MO2605-P-6600,9,272,33,3,False,6600.0,17.6,7900.0,265.0,247.4,35
P25,2026-04-10,MO2605-P-6600,9,285,34,3,False,6600.0,16.8,8000.0,268.0,251.2,34
P25,2026-04-13,MO2605-P-6600,9,255,36,3,False,6600.0,18.8,8000.0,260.4,241.59999999999997,31
P25,2026-04-14,MO2605-P-6600,10,342,40,3,False,6600.0,14.0,8100.0,250.8,236.8,30
P25,2026-04-15,MO2605-P-6600,10,380,38,3,False,6600.0,12.6,8100.0,250.6,238.0,29
P25,2026-04-16,MO2605-P-6600,12,685,45,3,False,6600.0,7.0,8200.0,225.2,218.2,28
P25,2026-04-17,MO2605-P-6600,12,705,48,3,False,6600.0,6.8,8300.0,222.8,216.0,27
P25,2026-04-20,MO2606-P-5200,12,705,45,3,False,5200.0,6.8,8400.0,431.2,424.4,59
P25,2026-04-21,MO2606-P-5200,12,827,46,3,False,5200.0,5.8,8400.0,425.6,419.8,58
P25,2026-04-22,MO2606-P-5200,13,1043,50,3,False,5200.0,4.6,8500.0,401.8,397.2,57
P25,2026-04-23,MO2606-P-5200,13,1090,49,3,False,5200.0,4.4,8400.0,398.8,394.40000000000003,56
P25,2026-04-24,MO2606-P-5200,13,1090,52,3,False,5200.0,4.4,8300.0,368.6,364.20000000000005,55
P25,2026-04-27,MO2606-P-5200,14,1333,56,3,False,5200.0,3.6,8300.0,341.6,338.0,52
P25,2026-04-28,MO2606-P-5200,15,1333,57,3,False,5200.0,3.6,8200.0,324.8,321.2,51
P25,2026-04-29,MO2606-P-5200,16,1500,63,3,False,5200.0,3.2,8300.0,303.2,300.0,50
P25,2026-04-30,MO2606-P-5200,15,1714,58,3,False,5200.0,2.8,8400.0,336.4,333.59999999999997,49
P25,2026-05-06,MO2606-P-5200,16,2000,64,3,False,5200.0,2.4,8600.0,323.6,321.20000000000005,43
P25,2026-05-07,MO2606-P-5200,12,1333,46,2,False,5200.0,2.4,8700.0,312.0,309.6,42
P25,2026-05-08,MO2606-P-5200,12,1333,46,2,False,5200.0,2.4,8700.0,311.8,309.40000000000003,41
P25,2026-05-11,MO2606-P-5200,10,1333,40,2,False,5200.0,2.4,8900.0,378.0,375.6,38
P25,2026-05-12,MO2606-P-5200,11,1142,44,2,False,5200.0,2.8,8800.0,338.2,335.4,37
P25,2026-05-13,MO2606-P-5200,11,1777,41,2,False,5200.0,1.8,9000.0,369.0,367.2,36
P25,2026-05-14,MO2606-P-5200,12,1600,46,2,False,5200.0,2.0,8800.0,318.0,316.0,35
P25,2026-05-15,MO2606-P-5200,12,1777,45,2,False,5200.0,1.8,8700.0,314.6,312.8,34
P25,2026-05-18,MO2606-P-5200,13,1777,51,2,False,5200.0,1.8,8700.0,280.8,279.0,31
P25,2026-05-19,MO2606-P-5200,13,2000,52,2,False,5200.0,1.6,8800.0,282.6,281.0,30
P25,2026-05-20,MO2607-P-7400,4,67,15,2,False,7400.0,47.2,8800.0,432.6,385.40000000000003,58
P25,2026-05-21,MO2607-P-7400,4,47,14,2,False,7400.0,67.8,8500.0,403.0,335.2,57
P25,2026-05-22,MO2607-P-7400,4,66,14,2,False,7400.0,48.4,8700.0,424.0,375.6,56
P25,2026-05-25,MO2607-P-7400,4,82,15,2,False,7400.0,38.8,8800.0,434.8,396.0,53
P25,2026-05-26,MO2607-P-7400,4,74,14,2,False,7400.0,42.8,8700.0,431.0,388.2,52
P25,2026-05-27,MO2607-P-7400,4,53,14,2,False,7400.0,59.4,8500.0,405.8,346.40000000000003,51
P25,2026-05-28,MO2607-P-7400,4,70,15,2,False,7400.0,45.4,8600.0,389.4,344.0,50
P25,2026-05-29,MO2607-P-7400,4,51,13,2,False,7400.0,61.8,8400.0,396.8,335.0,49
P25,2026-06-01,MO2607-P-7400,4,52,14,2,False,7400.0,60.8,8300.0,349.2,288.4,46
P25,2026-06-02,MO2607-P-7400,4,55,13,2,False,7400.0,58.0,8400.0,386.0,328.0,45
P25,2026-06-03,MO2607-P-7400,4,62,14,2,False,7400.0,50.8,8400.0,355.8,305.0,44
P25,2026-06-04,MO2607-P-7400,4,62,14,2,False,7400.0,50.8,8400.0,356.2,305.4,43
P25,2026-06-05,MO2607-P-7400,4,54,14,2,False,7400.0,59.2,8300.0,342.8,283.6,42
P25,2026-06-08,MO2607-P-7400,3,32,12,2,False,7400.0,98.4,8100.0,345.4,246.99999999999997,39
P25,2026-06-09,MO2607-P-7200,4,76,15,2,False,7200.0,42.0,8300.0,353.0,311.0,37
P25,2026-06-10,MO2607-P-7200,4,65,14,2,False,7200.0,48.8,8200.0,335.8,287.0,36
P25,2026-06-11,MO2607-P-7200,4,63,13,2,False,7200.0,50.6,8200.0,349.8,299.2,35
P25,2026-06-12,MO2607-P-7200,4,93,16,2,False,7200.0,34.4,8200.0,296.8,262.40000000000003,34
P25,2026-06-15,MO2607-P-7200,5,207,18,2,False,7200.0,15.4,8500.0,315.0,299.6,31
P25,2026-06-16,MO2607-P-7200,5,216,20,2,False,7200.0,14.8,8600.0,308.8,294.0,30
P25,2026-06-17,MO2607-P-7200,5,271,20,2,False,7200.0,11.8,8700.0,320.0,308.2,29
P25,2026-06-18,MO2607-P-7200,6,355,21,2,False,7200.0,9.0,8800.0,320.0,311.0,28
P25,2026-06-22,MO2608-P-7200,4,90,14,2,False,7200.0,35.2,8900.0,520.4,485.2,59
P25,2026-06-23,MO2608-P-7200,4,73,14,2,False,7200.0,43.4,8700.0,480.6,437.20000000000005,58
P25,2026-06-24,MO2608-P-7200,4,87,15,2,False,7200.0,36.6,8800.0,487.2,450.59999999999997,57
P25,2026-06-25,MO2608-P-7200,4,97,16,2,False,7200.0,32.8,8800.0,451.2,418.4,56
P25,2026-06-26,MO2608-P-7200,4,74,14,2,False,7200.0,43.0,8600.0,444.2,401.2,55
P25,2026-06-29,MO2608-P-7200,4,75,14,2,False,7200.0,42.6,8600.0,446.2,403.59999999999997,52
P25,2026-06-30,MO2608-P-7200,4,111,16,2,False,7200.0,28.6,8800.0,438.6,410.0,51
P25,2026-07-01,MO2608-P-7200,4,135,15,2,False,7200.0,23.6,8900.0,481.0,457.4,50
P25,2026-07-02,MO2608-P-7200,4,107,16,2,False,7200.0,29.8,8600.0,396.6,366.8,49
P25,2026-07-03,MO2608-P-7200,5,113,17,2,False,7200.0,28.2,8600.0,373.6,345.40000000000003,48
P25,2026-07-06,MO2608-P-7200,4,117,15,2,False,7200.0,27.2,8500.0,387.0,359.8,45
P25,2026-07-07,MO2608-P-7200,4,94,15,2,False,7200.0,33.8,8300.0,344.0,310.2,44
P25,2026-07-08,MO2608-P-7200,4,71,14,2,False,7200.0,45.0,8100.0,318.4,273.4,43
P25,2026-07-09,MO2608-P-7200,4,105,15,2,False,7200.0,30.4,8300.0,336.2,305.8,42
P25,2026-07-10,MO2608-P-7200,4,90,14,2,False,7200.0,35.2,8200.0,325.2,290.0,41
P25,2026-07-13,MO2608-P-7200,3,34,10,2,False,7200.0,92.2,7800.0,330.0,237.8,38
P25,2026-07-14,MO2608-P-7000,6,108,22,3,False,7000.0,44.2,7900.0,303.6,259.40000000000003,37
P25,2026-07-15,MO2608-P-7000,5,84,20,3,False,7000.0,56.6,7800.0,304.6,248.00000000000003,36
P25,2026-07-16,MO2608-P-7000,5,53,19,3,False,7000.0,90.0,7600.0,297.6,207.60000000000002,35
P25,2026-07-17,MO2608-P-6800,4,27,13,3,False,6800.0,176.6,7200.0,360.2,183.6,34
P25,2026-07-20,MO2608-P-6400,4,30,14,3,False,6400.0,158.4,7000.0,412.8,254.4,31
P25,2026-07-21,MO2608-P-6200,6,113,22,3,False,6200.0,42.4,7300.0,339.0,296.6,30
P25,2026-07-22,MO2609-P-6200,5,49,17,3,False,6200.0,96.4,7200.0,437.8,341.4,58
P25,2026-07-23,MO2609-P-6200,5,72,19,3,False,6200.0,66.0,7200.0,393.0,327.0,57
P25,2026-07-24,MO2609-P-6200,5,44,17,3,False,6200.0,106.8,7000.0,395.0,288.2,56
P25,2026-07-27,MO2609-P-6200,6,78,22,3,False,6200.0,60.8,7200.0,349.6,288.8,53
P25,2026-07-28,MO2609-P-6200,5,46,19,3,False,6200.0,102.6,7000.0,369.0,266.4,52
P25,2026-07-29,MO2609-P-6200,5,53,19,3,False,6200.0,89.4,7100.0,378.0,288.6,51
P25,2026-07-30,MO2609-P-6200,5,32,17,3,False,6200.0,147.8,6900.0,410.4,262.59999999999997,50
P25,2026-07-31,MO2609-P-6200,7,63,25,4,False,6200.0,101.2,7100.0,390.0,288.8,49
P25,2026-08-03,MO2609-P-6200,7,76,25,4,False,6200.0,83.4,7100.0,367.4,284.0,46
P25,2026-08-04,MO2609-P-6200,8,142,30,4,False,6200.0,44.8,7300.0,342.0,297.2,45
P25,2026-08-05,MO2609-P-6200,9,203,35,4,False,6200.0,31.4,7500.0,327.2,295.8,44
P25,2026-08-06,MO2609-P-6200,10,198,37,4,False,6200.0,32.2,7500.0,320.0,287.8,43
P25,2026-08-07,MO2609-P-6200,10,293,39,4,False,6200.0,21.8,7700.0,332.8,311.0,42
P25,2026-08-10,MO2609-P-6200,11,347,42,4,False,6200.0,18.4,7700.0,315.6,297.20000000000005,39
P25,2026-08-11,MO2609-P-6200,11,351,42,4,False,6200.0,18.2,7700.0,307.8,289.6,38
P25,2026-08-12,MO2609-P-6200,11,421,43,4,False,6200.0,15.2,7800.0,316.2,301.0,37
P25,2026-08-13,MO2609-P-6200,12,385,46,4,False,6200.0,16.6,7700.0,282.0,265.4,36
P25,2026-08-14,MO2609-P-6200,11,507,43,4,False,6200.0,12.6,7800.0,311.4,298.79999999999995,35
P50,2022-07-22,MO2209-P-6300,7,43,13,2,False,6300.0,72.8,7000.0,305.8,233.0,55
P50,2022-07-25,MO2209-P-6300,7,40,13,2,False,6300.0,78.6,6900.0,287.6,209.00000000000003,52
P50,2022-07-26,MO2209-P-6200,8,84,15,2,False,6200.0,38.0,7000.0,271.0,233.0,51
P50,2022-07-27,MO2209-P-6200,8,93,15,2,False,6200.0,34.2,7100.0,280.6,246.40000000000003,50
P50,2022-07-28,MO2209-P-6200,7,94,14,2,False,6200.0,33.8,7200.0,313.4,279.59999999999997,49
P50,2022-07-29,MO2209-P-6200,8,87,16,2,False,6200.0,36.4,7100.0,270.0,233.6,48
P50,2022-08-01,MO2209-P-6200,8,98,15,2,False,6200.0,32.6,7200.0,296.6,264.0,45
P50,2022-08-02,MO2209-P-6200,7,45,13,2,False,6200.0,71.0,7000.0,314.0,243.0,44
P50,2022-08-03,MO2209-P-6200,7,48,14,2,False,6200.0,66.4,6900.0,276.4,209.99999999999997,43
P50,2022-08-04,MO2209-P-6200,6,56,12,2,False,6200.0,56.4,7000.0,311.4,254.99999999999997,42
P50,2022-08-05,MO2209-P-6200,9,87,17,2,False,6200.0,36.4,7100.0,255.8,219.4,41
P50,2022-08-08,MO2209-P-6200,8,109,16,2,False,6200.0,29.2,7200.0,278.6,249.40000000000003,38
P50,2022-08-09,MO2209-P-6200,9,113,18,2,False,6200.0,28.2,7200.0,263.4,235.2,37
P50,2022-08-10,MO2209-P-6200,9,111,18,2,False,6200.0,28.8,7200.0,256.0,227.2,36
P50,2022-08-11,MO2209-P-6200,10,152,20,2,False,6200.0,21.0,7300.0,248.8,227.8,35
P50,2022-08-12,MO2209-P-6200,11,173,22,2,False,6200.0,18.4,7200.0,213.2,194.79999999999998,34
P50,2022-08-15,MO2209-P-6200,10,266,20,2,False,6200.0,12.0,7300.0,230.0,218.0,31
P50,2022-08-16,MO2209-P-6200,13,363,25,2,False,6200.0,8.8,7300.0,191.8,183.0,30
P50,2022-08-17,MO2209-P-6200,14,444,28,2,False,6200.0,7.2,7300.0,172.6,165.4,29
P50,2022-08-18,MO2209-P-6200,12,400,23,2,False,6200.0,8.0,7400.0,212.2,204.2,28
P50,2022-08-19,MO2209-P-6200,14,266,28,2,False,6200.0,12.0,7200.0,161.0,149.0,27
P50,2022-08-22,MO2210-P-6200,9,129,17,2,False,6200.0,24.8,7300.0,286.6,261.8,59
P50,2022-08-23,MO2210-P-6200,9,131,18,2,False,6200.0,24.4,7300.0,280.6,256.20000000000005,58
P50,2022-08-24,MO2210-P-6200,8,66,15,2,False,6200.0,48.2,7000.0,276.0,227.8,57
P50,2022-08-25,MO2210-P-6200,7,68,14,2,False,6200.0,46.4,7000.0,290.2,243.79999999999998,56
P50,2022-08-26,MO2210-P-6200,7,70,13,2,False,6200.0,45.4,7000.0,301.2,255.79999999999998,55
P50,2022-08-29,MO2210-P-6200,7,80,14,2,False,6200.0,39.6,7000.0,278.8,239.20000000000002,52
P50,2022-08-30,MO2210-P-6200,7,79,13,2,False,6200.0,40.4,7000.0,286.0,245.6,51
P50,2022-08-31,MO2210-P-6200,5,47,10,2,False,6200.0,67.0,6800.0,293.0,226.0,50
P50,2022-09-01,MO2210-P-6000,7,72,14,2,False,6000.0,44.2,6700.0,254.0,209.8,49
P50,2022-09-02,MO2210-P-6000,7,77,14,2,False,6000.0,41.4,6800.0,274.2,232.79999999999998,48
P50,2022-09-05,MO2210-P-6000,8,90,15,2,False,6000.0,35.4,6800.0,261.2,225.79999999999998,45
P50,2022-09-06,MO2210-P-6000,9,142,18,2,False,6000.0,22.4,6900.0,235.0,212.6,44
P50,2022-09-07,MO2210-P-6000,8,200,16,2,False,6000.0,16.0,7000.0,264.0,248.0,43
P50,2022-09-08,MO2210-P-6000,9,183,18,2,False,6000.0,17.4,6900.0,227.0,209.6,42
P50,2022-09-09,MO2210-P-6000,10,246,20,2,False,6000.0,13.0,6900.0,196.2,183.2,41
P50,2022-09-13,MO2210-P-6000,10,280,20,2,False,6000.0,11.4,6900.0,198.4,187.0,37
P50,2022-09-14,MO2210-P-6000,10,231,20,2,False,6000.0,13.8,6800.0,183.0,169.2,36
P50,2022-09-15,MO2210-P-6000,8,107,15,2,False,6000.0,29.8,6600.0,203.0,173.2,35
P50,2022-09-16,MO2210-P-5900,7,93,13,2,False,5900.0,34.2,6500.0,216.8,182.60000000000002,34
P50,2022-09-19,MO2210-P-5800,7,91,14,2,False,5800.0,35.0,6400.0,217.8,182.8,31
P50,2022-09-20,MO2210-P-5700,8,177,16,2,False,5700.0,18.0,6500.0,221.4,203.4,30
P50,2022-09-21,MO2211-P-5700,6,62,12,2,False,5700.0,50.8,6500.0,316.0,265.2,57
P50,2022-09-22,MO2211-P-5700,7,59,13,2,False,5700.0,54.0,6500.0,302.8,248.8,56
P50,2022-09-23,MO2211-P-5700,6,49,11,2,False,5700.0,64.8,6400.0,311.8,247.0,55
P50,2022-09-26,MO2211-P-5700,6,44,12,2,False,5700.0,71.2,6300.0,275.8,204.60000000000002,52
P50,2022-09-27,MO2211-P-5600,12,130,23,3,False,5600.0,36.8,6400.0,256.2,219.39999999999998,51
P50,2022-09-28,MO2211-P-5600,10,82,20,3,False,5600.0,58.0,6200.0,243.0,185.0,50
P50,2022-09-29,MO2211-P-5500,12,118,23,3,False,5500.0,40.6,6200.0,233.8,193.20000000000002,49
P50,2022-09-30,MO2211-P-5500,11,82,21,3,False,5500.0,58.0,6100.0,240.8,182.8,48
P50,2022-10-10,MO2211-P-5500,9,74,17,3,False,5500.0,64.4,6000.0,238.4,174.0,38
P50,2022-10-11,MO2211-P-5300,12,160,23,3,False,5300.0,30.0,6000.0,225.6,195.6,37
P50,2022-10-12,MO2211-P-5300,13,240,25,3,False,5300.0,20.0,6200.0,235.8,215.8,36
P50,2022-10-13,MO2211-P-5300,12,413,24,3,False,5300.0,11.6,6300.0,256.2,244.6,35
P50,2022-10-14,MO2211-P-5300,18,888,35,3,False,5300.0,5.4,6400.0,200.6,195.2,34
P50,2022-10-17,MO2211-P-5300,16,857,32,3,False,5300.0,5.6,6500.0,227.2,221.6,31
P50,2022-10-18,MO2211-P-5300,19,1043,37,3,False,5300.0,4.6,6500.0,202.0,197.4,30
P50,2022-10-19,MO2212-P-5300,12,285,24,3,False,5300.0,16.8,6500.0,313.2,296.4,57
P50,2022-10-20,MO2212-P-5300,13,285,26,3,False,5300.0,16.8,6400.0,281.2,264.4,56
P50,2022-10-21,MO2212-P-5300,14,218,28,3,False,5300.0,22.0,6400.0,273.2,251.2,55
P50,2022-10-24,MO2212-P-5300,13,167,25,3,False,5300.0,28.6,6400.0,292.2,263.59999999999997,52
P50,2022-10-25,MO2212-P-5300,12,179,24,3,False,5300.0,26.8,6400.0,296.4,269.59999999999997,51
P50,2022-10-26,MO2212-P-5300,16,263,32,3,False,5300.0,18.2,6500.0,248.8,230.60000000000002,50
P50,2022-10-27,MO2212-P-5300,15,272,29,3,False,5300.0,17.6,6500.0,261.2,243.6,49
P50,2022-10-28,MO2212-P-5300,14,154,28,3,False,5300.0,31.0,6200.0,233.2,202.2,48
P50,2022-10-31,MO2212-P-5300,13,167,26,3,False,5300.0,28.6,6300.0,259.6,231.00000000000003,45
P50,2022-11-01,MO2212-P-5300,18,328,36,3,False,5300.0,14.6,6400.0,207.6,193.0,44
P50,2022-11-02,MO2212-P-5300,18,500,36,3,False,5300.0,9.6,6500.0,217.0,207.4,43
P50,2022-11-03,MO2212-P-5300,16,571,32,3,False,5300.0,8.4,6600.0,252.0,243.6,42
P50,2022-11-04,MO2212-P-5300,22,1333,43,3,False,5300.0,3.6,6700.0,203.2,199.6,41
P50,2022-11-07,MO2212-P-5300,21,1411,41,3,False,5300.0,3.4,6700.0,214.6,211.2,38
P50,2022-11-08,MO2212-P-5300,21,1411,41,3,False,5300.0,3.4,6700.0,208.4,205.0,37
P50,2022-11-09,MO2212-P-5300,20,1333,39,3,False,5300.0,3.6,6700.0,215.8,212.20000000000002,36
P50,2022-11-10,MO2212-P-5300,21,1090,42,3,False,5300.0,4.4,6600.0,192.8,188.4,35
P50,2022-11-11,MO2212-P-5300,25,1846,50,3,False,5300.0,2.6,6600.0,166.4,163.8,34
P50,2022-11-14,MO2212-P-5300,22,1263,43,3,False,5300.0,3.8,6600.0,187.2,183.39999999999998,31
P50,2022-11-15,MO2212-P-5300,21,2000,42,3,False,5300.0,2.4,6800.0,213.8,211.4,30
P50,2022-11-16,MO2212-P-5300,24,1600,48,3,False,5300.0,3.0,6700.0,180.8,177.8,29
P50,2022-11-17,MO2212-P-5300,28,1846,56,3,False,5300.0,2.6,6700.0,156.0,153.4,28
P50,2022-11-18,MO2212-P-5300,23,3000,46,3,False,5300.0,1.6,6700.0,182.2,180.6,27
P50,2022-11-21,MO2301-P-5600,14,500,27,3,False,5600.0,9.6,6700.0,253.2,243.6,59
P50,2022-11-22,MO2301-P-5600,12,358,24,3,False,5600.0,13.4,6600.0,262.4,248.99999999999997,58
P50,2022-11-23,MO2301-P-5600,12,352,24,3,False,5600.0,13.6,6600.0,263.2,249.6,57
P50,2022-11-24,MO2301-P-5600,13,311,25,3,False,5600.0,15.4,6600.0,254.6,239.2,56
P50,2022-11-25,MO2301-P-5600,13,269,26,3,False,5600.0,17.8,6500.0,233.0,215.2,55
P50,2022-11-28,MO2301-P-5600,13,240,25,3,False,5600.0,20.0,6500.0,236.6,216.6,52
P50,2022-11-29,MO2301-P-5600,14,369,28,3,False,5600.0,13.0,6600.0,232.0,219.0,51
P50,2022-11-30,MO2301-P-5600,14,324,27,3,False,5600.0,14.8,6600.0,237.2,222.39999999999998,50
P50,2022-12-01,MO2301-P-5600,15,510,29,3,False,5600.0,9.4,6700.0,234.4,225.0,49
P50,2022-12-02,MO2301-P-5600,16,727,31,3,False,5600.0,6.6,6700.0,216.6,210.0,48
P50,2022-12-05,MO2301-P-5600,18,827,35,3,False,5600.0,5.8,6700.0,197.8,192.0,45
P50,2022-12-06,MO2301-P-5600,18,827,35,3,False,5600.0,5.8,6700.0,196.4,190.6,44
P50,2022-12-07,MO2301-P-5600,18,1043,36,3,False,5600.0,4.6,6700.0,191.4,186.8,43
P50,2022-12-08,MO2301-P-5600,16,1090,32,3,False,5600.0,4.4,6700.0,205.0,200.6,42
P50,2022-12-09,MO2301-P-5600,18,1043,35,3,False,5600.0,4.6,6700.0,191.2,186.6,41
P50,2022-12-12,MO2301-P-5600,17,960,34,3,False,5600.0,5.0,6700.0,193.0,188.0,38
P50,2022-12-13,MO2301-P-5600,19,960,38,3,False,5600.0,5.0,6600.0,165.6,160.6,37
P50,2022-12-14,MO2301-P-5600,16,1000,32,3,False,5600.0,4.8,6600.0,187.4,182.6,36
P50,2022-12-15,MO2301-P-5600,19,1263,37,3,False,5600.0,3.8,6600.0,167.0,163.2,35
P50,2022-12-16,MO2301-P-5600,25,1263,49,3,False,5600.0,3.8,6500.0,117.6,113.8,34
P50,2022-12-19,MO2301-P-5600,21,705,41,3,False,5600.0,6.8,6400.0,124.6,117.8,31
P50,2022-12-20,MO2301-P-5600,22,648,43,3,False,5600.0,7.4,6300.0,113.0,105.6,30
P50,2022-12-21,MO2302-P-5700,12,192,24,3,False,5700.0,25.0,6300.0,178.2,153.2,57
P50,2022-12-22,MO2302-P-5600,12,237,23,3,False,5600.0,20.2,6200.0,176.0,155.8,56
P50,2022-12-23,MO2302-P-5500,11,244,22,3,False,5500.0,19.6,6200.0,203.8,184.20000000000002,55
P50,2022-12-26,MO2302-P-5500,14,413,27,3,False,5500.0,11.6,6300.0,184.2,172.6,52
P50,2022-12-27,MO2302-P-5500,18,500,35,3,False,5500.0,9.6,6300.0,154.4,144.8,51
P50,2022-12-28,MO2302-P-5500,15,461,30,3,False,5500.0,10.4,6300.0,167.0,156.6,50
P50,2022-12-29,MO2302-P-5500,14,545,28,3,False,5500.0,8.8,6300.0,173.8,165.0,49
P50,2022-12-30,MO2302-P-5500,15,489,30,3,False,5500.0,9.8,6300.0,167.4,157.6,48
P50,2023-01-03,MO2302-P-5500,20,750,40,3,False,5500.0,6.4,6400.0,148.2,141.79999999999998,44
P50,2023-01-04,MO2302-P-5500,19,1043,37,3,False,5500.0,4.6,6400.0,154.0,149.4,43
P50,2023-01-05,MO2302-P-5500,19,923,38,3,False,5500.0,5.2,6500.0,161.2,156.0,42
P50,2023-01-06,MO2302-P-5500,21,1142,42,3,False,5500.0,4.2,6500.0,150.0,145.8,41
P50,2023-01-09,MO2302-P-5500,23,1142,45,3,False,5500.0,4.2,6500.0,145.0,140.8,38
P50,2023-01-10,MO2302-P-5500,23,1200,46,3,False,5500.0,4.0,6500.0,139.8,135.8,37
P50,2023-01-11,MO2302-P-5500,20,1200,40,3,False,5500.0,4.0,6500.0,153.8,149.8,36
P50,2023-01-12,MO2302-P-5500,21,1200,41,3,False,5500.0,4.0,6500.0,150.6,146.6,35
P50,2023-01-13,MO2302-P-5500,26,2181,52,3,False,5500.0,2.2,6500.0,120.4,118.2,34
P50,2023-01-16,MO2302-P-5500,26,2400,51,3,False,5500.0,2.0,6600.0,131.4,129.4,31
P50,2023-01-17,MO2302-P-5500,29,2666,57,3,False,5500.0,1.8,6600.0,118.0,116.2,30
P50,2023-01-18,MO2303-P-5200,27,1411,53,3,False,5200.0,3.4,6600.0,166.0,162.6,57
P50,2023-01-19,MO2303-P-5200,26,1263,51,3,False,5200.0,3.8,6700.0,179.6,175.79999999999998,56
P50,2023-01-20,MO2303-P-5200,33,1714,65,3,False,5200.0,2.8,6700.0,146.2,143.39999999999998,55
P50,2023-01-30,MO2303-P-5200,28,2400,56,3,False,5200.0,2.0,6800.0,173.4,171.4,45
P50,2023-01-31,MO2303-P-5200,33,2666,65,3,False,5200.0,1.8,6800.0,150.8,149.0,44
P50,2023-02-01,MO2303-P-5200,34,2400,67,3,False,5200.0,2.0,6900.0,157.6,155.6,43
P50,2023-02-02,MO2303-P-5200,33,2666,66,3,False,5200.0,1.8,6900.0,160.0,158.2,42
P50,2023-02-03,MO2303-P-5200,33,2666,65,3,False,5200.0,1.8,6900.0,163.2,161.39999999999998,41
P50,2023-02-06,MO2303-P-5200,30,3000,59,3,False,5200.0,1.6,6900.0,175.0,173.4,38
P50,2023-02-07,MO2303-P-5200,34,3428,67,3,False,5200.0,1.4,6900.0,157.2,155.79999999999998,37
P50,2023-02-08,MO2303-P-5200,30,3428,60,3,False,5200.0,1.4,6900.0,172.0,170.6,36
P50,2023-02-09,MO2303-P-5200,38,24000,75,3,False,5200.0,0.2,7000.0,144.2,144.0,35
P50,2023-02-10,MO2303-P-5200,33,4000,66,3,False,5200.0,1.2,7000.0,164.0,162.8,34
P50,2023-02-13,MO2303-P-5200,31,4000,61,3,False,5200.0,1.2,7100.0,184.6,183.4,31
P50,2023-02-14,MO2303-P-5200,33,4000,66,3,False,5200.0,1.2,7100.0,172.0,170.8,30
P50,2023-02-15,MO2303-P-5200,34,4800,68,3,False,5200.0,1.0,7100.0,167.6,166.6,29
P50,2023-02-16,MO2303-P-5200,40,4800,80,3,False,5200.0,1.0,6900.0,132.0,131.0,28
P50,2023-02-17,MO2303-P-5200,35,4800,69,3,False,5200.0,1.0,6900.0,147.4,146.4,27
P50,2023-02-20,MO2304-P-6000,13,480,25,3,False,6000.0,10.0,7000.0,246.4,236.4,59
P50,2023-02-21,MO2304-P-6000,14,571,27,3,False,6000.0,8.4,7000.0,233.6,225.2,58
P50,2023-02-22,MO2304-P-6000,15,615,29,3,False,6000.0,7.8,7000.0,218.8,211.0,57
P50,2023-02-23,MO2304-P-6000,14,585,27,3,False,6000.0,8.2,7000.0,227.2,219.0,56
P50,2023-02-24,MO2304-P-6000,17,558,34,3,False,6000.0,8.6,6900.0,177.0,168.4,55
P50,2023-02-27,MO2304-P-6000,15,413,29,3,False,6000.0,11.6,6900.0,202.4,190.8,52
P50,2023-02-28,MO2304-P-6000,14,558,28,3,False,6000.0,8.6,7000.0,214.8,206.20000000000002,51
P50,2023-03-01,MO2304-P-6000,16,774,32,3,False,6000.0,6.2,7000.0,194.4,188.20000000000002,50
P50,2023-03-02,MO2304-P-6000,15,800,30,3,False,6000.0,6.0,7000.0,202.8,196.8,49
P50,2023-03-03,MO2304-P-6000,15,800,29,3,False,6000.0,6.0,7000.0,208.8,202.8,48
P50,2023-03-06,MO2304-P-6000,17,1000,33,3,False,6000.0,4.8,7000.0,190.0,185.2,45
P50,2023-03-07,MO2304-P-6000,14,685,28,3,False,6000.0,7.0,6900.0,193.8,186.8,44
P50,2023-03-08,MO2304-P-6000,16,774,31,3,False,6000.0,6.2,6900.0,180.8,174.60000000000002,43
P50,2023-03-09,MO2304-P-6000,16,827,31,3,False,6000.0,5.8,6900.0,179.4,173.6,42
P50,2023-03-10,MO2304-P-6000,16,533,31,3,False,6000.0,9.0,6800.0,164.2,155.2,41
P50,2023-03-13,MO2304-P-6000,19,750,38,3,False,6000.0,6.4,6800.0,141.2,134.79999999999998,38
P50,2023-03-14,MO2304-P-6000,14,480,28,3,False,6000.0,10.0,6800.0,178.0,168.0,37
P50,2023-03-15,MO2304-P-6000,17,857,34,3,False,6000.0,5.6,6800.0,147.8,142.20000000000002,36
P50,2023-03-16,MO2304-P-6000,15,436,30,3,False,6000.0,11.0,6700.0,149.6,138.6,35
P50,2023-03-17,MO2304-P-6000,20,648,39,3,False,6000.0,7.4,6700.0,121.4,114.0,34
P50,2023-03-20,MO2304-P-6000,19,600,38,3,False,6000.0,8.0,6700.0,122.8,114.8,31
P50,2023-03-21,MO2304-P-6000,20,1142,40,3,False,6000.0,4.2,6800.0,126.8,122.6,30
P50,2023-03-22,MO2305-P-6000,17,436,33,3,False,6000.0,11.0,6800.0,164.2,153.2,57
P50,2023-03-23,MO2305-P-6000,14,558,28,3,False,6000.0,8.6,6900.0,199.2,190.6,56
P50,2023-03-24,MO2305-P-6000,15,705,29,3,False,6000.0,6.8,6900.0,187.4,180.6,55
P50,2023-03-27,MO2305-P-6000,16,750,32,3,False,6000.0,6.4,6900.0,178.0,171.6,52
P50,2023-03-28,MO2305-P-6000,19,727,37,3,False,6000.0,6.6,6800.0,142.2,135.6,51
P50,2023-03-29,MO2305-P-6000,17,750,34,3,False,6000.0,6.4,6800.0,151.4,145.0,50
P50,2023-03-30,MO2305-P-6000,17,774,34,3,False,6000.0,6.2,6800.0,148.8,142.60000000000002,49
P50,2023-03-31,MO2305-P-6000,16,960,32,3,False,6000.0,5.0,6900.0,170.6,165.6,48
P50,2023-04-03,MO2305-P-6000,16,1090,31,3,False,6000.0,4.4,7000.0,194.4,190.0,45
P50,2023-04-04,MO2305-P-6000,17,1333,33,3,False,6000.0,3.6,7000.0,181.2,177.6,44
P50,2023-04-06,MO2305-P-6000,17,1200,34,3,False,6000.0,4.0,7000.0,180.4,176.4,42
P50,2023-04-07,MO2305-P-6000,24,1846,47,3,False,6000.0,2.6,7000.0,136.8,134.20000000000002,41
P50,2023-04-10,MO2305-P-6000,19,2181,37,3,False,6000.0,2.2,7000.0,160.0,157.8,38
P50,2023-04-11,MO2305-P-6000,20,2400,39,3,False,6000.0,2.0,7000.0,156.0,154.0,37
P50,2023-04-12,MO2305-P-6000,24,3000,47,3,False,6000.0,1.6,7000.0,134.6,133.0,36
P50,2023-04-13,MO2305-P-6000,20,3000,40,3,False,6000.0,1.6,7000.0,147.0,145.4,35
P50,2023-04-14,MO2305-P-6000,25,3000,49,3,False,6000.0,1.6,7000.0,127.8,126.2,34
P50,2023-04-17,MO2305-P-6000,27,4000,53,3,False,6000.0,1.2,7000.0,116.4,115.2,31
P50,2023-04-18,MO2305-P-6000,24,4800,48,3,False,6000.0,1.0,7000.0,126.0,125.0,30
P50,2023-04-19,MO2306-P-5200,25,12000,50,3,False,5200.0,0.4,7000.0,214.2,213.79999999999998,57
P50,2023-04-20,MO2306-P-5200,27,2400,53,3,False,5200.0,2.0,7000.0,204.4,202.4,56
P50,2023-04-21,MO2306-P-5200,27,2181,53,3,False,5200.0,2.2,6800.0,180.4,178.20000000000002,55
P50,2023-04-24,MO2306-P-5200,29,2181,58,3,False,5200.0,2.2,6700.0,160.8,158.60000000000002,52
P50,2023-04-25,MO2306-P-5200,27,1714,53,3,False,5200.0,2.8,6600.0,163.8,161.0,51
P50,2023-04-26,MO2306-P-5200,29,2181,57,3,False,5200.0,2.2,6600.0,154.4,152.20000000000002,50
P50,2023-04-27,MO2306-P-5200,30,2000,60,3,False,5200.0,2.4,6600.0,146.4,144.0,49
P50,2023-04-28,MO2306-P-5200,33,3000,65,3,False,5200.0,1.6,6700.0,143.6,142.0,48
P50,2023-05-04,MO2306-P-5200,34,3000,68,3,False,5200.0,1.6,6700.0,138.6,137.0,42
P50,2023-05-05,MO2306-P-5200,26,3000,51,3,False,5200.0,1.6,6700.0,173.4,171.8,41
P50,2023-05-08,MO2306-P-5200,32,3428,63,3,False,5200.0,1.4,6700.0,145.0,143.6,38
P50,2023-05-09,MO2306-P-5200,32,3428,64,3,False,5200.0,1.4,6600.0,135.6,134.2,37
P50,2023-05-10,MO2306-P-5200,36,4000,71,3,False,5200.0,1.2,6600.0,123.0,121.8,36
P50,2023-05-11,MO2306-P-5200,35,3428,69,3,False,5200.0,1.4,6600.0,126.4,125.0,35
P50,2023-05-12,MO2306-P-5200,36,3428,71,3,False,5200.0,1.4,6500.0,115.8,114.39999999999999,34
P50,2023-05-15,MO2306-P-5200,32,4000,63,3,False,5200.0,1.2,6600.0,134.6,133.4,31
P50,2023-05-16,MO2306-P-5200,34,4000,67,3,False,5200.0,1.2,6500.0,119.4,118.2,30
P50,2023-05-17,MO2306-P-5200,27,4000,54,3,False,5200.0,1.2,6600.0,151.8,150.60000000000002,29
P50,2023-05-18,MO2306-P-5200,32,4800,63,3,False,5200.0,1.0,6600.0,133.6,132.6,28
P50,2023-05-19,MO2306-P-5200,42,6000,83,3,False,5200.0,0.8,6600.0,102.8,102.0,27
P50,2023-05-22,MO2307-P-5800,16,1000,31,3,False,5800.0,4.8,6600.0,162.4,157.6,59
P50,2023-05-23,MO2307-P-5800,16,615,32,3,False,5800.0,7.8,6500.0,147.4,139.6,58
P50,2023-05-24,MO2307-P-5800,16,705,32,3,False,5800.0,6.8,6500.0,144.0,137.2,57
P50,2023-05-25,MO2307-P-5800,15,571,29,3,False,5800.0,8.4,6500.0,157.4,149.0,56
P50,2023-05-26,MO2307-P-5800,19,774,37,3,False,5800.0,6.2,6500.0,129.6,123.39999999999999,55
P50,2023-05-29,MO2307-P-5800,18,774,35,3,False,5800.0,6.2,6500.0,132.6,126.39999999999999,52
P50,2023-05-30,MO2307-P-5800,15,888,29,3,False,5800.0,5.4,6600.0,163.6,158.2,51
P50,2023-05-31,MO2307-P-5800,14,800,28,3,False,5800.0,6.0,6600.0,171.8,165.8,50
P50,2023-06-01,MO2307-P-5800,15,960,30,3,False,5800.0,5.0,6600.0,160.0,155.0,49
P50,2023-06-02,MO2307-P-5800,20,1200,39,3,False,5800.0,4.0,6600.0,132.2,128.2,48
P50,2023-06-05,MO2307-P-5800,21,1263,41,3,False,5800.0,3.8,6600.0,125.8,122.0,45
P50,2023-06-06,MO2307-P-5800,15,615,29,3,False,5800.0,7.8,6500.0,150.6,142.79999999999998,44
P50,2023-06-07,MO2307-P-5800,15,558,30,3,False,5800.0,8.6,6500.0,150.2,141.6,43
P50,2023-06-08,MO2307-P-5800,18,461,35,3,False,5800.0,10.4,6400.0,121.8,111.39999999999999,42
P50,2023-06-09,MO2307-P-5700,19,1000,37,3,False,5700.0,4.8,6500.0,135.2,130.39999999999998,41
P50,2023-06-12,MO2307-P-5700,23,1714,45,3,False,5700.0,2.8,6500.0,114.4,111.60000000000001,38
P50,2023-06-13,MO2307-P-5700,17,1846,34,3,False,5700.0,2.6,6600.0,155.2,152.6,37
P50,2023-06-14,MO2307-P-5700,20,1846,39,3,False,5700.0,2.6,6600.0,138.0,135.4,36
P50,2023-06-15,MO2307-P-5700,25,2400,49,3,False,5700.0,2.0,6600.0,114.6,112.6,35
P50,2023-06-16,MO2307-P-5700,22,3428,43,3,False,5700.0,1.4,6700.0,138.0,136.6,34
P50,2023-06-19,MO2307-P-5700,24,3428,48,3,False,5700.0,1.4,6700.0,126.0,124.6,31
P50,2023-06-20,MO2307-P-5700,25,4000,50,3,False,5700.0,1.2,6700.0,121.2,120.0,30
P50,2023-06-21,MO2308-P-5700,21,1500,41,3,False,5700.0,3.2,6500.0,129.0,125.8,57
P50,2023-06-26,MO2308-P-5700,17,774,34,3,False,5700.0,6.2,6400.0,133.8,127.60000000000001,52
P50,2023-06-27,MO2308-P-5700,17,1200,34,3,False,5700.0,4.0,6500.0,149.4,145.4,51
P50,2023-06-28,MO2308-P-5700,16,1333,31,3,False,5700.0,3.6,6500.0,156.6,153.0,50
P50,2023-06-29,MO2308-P-5700,19,1411,37,3,False,5700.0,3.4,6500.0,139.4,136.0,49
P50,2023-06-30,MO2308-P-5700,19,2400,37,3,False,5700.0,2.0,6600.0,150.4,148.4,48
P50,2023-07-03,MO2308-P-5700,20,2400,40,3,False,5700.0,2.0,6600.0,140.6,138.6,45
P50,2023-07-04,MO2308-P-5700,23,3000,45,3,False,5700.0,1.6,6600.0,128.0,126.4,44
P50,2023-07-05,MO2308-P-5700,19,2400,37,3,False,5700.0,2.0,6600.0,149.4,147.4,43
P50,2023-07-06,MO2308-P-5700,16,2181,32,3,False,5700.0,2.2,6600.0,166.4,164.20000000000002,42
P50,2023-07-07,MO2308-P-5700,20,2181,40,3,False,5700.0,2.2,6500.0,127.8,125.6,41
P50,2023-07-10,MO2308-P-5700,21,2400,42,3,False,5700.0,2.0,6500.0,122.6,120.6,38
P50,2023-07-11,MO2308-P-5700,20,3000,39,3,False,5700.0,1.6,6600.0,138.2,136.6,37
P50,2023-07-12,MO2308-P-5700,18,2181,36,3,False,5700.0,2.2,6500.0,135.2,133.0,36
P50,2023-07-13,MO2308-P-5700,27,2400,53,3,False,5700.0,2.0,6500.0,98.6,96.6,35
P50,2023-07-14,MO2308-P-5700,28,2400,55,3,False,5700.0,2.0,6500.0,94.2,92.2,34
P50,2023-07-17,MO2308-P-5700,25,2666,50,3,False,5700.0,1.8,6500.0,101.6,99.8,31
P50,2023-07-18,MO2308-P-5700,24,3428,48,3,False,5700.0,1.4,6500.0,104.0,102.6,30
P50,2023-07-19,MO2309-P-5200,25,2666,50,3,False,5200.0,1.8,6500.0,160.0,158.2,57
P50,2023-07-20,MO2309-P-5200,26,2666,51,3,False,5200.0,1.8,6400.0,144.2,142.39999999999998,56
P50,2023-07-21,MO2309-P-5200,26,2666,52,3,False,5200.0,1.8,6400.0,142.4,140.6,55
P50,2023-07-24,MO2309-P-5200,25,3000,50,3,False,5200.0,1.6,6400.0,146.6,145.0,52
P50,2023-07-25,MO2309-P-5200,27,4000,54,3,False,5200.0,1.2,6500.0,148.0,146.8,51
P50,2023-07-26,MO2309-P-5200,24,3428,48,3,False,5200.0,1.4,6500.0,159.0,157.6,50
P50,2023-07-27,MO2309-P-5200,29,4000,58,3,False,5200.0,1.2,6400.0,127.8,126.6,49
P50,2023-07-28,MO2309-P-5200,26,4000,51,3,False,5200.0,1.2,6500.0,153.0,151.8,48
P50,2023-07-31,MO2309-P-5200,31,4000,61,3,False,5200.0,1.2,6500.0,130.8,129.60000000000002,45
P50,2023-08-01,MO2309-P-5200,29,24000,58,3,False,5200.0,0.2,6500.0,137.4,137.20000000000002,44
P50,2023-08-02,MO2309-P-5200,28,4000,56,3,False,5200.0,1.2,6500.0,142.4,141.20000000000002,43
P50,2023-08-03,MO2309-P-5200,28,4800,56,3,False,5200.0,1.0,6500.0,140.4,139.4,42
P50,2023-08-04,MO2309-P-5200,36,4000,72,3,False,5200.0,1.2,6500.0,113.0,111.8,41
P50,2023-08-07,MO2309-P-5200,33,24000,66,3,False,5200.0,0.2,6500.0,118.8,118.6,38
P50,2023-08-08,MO2309-P-5200,30,4800,60,3,False,5200.0,1.0,6500.0,129.2,128.2,37
P50,2023-08-09,MO2309-P-5200,37,4800,74,3,False,5200.0,1.0,6400.0,100.0,99.0,36
P50,2023-08-10,MO2309-P-5200,37,4800,73,3,False,5200.0,1.0,6400.0,102.6,101.6,35
P50,2023-08-11,MO2309-P-5200,31,4800,61,3,False,5200.0,1.0,6300.0,110.8,109.8,34
P50,2023-08-14,MO2309-P-5200,38,4800,75,3,False,5200.0,1.0,6300.0,91.4,90.4,31
P50,2023-08-15,MO2309-P-5200,28,4800,56,3,False,5200.0,1.0,6300.0,116.6,115.6,30
P50,2023-08-16,MO2309-P-5200,28,2181,56,3,False,5200.0,2.2,6200.0,108.8,106.6,29
P50,2023-08-17,MO2309-P-5200,42,3428,83,3,False,5200.0,1.4,6200.0,77.6,76.19999999999999,28
P50,2023-08-18,MO2309-P-5200,31,2181,62,3,False,5200.0,2.2,6100.0,92.0,89.8,27
P50,2023-08-21,MO2310-P-5500,11,269,22,3,False,5500.0,17.8,6100.0,176.4,158.6,59
P50,2023-08-22,MO2310-P-5400,15,461,30,3,False,5400.0,10.4,6100.0,155.0,144.6,58
P50,2023-08-23,MO2310-P-5400,12,269,23,3,False,5400.0,17.8,6000.0,170.6,152.79999999999998,57
P50,2023-08-24,MO2310-P-5300,14,461,28,3,False,5300.0,10.4,6000.0,161.8,151.4,56
P50,2023-08-25,MO2310-P-5300,12,205,23,3,False,5300.0,23.4,5900.0,174.8,151.4,55
P50,2023-08-28,MO2310-P-5200,14,289,28,3,False,5200.0,16.6,5900.0,175.0,158.4,52
P50,2023-08-29,MO2310-P-5200,18,857,35,3,False,5200.0,5.6,6100.0,162.0,156.4,51
P50,2023-08-30,MO2310-P-5200,22,1200,44,3,False,5200.0,4.0,6100.0,132.6,128.6,50
P50,2023-08-31,MO2310-P-5200,21,1333,41,3,False,5200.0,3.6,6100.0,139.0,135.4,49
P50,2023-09-01,MO2310-P-5200,22,1846,43,3,False,5200.0,2.6,6100.0,131.8,129.20000000000002,48
P50,2023-09-04,MO2310-P-5200,24,3000,48,3,False,5200.0,1.6,6200.0,128.0,126.4,45
P50,2023-09-05,MO2310-P-5200,21,1846,41,3,False,5200.0,2.6,6200.0,145.8,143.20000000000002,44
P50,2023-09-06,MO2310-P-5200,23,2400,46,3,False,5200.0,2.0,6200.0,132.4,130.4,43
P50,2023-09-07,MO2310-P-5200,20,1200,39,3,False,5200.0,4.0,6100.0,141.4,137.4,42
P50,2023-09-08,MO2310-P-5200,21,1333,41,3,False,5200.0,3.6,6100.0,138.0,134.4,41
P50,2023-09-11,MO2310-P-5200,22,2000,43,3,False,5200.0,2.4,6200.0,142.6,140.2,38
P50,2023-09-12,MO2310-P-5200,23,2181,46,3,False,5200.0,2.2,6200.0,131.2,129.0,37
P50,2023-09-13,MO2310-P-5200,22,1411,43,3,False,5200.0,3.4,6100.0,130.2,126.79999999999998,36
P50,2023-09-14,MO2310-P-5200,20,1714,40,3,False,5200.0,2.8,6100.0,136.0,133.2,35
P50,2023-09-15,MO2310-P-5200,22,1714,44,3,False,5200.0,2.8,6100.0,124.2,121.4,34
P50,2023-09-18,MO2310-P-5200,24,2000,48,3,False,5200.0,2.4,6100.0,115.0,112.6,31
P50,2023-09-19,MO2310-P-5200,28,2000,56,3,False,5200.0,2.4,6000.0,91.6,89.19999999999999,30
P50,2023-09-20,MO2311-P-5200,16,750,31,3,False,5200.0,6.4,6000.0,162.6,156.2,57
P50,2023-09-21,MO2311-P-5200,18,666,35,3,False,5200.0,7.2,5900.0,135.2,127.99999999999999,56
P50,2023-09-22,MO2311-P-5200,16,1263,32,3,False,5200.0,3.8,6100.0,167.4,163.6,55
P50,2023-09-25,MO2311-P-5200,20,1142,39,3,False,5200.0,4.2,6000.0,134.0,129.8,52
P50,2023-09-26,MO2311-P-5200,17,1200,34,3,False,5200.0,4.0,6000.0,145.0,141.0,51
P50,2023-09-27,MO2311-P-5200,22,1263,43,3,False,5200.0,3.8,6000.0,122.4,118.60000000000001,50
P50,2023-09-28,MO2311-P-5200,18,1500,35,3,False,5200.0,3.2,6100.0,154.4,151.20000000000002,49
P50,2023-10-09,MO2311-P-5200,19,2666,37,3,False,5200.0,1.8,6100.0,144.6,142.79999999999998,38
P50,2023-10-10,MO2311-P-5200,26,2181,52,3,False,5200.0,2.2,6000.0,100.0,97.8,37
P50,2023-10-11,MO2311-P-5200,19,2666,37,3,False,5200.0,1.8,6100.0,142.6,140.79999999999998,36
P50,2023-10-12,MO2311-P-5200,25,3428,49,3,False,5200.0,1.4,6100.0,114.0,112.6,35
P50,2023-10-13,MO2311-P-5200,23,3000,46,3,False,5200.0,1.6,6100.0,117.6,116.0,34
P50,2023-10-16,MO2311-P-5200,27,1500,53,3,False,5200.0,3.2,6000.0,96.8,93.6,31
P50,2023-10-17,MO2311-P-5200,24,2000,48,3,False,5200.0,2.4,6000.0,105.8,103.39999999999999,30
P50,2023-10-18,MO2312-P-5200,16,827,31,3,False,5200.0,5.8,5900.0,146.0,140.2,57
P50,2023-10-19,MO2312-P-5200,15,461,30,3,False,5200.0,10.4,5800.0,140.2,129.79999999999998,56
P50,2023-10-20,MO2312-P-5200,11,228,22,3,False,5200.0,21.0,5800.0,179.0,158.0,55
P50,2023-10-23,MO2312-P-5100,12,143,24,3,False,5100.0,33.4,5600.0,168.4,135.0,52
P50,2023-10-24,MO2312-P-5000,14,285,28,3,False,5000.0,16.8,5700.0,173.4,156.6,51
P50,2023-10-25,MO2312-P-5000,14,521,28,3,False,5000.0,9.2,5800.0,179.8,170.60000000000002,50
P50,2023-10-26,MO2312-P-5000,17,827,33,3,False,5000.0,5.8,5800.0,154.4,148.6,49
P50,2023-10-27,MO2312-P-5000,21,1333,41,3,False,5000.0,3.6,5900.0,138.8,135.20000000000002,48
P50,2023-10-30,MO2312-P-5000,21,1714,41,3,False,5000.0,2.8,6000.0,153.6,150.79999999999998,45
P50,2023-10-31,MO2312-P-5000,18,2000,35,3,False,5000.0,2.4,6000.0,170.2,167.79999999999998,44
P50,2023-11-01,MO2312-P-5000,17,2181,34,3,False,5000.0,2.2,6000.0,171.4,169.20000000000002,43
P50,2023-11-02,MO2312-P-5000,20,2000,39,3,False,5000.0,2.4,5900.0,141.4,139.0,42
P50,2023-11-03,MO2312-P-5000,20,3000,40,3,False,5000.0,1.6,6000.0,148.2,146.6,41
P50,2023-11-06,MO2312-P-5000,25,3000,49,3,False,5000.0,1.6,6100.0,136.8,135.20000000000002,38
P50,2023-11-07,MO2312-P-5000,26,3428,52,3,False,5000.0,1.4,6100.0,132.0,130.6,37
P50,2023-11-08,MO2312-P-5000,29,4000,58,3,False,5000.0,1.2,6100.0,121.0,119.8,36
P50,2023-11-09,MO2312-P-5000,24,4000,48,3,False,5000.0,1.2,6100.0,140.0,138.8,35
P50,2023-11-10,MO2312-P-5000,23,3000,45,3,False,5000.0,1.6,6100.0,148.0,146.4,34
P50,2023-11-13,MO2312-P-5000,31,3428,61,3,False,5000.0,1.4,6100.0,115.8,114.39999999999999,31
P50,2023-11-14,MO2312-P-5000,23,4800,46,3,False,5000.0,1.0,6200.0,157.6,156.6,30
P50,2023-11-15,MO2312-P-5000,29,6000,57,3,False,5000.0,0.8,6200.0,130.0,129.2,29
P50,2023-11-16,MO2312-P-5000,32,4800,63,3,False,5000.0,1.0,6100.0,110.2,109.2,28
P50,2023-11-17,MO2312-P-5000,29,6000,58,3,False,5000.0,0.8,6200.0,127.0,126.2,27
P50,2023-11-20,MO2401-P-5000,18,2666,36,3,False,5000.0,1.8,6300.0,213.4,211.6,59
P50,2023-11-21,MO2401-P-5000,21,3000,41,3,False,5000.0,1.6,6200.0,179.2,177.6,58
P50,2023-11-22,MO2401-P-5000,22,2400,44,3,False,5000.0,2.0,6100.0,158.0,156.0,57
P50,2023-11-23,MO2401-P-5000,22,2666,44,3,False,5000.0,1.8,6200.0,168.2,166.39999999999998,56
P50,2023-11-24,MO2401-P-5000,22,2400,43,3,False,5000.0,2.0,6100.0,160.8,158.8,55
P50,2023-11-27,MO2401-P-5000,21,2400,42,3,False,5000.0,2.0,6100.0,162.4,160.4,52
P50,2023-11-28,MO2401-P-5000,24,2400,47,3,False,5000.0,2.0,6100.0,150.8,148.8,51
P50,2023-11-29,MO2401-P-5000,21,2400,41,3,False,5000.0,2.0,6100.0,166.6,164.6,50
P50,2023-11-30,MO2401-P-5000,18,2181,36,3,False,5000.0,2.2,6100.0,187.2,185.0,49
P50,2023-12-01,MO2401-P-5000,23,2666,45,3,False,5000.0,1.8,6100.0,155.2,153.39999999999998,48
P50,2023-12-04,MO2401-P-5000,20,2181,39,3,False,5000.0,2.2,6100.0,176.0,173.8,45
P50,2023-12-05,MO2401-P-5000,17,923,33,3,False,5000.0,5.2,6000.0,189.8,184.60000000000002,44
P50,2023-12-06,MO2401-P-5000,20,1043,40,3,False,5000.0,4.6,6000.0,161.0,156.4,43
P50,2023-12-07,MO2401-P-5000,22,1500,44,3,False,5000.0,3.2,6000.0,145.6,142.4,42
P50,2023-12-08,MO2401-P-5000,21,1500,42,3,False,5000.0,3.2,6000.0,147.2,144.0,41
P50,2023-12-11,MO2401-P-5000,21,2666,42,3,False,5000.0,1.8,6100.0,159.0,157.2,38
P50,2023-12-12,MO2401-P-5000,22,3000,44,3,False,5000.0,1.6,6100.0,149.2,147.6,37
P50,2023-12-13,MO2401-P-5000,25,2000,50,3,False,5000.0,2.4,6000.0,126.6,124.19999999999999,36
P50,2023-12-14,MO2401-P-5000,22,2400,43,3,False,5000.0,2.0,6000.0,141.0,139.0,35
P50,2023-12-15,MO2401-P-5000,18,2181,36,3,False,5000.0,2.2,6000.0,163.0,160.8,34
P50,2023-12-18,MO2401-P-5000,18,2400,35,3,False,5000.0,2.0,5900.0,150.8,148.8,31
P50,2023-12-19,MO2401-P-5000,19,3000,38,3,False,5000.0,1.6,5900.0,141.4,139.8,30
P50,2023-12-20,MO2401-P-5000,17,1846,34,3,False,5000.0,2.6,5800.0,138.6,136.0,29
P50,2023-12-21,MO2402-P-5100,13,452,26,3,False,5100.0,10.6,5800.0,172.0,161.4,60
P50,2023-12-22,MO2402-P-5100,14,342,28,3,False,5100.0,14.0,5700.0,151.2,137.2,59
P50,2023-12-25,MO2402-P-5100,14,363,28,3,False,5100.0,13.2,5700.0,150.0,136.8,56
P50,2023-12-26,MO2402-P-5100,10,224,20,3,False,5100.0,21.4,5700.0,191.6,170.2,55
P50,2023-12-27,MO2402-P-5000,14,452,27,3,False,5000.0,10.6,5700.0,168.4,157.8,54
P50,2023-12-28,MO2402-P-5000,17,1043,34,3,False,5000.0,4.6,5800.0,150.4,145.8,53
P50,2023-12-29,MO2402-P-5000,19,1263,37,3,False,5000.0,3.8,5900.0,150.4,146.6,52
P50,2024-01-02,MO2402-P-5000,15,1263,30,3,False,5000.0,3.8,5900.0,178.0,174.2,48
P50,2024-01-03,MO2402-P-5000,19,1090,38,3,False,5000.0,4.4,5800.0,135.0,130.6,47
P50,2024-01-04,MO2402-P-5000,16,960,31,3,False,5000.0,5.0,5800.0,159.6,154.6,46
P50,2024-01-05,MO2402-P-5000,14,600,27,3,False,5000.0,8.0,5700.0,159.4,151.4,45
P50,2024-01-08,MO2402-P-5000,11,161,21,3,False,5000.0,29.8,5500.0,190.2,160.39999999999998,42
P50,2024-01-09,MO2402-P-4950,9,279,18,3,False,4950.0,17.2,5600.0,218.4,201.20000000000002,38
P50,2024-01-10,MO2402-P-4950,11,180,22,3,False,4950.0,26.6,5500.0,181.0,154.4,37
P50,2024-01-11,MO2402-P-4950,13,328,26,3,False,4950.0,14.6,5600.0,169.6,155.0,36
P50,2024-01-12,MO2402-P-4950,12,307,23,3,False,4950.0,15.6,5600.0,182.2,166.6,35
P50,2024-01-15,MO2402-P-4950,11,292,21,3,False,4950.0,16.4,5600.0,192.2,175.79999999999998,32
P50,2024-01-16,MO2402-P-4950,13,315,26,3,False,4950.0,15.2,5500.0,152.0,136.8,31
P50,2024-01-17,MO2402-P-4950,8,111,15,3,False,4950.0,43.2,5400.0,221.0,177.8,30
P50,2024-01-18,MO2403-P-4850,7,66,14,3,False,4850.0,72.6,5400.0,301.6,229.00000000000003,56
P50,2024-01-19,MO2403-P-4800,8,70,16,3,False,4800.0,68.4,5300.0,267.0,198.6,55
P50,2024-01-22,MO2403-P-4750,7,23,14,4,False,4750.0,275.0,5000.0,423.4,148.39999999999998,52
P50,2024-01-23,MO2403-P-4500,10,93,20,4,False,4500.0,68.8,5100.0,301.8,233.0,51
P50,2024-01-24,MO2403-P-4500,14,129,27,4,False,4500.0,49.6,5100.0,245.2,195.6,50
P50,2024-01-25,MO2403-P-4500,17,310,34,4,False,4500.0,20.6,5300.0,216.8,196.20000000000002,49
P50,2024-01-26,MO2403-P-4500,13,256,26,4,False,4500.0,25.0,5300.0,263.6,238.60000000000002,48
P50,2024-01-29,MO2403-P-4500,13,131,25,4,False,4500.0,48.6,5100.0,255.2,206.6,45
P50,2024-01-30,MO2403-P-4500,9,70,18,4,False,4500.0,91.0,5000.0,308.2,217.2,44
P50,2024-01-31,MO2403-P-4450,9,45,17,4,False,4450.0,142.0,4800.0,305.8,163.8,43
P50,2024-02-01,MO2403-P-4300,10,69,20,4,False,4300.0,92.0,4750.0,276.0,184.0,42
P50,2024-02-02,MO2403-P-4250,10,46,20,4,False,4250.0,137.0,4550.0,271.2,134.2,41
P50,2024-02-05,MO2403-P-4100,7,20,14,4,False,4100.0,319.6,4300.0,434.2,114.59999999999997,38
P50,2024-02-06,MO2403-P-3850,14,125,27,4,False,3850.0,51.0,4600.0,272.8,221.8,37
P50,2024-02-07,MO2403-P-3850,17,260,34,4,False,3850.0,24.6,4800.0,251.8,227.20000000000002,36
P50,2024-02-08,MO2403-P-3850,18,800,36,4,False,3850.0,8.0,5000.0,268.6,260.6,35
P50,2024-02-19,MO2404-P-3850,17,299,33,4,False,3850.0,21.4,5000.0,309.4,288.0,59
P50,2024-02-20,MO2404-P-3850,20,680,40,4,False,3850.0,9.4,5000.0,252.2,242.79999999999998,58
P50,2024-02-21,MO2404-P-3850,18,653,35,4,False,3850.0,9.8,5100.0,293.8,284.0,57
P50,2024-02-22,MO2404-P-3850,18,820,36,4,False,3850.0,7.8,5200.0,299.2,291.4,56
P50,2024-02-23,MO2404-P-3850,23,1230,45,4,False,3850.0,5.2,5200.0,251.2,246.0,55
P50,2024-02-26,MO2404-P-3850,20,1333,39,4,False,3850.0,4.8,5300.0,295.6,290.8,52
P50,2024-02-27,MO2404-P-3850,24,2133,48,4,False,3850.0,3.0,5400.0,264.0,261.0,51
P50,2024-02-28,MO2404-P-3850,18,1103,35,4,False,3850.0,5.8,5200.0,310.6,304.8,50
P50,2024-02-29,MO2404-P-3850,25,1882,49,4,False,3850.0,3.4,5300.0,250.0,246.6,49
P50,2024-03-01,MO2404-P-3850,23,2461,45,4,False,3850.0,2.6,5400.0,282.8,280.2,48
P50,2024-03-04,MO2404-P-3850,24,1600,47,4,False,3850.0,4.0,5400.0,275.0,271.0,45
P50,2024-03-05,MO2404-P-3850,20,1280,40,4,False,3850.0,5.0,5400.0,312.8,307.8,44
P50,2024-03-06,MO2404-P-3850,23,2133,45,4,False,3850.0,3.0,5400.0,278.4,275.4,43
P50,2024-03-07,MO2404-P-3850,24,1684,47,4,False,3850.0,3.8,5300.0,254.2,250.39999999999998,42
P50,2024-03-08,MO2404-P-3850,26,2909,51,4,False,3850.0,2.2,5400.0,241.4,239.20000000000002,41
P50,2024-03-11,MO2404-P-3850,29,10666,58,4,False,3850.0,0.6,5500.0,224.4,223.8,38
P50,2024-03-12,MO2404-P-3850,32,10666,64,4,False,3850.0,0.6,5500.0,207.0,206.4,37
P50,2024-03-13,MO2404-P-3850,38,8000,75,4,False,3850.0,0.8,5500.0,181.0,180.2,36
P50,2024-03-14,MO2404-P-3850,34,6400,68,4,False,3850.0,1.0,5500.0,195.0,194.0,35
P50,2024-03-15,MO2404-P-3850,35,8000,69,4,False,3850.0,0.8,5600.0,201.4,200.6,34
P50,2024-03-18,MO2404-P-3850,50,32000,99,4,False,3850.0,0.2,5600.0,146.0,145.8,31
P50,2024-03-19,MO2404-P-3850,43,32000,86,4,False,3850.0,0.2,5600.0,164.6,164.4,30
P50,2024-03-20,MO2405-P-4500,18,1066,36,4,False,4500.0,6.0,5700.0,265.4,259.4,57
P50,2024-03-21,MO2405-P-4500,19,1142,37,4,False,4500.0,5.6,5700.0,261.8,256.2,56
P50,2024-03-22,MO2405-P-4500,19,864,38,4,False,4500.0,7.4,5600.0,241.6,234.2,55
P50,2024-03-25,MO2405-P-4500,16,640,31,4,False,4500.0,10.0,5500.0,260.2,250.2,52
P50,2024-03-26,MO2405-P-4500,19,516,37,4,False,4500.0,12.4,5400.0,221.6,209.2,51
P50,2024-03-27,MO2405-P-4500,13,177,25,4,False,4500.0,36.0,5300.0,289.2,253.2,50
P50,2024-03-28,MO2405-P-4500,15,344,30,4,False,4500.0,18.6,5400.0,257.6,239.00000000000003,49
P50,2024-03-29,MO2405-P-4500,19,477,38,4,False,4500.0,13.4,5400.0,211.8,198.4,48
P50,2024-04-01,MO2405-P-4500,19,761,37,4,False,4500.0,8.4,5600.0,243.2,234.79999999999998,45
P50,2024-04-02,MO2405-P-4500,22,666,43,4,False,4500.0,9.6,5500.0,204.8,195.20000000000002,44
P50,2024-04-03,MO2405-P-4500,20,680,39,4,False,4500.0,9.4,5500.0,217.2,207.79999999999998,43
P50,2024-04-08,MO2405-P-4500,18,344,35,4,False,4500.0,18.6,5400.0,225.0,206.4,38
P50,2024-04-09,MO2405-P-4500,18,603,35,4,False,4500.0,10.6,5500.0,234.0,223.4,37
P50,2024-04-10,MO2405-P-4500,16,551,32,4,False,4500.0,11.6,5400.0,231.2,219.6,36
P50,2024-04-11,MO2405-P-4500,17,727,34,4,False,4500.0,8.8,5400.0,217.0,208.2,35
P50,2024-04-12,MO2405-P-4500,20,653,40,4,False,4500.0,9.8,5300.0,179.0,169.2,34
P50,2024-04-15,MO2405-P-4500,16,542,31,4,False,4500.0,11.8,5300.0,216.0,204.2,31
P50,2024-04-16,MO2405-P-4500,12,160,23,4,False,4500.0,40.0,5100.0,243.2,203.2,30
P50,2024-04-17,MO2405-P-4500,17,385,34,4,False,4500.0,16.6,5300.0,207.2,190.6,29
P50,2024-04-18,MO2405-P-4500,17,426,33,4,False,4500.0,15.0,5300.0,207.4,192.4,28
P50,2024-04-19,MO2405-P-4500,16,410,31,4,False,4500.0,15.6,5300.0,217.8,202.20000000000002,27
P50,2024-04-22,MO2406-P-3800,23,800,45,4,False,3800.0,8.0,5200.0,265.2,257.2,59
P50,2024-04-23,MO2406-P-3800,22,842,43,4,False,3800.0,7.6,5200.0,271.6,264.0,58
P50,2024-04-24,MO2406-P-3800,24,1523,47,4,False,3800.0,4.2,5300.0,261.0,256.8,57
P50,2024-04-25,MO2406-P-3800,25,2000,50,4,False,3800.0,3.2,5300.0,250.0,246.8,56
P50,2024-04-26,MO2406-P-3800,29,3555,57,4,False,3800.0,1.8,5400.0,231.4,229.6,55
P50,2024-04-29,MO2406-P-3800,33,10666,66,4,False,3800.0,0.6,5500.0,212.8,212.20000000000002,52
P50,2024-04-30,MO2406-P-3800,30,10666,60,4,False,3800.0,0.6,5500.0,228.6,228.0,51
P50,2024-05-06,MO2406-P-3800,35,5333,69,4,False,3800.0,1.2,5600.0,212.6,211.4,45
P50,2024-05-07,MO2406-P-3800,37,3555,74,4,False,3800.0,1.8,5600.0,201.2,199.39999999999998,44
P50,2024-05-08,MO2406-P-3800,36,4000,71,4,False,3800.0,1.6,5500.0,199.8,198.20000000000002,43
P50,2024-05-09,MO2406-P-3800,38,4571,75,4,False,3800.0,1.4,5600.0,196.8,195.4,42
P50,2024-05-10,MO2406-P-3800,31,16000,62,4,False,3800.0,0.4,5600.0,230.2,229.79999999999998,41
P50,2024-05-13,MO2406-P-3800,34,32000,67,4,False,3800.0,0.2,5500.0,206.4,206.20000000000002,38
P50,2024-05-14,MO2406-P-3800,29,16000,58,4,False,3800.0,0.4,5600.0,245.6,245.2,37
P50,2024-05-15,MO2406-P-3800,32,16000,64,4,False,3800.0,0.4,5500.0,212.8,212.4,36
P50,2024-05-16,MO2406-P-3800,34,16000,67,4,False,3800.0,0.4,5500.0,203.6,203.2,35
P50,2024-05-17,MO2406-P-3800,37,32000,74,4,False,3800.0,0.2,5600.0,192.0,191.8,34
P50,2024-05-20,MO2406-P-3800,40,32000,80,4,False,3800.0,0.2,5600.0,180.0,179.8,31
P50,2024-05-21,MO2406-P-3800,46,32000,91,4,False,3800.0,0.2,5500.0,153.8,153.60000000000002,30
P50,2024-05-22,MO2407-P-4650,17,592,34,4,False,4650.0,10.8,5500.0,223.0,212.2,57
P50,2024-05-23,MO2407-P-4650,15,301,29,4,False,4650.0,21.2,5400.0,238.2,217.0,56
P50,2024-05-24,MO2407-P-4650,12,238,23,4,False,4650.0,26.8,5400.0,277.6,250.8,55
P50,2024-05-27,MO2407-P-4650,14,320,27,4,False,4650.0,20.0,5400.0,246.6,226.6,52
P50,2024-05-28,MO2407-P-4650,15,253,30,4,False,4650.0,25.2,5300.0,216.6,191.4,51
P50,2024-05-29,MO2407-P-4650,12,271,23,4,False,4650.0,23.6,5400.0,271.6,248.00000000000003,50
P50,2024-05-30,MO2407-P-4650,15,316,30,4,False,4650.0,20.2,5300.0,204.0,183.8,49
P50,2024-05-31,MO2407-P-4650,13,421,25,4,False,4650.0,15.2,5400.0,244.8,229.60000000000002,48
P50,2024-06-03,MO2407-P-4650,12,260,24,4,False,4650.0,24.6,5300.0,237.8,213.20000000000002,45
P50,2024-06-04,MO2407-P-4650,15,372,29,4,False,4650.0,17.2,5300.0,205.0,187.8,44
P50,2024-06-05,MO2407-P-4650,15,278,30,4,False,4650.0,23.0,5200.0,186.6,163.6,43
P50,2024-06-06,MO2407-P-4650,13,153,25,4,False,4650.0,41.6,5100.0,196.6,155.0,42
P50,2024-06-07,MO2407-P-4600,11,223,21,4,False,4600.0,28.6,5200.0,240.4,211.8,41
P50,2024-06-11,MO2407-P-4600,14,320,28,4,False,4600.0,20.0,5200.0,196.0,176.0,37
P50,2024-06-12,MO2407-P-4600,15,336,30,4,False,4600.0,19.0,5200.0,186.6,167.6,36
P50,2024-06-13,MO2407-P-4600,13,372,26,4,False,4600.0,17.2,5200.0,202.0,184.8,35
P50,2024-06-14,MO2407-P-4600,14,581,28,4,False,4600.0,11.0,5200.0,179.4,168.4,34
P50,2024-06-17,MO2407-P-4600,15,666,29,4,False,4600.0,9.6,5200.0,176.0,166.4,31
P50,2024-06-18,MO2407-P-4600,20,1066,39,4,False,4600.0,6.0,5200.0,136.0,130.0,30
P50,2024-06-19,MO2408-P-4600,11,213,21,4,False,4600.0,30.0,5200.0,248.2,218.2,57
P50,2024-06-20,MO2408-P-4600,9,130,18,4,False,4600.0,49.2,5100.0,253.0,203.8,56
P50,2024-06-21,MO2408-P-4550,10,169,19,4,False,4550.0,37.8,5100.0,253.0,215.2,55
P50,2024-06-24,MO2408-P-4500,10,95,19,4,False,4500.0,66.8,4900.0,231.0,164.2,52
P50,2024-06-25,MO2408-P-4350,12,134,23,4,False,4350.0,47.6,4850.0,223.6,176.0,51
P50,2024-06-26,MO2408-P-4350,13,275,26,4,False,4350.0,23.2,5000.0,219.6,196.4,50
P50,2024-06-27,MO2408-P-4350,13,172,26,4,False,4350.0,37.0,4850.0,200.8,163.8,49
P50,2024-06-28,MO2408-P-4350,12,190,24,4,False,4350.0,33.6,4900.0,218.2,184.6,48
P50,2024-07-01,MO2408-P-4350,13,242,25,4,False,4350.0,26.4,4950.0,220.0,193.6,45
P50,2024-07-02,MO2408-P-4350,13,244,26,4,False,4350.0,26.2,4900.0,201.8,175.60000000000002,44
P50,2024-07-03,MO2408-P-4350,13,256,26,4,False,4350.0,25.0,4850.0,184.4,159.4,43
P50,2024-07-04,MO2408-P-4350,12,153,24,4,False,4350.0,41.6,4750.0,183.6,142.0,42
P50,2024-07-05,MO2408-P-4250,15,329,29,4,False,4250.0,19.4,4800.0,178.6,159.2,41
P50,2024-07-08,MO2408-P-4250,12,193,23,4,False,4250.0,33.0,4700.0,193.8,160.8,38
P50,2024-07-09,MO2408-P-4200,14,351,28,4,False,4200.0,18.2,4800.0,189.0,170.8,37
P50,2024-07-10,MO2408-P-4200,14,355,27,4,False,4200.0,18.0,4800.0,191.0,173.0,36
P50,2024-07-11,MO2408-P-4200,17,666,34,4,False,4200.0,9.6,4900.0,174.6,165.0,35
P50,2024-07-12,MO2408-P-4200,17,653,33,4,False,4200.0,9.8,4900.0,177.8,168.0,34
P50,2024-07-15,MO2408-P-4200,15,666,30,4,False,4200.0,9.6,4850.0,177.2,167.6,31
P50,2024-07-16,MO2408-P-4200,16,969,32,4,False,4200.0,6.6,4850.0,169.8,163.20000000000002,30
P50,2024-07-17,MO2408-P-4200,16,744,31,4,False,4200.0,8.6,4800.0,163.0,154.4,29
P50,2024-07-18,MO2408-P-4200,17,666,33,4,False,4200.0,9.6,4800.0,159.2,149.6,28
P50,2024-07-19,MO2408-P-4200,18,969,36,4,False,4200.0,6.6,4800.0,145.2,138.6,27
P50,2024-07-22,MO2409-P-3800,17,1280,34,4,False,3800.0,5.0,4850.0,248.0,243.0,59
P50,2024-07-23,MO2409-P-3800,16,695,31,4,False,3800.0,9.2,4700.0,242.6,233.4,58
P50,2024-07-24,MO2409-P-3800,15,571,29,4,False,3800.0,11.2,4650.0,247.6,236.4,57
P50,2024-07-25,MO2409-P-3800,15,581,29,4,False,3800.0,11.0,4650.0,244.4,233.4,56
P50,2024-07-26,MO2409-P-3800,18,914,35,4,False,3800.0,7.0,4700.0,215.0,208.0,55
P50,2024-07-29,MO2409-P-3800,17,969,33,4,False,3800.0,6.6,4700.0,224.8,218.20000000000002,52
P50,2024-07-30,MO2409-P-3800,18,1032,36,4,False,3800.0,6.2,4700.0,209.4,203.20000000000002,51
P50,2024-07-31,MO2409-P-3800,23,2285,46,4,False,3800.0,2.8,4900.0,192.6,189.79999999999998,50
P50,2024-08-01,MO2409-P-3800,22,2461,44,4,False,3800.0,2.6,4900.0,199.4,196.8,49
P50,2024-08-02,MO2409-P-3800,23,2133,45,4,False,3800.0,3.0,4800.0,185.0,182.0,48
P50,2024-08-05,MO2409-P-3800,18,780,35,4,False,3800.0,8.2,4700.0,213.4,205.20000000000002,45
P50,2024-08-06,MO2409-P-3800,20,1032,40,4,False,3800.0,6.2,4750.0,198.2,192.0,44
P50,2024-08-07,MO2409-P-3800,20,1454,39,4,False,3800.0,4.4,4750.0,201.2,196.79999999999998,43
P50,2024-08-08,MO2409-P-3800,21,1684,42,4,False,3800.0,3.8,4750.0,183.2,179.39999999999998,42
P50,2024-08-09,MO2409-P-3800,21,1391,42,4,False,3800.0,4.6,4700.0,179.0,174.4,41
P50,2024-08-12,MO2409-P-3800,24,1523,48,4,False,3800.0,4.2,4650.0,151.0,146.8,38
P50,2024-08-13,MO2409-P-3800,23,1882,45,4,False,3800.0,3.4,4700.0,164.8,161.4,37
P50,2024-08-14,MO2409-P-3800,22,2133,44,4,False,3800.0,3.0,4650.0,160.4,157.4,36
P50,2024-08-15,MO2409-P-3800,23,2909,46,4,False,3800.0,2.2,4700.0,160.2,158.0,35
P50,2024-08-16,MO2409-P-3800,25,2666,50,4,False,3800.0,2.4,4650.0,140.0,137.6,34
P50,2024-08-19,MO2409-P-3800,29,3200,58,4,False,3800.0,2.0,4650.0,121.6,119.6,31
P50,2024-08-20,MO2409-P-3800,23,2133,45,4,False,3800.0,3.0,4600.0,142.0,139.0,30
P50,2024-08-21,MO2410-P-4100,12,230,24,4,False,4100.0,27.8,4550.0,178.2,150.39999999999998,57
P50,2024-08-22,MO2410-P-4050,12,237,23,4,False,4050.0,27.0,4500.0,182.2,155.2,56
P50,2024-08-23,MO2410-P-4000,13,380,26,4,False,4000.0,16.8,4500.0,175.2,158.39999999999998,55
P50,2024-08-26,MO2410-P-4000,14,426,28,4,False,4000.0,15.0,4500.0,166.4,151.4,52
P50,2024-08-27,MO2410-P-4000,14,329,27,4,False,4000.0,19.4,4450.0,158.6,139.2,51
P50,2024-08-28,MO2410-P-4000,14,372,28,4,False,4000.0,17.2,4450.0,152.8,135.60000000000002,50
P50,2024-08-29,MO2410-P-4000,14,542,28,4,False,4000.0,11.8,4550.0,167.0,155.2,49
P50,2024-08-30,MO2410-P-4000,16,842,32,4,False,4000.0,7.6,4650.0,166.4,158.8,48
P50,2024-09-02,MO2410-P-4000,14,581,27,4,False,4000.0,11.0,4550.0,168.8,157.8,45
P50,2024-09-03,MO2410-P-4000,17,780,33,4,False,4000.0,8.2,4550.0,149.0,140.8,44
P50,2024-09-04,MO2410-P-4000,16,744,31,4,False,4000.0,8.6,4550.0,153.0,144.4,43
P50,2024-09-05,MO2410-P-4000,16,888,31,4,False,4000.0,7.2,4600.0,161.4,154.20000000000002,42
P50,2024-09-06,MO2410-P-4000,15,640,30,4,False,4000.0,10.0,4500.0,147.2,137.2,41
P50,2024-09-09,MO2410-P-4000,13,533,25,4,False,4000.0,12.0,4500.0,164.4,152.4,38
P50,2024-09-10,MO2410-P-4000,14,516,27,4,False,4000.0,12.4,4500.0,160.2,147.79999999999998,37
P50,2024-09-11,MO2410-P-4000,14,561,27,4,False,4000.0,11.4,4500.0,159.0,147.6,36
P50,2024-09-12,MO2410-P-4000,17,615,33,4,False,4000.0,10.4,4450.0,125.0,114.6,35
P50,2024-09-13,MO2410-P-4000,16,640,32,4,False,4000.0,10.0,4400.0,116.0,106.0,34
P50,2024-09-18,MO2411-P-3950,12,213,23,4,False,3950.0,30.0,4400.0,186.6,156.6,57
P50,2024-09-19,MO2411-P-3950,12,293,24,4,False,3950.0,21.8,4500.0,200.8,179.0,56
P50,2024-09-20,MO2411-P-3950,14,316,27,4,False,3950.0,20.2,4450.0,178.0,157.8,55
P50,2024-09-23,MO2411-P-3950,14,367,28,4,False,3950.0,17.4,4450.0,170.4,153.0,52
P50,2024-09-24,MO2411-P-3950,17,888,34,4,False,3950.0,7.2,4650.0,171.8,164.60000000000002,51
P50,2024-09-25,MO2411-P-3950,17,1882,34,4,False,3950.0,3.4,4700.0,180.0,176.6,50
P50,2024-09-26,MO2411-P-3950,24,3555,47,4,False,3950.0,1.8,4850.0,161.8,160.0,49
P50,2024-09-27,MO2411-P-3950,30,4571,60,4,False,3950.0,1.4,5100.0,160.6,159.2,48
P50,2024-09-30,MO2411-P-3950,19,4571,37,4,False,3950.0,1.4,5700.0,389.4,388.0,45
P50,2024-10-08,MO2411-P-3950,12,774,23,3,False,3950.0,6.2,6200.0,613.8,607.5999999999999,37
P50,2024-10-09,MO2411-P-3950,16,857,31,3,False,3950.0,5.6,5700.0,356.0,350.4,36
P50,2024-10-10,MO2411-P-3950,15,2181,30,3,False,3950.0,2.2,5700.0,351.2,349.0,35
P50,2024-10-11,MO2411-P-3950,15,1263,29,3,False,3950.0,3.8,5400.0,315.0,311.2,34
P50,2024-10-14,MO2411-P-3950,20,2666,40,3,False,3950.0,1.8,5600.0,255.0,253.2,31
P50,2024-10-15,MO2411-P-3950,21,2181,42,3,False,3950.0,2.2,5500.0,225.4,223.20000000000002,30
P50,2024-10-16,MO2411-P-3950,23,3000,45,3,False,3950.0,1.6,5500.0,215.8,214.20000000000002,29
P50,2024-10-17,MO2411-P-3950,22,2666,43,3,False,3950.0,1.8,5500.0,223.4,221.6,28
P50,2024-10-18,MO2411-P-3950,25,2000,50,3,False,3950.0,2.4,5700.0,219.0,216.6,27
P50,2024-10-21,MO2412-P-3800,16,1500,31,3,False,3800.0,3.2,5900.0,402.6,399.40000000000003,59
P50,2024-10-22,MO2412-P-3800,17,1714,34,3,False,3800.0,2.8,5900.0,379.4,376.59999999999997,58
P50,2024-10-23,MO2412-P-3800,18,2000,35,3,False,3800.0,2.4,5900.0,368.0,365.6,57
P50,2024-10-24,MO2412-P-3800,18,2181,35,3,False,3800.0,2.2,5900.0,357.8,355.6,56
P50,2024-10-25,MO2412-P-3800,20,2666,39,3,False,3800.0,1.8,6000.0,340.0,338.2,55
P50,2024-10-28,MO2412-P-3800,20,8000,39,3,False,3800.0,0.6,6100.0,356.8,356.2,52
P50,2024-10-29,MO2412-P-3800,20,2400,40,3,False,3800.0,2.0,6000.0,333.0,331.0,51
P50,2024-10-30,MO2412-P-3800,21,6000,42,3,False,3800.0,0.8,6000.0,320.2,319.4,50
P50,2024-10-31,MO2412-P-3800,22,2400,43,3,False,3800.0,2.0,6100.0,332.0,330.0,49
P50,2024-11-01,MO2412-P-3800,20,2666,39,3,False,3800.0,1.8,5900.0,337.4,335.59999999999997,48
P50,2024-11-04,MO2412-P-3800,19,2666,37,3,False,3800.0,1.8,6100.0,371.2,369.4,45
P50,2024-11-05,MO2412-P-3800,21,2400,41,3,False,3800.0,2.0,6300.0,365.4,363.4,44
P50,2024-11-06,MO2412-P-3800,22,1846,44,3,False,3800.0,2.6,6300.0,342.6,340.0,43
P50,2024-11-07,MO2412-P-3800,26,1846,51,3,False,3800.0,2.6,6400.0,313.0,310.4,42
P50,2024-11-08,MO2412-P-3800,27,1600,54,3,False,3800.0,3.0,6400.0,298.0,295.0,41
P50,2024-11-11,MO2412-P-3800,27,2000,54,3,False,3800.0,2.4,6600.0,314.0,311.6,38
P50,2024-11-12,MO2412-P-3800,30,1714,59,3,False,3800.0,2.8,6500.0,280.4,277.59999999999997,37
P50,2024-11-13,MO2412-P-3800,30,2400,60,3,False,3800.0,2.0,6500.0,273.6,271.6,36
P50,2024-11-14,MO2412-P-3800,30,3000,59,3,False,3800.0,1.6,6300.0,256.8,255.20000000000002,35
P50,2024-11-15,MO2412-P-3800,33,3428,65,3,False,3800.0,1.4,6100.0,217.6,216.2,34
P50,2024-11-18,MO2412-P-3800,26,8000,51,3,False,3800.0,0.6,6000.0,260.2,259.59999999999997,31
P50,2024-11-19,MO2412-P-3800,30,24000,60,3,False,3800.0,0.2,6100.0,234.6,234.4,30
P50,2024-11-20,MO2501-P-5100,11,142,21,3,False,5100.0,33.8,6300.0,368.2,334.4,57
P50,2024-11-21,MO2501-P-5100,11,163,21,3,False,5100.0,29.4,6300.0,364.6,335.20000000000005,56
P50,2024-11-22,MO2501-P-5100,10,97,20,3,False,5100.0,49.4,6000.0,333.8,284.40000000000003,55
P50,2024-11-25,MO2501-P-5100,9,101,18,3,False,5100.0,47.4,6100.0,372.8,325.40000000000003,52
P50,2024-11-26,MO2501-P-5100,9,95,18,3,False,5100.0,50.4,6000.0,347.0,296.6,51
P50,2024-11-27,MO2501-P-5100,12,156,24,3,False,5100.0,30.6,6100.0,294.8,264.2,50
P50,2024-11-28,MO2501-P-5100,11,160,21,3,False,5100.0,30.0,6100.0,315.8,285.8,49
P50,2024-11-29,MO2501-P-5100,12,258,23,3,False,5100.0,18.6,6200.0,310.6,292.0,48
P50,2024-12-02,MO2501-P-5100,13,296,26,3,False,5100.0,16.2,6300.0,300.0,283.8,45
P50,2024-12-03,MO2501-P-5100,13,320,26,3,False,5100.0,15.0,6300.0,296.6,281.6,44
P50,2024-12-04,MO2501-P-5100,12,263,24,3,False,5100.0,18.2,6200.0,298.4,280.2,43
P50,2024-12-05,MO2501-P-5100,13,296,25,3,False,5100.0,16.2,6300.0,307.6,291.40000000000003,42
P50,2024-12-06,MO2501-P-5100,16,470,31,3,False,5100.0,10.2,6300.0,252.4,242.20000000000002,41
P50,2024-12-09,MO2501-P-5100,14,461,27,3,False,5100.0,10.4,6300.0,281.0,270.6,38
P50,2024-12-10,MO2501-P-5100,14,774,27,3,False,5100.0,6.2,6400.0,291.0,284.8,37
P50,2024-12-11,MO2501-P-5100,19,727,37,3,False,5100.0,6.6,6400.0,228.4,221.8,36
P50,2024-12-12,MO2501-P-5100,18,774,35,3,False,5100.0,6.2,6500.0,250.6,244.4,35
P50,2024-12-13,MO2501-P-5100,16,705,31,3,False,5100.0,6.8,6400.0,253.2,246.39999999999998,34
P50,2024-12-16,MO2501-P-5100,16,923,32,3,False,5100.0,5.2,6300.0,229.8,224.60000000000002,31
P50,2024-12-17,MO2501-P-5100,18,800,35,3,False,5100.0,6.0,6100.0,188.2,182.2,30
P50,2024-12-18,MO2501-P-5100,16,1142,31,3,False,5100.0,4.2,6200.0,219.0,214.8,29
P50,2024-12-19,MO2501-P-5100,17,1090,34,3,False,5100.0,4.4,6200.0,202.8,198.4,28
P50,2024-12-20,MO2501-P-5100,17,1411,34,3,False,5100.0,3.4,6300.0,214.0,210.6,27
P50,2024-12-23,MO2502-P-5300,10,98,19,3,False,5300.0,48.8,6100.0,306.8,258.0,59
P50,2024-12-24,MO2502-P-5300,10,123,19,3,False,5300.0,38.8,6200.0,319.0,280.2,58
P50,2024-12-25,MO2502-P-5300,10,111,19,3,False,5300.0,43.2,6100.0,294.6,251.40000000000003,57
P50,2024-12-26,MO2502-P-5300,10,137,19,3,False,5300.0,35.0,6200.0,309.4,274.4,56
P50,2024-12-27,MO2502-P-5300,10,179,20,3,False,5300.0,26.8,6200.0,291.4,264.59999999999997,55
P50,2024-12-30,MO2502-P-5300,12,193,23,3,False,5300.0,24.8,6100.0,246.8,222.0,52
P50,2024-12-31,MO2502-P-5300,8,108,16,3,False,5300.0,44.2,6000.0,299.6,255.40000000000003,51
P50,2025-01-02,MO2502-P-5300,8,58,15,3,False,5300.0,82.6,5800.0,284.0,201.4,49
P50,2025-01-03,MO2502-P-5200,8,50,16,3,False,5200.0,96.0,5600.0,256.6,160.60000000000002,48
P50,2025-01-06,MO2502-P-5000,10,81,19,3,False,5000.0,59.0,5600.0,260.0,201.0,45
P50,2025-01-07,MO2502-P-5000,10,132,20,3,False,5000.0,36.2,5700.0,254.2,218.0,44
P50,2025-01-08,MO2502-P-5000,9,122,18,3,False,5000.0,39.2,5700.0,265.2,226.0,43
P50,2025-01-09,MO2502-P-5000,9,120,18,3,False,5000.0,40.0,5700.0,266.0,226.0,42
P50,2025-01-10,MO2502-P-5000,11,84,21,3,False,5000.0,56.6,5500.0,218.4,161.8,41
P50,2025-01-13,MO2502-P-4950,9,107,17,3,False,4950.0,44.6,5600.0,261.2,216.6,38
P50,2025-01-14,MO2502-P-4950,12,263,24,3,False,4950.0,18.2,5800.0,242.0,223.8,37
P50,2025-01-15,MO2502-P-4950,11,260,22,3,False,4950.0,18.4,5800.0,243.8,225.4,36
P50,2025-01-16,MO2502-P-4950,12,289,24,3,False,4950.0,16.6,5800.0,237.8,221.20000000000002,35
P50,2025-01-17,MO2502-P-4950,14,347,28,3,False,4950.0,13.8,5800.0,208.0,194.2,34
P50,2025-01-20,MO2502-P-4950,13,545,26,3,False,4950.0,8.8,5900.0,230.2,221.39999999999998,31
P50,2025-01-21,MO2502-P-4950,15,750,29,3,False,4950.0,6.4,5900.0,207.4,201.0,30
P50,2025-01-22,MO2503-P-3900,19,1411,37,3,False,3900.0,3.4,5900.0,322.6,319.20000000000005,57
P50,2025-01-23,MO2503-P-3900,22,1714,44,3,False,3900.0,2.8,5800.0,271.6,268.8,56
P50,2025-01-24,MO2503-P-3900,26,1846,51,3,False,3900.0,2.6,5900.0,245.6,243.0,55
P50,2025-01-27,MO2503-P-3900,25,1600,50,3,False,3900.0,3.0,5800.0,240.0,237.0,52
P50,2025-02-05,MO2503-P-3900,24,8000,47,3,False,3900.0,0.6,5900.0,255.4,254.8,43
P50,2025-02-06,MO2503-P-3900,31,3000,62,3,False,3900.0,1.6,6000.0,210.8,209.20000000000002,42
P50,2025-02-07,MO2503-P-3900,32,3000,64,3,False,3900.0,1.6,6100.0,212.4,210.8,41
P50,2025-02-10,MO2503-P-3900,29,3428,58,3,False,3900.0,1.4,6200.0,243.6,242.2,38
P50,2025-02-11,MO2503-P-3900,30,3428,59,3,False,3900.0,1.4,6200.0,235.8,234.4,37
P50,2025-02-12,MO2503-P-3900,31,3428,62,3,False,3900.0,1.4,6300.0,235.4,234.0,36
P50,2025-02-13,MO2503-P-3900,34,3428,67,3,False,3900.0,1.4,6200.0,208.6,207.2,35
P50,2025-02-14,MO2503-P-3900,40,3000,79,3,False,3900.0,1.6,6200.0,180.0,178.4,34
P50,2025-02-17,MO2503-P-3900,32,3428,64,3,False,3900.0,1.4,6300.0,228.2,226.79999999999998,31
P50,2025-02-18,MO2503-P-3900,41,3428,81,3,False,3900.0,1.4,6100.0,168.6,167.2,30
P50,2025-02-19,MO2504-P-5200,13,358,25,3,False,5200.0,13.4,6300.0,281.2,267.8,57
P50,2025-02-20,MO2504-P-5200,14,375,27,3,False,5200.0,12.8,6300.0,269.2,256.4,56
P50,2025-02-21,MO2504-P-5200,16,648,32,3,False,5200.0,7.4,6400.0,247.8,240.4,55
P50,2025-02-24,MO2504-P-5200,12,585,24,3,False,5200.0,8.2,6500.0,326.6,318.40000000000003,52
P50,2025-02-25,MO2504-P-5200,14,615,28,3,False,5200.0,7.8,6400.0,276.0,268.2,51
P50,2025-02-26,MO2504-P-5200,14,827,27,3,False,5200.0,5.8,6500.0,302.2,296.4,50
P50,2025-02-27,MO2504-P-5200,14,800,27,3,False,5200.0,6.0,6500.0,301.2,295.2,49
P50,2025-02-28,MO2504-P-5200,12,375,24,3,False,5200.0,12.8,6300.0,281.8,269.0,48
P50,2025-03-03,MO2504-P-5200,12,428,24,3,False,5200.0,11.2,6300.0,283.2,272.0,45
P50,2025-03-04,MO2504-P-5200,13,500,25,3,False,5200.0,9.6,6400.0,298.6,289.0,44
P50,2025-03-05,MO2504-P-5200,14,774,27,3,False,5200.0,6.2,6400.0,282.0,275.8,43
P50,2025-03-06,MO2504-P-5200,17,1090,33,3,False,5200.0,4.4,6500.0,247.6,243.2,42
P50,2025-03-07,MO2504-P-5200,11,640,21,2,False,5200.0,5.0,6500.0,255.8,250.8,41
P50,2025-03-10,MO2504-P-5200,11,695,21,2,False,5200.0,4.6,6500.0,265.2,260.59999999999997,38
P50,2025-03-11,MO2504-P-5200,10,727,19,2,False,5200.0,4.4,6600.0,301.2,296.8,37
P50,2025-03-12,MO2504-P-5200,10,941,20,2,False,5200.0,3.4,6600.0,281.4,278.0,36
P50,2025-03-13,MO2504-P-5200,10,888,20,2,False,5200.0,3.6,6500.0,266.2,262.59999999999997,35
P50,2025-03-14,MO2504-P-5200,12,1142,23,2,False,5200.0,2.8,6600.0,249.0,246.2,34
P50,2025-03-17,MO2504-P-5200,12,1454,23,2,False,5200.0,2.2,6600.0,254.4,252.20000000000002,31
P50,2025-03-18,MO2504-P-5200,13,1333,25,2,False,5200.0,2.4,6600.0,232.2,229.79999999999998,30
P50,2025-03-19,MO2505-P-5600,7,137,13,2,False,5600.0,23.2,6600.0,334.0,310.8,57
P50,2025-03-20,MO2505-P-5600,8,130,15,2,False,5600.0,24.6,6500.0,285.4,260.79999999999995,56
P50,2025-03-21,MO2505-P-5600,7,98,13,2,False,5600.0,32.6,6400.0,287.6,255.00000000000003,55
P50,2025-03-24,MO2505-P-5600,6,106,11,2,False,5600.0,30.0,6400.0,306.6,276.6,52
P50,2025-03-25,MO2505-P-5600,7,108,13,2,False,5600.0,29.6,6300.0,259.4,229.79999999999998,51
P50,2025-03-26,MO2505-P-5600,7,132,14,2,False,5600.0,24.2,6300.0,245.8,221.60000000000002,50
P50,2025-03-27,MO2505-P-5600,7,137,14,2,False,5600.0,23.2,6300.0,238.4,215.20000000000002,49
P50,2025-03-28,MO2505-P-5600,6,115,12,2,False,5600.0,27.8,6300.0,270.0,242.2,48
P50,2025-03-31,MO2505-P-5600,7,94,13,2,False,5600.0,33.8,6200.0,231.8,198.0,45
P50,2025-04-01,MO2505-P-5600,6,106,11,2,False,5600.0,30.0,6300.0,277.4,247.39999999999998,44
P50,2025-04-02,MO2505-P-5600,6,121,12,2,False,5600.0,26.4,6300.0,255.0,228.6,43
P50,2025-04-03,MO2505-P-5600,7,89,13,2,False,5600.0,35.6,6200.0,234.2,198.6,42
P50,2025-04-07,MO2505-P-5500,0,8,0,2,False,5500.0,400.0,5500.0,400.0,0.0,38
P50,2025-04-08,MO2505-P-4900,9,52,18,3,False,4900.0,91.6,5500.0,303.0,211.4,37
P50,2025-04-09,MO2505-P-4900,9,74,18,3,False,4900.0,64.4,5700.0,326.8,262.4,36
P50,2025-04-10,MO2505-P-4900,12,148,23,3,False,4900.0,32.4,5800.0,270.6,238.20000000000002,35
P50,2025-04-11,MO2505-P-4900,12,235,23,3,False,4900.0,20.4,5900.0,279.4,259.0,34
P50,2025-04-14,MO2505-P-4900,15,307,30,3,False,4900.0,15.6,5900.0,230.0,214.4,31
P50,2025-04-15,MO2505-P-4900,14,413,28,3,False,4900.0,11.6,5900.0,232.2,220.6,30
P50,2025-04-16,MO2505-P-4900,15,338,29,3,False,4900.0,14.2,5800.0,214.4,200.20000000000002,29
P50,2025-04-17,MO2505-P-4900,16,452,32,3,False,4900.0,10.6,5800.0,187.2,176.6,28
P50,2025-04-18,MO2505-P-4900,16,470,32,3,False,4900.0,10.2,5800.0,185.0,174.8,27
P50,2025-04-21,MO2506-P-3900,18,1043,36,3,False,3900.0,4.6,6000.0,351.8,347.2,59
P50,2025-04-22,MO2506-P-3900,23,827,45,3,False,3900.0,5.8,5900.0,284.4,278.59999999999997,58
P50,2025-04-23,MO2506-P-3900,21,1043,41,3,False,3900.0,4.6,6000.0,317.2,312.59999999999997,57
P50,2025-04-24,MO2506-P-3900,22,923,44,3,False,3900.0,5.2,5900.0,286.0,280.8,56
P50,2025-04-25,MO2506-P-3900,24,923,47,3,False,3900.0,5.2,5900.0,269.6,264.40000000000003,55
P50,2025-04-28,MO2506-P-3900,20,1000,40,3,False,3900.0,4.8,5900.0,301.4,296.59999999999997,52
P50,2025-04-29,MO2506-P-3900,22,1000,44,3,False,3900.0,4.8,5900.0,281.0,276.2,51
P50,2025-04-30,MO2506-P-3900,20,857,40,3,False,3900.0,5.6,6000.0,318.8,313.2,50
P50,2025-05-06,MO2506-P-3900,27,1714,53,3,False,3900.0,2.8,6100.0,254.0,251.2,44
P50,2025-05-07,MO2506-P-3900,27,1846,54,3,False,3900.0,2.6,6100.0,251.0,248.4,43
P50,2025-05-08,MO2506-P-3900,25,2000,50,3,False,3900.0,2.4,6200.0,277.0,274.6,42
P50,2025-05-09,MO2506-P-3900,26,2000,52,3,False,3900.0,2.4,6100.0,258.0,255.6,41
P50,2025-05-12,MO2506-P-3900,26,2181,52,3,False,3900.0,2.2,6200.0,266.4,264.2,38
P50,2025-05-13,MO2506-P-3900,25,2181,49,3,False,3900.0,2.2,6200.0,281.2,279.0,37
P50,2025-05-14,MO2506-P-3900,27,8000,53,3,False,3900.0,0.6,6200.0,259.6,259.0,36
P50,2025-05-15,MO2506-P-3900,27,2666,53,3,False,3900.0,1.8,6100.0,246.0,244.2,35
P50,2025-05-16,MO2506-P-3900,28,2666,55,3,False,3900.0,1.8,6100.0,240.6,238.79999999999998,34
P50,2025-05-19,MO2506-P-3900,31,3428,62,3,False,3900.0,1.4,6100.0,214.8,213.4,31
P50,2025-05-20,MO2506-P-3900,37,4000,74,3,False,3900.0,1.2,6100.0,185.4,184.20000000000002,30
P50,2025-05-21,MO2507-P-5200,11,184,21,3,False,5200.0,26.0,6100.0,299.6,273.6,57
P50,2025-05-22,MO2507-P-5200,9,136,18,3,False,5200.0,35.2,6100.0,339.4,304.2,56
P50,2025-05-23,MO2507-P-5200,9,107,17,3,False,5200.0,44.8,6000.0,325.0,280.2,55
P50,2025-05-26,MO2507-P-5200,10,121,20,3,False,5200.0,39.6,6000.0,290.4,250.79999999999998,52
P50,2025-05-27,MO2507-P-5200,10,138,20,3,False,5200.0,34.6,6000.0,286.6,252.00000000000003,51
P50,2025-05-28,MO2507-P-5200,10,134,19,3,False,5200.0,35.8,6000.0,296.8,261.0,50
P50,2025-05-29,MO2507-P-5200,11,216,22,3,False,5200.0,22.2,6100.0,273.2,251.0,49
P50,2025-05-30,MO2507-P-5200,12,190,24,3,False,5200.0,25.2,6000.0,240.0,214.8,48
P50,2025-06-03,MO2507-P-5200,10,240,20,3,False,5200.0,20.0,6100.0,282.4,262.4,44
P50,2025-06-04,MO2507-P-5200,13,307,25,3,False,5200.0,15.6,6100.0,242.4,226.8,43
P50,2025-06-05,MO2507-P-5200,12,342,23,3,False,5200.0,14.0,6200.0,277.2,263.2,42
P50,2025-06-06,MO2507-P-5200,12,347,23,3,False,5200.0,13.8,6200.0,273.2,259.4,41
P50,2025-06-09,MO2507-P-5200,15,500,29,3,False,5200.0,9.6,6200.0,223.2,213.6,38
P50,2025-06-10,MO2507-P-5200,12,387,24,3,False,5200.0,12.4,6200.0,253.0,240.6,37
P50,2025-06-11,MO2507-P-5200,14,436,27,3,False,5200.0,11.0,6200.0,233.0,222.0,36
P50,2025-06-12,MO2507-P-5200,14,387,28,3,False,5200.0,12.4,6200.0,231.2,218.79999999999998,35
P50,2025-06-13,MO2507-P-5200,15,315,29,3,False,5200.0,15.2,6100.0,208.2,193.0,34
P50,2025-06-16,MO2507-P-5200,18,489,36,3,False,5200.0,9.8,6100.0,171.6,161.79999999999998,31
P50,2025-06-17,MO2507-P-5200,19,510,37,3,False,5200.0,9.4,6100.0,166.2,156.79999999999998,30
P50,2025-06-18,MO2508-P-5300,11,146,22,3,False,5300.0,32.8,6100.0,270.0,237.2,57
P50,2025-06-19,MO2508-P-5300,12,121,23,3,False,5300.0,39.4,6000.0,237.6,198.2,56
P50,2025-06-20,MO2508-P-5300,11,125,21,3,False,5300.0,38.4,6000.0,242.8,204.4,55
P50,2025-06-23,MO2508-P-5300,10,170,20,3,False,5300.0,28.2,6100.0,263.2,235.0,52
P50,2025-06-24,MO2508-P-5300,12,289,24,3,False,5300.0,16.6,6200.0,246.6,230.0,51
P50,2025-06-25,MO2508-P-5300,13,324,25,3,False,5300.0,14.8,6300.0,257.8,243.0,50
P50,2025-06-26,MO2508-P-5300,11,275,21,2,False,5300.0,11.6,6200.0,197.0,185.4,49
P50,2025-06-27,MO2508-P-5300,9,333,17,2,False,5300.0,9.6,6300.0,240.4,230.8,48
P50,2025-06-30,MO2508-P-5300,9,390,17,2,False,5300.0,8.2,6400.0,270.4,262.2,45
P50,2025-07-01,MO2508-P-5300,9,363,17,2,False,5300.0,8.8,6400.0,275.0,266.2,44
P50,2025-07-02,MO2508-P-5300,10,390,20,2,False,5300.0,8.2,6300.0,217.2,209.0,43
P50,2025-07-03,MO2508-P-5300,11,432,22,2,False,5300.0,7.4,6300.0,204.4,197.0,42
P50,2025-07-04,MO2508-P-5300,10,380,20,2,False,5300.0,8.4,6300.0,213.8,205.4,41
P50,2025-07-07,MO2508-P-5300,10,372,20,2,False,5300.0,8.6,6300.0,214.6,206.0,38
P50,2025-07-08,MO2508-P-5300,11,551,21,2,False,5300.0,5.8,6400.0,217.2,211.39999999999998,37
P50,2025-07-09,MO2508-P-5300,11,500,21,2,False,5300.0,6.4,6400.0,222.2,215.79999999999998,36
P50,2025-07-10,MO2508-P-5300,11,533,22,2,False,5300.0,6.0,6400.0,209.2,203.2,35
P50,2025-07-11,MO2508-P-5300,11,640,22,2,False,5300.0,5.0,6500.0,221.8,216.8,34
P50,2025-07-14,MO2508-P-5300,11,666,22,2,False,5300.0,4.8,6500.0,225.0,220.2,31
P50,2025-07-15,MO2508-P-5300,15,592,29,2,False,5300.0,5.4,6400.0,165.4,160.0,30
P50,2025-07-16,MO2508-P-5300,12,800,23,2,False,5300.0,4.0,6500.0,214.6,210.6,29
P50,2025-07-17,MO2508-P-5300,18,1066,35,2,False,5300.0,3.0,6500.0,148.2,145.2,28
P50,2025-07-18,MO2508-P-5300,14,1066,27,2,False,5300.0,3.0,6600.0,190.0,187.0,27
P50,2025-07-21,MO2509-P-4000,20,842,40,2,False,4000.0,3.8,6600.0,267.8,264.0,59
P50,2025-07-22,MO2509-P-4000,22,842,43,2,False,4000.0,3.8,6600.0,254.0,250.2,58
P50,2025-07-23,MO2509-P-4000,20,727,40,2,False,4000.0,4.4,6600.0,265.8,261.40000000000003,57
P50,2025-07-24,MO2509-P-4000,22,761,43,2,False,4000.0,4.2,6700.0,261.0,256.8,56
P50,2025-07-25,MO2509-P-4000,20,888,40,2,False,4000.0,3.6,6700.0,274.6,271.0,55
P50,2025-07-28,MO2509-P-4000,21,888,42,2,False,4000.0,3.6,6700.0,264.8,261.2,52
P50,2025-07-29,MO2509-P-4000,20,888,39,2,False,4000.0,3.6,6800.0,295.0,291.4,51
P50,2025-07-30,MO2509-P-4000,22,888,44,2,False,4000.0,3.6,6700.0,252.2,248.6,50
P50,2025-07-31,MO2509-P-4000,19,800,38,2,False,4000.0,4.0,6700.0,288.0,284.0,49
P50,2025-08-01,MO2509-P-4000,21,888,41,2,False,4000.0,3.6,6700.0,269.0,265.4,48
P50,2025-08-04,MO2509-P-4000,27,1000,54,2,False,4000.0,3.2,6700.0,206.8,203.60000000000002,45
P50,2025-08-05,MO2509-P-4000,24,8000,47,2,False,4000.0,0.4,6800.0,242.0,241.6,44
P50,2025-08-06,MO2509-P-4000,24,1333,47,2,False,4000.0,2.4,6900.0,250.4,248.0,43
P50,2025-08-07,MO2509-P-4000,23,1230,45,2,False,4000.0,2.6,6900.0,259.0,256.4,42
P50,2025-08-08,MO2509-P-4000,29,1230,58,2,False,4000.0,2.6,6800.0,199.8,197.20000000000002,41
P50,2025-08-11,MO2509-P-4000,31,3200,62,2,False,4000.0,1.0,6900.0,192.6,191.6,38
P50,2025-08-12,MO2509-P-4000,26,1454,51,2,False,4000.0,2.2,7000.0,238.0,235.8,37
P50,2025-08-13,MO2509-P-4000,26,1454,52,2,False,4000.0,2.2,7100.0,242.4,240.20000000000002,36
P50,2025-08-14,MO2509-P-4000,28,1600,55,2,False,4000.0,2.0,7000.0,218.6,216.6,35
P50,2025-08-15,MO2509-P-4000,32,2285,63,2,False,4000.0,1.4,7100.0,201.8,200.4,34
P50,2025-08-18,MO2509-P-4000,28,2666,55,2,False,4000.0,1.2,7200.0,238.8,237.60000000000002,31
P50,2025-08-19,MO2509-P-4000,30,5333,59,2,False,4000.0,0.6,7200.0,223.0,222.4,30
P50,2025-08-20,MO2510-P-5800,9,363,18,2,False,5800.0,8.8,7300.0,348.0,339.2,57
P50,2025-08-21,MO2510-P-5800,8,313,16,2,False,5800.0,10.2,7300.0,373.8,363.6,56
P50,2025-08-22,MO2510-P-5800,10,313,19,2,False,5800.0,10.2,7400.0,349.2,339.0,55
P50,2025-08-25,MO2510-P-5800,10,347,19,2,False,5800.0,9.2,7500.0,372.6,363.40000000000003,52
P50,2025-08-26,MO2510-P-5800,10,340,20,2,False,5800.0,9.4,7500.0,361.8,352.40000000000003,51
P50,2025-08-27,MO2510-P-5800,11,326,21,2,False,5800.0,9.8,7300.0,312.8,303.0,50
P50,2025-08-28,MO2510-P-5800,11,372,21,2,False,5800.0,8.6,7400.0,328.2,319.59999999999997,49
P50,2025-08-29,MO2510-P-5800,11,296,21,2,False,5800.0,10.8,7400.0,334.2,323.4,48
P50,2025-09-01,MO2510-P-5800,10,320,19,2,False,5800.0,10.0,7500.0,373.0,363.0,45
P50,2025-09-02,MO2510-P-5800,10,231,20,2,False,5800.0,13.8,7300.0,325.6,311.8,44
P50,2025-09-03,MO2510-P-5800,10,235,19,2,False,5800.0,13.6,7200.0,310.8,297.2,43
P50,2025-09-04,MO2510-P-5800,10,205,20,2,False,5800.0,15.6,7000.0,271.6,256.0,42
P50,2025-09-05,MO2510-P-5800,12,390,23,2,False,5800.0,8.2,7200.0,262.2,254.0,41
P50,2025-09-08,MO2510-P-5800,11,400,21,2,False,5800.0,8.0,7300.0,299.2,291.2,38
P50,2025-09-09,MO2510-P-5800,11,390,22,2,False,5800.0,8.2,7200.0,275.2,267.0,37
P50,2025-09-10,MO2510-P-5800,12,432,23,2,False,5800.0,7.4,7200.0,265.8,258.40000000000003,36
P50,2025-09-11,MO2510-P-5800,13,615,25,2,False,5800.0,5.2,7400.0,263.6,258.40000000000003,35
P50,2025-09-12,MO2510-P-5800,14,571,27,2,False,5800.0,5.6,7400.0,250.0,244.4,34
P50,2025-09-15,MO2510-P-5800,13,444,26,2,False,5800.0,7.2,7400.0,262.8,255.60000000000002,31
P50,2025-09-16,MO2510-P-5800,13,533,25,2,False,5800.0,6.0,7500.0,280.0,274.0,30
P50,2025-09-17,MO2510-P-5800,13,571,26,2,False,5800.0,5.6,7600.0,285.2,279.59999999999997,29
P50,2025-09-18,MO2510-P-5800,13,516,25,2,False,5800.0,6.2,7500.0,282.8,276.6,28
P50,2025-09-19,MO2510-P-5800,16,695,31,2,False,5800.0,4.6,7400.0,218.8,214.20000000000002,27
P50,2025-09-22,MO2511-P-6300,7,78,13,2,False,6300.0,41.0,7500.0,414.8,373.8,59
P50,2025-09-23,MO2511-P-6300,7,61,13,2,False,6300.0,52.4,7400.0,406.6,354.20000000000005,58
P50,2025-09-24,MO2511-P-6300,8,84,16,2,False,6300.0,37.8,7500.0,364.2,326.4,57
P50,2025-09-25,MO2511-P-6300,8,102,15,2,False,6300.0,31.2,7500.0,366.6,335.40000000000003,56
P50,2025-09-26,MO2511-P-6300,7,95,14,2,False,6300.0,33.4,7400.0,355.0,321.6,55
P50,2025-09-29,MO2511-P-6300,8,134,16,2,False,6300.0,23.8,7500.0,332.6,308.8,52
P50,2025-09-30,MO2511-P-6300,8,173,16,2,False,6300.0,18.4,7600.0,343.2,324.8,51
P50,2025-10-09,MO2511-P-6300,11,333,22,2,False,6300.0,9.6,7600.0,261.6,252.00000000000003,42
P50,2025-10-10,MO2511-P-6300,10,296,20,2,False,6300.0,10.8,7500.0,260.2,249.39999999999998,41
P50,2025-10-13,MO2511-P-6300,9,222,18,2,False,6300.0,14.4,7500.0,293.2,278.8,38
P50,2025-10-14,MO2511-P-6300,8,134,15,2,False,6300.0,23.8,7400.0,316.2,292.4,37
P50,2025-10-15,MO2511-P-6300,9,307,18,2,False,6300.0,10.4,7500.0,284.0,273.6,36
P50,2025-10-16,MO2511-P-6300,9,250,17,2,False,6300.0,12.8,7400.0,274.2,261.4,35
P50,2025-10-17,MO2511-P-6300,7,132,14,2,False,6300.0,24.2,7200.0,280.0,255.8,34
P50,2025-10-20,MO2511-P-6300,9,197,17,2,False,6300.0,16.2,7200.0,243.4,227.20000000000002,31
P50,2025-10-21,MO2511-P-6300,10,400,20,2,False,6300.0,8.0,7300.0,217.6,209.6,30
P50,2025-10-22,MO2512-P-4900,14,666,28,2,False,4900.0,4.8,7300.0,350.8,346.0,57
P50,2025-10-23,MO2512-P-4900,15,666,29,2,False,4900.0,4.8,7300.0,346.0,341.2,56
P50,2025-10-24,MO2512-P-4900,16,761,32,2,False,4900.0,4.2,7400.0,324.6,320.40000000000003,55
P50,2025-10-27,MO2512-P-4900,15,1000,30,2,False,4900.0,3.2,7500.0,354.4,351.2,52
P50,2025-10-28,MO2512-P-4900,16,1333,31,2,False,4900.0,2.4,7500.0,337.6,335.20000000000005,51
P50,2025-10-29,MO2512-P-4900,16,1066,32,2,False,4900.0,3.0,7600.0,337.0,334.0,50
P50,2025-10-30,MO2512-P-4900,16,1230,32,2,False,4900.0,2.6,7500.0,327.0,324.4,49
P50,2025-10-31,MO2512-P-4900,17,1142,34,2,False,4900.0,2.8,7500.0,314.6,311.8,48
P50,2025-11-03,MO2512-P-4900,19,4000,37,2,False,4900.0,0.8,7500.0,287.0,286.2,45
P50,2025-11-04,MO2512-P-4900,18,4000,35,2,False,4900.0,0.8,7400.0,297.8,297.0,44
P50,2025-11-05,MO2512-P-4900,16,1600,31,2,False,4900.0,2.0,7500.0,336.0,334.0,43
P50,2025-11-06,MO2512-P-4900,17,1454,33,2,False,4900.0,2.2,7600.0,326.2,324.0,42
P50,2025-11-07,MO2512-P-4900,21,1600,41,2,False,4900.0,2.0,7500.0,260.0,258.0,41
P50,2025-11-10,MO2512-P-4900,18,1777,35,2,False,4900.0,1.8,7600.0,307.6,305.8,38
P50,2025-11-11,MO2512-P-4900,21,2000,41,2,False,4900.0,1.6,7500.0,265.0,263.4,37
P50,2025-11-12,MO2512-P-4900,19,1777,38,2,False,4900.0,1.8,7500.0,279.0,277.2,36
P50,2025-11-13,MO2512-P-4900,21,2285,41,2,False,4900.0,1.4,7600.0,268.0,266.6,35
P50,2025-11-14,MO2512-P-4900,21,2666,42,2,False,4900.0,1.2,7500.0,250.4,249.20000000000002,34
P50,2025-11-17,MO2512-P-4900,23,16000,46,2,False,4900.0,0.2,7500.0,228.8,228.60000000000002,31
P50,2025-11-18,MO2512-P-4900,25,2285,50,2,False,4900.0,1.4,7400.0,206.0,204.6,30
P50,2025-11-19,MO2601-P-6400,7,97,14,2,False,6400.0,32.8,7400.0,336.4,303.59999999999997,57
P50,2025-11-20,MO2601-P-6400,8,95,15,2,False,6400.0,33.4,7300.0,286.4,252.99999999999997,56
P50,2025-11-21,MO2601-P-6400,6,49,11,2,False,6400.0,64.8,7100.0,315.0,250.2,55
P50,2025-11-24,MO2601-P-6300,6,80,12,2,False,6300.0,39.6,7200.0,327.4,287.79999999999995,52
P50,2025-11-25,MO2601-P-6300,8,117,16,2,False,6300.0,27.2,7200.0,267.0,239.8,51
P50,2025-11-26,MO2601-P-6300,9,137,17,2,False,6300.0,23.2,7200.0,259.0,235.8,50
P50,2025-11-27,MO2601-P-6300,7,156,13,2,False,6300.0,20.4,7300.0,318.4,298.0,49
P50,2025-11-28,MO2601-P-6300,9,213,17,2,False,6300.0,15.0,7300.0,265.6,250.60000000000002,48
P50,2025-12-01,MO2601-P-6300,8,266,16,2,False,6300.0,12.0,7400.0,296.8,284.8,45
P50,2025-12-02,MO2601-P-6300,9,271,17,2,False,6300.0,11.8,7300.0,262.8,251.0,44
P50,2025-12-03,MO2601-P-6300,9,253,18,2,False,6300.0,12.6,7200.0,230.0,217.4,43
P50,2025-12-04,MO2601-P-6300,10,290,19,2,False,6300.0,11.0,7200.0,214.8,203.8,42
P50,2025-12-05,MO2601-P-6300,11,363,22,2,False,6300.0,8.8,7300.0,205.2,196.39999999999998,41
P50,2025-12-08,MO2601-P-6300,11,470,22,2,False,6300.0,6.8,7400.0,214.4,207.6,38
P50,2025-12-09,MO2601-P-6300,10,470,20,2,False,6300.0,6.8,7400.0,229.2,222.39999999999998,37
P50,2025-12-10,MO2601-P-6300,11,470,21,2,False,6300.0,6.8,7400.0,221.0,214.2,36
P50,2025-12-11,MO2601-P-6300,11,432,21,2,False,6300.0,7.4,7300.0,204.8,197.4,35
P50,2025-12-12,MO2601-P-6300,11,484,21,2,False,6300.0,6.6,7400.0,220.4,213.8,34
P50,2025-12-15,MO2601-P-6300,12,533,23,2,False,6300.0,6.0,7300.0,184.6,178.6,31
P50,2025-12-16,MO2601-P-6300,10,380,19,2,False,6300.0,8.4,7200.0,197.0,188.6,30
P50,2025-12-17,MO2602-P-6300,8,136,15,2,False,6300.0,23.4,7300.0,295.8,272.40000000000003,58
P50,2025-12-18,MO2602-P-6300,8,133,15,2,False,6300.0,24.0,7300.0,300.0,276.0,57
P50,2025-12-19,MO2602-P-6300,9,170,18,2,False,6300.0,18.8,7300.0,255.0,236.2,56
P50,2025-12-22,MO2602-P-6300,9,228,17,2,False,6300.0,14.0,7400.0,277.0,263.0,53
P50,2025-12-23,MO2602-P-6300,9,235,17,2,False,6300.0,13.6,7400.0,275.0,261.4,52
P50,2025-12-24,MO2602-P-6300,10,313,19,2,False,6300.0,10.2,7500.0,268.8,258.6,51
P50,2025-12-25,MO2602-P-6300,10,432,19,2,False,6300.0,7.4,7600.0,283.0,275.6,50
P50,2025-12-26,MO2602-P-6300,11,444,22,2,False,6300.0,7.2,7600.0,255.6,248.4,49
P50,2025-12-29,MO2602-P-6300,10,363,20,2,False,6300.0,8.8,7600.0,275.8,267.0,46
P50,2025-12-30,MO2602-P-6300,10,380,20,2,False,6300.0,8.4,7600.0,273.0,264.6,45
P50,2025-12-31,MO2602-P-6300,10,380,20,2,False,6300.0,8.4,7600.0,278.4,270.0,44
P50,2026-01-05,MO2602-P-6300,11,666,21,2,False,6300.0,4.8,7800.0,284.6,279.8,39
P50,2026-01-06,MO2602-P-6300,11,800,22,2,False,6300.0,4.0,7900.0,295.0,291.0,38
P50,2026-01-07,MO2602-P-6300,13,800,25,2,False,6300.0,4.0,7900.0,269.8,265.8,37
P50,2026-01-08,MO2602-P-6300,12,941,24,2,False,6300.0,3.4,8000.0,294.0,290.6,36
P50,2026-01-09,MO2602-P-6300,15,800,30,2,False,6300.0,4.0,8100.0,253.8,249.8,35
P50,2026-01-12,MO2602-P-6300,13,842,25,2,False,6300.0,3.8,8400.0,339.8,336.0,32
P50,2026-01-13,MO2602-P-6300,15,695,30,2,False,6300.0,4.6,8200.0,266.0,261.4,31
P50,2026-01-14,MO2602-P-6300,13,888,25,2,False,6300.0,3.6,8300.0,321.2,317.59999999999997,30
P50,2026-01-15,MO2602-P-6300,17,2285,33,2,False,6300.0,1.4,8200.0,238.0,236.6,29
P50,2026-01-16,MO2602-P-6300,18,1333,36,2,False,6300.0,2.4,8200.0,220.8,218.4,28
P50,2026-01-19,MO2603-P-4900,19,1600,37,2,False,4900.0,2.0,8300.0,369.8,367.8,59
P50,2026-01-20,MO2603-P-4900,21,1454,42,2,False,4900.0,2.2,8200.0,321.0,318.8,58
P50,2026-01-21,MO2603-P-4900,25,1600,50,2,False,4900.0,2.0,8200.0,274.4,272.4,57
P50,2026-01-22,MO2603-P-4900,24,1600,47,2,False,4900.0,2.0,8300.0,295.2,293.2,56
P50,2026-01-23,MO2603-P-4900,22,1600,44,2,False,4900.0,2.0,8500.0,327.0,325.0,55
P50,2026-01-26,MO2603-P-4900,19,1600,38,2,False,4900.0,2.0,8400.0,376.6,374.6,52
P50,2026-01-27,MO2603-P-4900,21,1777,41,2,False,4900.0,1.8,8400.0,343.2,341.4,51
P50,2026-01-28,MO2603-P-4900,21,2000,42,2,False,4900.0,1.6,8400.0,337.6,336.0,50
P50,2026-01-29,MO2603-P-4900,24,2285,48,2,False,4900.0,1.4,8300.0,289.6,288.20000000000005,49
P50,2026-01-30,MO2603-P-4900,21,1777,42,2,False,4900.0,1.8,8300.0,327.0,325.2,48
P50,2026-02-02,MO2603-P-4900,15,842,30,2,False,4900.0,3.8,8000.0,417.2,413.4,45
P50,2026-02-03,MO2603-P-4900,22,3200,44,2,False,4900.0,1.0,8200.0,308.0,307.0,44
P50,2026-02-04,MO2603-P-4900,23,1777,46,2,False,4900.0,1.8,8200.0,292.8,291.0,43
P50,2026-02-05,MO2603-P-4900,22,1230,43,2,False,4900.0,2.6,8100.0,301.8,299.2,42
P50,2026-02-06,MO2603-P-4900,20,800,40,2,False,4900.0,4.0,8100.0,325.4,321.4,41
P50,2026-02-09,MO2603-P-4900,28,1000,55,2,False,4900.0,3.2,8200.0,248.0,244.8,38
P50,2026-02-10,MO2603-P-4900,24,1454,48,2,False,4900.0,2.2,8300.0,284.8,282.6,37
P50,2026-02-11,MO2603-P-4900,29,1454,57,2,False,4900.0,2.2,8200.0,236.8,234.60000000000002,36
P50,2026-02-12,MO2603-P-4900,30,1600,59,2,False,4900.0,2.0,8300.0,234.2,232.2,35
P50,2026-02-13,MO2603-P-4900,25,1333,50,2,False,4900.0,2.4,8200.0,267.4,265.0,34
P50,2026-02-24,MO2604-P-7100,9,108,17,2,False,7100.0,29.6,8300.0,326.2,296.59999999999997,51
P50,2026-02-25,MO2604-P-7100,10,149,20,2,False,7100.0,21.4,8400.0,297.8,276.40000000000003,50
P50,2026-02-26,MO2604-P-7100,10,183,19,2,False,7100.0,17.4,8500.0,326.0,308.6,49
P50,2026-02-27,MO2604-P-7100,10,213,19,2,False,7100.0,15.0,8600.0,334.4,319.4,48
P50,2026-03-02,MO2604-P-7100,10,177,19,2,False,7100.0,18.0,8500.0,322.4,304.4,45
P50,2026-03-03,MO2604-P-7100,9,87,17,2,False,7100.0,36.4,8100.0,288.2,251.79999999999998,44
P50,2026-03-04,MO2604-P-7100,8,70,15,2,False,7100.0,45.2,8100.0,325.8,280.6,43
P50,2026-03-05,MO2604-P-7100,8,86,16,2,False,7100.0,36.8,8200.0,308.8,272.0,42
P50,2026-03-06,MO2604-P-7100,10,99,20,2,False,7100.0,32.2,8200.0,267.6,235.40000000000003,41
P50,2026-03-09,MO2604-P-7100,9,71,18,2,False,7100.0,44.6,8200.0,294.0,249.4,38
P50,2026-03-10,MO2604-P-7100,10,115,19,2,False,7100.0,27.6,8400.0,305.2,277.59999999999997,37
P50,2026-03-11,MO2604-P-7100,9,105,18,2,False,7100.0,30.2,8400.0,318.0,287.8,36
P50,2026-03-12,MO2604-P-7100,10,111,19,2,False,7100.0,28.6,8300.0,295.4,266.79999999999995,35
P50,2026-03-13,MO2604-P-7100,9,90,18,2,False,7100.0,35.2,8200.0,286.6,251.40000000000003,34
P50,2026-03-16,MO2604-P-7100,10,122,19,2,False,7100.0,26.2,8200.0,272.4,246.2,31
P50,2026-03-17,MO2604-P-7100,9,97,17,2,False,7100.0,32.8,8000.0,255.0,222.2,30
P50,2026-03-18,MO2605-P-7200,7,39,13,2,False,7200.0,82.0,8100.0,363.8,281.8,57
P50,2026-03-19,MO2605-P-7200,6,27,12,2,False,7200.0,114.8,7900.0,360.8,246.0,56
P50,2026-03-20,MO2605-P-7100,6,27,11,2,False,7100.0,115.6,7800.0,365.0,249.4,55
P50,2026-03-23,MO2605-P-7000,6,11,11,2,False,7000.0,273.6,7400.0,432.0,158.39999999999998,52
P50,2026-03-24,MO2605-P-6600,11,67,21,3,False,6600.0,71.0,7600.0,369.8,298.8,51
P50,2026-03-25,MO2605-P-6600,11,94,21,3,False,6600.0,51.0,7800.0,386.6,335.6,50
P50,2026-03-26,MO2605-P-6600,12,69,23,3,False,6600.0,68.8,7600.0,343.2,274.4,49
P50,2026-03-27,MO2605-P-6600,13,86,26,3,False,6600.0,55.6,7700.0,325.0,269.4,48
P50,2026-03-30,MO2605-P-6600,11,83,22,3,False,6600.0,57.6,7800.0,382.6,325.0,45
P50,2026-03-31,MO2605-P-6600,12,73,23,3,False,6600.0,65.6,7600.0,337.0,271.4,44
P50,2026-04-01,MO2605-P-6600,12,125,23,3,False,6600.0,38.4,7800.0,347.4,309.0,43
P50,2026-04-02,MO2605-P-6600,12,83,23,3,False,6600.0,57.8,7600.0,329.8,272.0,42
P50,2026-04-03,MO2605-P-6600,12,69,24,3,False,6600.0,69.4,7500.0,311.0,241.6,41
P50,2026-04-07,MO2605-P-6600,13,87,25,3,False,6600.0,55.0,7600.0,303.0,248.0,37
P50,2026-04-08,MO2605-P-6600,15,285,29,3,False,6600.0,16.8,8000.0,301.2,284.4,36
P50,2026-04-09,MO2605-P-6600,17,272,33,3,False,6600.0,17.6,7900.0,265.0,247.4,35
P50,2026-04-10,MO2605-P-6600,17,285,34,3,False,6600.0,16.8,8000.0,268.0,251.2,34
P50,2026-04-13,MO2605-P-6600,18,255,36,3,False,6600.0,18.8,8000.0,260.4,241.59999999999997,31
P50,2026-04-14,MO2605-P-6600,20,342,40,3,False,6600.0,14.0,8100.0,250.8,236.8,30
P50,2026-04-15,MO2605-P-6600,19,380,38,3,False,6600.0,12.6,8100.0,250.6,238.0,29
P50,2026-04-16,MO2605-P-6600,23,685,45,3,False,6600.0,7.0,8200.0,225.2,218.2,28
P50,2026-04-17,MO2605-P-6600,24,705,48,3,False,6600.0,6.8,8300.0,222.8,216.0,27
P50,2026-04-20,MO2606-P-5200,23,705,45,3,False,5200.0,6.8,8400.0,431.2,424.4,59
P50,2026-04-21,MO2606-P-5200,23,827,46,3,False,5200.0,5.8,8400.0,425.6,419.8,58
P50,2026-04-22,MO2606-P-5200,25,1043,50,3,False,5200.0,4.6,8500.0,401.8,397.2,57
P50,2026-04-23,MO2606-P-5200,25,1090,49,3,False,5200.0,4.4,8400.0,398.8,394.40000000000003,56
P50,2026-04-24,MO2606-P-5200,26,1090,52,3,False,5200.0,4.4,8300.0,368.6,364.20000000000005,55
P50,2026-04-27,MO2606-P-5200,28,1333,56,3,False,5200.0,3.6,8300.0,341.6,338.0,52
P50,2026-04-28,MO2606-P-5200,29,1333,57,3,False,5200.0,3.6,8200.0,324.8,321.2,51
P50,2026-04-29,MO2606-P-5200,32,1500,63,3,False,5200.0,3.2,8300.0,303.2,300.0,50
P50,2026-04-30,MO2606-P-5200,29,1714,58,3,False,5200.0,2.8,8400.0,336.4,333.59999999999997,49
P50,2026-05-06,MO2606-P-5200,32,2000,64,3,False,5200.0,2.4,8600.0,323.6,321.20000000000005,43
P50,2026-05-07,MO2606-P-5200,23,1333,46,2,False,5200.0,2.4,8700.0,312.0,309.6,42
P50,2026-05-08,MO2606-P-5200,23,1333,46,2,False,5200.0,2.4,8700.0,311.8,309.40000000000003,41
P50,2026-05-11,MO2606-P-5200,20,1333,40,2,False,5200.0,2.4,8900.0,378.0,375.6,38
P50,2026-05-12,MO2606-P-5200,22,1142,44,2,False,5200.0,2.8,8800.0,338.2,335.4,37
P50,2026-05-13,MO2606-P-5200,21,1777,41,2,False,5200.0,1.8,9000.0,369.0,367.2,36
P50,2026-05-14,MO2606-P-5200,23,1600,46,2,False,5200.0,2.0,8800.0,318.0,316.0,35
P50,2026-05-15,MO2606-P-5200,23,1777,45,2,False,5200.0,1.8,8700.0,314.6,312.8,34
P50,2026-05-18,MO2606-P-5200,26,1777,51,2,False,5200.0,1.8,8700.0,280.8,279.0,31
P50,2026-05-19,MO2606-P-5200,26,2000,52,2,False,5200.0,1.6,8800.0,282.6,281.0,30
P50,2026-05-20,MO2607-P-7400,8,67,15,2,False,7400.0,47.2,8800.0,432.6,385.40000000000003,58
P50,2026-05-21,MO2607-P-7400,7,47,14,2,False,7400.0,67.8,8500.0,403.0,335.2,57
P50,2026-05-22,MO2607-P-7400,7,66,14,2,False,7400.0,48.4,8700.0,424.0,375.6,56
P50,2026-05-25,MO2607-P-7400,8,82,15,2,False,7400.0,38.8,8800.0,434.8,396.0,53
P50,2026-05-26,MO2607-P-7400,7,74,14,2,False,7400.0,42.8,8700.0,431.0,388.2,52
P50,2026-05-27,MO2607-P-7400,7,53,14,2,False,7400.0,59.4,8500.0,405.8,346.40000000000003,51
P50,2026-05-28,MO2607-P-7400,8,70,15,2,False,7400.0,45.4,8600.0,389.4,344.0,50
P50,2026-05-29,MO2607-P-7400,7,51,13,2,False,7400.0,61.8,8400.0,396.8,335.0,49
P50,2026-06-01,MO2607-P-7400,7,52,14,2,False,7400.0,60.8,8300.0,349.2,288.4,46
P50,2026-06-02,MO2607-P-7400,7,55,13,2,False,7400.0,58.0,8400.0,386.0,328.0,45
P50,2026-06-03,MO2607-P-7400,7,62,14,2,False,7400.0,50.8,8400.0,355.8,305.0,44
P50,2026-06-04,MO2607-P-7400,7,62,14,2,False,7400.0,50.8,8400.0,356.2,305.4,43
P50,2026-06-05,MO2607-P-7400,7,54,14,2,False,7400.0,59.2,8300.0,342.8,283.6,42
P50,2026-06-08,MO2607-P-7400,6,32,12,2,False,7400.0,98.4,8100.0,345.4,246.99999999999997,39
P50,2026-06-09,MO2607-P-7200,8,76,15,2,False,7200.0,42.0,8300.0,353.0,311.0,37
P50,2026-06-10,MO2607-P-7200,7,65,14,2,False,7200.0,48.8,8200.0,335.8,287.0,36
P50,2026-06-11,MO2607-P-7200,7,63,13,2,False,7200.0,50.6,8200.0,349.8,299.2,35
P50,2026-06-12,MO2607-P-7200,8,93,16,2,False,7200.0,34.4,8200.0,296.8,262.40000000000003,34
P50,2026-06-15,MO2607-P-7200,9,207,18,2,False,7200.0,15.4,8500.0,315.0,299.6,31
P50,2026-06-16,MO2607-P-7200,10,216,20,2,False,7200.0,14.8,8600.0,308.8,294.0,30
P50,2026-06-17,MO2607-P-7200,10,271,20,2,False,7200.0,11.8,8700.0,320.0,308.2,29
P50,2026-06-18,MO2607-P-7200,11,355,21,2,False,7200.0,9.0,8800.0,320.0,311.0,28
P50,2026-06-22,MO2608-P-7200,7,90,14,2,False,7200.0,35.2,8900.0,520.4,485.2,59
P50,2026-06-23,MO2608-P-7200,7,73,14,2,False,7200.0,43.4,8700.0,480.6,437.20000000000005,58
P50,2026-06-24,MO2608-P-7200,8,87,15,2,False,7200.0,36.6,8800.0,487.2,450.59999999999997,57
P50,2026-06-25,MO2608-P-7200,8,97,16,2,False,7200.0,32.8,8800.0,451.2,418.4,56
P50,2026-06-26,MO2608-P-7200,7,74,14,2,False,7200.0,43.0,8600.0,444.2,401.2,55
P50,2026-06-29,MO2608-P-7200,7,75,14,2,False,7200.0,42.6,8600.0,446.2,403.59999999999997,52
P50,2026-06-30,MO2608-P-7200,8,111,16,2,False,7200.0,28.6,8800.0,438.6,410.0,51
P50,2026-07-01,MO2608-P-7200,8,135,15,2,False,7200.0,23.6,8900.0,481.0,457.4,50
P50,2026-07-02,MO2608-P-7200,8,107,16,2,False,7200.0,29.8,8600.0,396.6,366.8,49
P50,2026-07-03,MO2608-P-7200,9,113,17,2,False,7200.0,28.2,8600.0,373.6,345.40000000000003,48
P50,2026-07-06,MO2608-P-7200,8,117,15,2,False,7200.0,27.2,8500.0,387.0,359.8,45
P50,2026-07-07,MO2608-P-7200,8,94,15,2,False,7200.0,33.8,8300.0,344.0,310.2,44
P50,2026-07-08,MO2608-P-7200,7,71,14,2,False,7200.0,45.0,8100.0,318.4,273.4,43
P50,2026-07-09,MO2608-P-7200,8,105,15,2,False,7200.0,30.4,8300.0,336.2,305.8,42
P50,2026-07-10,MO2608-P-7200,7,90,14,2,False,7200.0,35.2,8200.0,325.2,290.0,41
P50,2026-07-13,MO2608-P-7200,5,34,10,2,False,7200.0,92.2,7800.0,330.0,237.8,38
P50,2026-07-14,MO2608-P-7000,11,108,22,3,False,7000.0,44.2,7900.0,303.6,259.40000000000003,37
P50,2026-07-15,MO2608-P-7000,10,84,20,3,False,7000.0,56.6,7800.0,304.6,248.00000000000003,36
P50,2026-07-16,MO2608-P-7000,10,53,19,3,False,7000.0,90.0,7600.0,297.6,207.60000000000002,35
P50,2026-07-17,MO2608-P-6800,7,27,13,3,False,6800.0,176.6,7200.0,360.2,183.6,34
P50,2026-07-20,MO2608-P-6400,7,30,14,3,False,6400.0,158.4,7000.0,412.8,254.4,31
P50,2026-07-21,MO2608-P-6200,11,113,22,3,False,6200.0,42.4,7300.0,339.0,296.6,30
P50,2026-07-22,MO2609-P-6200,9,49,17,3,False,6200.0,96.4,7200.0,437.8,341.4,58
P50,2026-07-23,MO2609-P-6200,10,72,19,3,False,6200.0,66.0,7200.0,393.0,327.0,57
P50,2026-07-24,MO2609-P-6200,9,44,17,3,False,6200.0,106.8,7000.0,395.0,288.2,56
P50,2026-07-27,MO2609-P-6200,11,78,22,3,False,6200.0,60.8,7200.0,349.6,288.8,53
P50,2026-07-28,MO2609-P-6200,10,46,19,3,False,6200.0,102.6,7000.0,369.0,266.4,52
P50,2026-07-29,MO2609-P-6200,10,53,19,3,False,6200.0,89.4,7100.0,378.0,288.6,51
P50,2026-07-30,MO2609-P-6200,9,32,17,3,False,6200.0,147.8,6900.0,410.4,262.59999999999997,50
P50,2026-07-31,MO2609-P-6200,13,63,25,4,False,6200.0,101.2,7100.0,390.0,288.8,49
P50,2026-08-03,MO2609-P-6200,13,76,25,4,False,6200.0,83.4,7100.0,367.4,284.0,46
P50,2026-08-04,MO2609-P-6200,15,142,30,4,False,6200.0,44.8,7300.0,342.0,297.2,45
P50,2026-08-05,MO2609-P-6200,18,203,35,4,False,6200.0,31.4,7500.0,327.2,295.8,44
P50,2026-08-06,MO2609-P-6200,19,198,37,4,False,6200.0,32.2,7500.0,320.0,287.8,43
P50,2026-08-07,MO2609-P-6200,20,293,39,4,False,6200.0,21.8,7700.0,332.8,311.0,42
P50,2026-08-10,MO2609-P-6200,21,347,42,4,False,6200.0,18.4,7700.0,315.6,297.20000000000005,39
P50,2026-08-11,MO2609-P-6200,21,351,42,4,False,6200.0,18.2,7700.0,307.8,289.6,38
P50,2026-08-12,MO2609-P-6200,22,421,43,4,False,6200.0,15.2,7800.0,316.2,301.0,37
P50,2026-08-13,MO2609-P-6200,23,385,46,4,False,6200.0,16.6,7700.0,282.0,265.4,36
P50,2026-08-14,MO2609-P-6200,22,507,43,4,False,6200.0,12.6,7800.0,311.4,298.79999999999995,35
P75,2022-07-22,MO2209-P-6300,10,43,13,2,False,6300.0,72.8,7000.0,305.8,233.0,55
P75,2022-07-25,MO2209-P-6300,10,40,13,2,False,6300.0,78.6,6900.0,287.6,209.00000000000003,52
P75,2022-07-26,MO2209-P-6200,12,84,15,2,False,6200.0,38.0,7000.0,271.0,233.0,51
P75,2022-07-27,MO2209-P-6200,12,93,15,2,False,6200.0,34.2,7100.0,280.6,246.40000000000003,50
P75,2022-07-28,MO2209-P-6200,11,94,14,2,False,6200.0,33.8,7200.0,313.4,279.59999999999997,49
P75,2022-07-29,MO2209-P-6200,12,87,16,2,False,6200.0,36.4,7100.0,270.0,233.6,48
P75,2022-08-01,MO2209-P-6200,12,98,15,2,False,6200.0,32.6,7200.0,296.6,264.0,45
P75,2022-08-02,MO2209-P-6200,10,45,13,2,False,6200.0,71.0,7000.0,314.0,243.0,44
P75,2022-08-03,MO2209-P-6200,11,48,14,2,False,6200.0,66.4,6900.0,276.4,209.99999999999997,43
P75,2022-08-04,MO2209-P-6200,9,56,12,2,False,6200.0,56.4,7000.0,311.4,254.99999999999997,42
P75,2022-08-05,MO2209-P-6200,13,87,17,2,False,6200.0,36.4,7100.0,255.8,219.4,41
P75,2022-08-08,MO2209-P-6200,12,109,16,2,False,6200.0,29.2,7200.0,278.6,249.40000000000003,38
P75,2022-08-09,MO2209-P-6200,14,113,18,2,False,6200.0,28.2,7200.0,263.4,235.2,37
P75,2022-08-10,MO2209-P-6200,14,111,18,2,False,6200.0,28.8,7200.0,256.0,227.2,36
P75,2022-08-11,MO2209-P-6200,15,152,20,2,False,6200.0,21.0,7300.0,248.8,227.8,35
P75,2022-08-12,MO2209-P-6200,17,173,22,2,False,6200.0,18.4,7200.0,213.2,194.79999999999998,34
P75,2022-08-15,MO2209-P-6200,15,266,20,2,False,6200.0,12.0,7300.0,230.0,218.0,31
P75,2022-08-16,MO2209-P-6200,19,363,25,2,False,6200.0,8.8,7300.0,191.8,183.0,30
P75,2022-08-17,MO2209-P-6200,21,444,28,2,False,6200.0,7.2,7300.0,172.6,165.4,29
P75,2022-08-18,MO2209-P-6200,18,400,23,2,False,6200.0,8.0,7400.0,212.2,204.2,28
P75,2022-08-19,MO2209-P-6200,21,266,28,2,False,6200.0,12.0,7200.0,161.0,149.0,27
P75,2022-08-22,MO2210-P-6200,13,129,17,2,False,6200.0,24.8,7300.0,286.6,261.8,59
P75,2022-08-23,MO2210-P-6200,14,131,18,2,False,6200.0,24.4,7300.0,280.6,256.20000000000005,58
P75,2022-08-24,MO2210-P-6200,12,66,15,2,False,6200.0,48.2,7000.0,276.0,227.8,57
P75,2022-08-25,MO2210-P-6200,11,68,14,2,False,6200.0,46.4,7000.0,290.2,243.79999999999998,56
P75,2022-08-26,MO2210-P-6200,10,70,13,2,False,6200.0,45.4,7000.0,301.2,255.79999999999998,55
P75,2022-08-29,MO2210-P-6200,11,80,14,2,False,6200.0,39.6,7000.0,278.8,239.20000000000002,52
P75,2022-08-30,MO2210-P-6200,10,79,13,2,False,6200.0,40.4,7000.0,286.0,245.6,51
P75,2022-08-31,MO2210-P-6200,8,47,10,2,False,6200.0,67.0,6800.0,293.0,226.0,50
P75,2022-09-01,MO2210-P-6000,11,72,14,2,False,6000.0,44.2,6700.0,254.0,209.8,49
P75,2022-09-02,MO2210-P-6000,11,77,14,2,False,6000.0,41.4,6800.0,274.2,232.79999999999998,48
P75,2022-09-05,MO2210-P-6000,12,90,15,2,False,6000.0,35.4,6800.0,261.2,225.79999999999998,45
P75,2022-09-06,MO2210-P-6000,14,142,18,2,False,6000.0,22.4,6900.0,235.0,212.6,44
P75,2022-09-07,MO2210-P-6000,12,200,16,2,False,6000.0,16.0,7000.0,264.0,248.0,43
P75,2022-09-08,MO2210-P-6000,14,183,18,2,False,6000.0,17.4,6900.0,227.0,209.6,42
P75,2022-09-09,MO2210-P-6000,15,246,20,2,False,6000.0,13.0,6900.0,196.2,183.2,41
P75,2022-09-13,MO2210-P-6000,15,280,20,2,False,6000.0,11.4,6900.0,198.4,187.0,37
P75,2022-09-14,MO2210-P-6000,15,231,20,2,False,6000.0,13.8,6800.0,183.0,169.2,36
P75,2022-09-15,MO2210-P-6000,12,107,15,2,False,6000.0,29.8,6600.0,203.0,173.2,35
P75,2022-09-16,MO2210-P-5900,10,93,13,2,False,5900.0,34.2,6500.0,216.8,182.60000000000002,34
P75,2022-09-19,MO2210-P-5800,11,91,14,2,False,5800.0,35.0,6400.0,217.8,182.8,31
P75,2022-09-20,MO2210-P-5700,12,177,16,2,False,5700.0,18.0,6500.0,221.4,203.4,30
P75,2022-09-21,MO2211-P-5700,9,62,12,2,False,5700.0,50.8,6500.0,316.0,265.2,57
P75,2022-09-22,MO2211-P-5700,10,59,13,2,False,5700.0,54.0,6500.0,302.8,248.8,56
P75,2022-09-23,MO2211-P-5700,9,49,11,2,False,5700.0,64.8,6400.0,311.8,247.0,55
P75,2022-09-26,MO2211-P-5700,9,44,12,2,False,5700.0,71.2,6300.0,275.8,204.60000000000002,52
P75,2022-09-27,MO2211-P-5600,18,130,23,3,False,5600.0,36.8,6400.0,256.2,219.39999999999998,51
P75,2022-09-28,MO2211-P-5600,15,82,20,3,False,5600.0,58.0,6200.0,243.0,185.0,50
P75,2022-09-29,MO2211-P-5500,18,118,23,3,False,5500.0,40.6,6200.0,233.8,193.20000000000002,49
P75,2022-09-30,MO2211-P-5500,16,82,21,3,False,5500.0,58.0,6100.0,240.8,182.8,48
P75,2022-10-10,MO2211-P-5500,13,74,17,3,False,5500.0,64.4,6000.0,238.4,174.0,38
P75,2022-10-11,MO2211-P-5300,18,160,23,3,False,5300.0,30.0,6000.0,225.6,195.6,37
P75,2022-10-12,MO2211-P-5300,19,240,25,3,False,5300.0,20.0,6200.0,235.8,215.8,36
P75,2022-10-13,MO2211-P-5300,18,413,24,3,False,5300.0,11.6,6300.0,256.2,244.6,35
P75,2022-10-14,MO2211-P-5300,27,888,35,3,False,5300.0,5.4,6400.0,200.6,195.2,34
P75,2022-10-17,MO2211-P-5300,24,857,32,3,False,5300.0,5.6,6500.0,227.2,221.6,31
P75,2022-10-18,MO2211-P-5300,28,1043,37,3,False,5300.0,4.6,6500.0,202.0,197.4,30
P75,2022-10-19,MO2212-P-5300,18,285,24,3,False,5300.0,16.8,6500.0,313.2,296.4,57
P75,2022-10-20,MO2212-P-5300,20,285,26,3,False,5300.0,16.8,6400.0,281.2,264.4,56
P75,2022-10-21,MO2212-P-5300,21,218,28,3,False,5300.0,22.0,6400.0,273.2,251.2,55
P75,2022-10-24,MO2212-P-5300,19,167,25,3,False,5300.0,28.6,6400.0,292.2,263.59999999999997,52
P75,2022-10-25,MO2212-P-5300,18,179,24,3,False,5300.0,26.8,6400.0,296.4,269.59999999999997,51
P75,2022-10-26,MO2212-P-5300,24,263,32,3,False,5300.0,18.2,6500.0,248.8,230.60000000000002,50
P75,2022-10-27,MO2212-P-5300,22,272,29,3,False,5300.0,17.6,6500.0,261.2,243.6,49
P75,2022-10-28,MO2212-P-5300,21,154,28,3,False,5300.0,31.0,6200.0,233.2,202.2,48
P75,2022-10-31,MO2212-P-5300,20,167,26,3,False,5300.0,28.6,6300.0,259.6,231.00000000000003,45
P75,2022-11-01,MO2212-P-5300,27,328,36,3,False,5300.0,14.6,6400.0,207.6,193.0,44
P75,2022-11-02,MO2212-P-5300,27,500,36,3,False,5300.0,9.6,6500.0,217.0,207.4,43
P75,2022-11-03,MO2212-P-5300,24,571,32,3,False,5300.0,8.4,6600.0,252.0,243.6,42
P75,2022-11-04,MO2212-P-5300,33,1333,43,3,False,5300.0,3.6,6700.0,203.2,199.6,41
P75,2022-11-07,MO2212-P-5300,31,1411,41,3,False,5300.0,3.4,6700.0,214.6,211.2,38
P75,2022-11-08,MO2212-P-5300,31,1411,41,3,False,5300.0,3.4,6700.0,208.4,205.0,37
P75,2022-11-09,MO2212-P-5300,30,1333,39,3,False,5300.0,3.6,6700.0,215.8,212.20000000000002,36
P75,2022-11-10,MO2212-P-5300,32,1090,42,3,False,5300.0,4.4,6600.0,192.8,188.4,35
P75,2022-11-11,MO2212-P-5300,38,1846,50,3,False,5300.0,2.6,6600.0,166.4,163.8,34
P75,2022-11-14,MO2212-P-5300,33,1263,43,3,False,5300.0,3.8,6600.0,187.2,183.39999999999998,31
P75,2022-11-15,MO2212-P-5300,32,2000,42,3,False,5300.0,2.4,6800.0,213.8,211.4,30
P75,2022-11-16,MO2212-P-5300,36,1600,48,3,False,5300.0,3.0,6700.0,180.8,177.8,29
P75,2022-11-17,MO2212-P-5300,42,1846,56,3,False,5300.0,2.6,6700.0,156.0,153.4,28
P75,2022-11-18,MO2212-P-5300,35,3000,46,3,False,5300.0,1.6,6700.0,182.2,180.6,27
P75,2022-11-21,MO2301-P-5600,21,500,27,3,False,5600.0,9.6,6700.0,253.2,243.6,59
P75,2022-11-22,MO2301-P-5600,18,358,24,3,False,5600.0,13.4,6600.0,262.4,248.99999999999997,58
P75,2022-11-23,MO2301-P-5600,18,352,24,3,False,5600.0,13.6,6600.0,263.2,249.6,57
P75,2022-11-24,MO2301-P-5600,19,311,25,3,False,5600.0,15.4,6600.0,254.6,239.2,56
P75,2022-11-25,MO2301-P-5600,20,269,26,3,False,5600.0,17.8,6500.0,233.0,215.2,55
P75,2022-11-28,MO2301-P-5600,19,240,25,3,False,5600.0,20.0,6500.0,236.6,216.6,52
P75,2022-11-29,MO2301-P-5600,21,369,28,3,False,5600.0,13.0,6600.0,232.0,219.0,51
P75,2022-11-30,MO2301-P-5600,21,324,27,3,False,5600.0,14.8,6600.0,237.2,222.39999999999998,50
P75,2022-12-01,MO2301-P-5600,22,510,29,3,False,5600.0,9.4,6700.0,234.4,225.0,49
P75,2022-12-02,MO2301-P-5600,24,727,31,3,False,5600.0,6.6,6700.0,216.6,210.0,48
P75,2022-12-05,MO2301-P-5600,27,827,35,3,False,5600.0,5.8,6700.0,197.8,192.0,45
P75,2022-12-06,MO2301-P-5600,27,827,35,3,False,5600.0,5.8,6700.0,196.4,190.6,44
P75,2022-12-07,MO2301-P-5600,27,1043,36,3,False,5600.0,4.6,6700.0,191.4,186.8,43
P75,2022-12-08,MO2301-P-5600,24,1090,32,3,False,5600.0,4.4,6700.0,205.0,200.6,42
P75,2022-12-09,MO2301-P-5600,27,1043,35,3,False,5600.0,4.6,6700.0,191.2,186.6,41
P75,2022-12-12,MO2301-P-5600,26,960,34,3,False,5600.0,5.0,6700.0,193.0,188.0,38
P75,2022-12-13,MO2301-P-5600,29,960,38,3,False,5600.0,5.0,6600.0,165.6,160.6,37
P75,2022-12-14,MO2301-P-5600,24,1000,32,3,False,5600.0,4.8,6600.0,187.4,182.6,36
P75,2022-12-15,MO2301-P-5600,28,1263,37,3,False,5600.0,3.8,6600.0,167.0,163.2,35
P75,2022-12-16,MO2301-P-5600,37,1263,49,3,False,5600.0,3.8,6500.0,117.6,113.8,34
P75,2022-12-19,MO2301-P-5600,31,705,41,3,False,5600.0,6.8,6400.0,124.6,117.8,31
P75,2022-12-20,MO2301-P-5600,33,648,43,3,False,5600.0,7.4,6300.0,113.0,105.6,30
P75,2022-12-21,MO2302-P-5700,18,192,24,3,False,5700.0,25.0,6300.0,178.2,153.2,57
P75,2022-12-22,MO2302-P-5600,18,237,23,3,False,5600.0,20.2,6200.0,176.0,155.8,56
P75,2022-12-23,MO2302-P-5500,17,244,22,3,False,5500.0,19.6,6200.0,203.8,184.20000000000002,55
P75,2022-12-26,MO2302-P-5500,21,413,27,3,False,5500.0,11.6,6300.0,184.2,172.6,52
P75,2022-12-27,MO2302-P-5500,27,500,35,3,False,5500.0,9.6,6300.0,154.4,144.8,51
P75,2022-12-28,MO2302-P-5500,23,461,30,3,False,5500.0,10.4,6300.0,167.0,156.6,50
P75,2022-12-29,MO2302-P-5500,21,545,28,3,False,5500.0,8.8,6300.0,173.8,165.0,49
P75,2022-12-30,MO2302-P-5500,23,489,30,3,False,5500.0,9.8,6300.0,167.4,157.6,48
P75,2023-01-03,MO2302-P-5500,30,750,40,3,False,5500.0,6.4,6400.0,148.2,141.79999999999998,44
P75,2023-01-04,MO2302-P-5500,28,1043,37,3,False,5500.0,4.6,6400.0,154.0,149.4,43
P75,2023-01-05,MO2302-P-5500,29,923,38,3,False,5500.0,5.2,6500.0,161.2,156.0,42
P75,2023-01-06,MO2302-P-5500,32,1142,42,3,False,5500.0,4.2,6500.0,150.0,145.8,41
P75,2023-01-09,MO2302-P-5500,34,1142,45,3,False,5500.0,4.2,6500.0,145.0,140.8,38
P75,2023-01-10,MO2302-P-5500,35,1200,46,3,False,5500.0,4.0,6500.0,139.8,135.8,37
P75,2023-01-11,MO2302-P-5500,30,1200,40,3,False,5500.0,4.0,6500.0,153.8,149.8,36
P75,2023-01-12,MO2302-P-5500,31,1200,41,3,False,5500.0,4.0,6500.0,150.6,146.6,35
P75,2023-01-13,MO2302-P-5500,39,2181,52,3,False,5500.0,2.2,6500.0,120.4,118.2,34
P75,2023-01-16,MO2302-P-5500,39,2400,51,3,False,5500.0,2.0,6600.0,131.4,129.4,31
P75,2023-01-17,MO2302-P-5500,43,2666,57,3,False,5500.0,1.8,6600.0,118.0,116.2,30
P75,2023-01-18,MO2303-P-5200,40,1411,53,3,False,5200.0,3.4,6600.0,166.0,162.6,57
P75,2023-01-19,MO2303-P-5200,39,1263,51,3,False,5200.0,3.8,6700.0,179.6,175.79999999999998,56
P75,2023-01-20,MO2303-P-5200,49,1714,65,3,False,5200.0,2.8,6700.0,146.2,143.39999999999998,55
P75,2023-01-30,MO2303-P-5200,42,2400,56,3,False,5200.0,2.0,6800.0,173.4,171.4,45
P75,2023-01-31,MO2303-P-5200,49,2666,65,3,False,5200.0,1.8,6800.0,150.8,149.0,44
P75,2023-02-01,MO2303-P-5200,51,2400,67,3,False,5200.0,2.0,6900.0,157.6,155.6,43
P75,2023-02-02,MO2303-P-5200,50,2666,66,3,False,5200.0,1.8,6900.0,160.0,158.2,42
P75,2023-02-03,MO2303-P-5200,49,2666,65,3,False,5200.0,1.8,6900.0,163.2,161.39999999999998,41
P75,2023-02-06,MO2303-P-5200,45,3000,59,3,False,5200.0,1.6,6900.0,175.0,173.4,38
P75,2023-02-07,MO2303-P-5200,51,3428,67,3,False,5200.0,1.4,6900.0,157.2,155.79999999999998,37
P75,2023-02-08,MO2303-P-5200,45,3428,60,3,False,5200.0,1.4,6900.0,172.0,170.6,36
P75,2023-02-09,MO2303-P-5200,57,24000,75,3,False,5200.0,0.2,7000.0,144.2,144.0,35
P75,2023-02-10,MO2303-P-5200,50,4000,66,3,False,5200.0,1.2,7000.0,164.0,162.8,34
P75,2023-02-13,MO2303-P-5200,46,4000,61,3,False,5200.0,1.2,7100.0,184.6,183.4,31
P75,2023-02-14,MO2303-P-5200,50,4000,66,3,False,5200.0,1.2,7100.0,172.0,170.8,30
P75,2023-02-15,MO2303-P-5200,51,4800,68,3,False,5200.0,1.0,7100.0,167.6,166.6,29
P75,2023-02-16,MO2303-P-5200,60,4800,80,3,False,5200.0,1.0,6900.0,132.0,131.0,28
P75,2023-02-17,MO2303-P-5200,52,4800,69,3,False,5200.0,1.0,6900.0,147.4,146.4,27
P75,2023-02-20,MO2304-P-6000,19,480,25,3,False,6000.0,10.0,7000.0,246.4,236.4,59
P75,2023-02-21,MO2304-P-6000,21,571,27,3,False,6000.0,8.4,7000.0,233.6,225.2,58
P75,2023-02-22,MO2304-P-6000,22,615,29,3,False,6000.0,7.8,7000.0,218.8,211.0,57
P75,2023-02-23,MO2304-P-6000,21,585,27,3,False,6000.0,8.2,7000.0,227.2,219.0,56
P75,2023-02-24,MO2304-P-6000,26,558,34,3,False,6000.0,8.6,6900.0,177.0,168.4,55
P75,2023-02-27,MO2304-P-6000,22,413,29,3,False,6000.0,11.6,6900.0,202.4,190.8,52
P75,2023-02-28,MO2304-P-6000,21,558,28,3,False,6000.0,8.6,7000.0,214.8,206.20000000000002,51
P75,2023-03-01,MO2304-P-6000,24,774,32,3,False,6000.0,6.2,7000.0,194.4,188.20000000000002,50
P75,2023-03-02,MO2304-P-6000,23,800,30,3,False,6000.0,6.0,7000.0,202.8,196.8,49
P75,2023-03-03,MO2304-P-6000,22,800,29,3,False,6000.0,6.0,7000.0,208.8,202.8,48
P75,2023-03-06,MO2304-P-6000,25,1000,33,3,False,6000.0,4.8,7000.0,190.0,185.2,45
P75,2023-03-07,MO2304-P-6000,21,685,28,3,False,6000.0,7.0,6900.0,193.8,186.8,44
P75,2023-03-08,MO2304-P-6000,24,774,31,3,False,6000.0,6.2,6900.0,180.8,174.60000000000002,43
P75,2023-03-09,MO2304-P-6000,24,827,31,3,False,6000.0,5.8,6900.0,179.4,173.6,42
P75,2023-03-10,MO2304-P-6000,24,533,31,3,False,6000.0,9.0,6800.0,164.2,155.2,41
P75,2023-03-13,MO2304-P-6000,29,750,38,3,False,6000.0,6.4,6800.0,141.2,134.79999999999998,38
P75,2023-03-14,MO2304-P-6000,21,480,28,3,False,6000.0,10.0,6800.0,178.0,168.0,37
P75,2023-03-15,MO2304-P-6000,26,857,34,3,False,6000.0,5.6,6800.0,147.8,142.20000000000002,36
P75,2023-03-16,MO2304-P-6000,23,436,30,3,False,6000.0,11.0,6700.0,149.6,138.6,35
P75,2023-03-17,MO2304-P-6000,30,648,39,3,False,6000.0,7.4,6700.0,121.4,114.0,34
P75,2023-03-20,MO2304-P-6000,29,600,38,3,False,6000.0,8.0,6700.0,122.8,114.8,31
P75,2023-03-21,MO2304-P-6000,30,1142,40,3,False,6000.0,4.2,6800.0,126.8,122.6,30
P75,2023-03-22,MO2305-P-6000,25,436,33,3,False,6000.0,11.0,6800.0,164.2,153.2,57
P75,2023-03-23,MO2305-P-6000,21,558,28,3,False,6000.0,8.6,6900.0,199.2,190.6,56
P75,2023-03-24,MO2305-P-6000,22,705,29,3,False,6000.0,6.8,6900.0,187.4,180.6,55
P75,2023-03-27,MO2305-P-6000,24,750,32,3,False,6000.0,6.4,6900.0,178.0,171.6,52
P75,2023-03-28,MO2305-P-6000,28,727,37,3,False,6000.0,6.6,6800.0,142.2,135.6,51
P75,2023-03-29,MO2305-P-6000,26,750,34,3,False,6000.0,6.4,6800.0,151.4,145.0,50
P75,2023-03-30,MO2305-P-6000,26,774,34,3,False,6000.0,6.2,6800.0,148.8,142.60000000000002,49
P75,2023-03-31,MO2305-P-6000,24,960,32,3,False,6000.0,5.0,6900.0,170.6,165.6,48
P75,2023-04-03,MO2305-P-6000,24,1090,31,3,False,6000.0,4.4,7000.0,194.4,190.0,45
P75,2023-04-04,MO2305-P-6000,25,1333,33,3,False,6000.0,3.6,7000.0,181.2,177.6,44
P75,2023-04-06,MO2305-P-6000,26,1200,34,3,False,6000.0,4.0,7000.0,180.4,176.4,42
P75,2023-04-07,MO2305-P-6000,36,1846,47,3,False,6000.0,2.6,7000.0,136.8,134.20000000000002,41
P75,2023-04-10,MO2305-P-6000,28,2181,37,3,False,6000.0,2.2,7000.0,160.0,157.8,38
P75,2023-04-11,MO2305-P-6000,30,2400,39,3,False,6000.0,2.0,7000.0,156.0,154.0,37
P75,2023-04-12,MO2305-P-6000,36,3000,47,3,False,6000.0,1.6,7000.0,134.6,133.0,36
P75,2023-04-13,MO2305-P-6000,30,3000,40,3,False,6000.0,1.6,7000.0,147.0,145.4,35
P75,2023-04-14,MO2305-P-6000,37,3000,49,3,False,6000.0,1.6,7000.0,127.8,126.2,34
P75,2023-04-17,MO2305-P-6000,40,4000,53,3,False,6000.0,1.2,7000.0,116.4,115.2,31
P75,2023-04-18,MO2305-P-6000,36,4800,48,3,False,6000.0,1.0,7000.0,126.0,125.0,30
P75,2023-04-19,MO2306-P-5200,38,12000,50,3,False,5200.0,0.4,7000.0,214.2,213.79999999999998,57
P75,2023-04-20,MO2306-P-5200,40,2400,53,3,False,5200.0,2.0,7000.0,204.4,202.4,56
P75,2023-04-21,MO2306-P-5200,40,2181,53,3,False,5200.0,2.2,6800.0,180.4,178.20000000000002,55
P75,2023-04-24,MO2306-P-5200,44,2181,58,3,False,5200.0,2.2,6700.0,160.8,158.60000000000002,52
P75,2023-04-25,MO2306-P-5200,40,1714,53,3,False,5200.0,2.8,6600.0,163.8,161.0,51
P75,2023-04-26,MO2306-P-5200,43,2181,57,3,False,5200.0,2.2,6600.0,154.4,152.20000000000002,50
P75,2023-04-27,MO2306-P-5200,45,2000,60,3,False,5200.0,2.4,6600.0,146.4,144.0,49
P75,2023-04-28,MO2306-P-5200,49,3000,65,3,False,5200.0,1.6,6700.0,143.6,142.0,48
P75,2023-05-04,MO2306-P-5200,51,3000,68,3,False,5200.0,1.6,6700.0,138.6,137.0,42
P75,2023-05-05,MO2306-P-5200,39,3000,51,3,False,5200.0,1.6,6700.0,173.4,171.8,41
P75,2023-05-08,MO2306-P-5200,48,3428,63,3,False,5200.0,1.4,6700.0,145.0,143.6,38
P75,2023-05-09,MO2306-P-5200,48,3428,64,3,False,5200.0,1.4,6600.0,135.6,134.2,37
P75,2023-05-10,MO2306-P-5200,54,4000,71,3,False,5200.0,1.2,6600.0,123.0,121.8,36
P75,2023-05-11,MO2306-P-5200,52,3428,69,3,False,5200.0,1.4,6600.0,126.4,125.0,35
P75,2023-05-12,MO2306-P-5200,54,3428,71,3,False,5200.0,1.4,6500.0,115.8,114.39999999999999,34
P75,2023-05-15,MO2306-P-5200,48,4000,63,3,False,5200.0,1.2,6600.0,134.6,133.4,31
P75,2023-05-16,MO2306-P-5200,51,4000,67,3,False,5200.0,1.2,6500.0,119.4,118.2,30
P75,2023-05-17,MO2306-P-5200,41,4000,54,3,False,5200.0,1.2,6600.0,151.8,150.60000000000002,29
P75,2023-05-18,MO2306-P-5200,48,4800,63,3,False,5200.0,1.0,6600.0,133.6,132.6,28
P75,2023-05-19,MO2306-P-5200,63,6000,83,3,False,5200.0,0.8,6600.0,102.8,102.0,27
P75,2023-05-22,MO2307-P-5800,24,1000,31,3,False,5800.0,4.8,6600.0,162.4,157.6,59
P75,2023-05-23,MO2307-P-5800,24,615,32,3,False,5800.0,7.8,6500.0,147.4,139.6,58
P75,2023-05-24,MO2307-P-5800,24,705,32,3,False,5800.0,6.8,6500.0,144.0,137.2,57
P75,2023-05-25,MO2307-P-5800,22,571,29,3,False,5800.0,8.4,6500.0,157.4,149.0,56
P75,2023-05-26,MO2307-P-5800,28,774,37,3,False,5800.0,6.2,6500.0,129.6,123.39999999999999,55
P75,2023-05-29,MO2307-P-5800,27,774,35,3,False,5800.0,6.2,6500.0,132.6,126.39999999999999,52
P75,2023-05-30,MO2307-P-5800,22,888,29,3,False,5800.0,5.4,6600.0,163.6,158.2,51
P75,2023-05-31,MO2307-P-5800,21,800,28,3,False,5800.0,6.0,6600.0,171.8,165.8,50
P75,2023-06-01,MO2307-P-5800,23,960,30,3,False,5800.0,5.0,6600.0,160.0,155.0,49
P75,2023-06-02,MO2307-P-5800,30,1200,39,3,False,5800.0,4.0,6600.0,132.2,128.2,48
P75,2023-06-05,MO2307-P-5800,31,1263,41,3,False,5800.0,3.8,6600.0,125.8,122.0,45
P75,2023-06-06,MO2307-P-5800,22,615,29,3,False,5800.0,7.8,6500.0,150.6,142.79999999999998,44
P75,2023-06-07,MO2307-P-5800,23,558,30,3,False,5800.0,8.6,6500.0,150.2,141.6,43
P75,2023-06-08,MO2307-P-5800,27,461,35,3,False,5800.0,10.4,6400.0,121.8,111.39999999999999,42
P75,2023-06-09,MO2307-P-5700,28,1000,37,3,False,5700.0,4.8,6500.0,135.2,130.39999999999998,41
P75,2023-06-12,MO2307-P-5700,34,1714,45,3,False,5700.0,2.8,6500.0,114.4,111.60000000000001,38
P75,2023-06-13,MO2307-P-5700,26,1846,34,3,False,5700.0,2.6,6600.0,155.2,152.6,37
P75,2023-06-14,MO2307-P-5700,30,1846,39,3,False,5700.0,2.6,6600.0,138.0,135.4,36
P75,2023-06-15,MO2307-P-5700,37,2400,49,3,False,5700.0,2.0,6600.0,114.6,112.6,35
P75,2023-06-16,MO2307-P-5700,33,3428,43,3,False,5700.0,1.4,6700.0,138.0,136.6,34
P75,2023-06-19,MO2307-P-5700,36,3428,48,3,False,5700.0,1.4,6700.0,126.0,124.6,31
P75,2023-06-20,MO2307-P-5700,38,4000,50,3,False,5700.0,1.2,6700.0,121.2,120.0,30
P75,2023-06-21,MO2308-P-5700,31,1500,41,3,False,5700.0,3.2,6500.0,129.0,125.8,57
P75,2023-06-26,MO2308-P-5700,26,774,34,3,False,5700.0,6.2,6400.0,133.8,127.60000000000001,52
P75,2023-06-27,MO2308-P-5700,26,1200,34,3,False,5700.0,4.0,6500.0,149.4,145.4,51
P75,2023-06-28,MO2308-P-5700,24,1333,31,3,False,5700.0,3.6,6500.0,156.6,153.0,50
P75,2023-06-29,MO2308-P-5700,28,1411,37,3,False,5700.0,3.4,6500.0,139.4,136.0,49
P75,2023-06-30,MO2308-P-5700,28,2400,37,3,False,5700.0,2.0,6600.0,150.4,148.4,48
P75,2023-07-03,MO2308-P-5700,30,2400,40,3,False,5700.0,2.0,6600.0,140.6,138.6,45
P75,2023-07-04,MO2308-P-5700,34,3000,45,3,False,5700.0,1.6,6600.0,128.0,126.4,44
P75,2023-07-05,MO2308-P-5700,28,2400,37,3,False,5700.0,2.0,6600.0,149.4,147.4,43
P75,2023-07-06,MO2308-P-5700,24,2181,32,3,False,5700.0,2.2,6600.0,166.4,164.20000000000002,42
P75,2023-07-07,MO2308-P-5700,30,2181,40,3,False,5700.0,2.2,6500.0,127.8,125.6,41
P75,2023-07-10,MO2308-P-5700,32,2400,42,3,False,5700.0,2.0,6500.0,122.6,120.6,38
P75,2023-07-11,MO2308-P-5700,30,3000,39,3,False,5700.0,1.6,6600.0,138.2,136.6,37
P75,2023-07-12,MO2308-P-5700,27,2181,36,3,False,5700.0,2.2,6500.0,135.2,133.0,36
P75,2023-07-13,MO2308-P-5700,40,2400,53,3,False,5700.0,2.0,6500.0,98.6,96.6,35
P75,2023-07-14,MO2308-P-5700,42,2400,55,3,False,5700.0,2.0,6500.0,94.2,92.2,34
P75,2023-07-17,MO2308-P-5700,38,2666,50,3,False,5700.0,1.8,6500.0,101.6,99.8,31
P75,2023-07-18,MO2308-P-5700,36,3428,48,3,False,5700.0,1.4,6500.0,104.0,102.6,30
P75,2023-07-19,MO2309-P-5200,38,2666,50,3,False,5200.0,1.8,6500.0,160.0,158.2,57
P75,2023-07-20,MO2309-P-5200,39,2666,51,3,False,5200.0,1.8,6400.0,144.2,142.39999999999998,56
P75,2023-07-21,MO2309-P-5200,39,2666,52,3,False,5200.0,1.8,6400.0,142.4,140.6,55
P75,2023-07-24,MO2309-P-5200,38,3000,50,3,False,5200.0,1.6,6400.0,146.6,145.0,52
P75,2023-07-25,MO2309-P-5200,41,4000,54,3,False,5200.0,1.2,6500.0,148.0,146.8,51
P75,2023-07-26,MO2309-P-5200,36,3428,48,3,False,5200.0,1.4,6500.0,159.0,157.6,50
P75,2023-07-27,MO2309-P-5200,44,4000,58,3,False,5200.0,1.2,6400.0,127.8,126.6,49
P75,2023-07-28,MO2309-P-5200,39,4000,51,3,False,5200.0,1.2,6500.0,153.0,151.8,48
P75,2023-07-31,MO2309-P-5200,46,4000,61,3,False,5200.0,1.2,6500.0,130.8,129.60000000000002,45
P75,2023-08-01,MO2309-P-5200,44,24000,58,3,False,5200.0,0.2,6500.0,137.4,137.20000000000002,44
P75,2023-08-02,MO2309-P-5200,42,4000,56,3,False,5200.0,1.2,6500.0,142.4,141.20000000000002,43
P75,2023-08-03,MO2309-P-5200,42,4800,56,3,False,5200.0,1.0,6500.0,140.4,139.4,42
P75,2023-08-04,MO2309-P-5200,54,4000,72,3,False,5200.0,1.2,6500.0,113.0,111.8,41
P75,2023-08-07,MO2309-P-5200,50,24000,66,3,False,5200.0,0.2,6500.0,118.8,118.6,38
P75,2023-08-08,MO2309-P-5200,45,4800,60,3,False,5200.0,1.0,6500.0,129.2,128.2,37
P75,2023-08-09,MO2309-P-5200,56,4800,74,3,False,5200.0,1.0,6400.0,100.0,99.0,36
P75,2023-08-10,MO2309-P-5200,55,4800,73,3,False,5200.0,1.0,6400.0,102.6,101.6,35
P75,2023-08-11,MO2309-P-5200,46,4800,61,3,False,5200.0,1.0,6300.0,110.8,109.8,34
P75,2023-08-14,MO2309-P-5200,57,4800,75,3,False,5200.0,1.0,6300.0,91.4,90.4,31
P75,2023-08-15,MO2309-P-5200,42,4800,56,3,False,5200.0,1.0,6300.0,116.6,115.6,30
P75,2023-08-16,MO2309-P-5200,42,2181,56,3,False,5200.0,2.2,6200.0,108.8,106.6,29
P75,2023-08-17,MO2309-P-5200,63,3428,83,3,False,5200.0,1.4,6200.0,77.6,76.19999999999999,28
P75,2023-08-18,MO2309-P-5200,47,2181,62,3,False,5200.0,2.2,6100.0,92.0,89.8,27
P75,2023-08-21,MO2310-P-5500,17,269,22,3,False,5500.0,17.8,6100.0,176.4,158.6,59
P75,2023-08-22,MO2310-P-5400,23,461,30,3,False,5400.0,10.4,6100.0,155.0,144.6,58
P75,2023-08-23,MO2310-P-5400,18,269,23,3,False,5400.0,17.8,6000.0,170.6,152.79999999999998,57
P75,2023-08-24,MO2310-P-5300,21,461,28,3,False,5300.0,10.4,6000.0,161.8,151.4,56
P75,2023-08-25,MO2310-P-5300,18,205,23,3,False,5300.0,23.4,5900.0,174.8,151.4,55
P75,2023-08-28,MO2310-P-5200,21,289,28,3,False,5200.0,16.6,5900.0,175.0,158.4,52
P75,2023-08-29,MO2310-P-5200,27,857,35,3,False,5200.0,5.6,6100.0,162.0,156.4,51
P75,2023-08-30,MO2310-P-5200,33,1200,44,3,False,5200.0,4.0,6100.0,132.6,128.6,50
P75,2023-08-31,MO2310-P-5200,31,1333,41,3,False,5200.0,3.6,6100.0,139.0,135.4,49
P75,2023-09-01,MO2310-P-5200,33,1846,43,3,False,5200.0,2.6,6100.0,131.8,129.20000000000002,48
P75,2023-09-04,MO2310-P-5200,36,3000,48,3,False,5200.0,1.6,6200.0,128.0,126.4,45
P75,2023-09-05,MO2310-P-5200,31,1846,41,3,False,5200.0,2.6,6200.0,145.8,143.20000000000002,44
P75,2023-09-06,MO2310-P-5200,35,2400,46,3,False,5200.0,2.0,6200.0,132.4,130.4,43
P75,2023-09-07,MO2310-P-5200,30,1200,39,3,False,5200.0,4.0,6100.0,141.4,137.4,42
P75,2023-09-08,MO2310-P-5200,31,1333,41,3,False,5200.0,3.6,6100.0,138.0,134.4,41
P75,2023-09-11,MO2310-P-5200,33,2000,43,3,False,5200.0,2.4,6200.0,142.6,140.2,38
P75,2023-09-12,MO2310-P-5200,35,2181,46,3,False,5200.0,2.2,6200.0,131.2,129.0,37
P75,2023-09-13,MO2310-P-5200,33,1411,43,3,False,5200.0,3.4,6100.0,130.2,126.79999999999998,36
P75,2023-09-14,MO2310-P-5200,30,1714,40,3,False,5200.0,2.8,6100.0,136.0,133.2,35
P75,2023-09-15,MO2310-P-5200,33,1714,44,3,False,5200.0,2.8,6100.0,124.2,121.4,34
P75,2023-09-18,MO2310-P-5200,36,2000,48,3,False,5200.0,2.4,6100.0,115.0,112.6,31
P75,2023-09-19,MO2310-P-5200,42,2000,56,3,False,5200.0,2.4,6000.0,91.6,89.19999999999999,30
P75,2023-09-20,MO2311-P-5200,24,750,31,3,False,5200.0,6.4,6000.0,162.6,156.2,57
P75,2023-09-21,MO2311-P-5200,27,666,35,3,False,5200.0,7.2,5900.0,135.2,127.99999999999999,56
P75,2023-09-22,MO2311-P-5200,24,1263,32,3,False,5200.0,3.8,6100.0,167.4,163.6,55
P75,2023-09-25,MO2311-P-5200,30,1142,39,3,False,5200.0,4.2,6000.0,134.0,129.8,52
P75,2023-09-26,MO2311-P-5200,26,1200,34,3,False,5200.0,4.0,6000.0,145.0,141.0,51
P75,2023-09-27,MO2311-P-5200,33,1263,43,3,False,5200.0,3.8,6000.0,122.4,118.60000000000001,50
P75,2023-09-28,MO2311-P-5200,27,1500,35,3,False,5200.0,3.2,6100.0,154.4,151.20000000000002,49
P75,2023-10-09,MO2311-P-5200,28,2666,37,3,False,5200.0,1.8,6100.0,144.6,142.79999999999998,38
P75,2023-10-10,MO2311-P-5200,39,2181,52,3,False,5200.0,2.2,6000.0,100.0,97.8,37
P75,2023-10-11,MO2311-P-5200,28,2666,37,3,False,5200.0,1.8,6100.0,142.6,140.79999999999998,36
P75,2023-10-12,MO2311-P-5200,37,3428,49,3,False,5200.0,1.4,6100.0,114.0,112.6,35
P75,2023-10-13,MO2311-P-5200,35,3000,46,3,False,5200.0,1.6,6100.0,117.6,116.0,34
P75,2023-10-16,MO2311-P-5200,40,1500,53,3,False,5200.0,3.2,6000.0,96.8,93.6,31
P75,2023-10-17,MO2311-P-5200,36,2000,48,3,False,5200.0,2.4,6000.0,105.8,103.39999999999999,30
P75,2023-10-18,MO2312-P-5200,24,827,31,3,False,5200.0,5.8,5900.0,146.0,140.2,57
P75,2023-10-19,MO2312-P-5200,23,461,30,3,False,5200.0,10.4,5800.0,140.2,129.79999999999998,56
P75,2023-10-20,MO2312-P-5200,17,228,22,3,False,5200.0,21.0,5800.0,179.0,158.0,55
P75,2023-10-23,MO2312-P-5100,18,143,24,3,False,5100.0,33.4,5600.0,168.4,135.0,52
P75,2023-10-24,MO2312-P-5000,21,285,28,3,False,5000.0,16.8,5700.0,173.4,156.6,51
P75,2023-10-25,MO2312-P-5000,21,521,28,3,False,5000.0,9.2,5800.0,179.8,170.60000000000002,50
P75,2023-10-26,MO2312-P-5000,25,827,33,3,False,5000.0,5.8,5800.0,154.4,148.6,49
P75,2023-10-27,MO2312-P-5000,31,1333,41,3,False,5000.0,3.6,5900.0,138.8,135.20000000000002,48
P75,2023-10-30,MO2312-P-5000,31,1714,41,3,False,5000.0,2.8,6000.0,153.6,150.79999999999998,45
P75,2023-10-31,MO2312-P-5000,27,2000,35,3,False,5000.0,2.4,6000.0,170.2,167.79999999999998,44
P75,2023-11-01,MO2312-P-5000,26,2181,34,3,False,5000.0,2.2,6000.0,171.4,169.20000000000002,43
P75,2023-11-02,MO2312-P-5000,30,2000,39,3,False,5000.0,2.4,5900.0,141.4,139.0,42
P75,2023-11-03,MO2312-P-5000,30,3000,40,3,False,5000.0,1.6,6000.0,148.2,146.6,41
P75,2023-11-06,MO2312-P-5000,37,3000,49,3,False,5000.0,1.6,6100.0,136.8,135.20000000000002,38
P75,2023-11-07,MO2312-P-5000,39,3428,52,3,False,5000.0,1.4,6100.0,132.0,130.6,37
P75,2023-11-08,MO2312-P-5000,44,4000,58,3,False,5000.0,1.2,6100.0,121.0,119.8,36
P75,2023-11-09,MO2312-P-5000,36,4000,48,3,False,5000.0,1.2,6100.0,140.0,138.8,35
P75,2023-11-10,MO2312-P-5000,34,3000,45,3,False,5000.0,1.6,6100.0,148.0,146.4,34
P75,2023-11-13,MO2312-P-5000,46,3428,61,3,False,5000.0,1.4,6100.0,115.8,114.39999999999999,31
P75,2023-11-14,MO2312-P-5000,35,4800,46,3,False,5000.0,1.0,6200.0,157.6,156.6,30
P75,2023-11-15,MO2312-P-5000,43,6000,57,3,False,5000.0,0.8,6200.0,130.0,129.2,29
P75,2023-11-16,MO2312-P-5000,48,4800,63,3,False,5000.0,1.0,6100.0,110.2,109.2,28
P75,2023-11-17,MO2312-P-5000,44,6000,58,3,False,5000.0,0.8,6200.0,127.0,126.2,27
P75,2023-11-20,MO2401-P-5000,27,2666,36,3,False,5000.0,1.8,6300.0,213.4,211.6,59
P75,2023-11-21,MO2401-P-5000,31,3000,41,3,False,5000.0,1.6,6200.0,179.2,177.6,58
P75,2023-11-22,MO2401-P-5000,33,2400,44,3,False,5000.0,2.0,6100.0,158.0,156.0,57
P75,2023-11-23,MO2401-P-5000,33,2666,44,3,False,5000.0,1.8,6200.0,168.2,166.39999999999998,56
P75,2023-11-24,MO2401-P-5000,33,2400,43,3,False,5000.0,2.0,6100.0,160.8,158.8,55
P75,2023-11-27,MO2401-P-5000,32,2400,42,3,False,5000.0,2.0,6100.0,162.4,160.4,52
P75,2023-11-28,MO2401-P-5000,36,2400,47,3,False,5000.0,2.0,6100.0,150.8,148.8,51
P75,2023-11-29,MO2401-P-5000,31,2400,41,3,False,5000.0,2.0,6100.0,166.6,164.6,50
P75,2023-11-30,MO2401-P-5000,27,2181,36,3,False,5000.0,2.2,6100.0,187.2,185.0,49
P75,2023-12-01,MO2401-P-5000,34,2666,45,3,False,5000.0,1.8,6100.0,155.2,153.39999999999998,48
P75,2023-12-04,MO2401-P-5000,30,2181,39,3,False,5000.0,2.2,6100.0,176.0,173.8,45
P75,2023-12-05,MO2401-P-5000,25,923,33,3,False,5000.0,5.2,6000.0,189.8,184.60000000000002,44
P75,2023-12-06,MO2401-P-5000,30,1043,40,3,False,5000.0,4.6,6000.0,161.0,156.4,43
P75,2023-12-07,MO2401-P-5000,33,1500,44,3,False,5000.0,3.2,6000.0,145.6,142.4,42
P75,2023-12-08,MO2401-P-5000,32,1500,42,3,False,5000.0,3.2,6000.0,147.2,144.0,41
P75,2023-12-11,MO2401-P-5000,32,2666,42,3,False,5000.0,1.8,6100.0,159.0,157.2,38
P75,2023-12-12,MO2401-P-5000,33,3000,44,3,False,5000.0,1.6,6100.0,149.2,147.6,37
P75,2023-12-13,MO2401-P-5000,38,2000,50,3,False,5000.0,2.4,6000.0,126.6,124.19999999999999,36
P75,2023-12-14,MO2401-P-5000,33,2400,43,3,False,5000.0,2.0,6000.0,141.0,139.0,35
P75,2023-12-15,MO2401-P-5000,27,2181,36,3,False,5000.0,2.2,6000.0,163.0,160.8,34
P75,2023-12-18,MO2401-P-5000,27,2400,35,3,False,5000.0,2.0,5900.0,150.8,148.8,31
P75,2023-12-19,MO2401-P-5000,29,3000,38,3,False,5000.0,1.6,5900.0,141.4,139.8,30
P75,2023-12-20,MO2401-P-5000,26,1846,34,3,False,5000.0,2.6,5800.0,138.6,136.0,29
P75,2023-12-21,MO2402-P-5100,20,452,26,3,False,5100.0,10.6,5800.0,172.0,161.4,60
P75,2023-12-22,MO2402-P-5100,21,342,28,3,False,5100.0,14.0,5700.0,151.2,137.2,59
P75,2023-12-25,MO2402-P-5100,21,363,28,3,False,5100.0,13.2,5700.0,150.0,136.8,56
P75,2023-12-26,MO2402-P-5100,15,224,20,3,False,5100.0,21.4,5700.0,191.6,170.2,55
P75,2023-12-27,MO2402-P-5000,21,452,27,3,False,5000.0,10.6,5700.0,168.4,157.8,54
P75,2023-12-28,MO2402-P-5000,26,1043,34,3,False,5000.0,4.6,5800.0,150.4,145.8,53
P75,2023-12-29,MO2402-P-5000,28,1263,37,3,False,5000.0,3.8,5900.0,150.4,146.6,52
P75,2024-01-02,MO2402-P-5000,23,1263,30,3,False,5000.0,3.8,5900.0,178.0,174.2,48
P75,2024-01-03,MO2402-P-5000,29,1090,38,3,False,5000.0,4.4,5800.0,135.0,130.6,47
P75,2024-01-04,MO2402-P-5000,24,960,31,3,False,5000.0,5.0,5800.0,159.6,154.6,46
P75,2024-01-05,MO2402-P-5000,21,600,27,3,False,5000.0,8.0,5700.0,159.4,151.4,45
P75,2024-01-08,MO2402-P-5000,16,161,21,3,False,5000.0,29.8,5500.0,190.2,160.39999999999998,42
P75,2024-01-09,MO2402-P-4950,14,279,18,3,False,4950.0,17.2,5600.0,218.4,201.20000000000002,38
P75,2024-01-10,MO2402-P-4950,17,180,22,3,False,4950.0,26.6,5500.0,181.0,154.4,37
P75,2024-01-11,MO2402-P-4950,20,328,26,3,False,4950.0,14.6,5600.0,169.6,155.0,36
P75,2024-01-12,MO2402-P-4950,18,307,23,3,False,4950.0,15.6,5600.0,182.2,166.6,35
P75,2024-01-15,MO2402-P-4950,16,292,21,3,False,4950.0,16.4,5600.0,192.2,175.79999999999998,32
P75,2024-01-16,MO2402-P-4950,20,315,26,3,False,4950.0,15.2,5500.0,152.0,136.8,31
P75,2024-01-17,MO2402-P-4950,12,111,15,3,False,4950.0,43.2,5400.0,221.0,177.8,30
P75,2024-01-18,MO2403-P-4850,11,66,14,3,False,4850.0,72.6,5400.0,301.6,229.00000000000003,56
P75,2024-01-19,MO2403-P-4800,12,70,16,3,False,4800.0,68.4,5300.0,267.0,198.6,55
P75,2024-01-22,MO2403-P-4750,11,23,14,4,False,4750.0,275.0,5000.0,423.4,148.39999999999998,52
P75,2024-01-23,MO2403-P-4500,15,93,20,4,False,4500.0,68.8,5100.0,301.8,233.0,51
P75,2024-01-24,MO2403-P-4500,21,129,27,4,False,4500.0,49.6,5100.0,245.2,195.6,50
P75,2024-01-25,MO2403-P-4500,26,310,34,4,False,4500.0,20.6,5300.0,216.8,196.20000000000002,49
P75,2024-01-26,MO2403-P-4500,20,256,26,4,False,4500.0,25.0,5300.0,263.6,238.60000000000002,48
P75,2024-01-29,MO2403-P-4500,19,131,25,4,False,4500.0,48.6,5100.0,255.2,206.6,45
P75,2024-01-30,MO2403-P-4500,14,70,18,4,False,4500.0,91.0,5000.0,308.2,217.2,44
P75,2024-01-31,MO2403-P-4450,13,45,17,4,False,4450.0,142.0,4800.0,305.8,163.8,43
P75,2024-02-01,MO2403-P-4300,15,69,20,4,False,4300.0,92.0,4750.0,276.0,184.0,42
P75,2024-02-02,MO2403-P-4250,15,46,20,4,False,4250.0,137.0,4550.0,271.2,134.2,41
P75,2024-02-05,MO2403-P-4100,11,20,14,4,False,4100.0,319.6,4300.0,434.2,114.59999999999997,38
P75,2024-02-06,MO2403-P-3850,21,125,27,4,False,3850.0,51.0,4600.0,272.8,221.8,37
P75,2024-02-07,MO2403-P-3850,26,260,34,4,False,3850.0,24.6,4800.0,251.8,227.20000000000002,36
P75,2024-02-08,MO2403-P-3850,27,800,36,4,False,3850.0,8.0,5000.0,268.6,260.6,35
P75,2024-02-19,MO2404-P-3850,25,299,33,4,False,3850.0,21.4,5000.0,309.4,288.0,59
P75,2024-02-20,MO2404-P-3850,30,680,40,4,False,3850.0,9.4,5000.0,252.2,242.79999999999998,58
P75,2024-02-21,MO2404-P-3850,27,653,35,4,False,3850.0,9.8,5100.0,293.8,284.0,57
P75,2024-02-22,MO2404-P-3850,27,820,36,4,False,3850.0,7.8,5200.0,299.2,291.4,56
P75,2024-02-23,MO2404-P-3850,34,1230,45,4,False,3850.0,5.2,5200.0,251.2,246.0,55
P75,2024-02-26,MO2404-P-3850,30,1333,39,4,False,3850.0,4.8,5300.0,295.6,290.8,52
P75,2024-02-27,MO2404-P-3850,36,2133,48,4,False,3850.0,3.0,5400.0,264.0,261.0,51
P75,2024-02-28,MO2404-P-3850,27,1103,35,4,False,3850.0,5.8,5200.0,310.6,304.8,50
P75,2024-02-29,MO2404-P-3850,37,1882,49,4,False,3850.0,3.4,5300.0,250.0,246.6,49
P75,2024-03-01,MO2404-P-3850,34,2461,45,4,False,3850.0,2.6,5400.0,282.8,280.2,48
P75,2024-03-04,MO2404-P-3850,36,1600,47,4,False,3850.0,4.0,5400.0,275.0,271.0,45
P75,2024-03-05,MO2404-P-3850,30,1280,40,4,False,3850.0,5.0,5400.0,312.8,307.8,44
P75,2024-03-06,MO2404-P-3850,34,2133,45,4,False,3850.0,3.0,5400.0,278.4,275.4,43
P75,2024-03-07,MO2404-P-3850,36,1684,47,4,False,3850.0,3.8,5300.0,254.2,250.39999999999998,42
P75,2024-03-08,MO2404-P-3850,39,2909,51,4,False,3850.0,2.2,5400.0,241.4,239.20000000000002,41
P75,2024-03-11,MO2404-P-3850,44,10666,58,4,False,3850.0,0.6,5500.0,224.4,223.8,38
P75,2024-03-12,MO2404-P-3850,48,10666,64,4,False,3850.0,0.6,5500.0,207.0,206.4,37
P75,2024-03-13,MO2404-P-3850,57,8000,75,4,False,3850.0,0.8,5500.0,181.0,180.2,36
P75,2024-03-14,MO2404-P-3850,51,6400,68,4,False,3850.0,1.0,5500.0,195.0,194.0,35
P75,2024-03-15,MO2404-P-3850,52,8000,69,4,False,3850.0,0.8,5600.0,201.4,200.6,34
P75,2024-03-18,MO2404-P-3850,75,32000,99,4,False,3850.0,0.2,5600.0,146.0,145.8,31
P75,2024-03-19,MO2404-P-3850,65,32000,86,4,False,3850.0,0.2,5600.0,164.6,164.4,30
P75,2024-03-20,MO2405-P-4500,27,1066,36,4,False,4500.0,6.0,5700.0,265.4,259.4,57
P75,2024-03-21,MO2405-P-4500,28,1142,37,4,False,4500.0,5.6,5700.0,261.8,256.2,56
P75,2024-03-22,MO2405-P-4500,29,864,38,4,False,4500.0,7.4,5600.0,241.6,234.2,55
P75,2024-03-25,MO2405-P-4500,24,640,31,4,False,4500.0,10.0,5500.0,260.2,250.2,52
P75,2024-03-26,MO2405-P-4500,28,516,37,4,False,4500.0,12.4,5400.0,221.6,209.2,51
P75,2024-03-27,MO2405-P-4500,19,177,25,4,False,4500.0,36.0,5300.0,289.2,253.2,50
P75,2024-03-28,MO2405-P-4500,23,344,30,4,False,4500.0,18.6,5400.0,257.6,239.00000000000003,49
P75,2024-03-29,MO2405-P-4500,29,477,38,4,False,4500.0,13.4,5400.0,211.8,198.4,48
P75,2024-04-01,MO2405-P-4500,28,761,37,4,False,4500.0,8.4,5600.0,243.2,234.79999999999998,45
P75,2024-04-02,MO2405-P-4500,33,666,43,4,False,4500.0,9.6,5500.0,204.8,195.20000000000002,44
P75,2024-04-03,MO2405-P-4500,30,680,39,4,False,4500.0,9.4,5500.0,217.2,207.79999999999998,43
P75,2024-04-08,MO2405-P-4500,27,344,35,4,False,4500.0,18.6,5400.0,225.0,206.4,38
P75,2024-04-09,MO2405-P-4500,27,603,35,4,False,4500.0,10.6,5500.0,234.0,223.4,37
P75,2024-04-10,MO2405-P-4500,24,551,32,4,False,4500.0,11.6,5400.0,231.2,219.6,36
P75,2024-04-11,MO2405-P-4500,26,727,34,4,False,4500.0,8.8,5400.0,217.0,208.2,35
P75,2024-04-12,MO2405-P-4500,30,653,40,4,False,4500.0,9.8,5300.0,179.0,169.2,34
P75,2024-04-15,MO2405-P-4500,24,542,31,4,False,4500.0,11.8,5300.0,216.0,204.2,31
P75,2024-04-16,MO2405-P-4500,18,160,23,4,False,4500.0,40.0,5100.0,243.2,203.2,30
P75,2024-04-17,MO2405-P-4500,26,385,34,4,False,4500.0,16.6,5300.0,207.2,190.6,29
P75,2024-04-18,MO2405-P-4500,25,426,33,4,False,4500.0,15.0,5300.0,207.4,192.4,28
P75,2024-04-19,MO2405-P-4500,24,410,31,4,False,4500.0,15.6,5300.0,217.8,202.20000000000002,27
P75,2024-04-22,MO2406-P-3800,34,800,45,4,False,3800.0,8.0,5200.0,265.2,257.2,59
P75,2024-04-23,MO2406-P-3800,33,842,43,4,False,3800.0,7.6,5200.0,271.6,264.0,58
P75,2024-04-24,MO2406-P-3800,36,1523,47,4,False,3800.0,4.2,5300.0,261.0,256.8,57
P75,2024-04-25,MO2406-P-3800,38,2000,50,4,False,3800.0,3.2,5300.0,250.0,246.8,56
P75,2024-04-26,MO2406-P-3800,43,3555,57,4,False,3800.0,1.8,5400.0,231.4,229.6,55
P75,2024-04-29,MO2406-P-3800,50,10666,66,4,False,3800.0,0.6,5500.0,212.8,212.20000000000002,52
P75,2024-04-30,MO2406-P-3800,45,10666,60,4,False,3800.0,0.6,5500.0,228.6,228.0,51
P75,2024-05-06,MO2406-P-3800,52,5333,69,4,False,3800.0,1.2,5600.0,212.6,211.4,45
P75,2024-05-07,MO2406-P-3800,56,3555,74,4,False,3800.0,1.8,5600.0,201.2,199.39999999999998,44
P75,2024-05-08,MO2406-P-3800,54,4000,71,4,False,3800.0,1.6,5500.0,199.8,198.20000000000002,43
P75,2024-05-09,MO2406-P-3800,57,4571,75,4,False,3800.0,1.4,5600.0,196.8,195.4,42
P75,2024-05-10,MO2406-P-3800,47,16000,62,4,False,3800.0,0.4,5600.0,230.2,229.79999999999998,41
P75,2024-05-13,MO2406-P-3800,51,32000,67,4,False,3800.0,0.2,5500.0,206.4,206.20000000000002,38
P75,2024-05-14,MO2406-P-3800,44,16000,58,4,False,3800.0,0.4,5600.0,245.6,245.2,37
P75,2024-05-15,MO2406-P-3800,48,16000,64,4,False,3800.0,0.4,5500.0,212.8,212.4,36
P75,2024-05-16,MO2406-P-3800,51,16000,67,4,False,3800.0,0.4,5500.0,203.6,203.2,35
P75,2024-05-17,MO2406-P-3800,56,32000,74,4,False,3800.0,0.2,5600.0,192.0,191.8,34
P75,2024-05-20,MO2406-P-3800,60,32000,80,4,False,3800.0,0.2,5600.0,180.0,179.8,31
P75,2024-05-21,MO2406-P-3800,69,32000,91,4,False,3800.0,0.2,5500.0,153.8,153.60000000000002,30
P75,2024-05-22,MO2407-P-4650,26,592,34,4,False,4650.0,10.8,5500.0,223.0,212.2,57
P75,2024-05-23,MO2407-P-4650,22,301,29,4,False,4650.0,21.2,5400.0,238.2,217.0,56
P75,2024-05-24,MO2407-P-4650,18,238,23,4,False,4650.0,26.8,5400.0,277.6,250.8,55
P75,2024-05-27,MO2407-P-4650,21,320,27,4,False,4650.0,20.0,5400.0,246.6,226.6,52
P75,2024-05-28,MO2407-P-4650,23,253,30,4,False,4650.0,25.2,5300.0,216.6,191.4,51
P75,2024-05-29,MO2407-P-4650,18,271,23,4,False,4650.0,23.6,5400.0,271.6,248.00000000000003,50
P75,2024-05-30,MO2407-P-4650,23,316,30,4,False,4650.0,20.2,5300.0,204.0,183.8,49
P75,2024-05-31,MO2407-P-4650,19,421,25,4,False,4650.0,15.2,5400.0,244.8,229.60000000000002,48
P75,2024-06-03,MO2407-P-4650,18,260,24,4,False,4650.0,24.6,5300.0,237.8,213.20000000000002,45
P75,2024-06-04,MO2407-P-4650,22,372,29,4,False,4650.0,17.2,5300.0,205.0,187.8,44
P75,2024-06-05,MO2407-P-4650,23,278,30,4,False,4650.0,23.0,5200.0,186.6,163.6,43
P75,2024-06-06,MO2407-P-4650,19,153,25,4,False,4650.0,41.6,5100.0,196.6,155.0,42
P75,2024-06-07,MO2407-P-4600,16,223,21,4,False,4600.0,28.6,5200.0,240.4,211.8,41
P75,2024-06-11,MO2407-P-4600,21,320,28,4,False,4600.0,20.0,5200.0,196.0,176.0,37
P75,2024-06-12,MO2407-P-4600,23,336,30,4,False,4600.0,19.0,5200.0,186.6,167.6,36
P75,2024-06-13,MO2407-P-4600,20,372,26,4,False,4600.0,17.2,5200.0,202.0,184.8,35
P75,2024-06-14,MO2407-P-4600,21,581,28,4,False,4600.0,11.0,5200.0,179.4,168.4,34
P75,2024-06-17,MO2407-P-4600,22,666,29,4,False,4600.0,9.6,5200.0,176.0,166.4,31
P75,2024-06-18,MO2407-P-4600,30,1066,39,4,False,4600.0,6.0,5200.0,136.0,130.0,30
P75,2024-06-19,MO2408-P-4600,16,213,21,4,False,4600.0,30.0,5200.0,248.2,218.2,57
P75,2024-06-20,MO2408-P-4600,14,130,18,4,False,4600.0,49.2,5100.0,253.0,203.8,56
P75,2024-06-21,MO2408-P-4550,15,169,19,4,False,4550.0,37.8,5100.0,253.0,215.2,55
P75,2024-06-24,MO2408-P-4500,15,95,19,4,False,4500.0,66.8,4900.0,231.0,164.2,52
P75,2024-06-25,MO2408-P-4350,18,134,23,4,False,4350.0,47.6,4850.0,223.6,176.0,51
P75,2024-06-26,MO2408-P-4350,20,275,26,4,False,4350.0,23.2,5000.0,219.6,196.4,50
P75,2024-06-27,MO2408-P-4350,20,172,26,4,False,4350.0,37.0,4850.0,200.8,163.8,49
P75,2024-06-28,MO2408-P-4350,18,190,24,4,False,4350.0,33.6,4900.0,218.2,184.6,48
P75,2024-07-01,MO2408-P-4350,19,242,25,4,False,4350.0,26.4,4950.0,220.0,193.6,45
P75,2024-07-02,MO2408-P-4350,20,244,26,4,False,4350.0,26.2,4900.0,201.8,175.60000000000002,44
P75,2024-07-03,MO2408-P-4350,20,256,26,4,False,4350.0,25.0,4850.0,184.4,159.4,43
P75,2024-07-04,MO2408-P-4350,18,153,24,4,False,4350.0,41.6,4750.0,183.6,142.0,42
P75,2024-07-05,MO2408-P-4250,22,329,29,4,False,4250.0,19.4,4800.0,178.6,159.2,41
P75,2024-07-08,MO2408-P-4250,18,193,23,4,False,4250.0,33.0,4700.0,193.8,160.8,38
P75,2024-07-09,MO2408-P-4200,21,351,28,4,False,4200.0,18.2,4800.0,189.0,170.8,37
P75,2024-07-10,MO2408-P-4200,21,355,27,4,False,4200.0,18.0,4800.0,191.0,173.0,36
P75,2024-07-11,MO2408-P-4200,26,666,34,4,False,4200.0,9.6,4900.0,174.6,165.0,35
P75,2024-07-12,MO2408-P-4200,25,653,33,4,False,4200.0,9.8,4900.0,177.8,168.0,34
P75,2024-07-15,MO2408-P-4200,23,666,30,4,False,4200.0,9.6,4850.0,177.2,167.6,31
P75,2024-07-16,MO2408-P-4200,24,969,32,4,False,4200.0,6.6,4850.0,169.8,163.20000000000002,30
P75,2024-07-17,MO2408-P-4200,24,744,31,4,False,4200.0,8.6,4800.0,163.0,154.4,29
P75,2024-07-18,MO2408-P-4200,25,666,33,4,False,4200.0,9.6,4800.0,159.2,149.6,28
P75,2024-07-19,MO2408-P-4200,27,969,36,4,False,4200.0,6.6,4800.0,145.2,138.6,27
P75,2024-07-22,MO2409-P-3800,26,1280,34,4,False,3800.0,5.0,4850.0,248.0,243.0,59
P75,2024-07-23,MO2409-P-3800,24,695,31,4,False,3800.0,9.2,4700.0,242.6,233.4,58
P75,2024-07-24,MO2409-P-3800,22,571,29,4,False,3800.0,11.2,4650.0,247.6,236.4,57
P75,2024-07-25,MO2409-P-3800,22,581,29,4,False,3800.0,11.0,4650.0,244.4,233.4,56
P75,2024-07-26,MO2409-P-3800,27,914,35,4,False,3800.0,7.0,4700.0,215.0,208.0,55
P75,2024-07-29,MO2409-P-3800,25,969,33,4,False,3800.0,6.6,4700.0,224.8,218.20000000000002,52
P75,2024-07-30,MO2409-P-3800,27,1032,36,4,False,3800.0,6.2,4700.0,209.4,203.20000000000002,51
P75,2024-07-31,MO2409-P-3800,35,2285,46,4,False,3800.0,2.8,4900.0,192.6,189.79999999999998,50
P75,2024-08-01,MO2409-P-3800,33,2461,44,4,False,3800.0,2.6,4900.0,199.4,196.8,49
P75,2024-08-02,MO2409-P-3800,34,2133,45,4,False,3800.0,3.0,4800.0,185.0,182.0,48
P75,2024-08-05,MO2409-P-3800,27,780,35,4,False,3800.0,8.2,4700.0,213.4,205.20000000000002,45
P75,2024-08-06,MO2409-P-3800,30,1032,40,4,False,3800.0,6.2,4750.0,198.2,192.0,44
P75,2024-08-07,MO2409-P-3800,30,1454,39,4,False,3800.0,4.4,4750.0,201.2,196.79999999999998,43
P75,2024-08-08,MO2409-P-3800,32,1684,42,4,False,3800.0,3.8,4750.0,183.2,179.39999999999998,42
P75,2024-08-09,MO2409-P-3800,32,1391,42,4,False,3800.0,4.6,4700.0,179.0,174.4,41
P75,2024-08-12,MO2409-P-3800,36,1523,48,4,False,3800.0,4.2,4650.0,151.0,146.8,38
P75,2024-08-13,MO2409-P-3800,34,1882,45,4,False,3800.0,3.4,4700.0,164.8,161.4,37
P75,2024-08-14,MO2409-P-3800,33,2133,44,4,False,3800.0,3.0,4650.0,160.4,157.4,36
P75,2024-08-15,MO2409-P-3800,35,2909,46,4,False,3800.0,2.2,4700.0,160.2,158.0,35
P75,2024-08-16,MO2409-P-3800,38,2666,50,4,False,3800.0,2.4,4650.0,140.0,137.6,34
P75,2024-08-19,MO2409-P-3800,44,3200,58,4,False,3800.0,2.0,4650.0,121.6,119.6,31
P75,2024-08-20,MO2409-P-3800,34,2133,45,4,False,3800.0,3.0,4600.0,142.0,139.0,30
P75,2024-08-21,MO2410-P-4100,18,230,24,4,False,4100.0,27.8,4550.0,178.2,150.39999999999998,57
P75,2024-08-22,MO2410-P-4050,18,237,23,4,False,4050.0,27.0,4500.0,182.2,155.2,56
P75,2024-08-23,MO2410-P-4000,20,380,26,4,False,4000.0,16.8,4500.0,175.2,158.39999999999998,55
P75,2024-08-26,MO2410-P-4000,21,426,28,4,False,4000.0,15.0,4500.0,166.4,151.4,52
P75,2024-08-27,MO2410-P-4000,21,329,27,4,False,4000.0,19.4,4450.0,158.6,139.2,51
P75,2024-08-28,MO2410-P-4000,21,372,28,4,False,4000.0,17.2,4450.0,152.8,135.60000000000002,50
P75,2024-08-29,MO2410-P-4000,21,542,28,4,False,4000.0,11.8,4550.0,167.0,155.2,49
P75,2024-08-30,MO2410-P-4000,24,842,32,4,False,4000.0,7.6,4650.0,166.4,158.8,48
P75,2024-09-02,MO2410-P-4000,21,581,27,4,False,4000.0,11.0,4550.0,168.8,157.8,45
P75,2024-09-03,MO2410-P-4000,25,780,33,4,False,4000.0,8.2,4550.0,149.0,140.8,44
P75,2024-09-04,MO2410-P-4000,24,744,31,4,False,4000.0,8.6,4550.0,153.0,144.4,43
P75,2024-09-05,MO2410-P-4000,24,888,31,4,False,4000.0,7.2,4600.0,161.4,154.20000000000002,42
P75,2024-09-06,MO2410-P-4000,23,640,30,4,False,4000.0,10.0,4500.0,147.2,137.2,41
P75,2024-09-09,MO2410-P-4000,19,533,25,4,False,4000.0,12.0,4500.0,164.4,152.4,38
P75,2024-09-10,MO2410-P-4000,21,516,27,4,False,4000.0,12.4,4500.0,160.2,147.79999999999998,37
P75,2024-09-11,MO2410-P-4000,21,561,27,4,False,4000.0,11.4,4500.0,159.0,147.6,36
P75,2024-09-12,MO2410-P-4000,25,615,33,4,False,4000.0,10.4,4450.0,125.0,114.6,35
P75,2024-09-13,MO2410-P-4000,24,640,32,4,False,4000.0,10.0,4400.0,116.0,106.0,34
P75,2024-09-18,MO2411-P-3950,18,213,23,4,False,3950.0,30.0,4400.0,186.6,156.6,57
P75,2024-09-19,MO2411-P-3950,18,293,24,4,False,3950.0,21.8,4500.0,200.8,179.0,56
P75,2024-09-20,MO2411-P-3950,21,316,27,4,False,3950.0,20.2,4450.0,178.0,157.8,55
P75,2024-09-23,MO2411-P-3950,21,367,28,4,False,3950.0,17.4,4450.0,170.4,153.0,52
P75,2024-09-24,MO2411-P-3950,26,888,34,4,False,3950.0,7.2,4650.0,171.8,164.60000000000002,51
P75,2024-09-25,MO2411-P-3950,26,1882,34,4,False,3950.0,3.4,4700.0,180.0,176.6,50
P75,2024-09-26,MO2411-P-3950,36,3555,47,4,False,3950.0,1.8,4850.0,161.8,160.0,49
P75,2024-09-27,MO2411-P-3950,45,4571,60,4,False,3950.0,1.4,5100.0,160.6,159.2,48
P75,2024-09-30,MO2411-P-3950,28,4571,37,4,False,3950.0,1.4,5700.0,389.4,388.0,45
P75,2024-10-08,MO2411-P-3950,18,774,23,3,False,3950.0,6.2,6200.0,613.8,607.5999999999999,37
P75,2024-10-09,MO2411-P-3950,24,857,31,3,False,3950.0,5.6,5700.0,356.0,350.4,36
P75,2024-10-10,MO2411-P-3950,23,2181,30,3,False,3950.0,2.2,5700.0,351.2,349.0,35
P75,2024-10-11,MO2411-P-3950,22,1263,29,3,False,3950.0,3.8,5400.0,315.0,311.2,34
P75,2024-10-14,MO2411-P-3950,30,2666,40,3,False,3950.0,1.8,5600.0,255.0,253.2,31
P75,2024-10-15,MO2411-P-3950,32,2181,42,3,False,3950.0,2.2,5500.0,225.4,223.20000000000002,30
P75,2024-10-16,MO2411-P-3950,34,3000,45,3,False,3950.0,1.6,5500.0,215.8,214.20000000000002,29
P75,2024-10-17,MO2411-P-3950,33,2666,43,3,False,3950.0,1.8,5500.0,223.4,221.6,28
P75,2024-10-18,MO2411-P-3950,38,2000,50,3,False,3950.0,2.4,5700.0,219.0,216.6,27
P75,2024-10-21,MO2412-P-3800,24,1500,31,3,False,3800.0,3.2,5900.0,402.6,399.40000000000003,59
P75,2024-10-22,MO2412-P-3800,26,1714,34,3,False,3800.0,2.8,5900.0,379.4,376.59999999999997,58
P75,2024-10-23,MO2412-P-3800,27,2000,35,3,False,3800.0,2.4,5900.0,368.0,365.6,57
P75,2024-10-24,MO2412-P-3800,27,2181,35,3,False,3800.0,2.2,5900.0,357.8,355.6,56
P75,2024-10-25,MO2412-P-3800,30,2666,39,3,False,3800.0,1.8,6000.0,340.0,338.2,55
P75,2024-10-28,MO2412-P-3800,30,8000,39,3,False,3800.0,0.6,6100.0,356.8,356.2,52
P75,2024-10-29,MO2412-P-3800,30,2400,40,3,False,3800.0,2.0,6000.0,333.0,331.0,51
P75,2024-10-30,MO2412-P-3800,32,6000,42,3,False,3800.0,0.8,6000.0,320.2,319.4,50
P75,2024-10-31,MO2412-P-3800,33,2400,43,3,False,3800.0,2.0,6100.0,332.0,330.0,49
P75,2024-11-01,MO2412-P-3800,30,2666,39,3,False,3800.0,1.8,5900.0,337.4,335.59999999999997,48
P75,2024-11-04,MO2412-P-3800,28,2666,37,3,False,3800.0,1.8,6100.0,371.2,369.4,45
P75,2024-11-05,MO2412-P-3800,31,2400,41,3,False,3800.0,2.0,6300.0,365.4,363.4,44
P75,2024-11-06,MO2412-P-3800,33,1846,44,3,False,3800.0,2.6,6300.0,342.6,340.0,43
P75,2024-11-07,MO2412-P-3800,39,1846,51,3,False,3800.0,2.6,6400.0,313.0,310.4,42
P75,2024-11-08,MO2412-P-3800,41,1600,54,3,False,3800.0,3.0,6400.0,298.0,295.0,41
P75,2024-11-11,MO2412-P-3800,41,2000,54,3,False,3800.0,2.4,6600.0,314.0,311.6,38
P75,2024-11-12,MO2412-P-3800,45,1714,59,3,False,3800.0,2.8,6500.0,280.4,277.59999999999997,37
P75,2024-11-13,MO2412-P-3800,45,2400,60,3,False,3800.0,2.0,6500.0,273.6,271.6,36
P75,2024-11-14,MO2412-P-3800,45,3000,59,3,False,3800.0,1.6,6300.0,256.8,255.20000000000002,35
P75,2024-11-15,MO2412-P-3800,49,3428,65,3,False,3800.0,1.4,6100.0,217.6,216.2,34
P75,2024-11-18,MO2412-P-3800,39,8000,51,3,False,3800.0,0.6,6000.0,260.2,259.59999999999997,31
P75,2024-11-19,MO2412-P-3800,45,24000,60,3,False,3800.0,0.2,6100.0,234.6,234.4,30
P75,2024-11-20,MO2501-P-5100,16,142,21,3,False,5100.0,33.8,6300.0,368.2,334.4,57
P75,2024-11-21,MO2501-P-5100,16,163,21,3,False,5100.0,29.4,6300.0,364.6,335.20000000000005,56
P75,2024-11-22,MO2501-P-5100,15,97,20,3,False,5100.0,49.4,6000.0,333.8,284.40000000000003,55
P75,2024-11-25,MO2501-P-5100,14,101,18,3,False,5100.0,47.4,6100.0,372.8,325.40000000000003,52
P75,2024-11-26,MO2501-P-5100,14,95,18,3,False,5100.0,50.4,6000.0,347.0,296.6,51
P75,2024-11-27,MO2501-P-5100,18,156,24,3,False,5100.0,30.6,6100.0,294.8,264.2,50
P75,2024-11-28,MO2501-P-5100,16,160,21,3,False,5100.0,30.0,6100.0,315.8,285.8,49
P75,2024-11-29,MO2501-P-5100,18,258,23,3,False,5100.0,18.6,6200.0,310.6,292.0,48
P75,2024-12-02,MO2501-P-5100,20,296,26,3,False,5100.0,16.2,6300.0,300.0,283.8,45
P75,2024-12-03,MO2501-P-5100,20,320,26,3,False,5100.0,15.0,6300.0,296.6,281.6,44
P75,2024-12-04,MO2501-P-5100,18,263,24,3,False,5100.0,18.2,6200.0,298.4,280.2,43
P75,2024-12-05,MO2501-P-5100,19,296,25,3,False,5100.0,16.2,6300.0,307.6,291.40000000000003,42
P75,2024-12-06,MO2501-P-5100,24,470,31,3,False,5100.0,10.2,6300.0,252.4,242.20000000000002,41
P75,2024-12-09,MO2501-P-5100,21,461,27,3,False,5100.0,10.4,6300.0,281.0,270.6,38
P75,2024-12-10,MO2501-P-5100,21,774,27,3,False,5100.0,6.2,6400.0,291.0,284.8,37
P75,2024-12-11,MO2501-P-5100,28,727,37,3,False,5100.0,6.6,6400.0,228.4,221.8,36
P75,2024-12-12,MO2501-P-5100,27,774,35,3,False,5100.0,6.2,6500.0,250.6,244.4,35
P75,2024-12-13,MO2501-P-5100,24,705,31,3,False,5100.0,6.8,6400.0,253.2,246.39999999999998,34
P75,2024-12-16,MO2501-P-5100,24,923,32,3,False,5100.0,5.2,6300.0,229.8,224.60000000000002,31
P75,2024-12-17,MO2501-P-5100,27,800,35,3,False,5100.0,6.0,6100.0,188.2,182.2,30
P75,2024-12-18,MO2501-P-5100,24,1142,31,3,False,5100.0,4.2,6200.0,219.0,214.8,29
P75,2024-12-19,MO2501-P-5100,26,1090,34,3,False,5100.0,4.4,6200.0,202.8,198.4,28
P75,2024-12-20,MO2501-P-5100,26,1411,34,3,False,5100.0,3.4,6300.0,214.0,210.6,27
P75,2024-12-23,MO2502-P-5300,15,98,19,3,False,5300.0,48.8,6100.0,306.8,258.0,59
P75,2024-12-24,MO2502-P-5300,15,123,19,3,False,5300.0,38.8,6200.0,319.0,280.2,58
P75,2024-12-25,MO2502-P-5300,15,111,19,3,False,5300.0,43.2,6100.0,294.6,251.40000000000003,57
P75,2024-12-26,MO2502-P-5300,15,137,19,3,False,5300.0,35.0,6200.0,309.4,274.4,56
P75,2024-12-27,MO2502-P-5300,15,179,20,3,False,5300.0,26.8,6200.0,291.4,264.59999999999997,55
P75,2024-12-30,MO2502-P-5300,18,193,23,3,False,5300.0,24.8,6100.0,246.8,222.0,52
P75,2024-12-31,MO2502-P-5300,12,108,16,3,False,5300.0,44.2,6000.0,299.6,255.40000000000003,51
P75,2025-01-02,MO2502-P-5300,12,58,15,3,False,5300.0,82.6,5800.0,284.0,201.4,49
P75,2025-01-03,MO2502-P-5200,12,50,16,3,False,5200.0,96.0,5600.0,256.6,160.60000000000002,48
P75,2025-01-06,MO2502-P-5000,15,81,19,3,False,5000.0,59.0,5600.0,260.0,201.0,45
P75,2025-01-07,MO2502-P-5000,15,132,20,3,False,5000.0,36.2,5700.0,254.2,218.0,44
P75,2025-01-08,MO2502-P-5000,14,122,18,3,False,5000.0,39.2,5700.0,265.2,226.0,43
P75,2025-01-09,MO2502-P-5000,14,120,18,3,False,5000.0,40.0,5700.0,266.0,226.0,42
P75,2025-01-10,MO2502-P-5000,16,84,21,3,False,5000.0,56.6,5500.0,218.4,161.8,41
P75,2025-01-13,MO2502-P-4950,13,107,17,3,False,4950.0,44.6,5600.0,261.2,216.6,38
P75,2025-01-14,MO2502-P-4950,18,263,24,3,False,4950.0,18.2,5800.0,242.0,223.8,37
P75,2025-01-15,MO2502-P-4950,17,260,22,3,False,4950.0,18.4,5800.0,243.8,225.4,36
P75,2025-01-16,MO2502-P-4950,18,289,24,3,False,4950.0,16.6,5800.0,237.8,221.20000000000002,35
P75,2025-01-17,MO2502-P-4950,21,347,28,3,False,4950.0,13.8,5800.0,208.0,194.2,34
P75,2025-01-20,MO2502-P-4950,20,545,26,3,False,4950.0,8.8,5900.0,230.2,221.39999999999998,31
P75,2025-01-21,MO2502-P-4950,22,750,29,3,False,4950.0,6.4,5900.0,207.4,201.0,30
P75,2025-01-22,MO2503-P-3900,28,1411,37,3,False,3900.0,3.4,5900.0,322.6,319.20000000000005,57
P75,2025-01-23,MO2503-P-3900,33,1714,44,3,False,3900.0,2.8,5800.0,271.6,268.8,56
P75,2025-01-24,MO2503-P-3900,39,1846,51,3,False,3900.0,2.6,5900.0,245.6,243.0,55
P75,2025-01-27,MO2503-P-3900,38,1600,50,3,False,3900.0,3.0,5800.0,240.0,237.0,52
P75,2025-02-05,MO2503-P-3900,36,8000,47,3,False,3900.0,0.6,5900.0,255.4,254.8,43
P75,2025-02-06,MO2503-P-3900,47,3000,62,3,False,3900.0,1.6,6000.0,210.8,209.20000000000002,42
P75,2025-02-07,MO2503-P-3900,48,3000,64,3,False,3900.0,1.6,6100.0,212.4,210.8,41
P75,2025-02-10,MO2503-P-3900,44,3428,58,3,False,3900.0,1.4,6200.0,243.6,242.2,38
P75,2025-02-11,MO2503-P-3900,45,3428,59,3,False,3900.0,1.4,6200.0,235.8,234.4,37
P75,2025-02-12,MO2503-P-3900,47,3428,62,3,False,3900.0,1.4,6300.0,235.4,234.0,36
P75,2025-02-13,MO2503-P-3900,51,3428,67,3,False,3900.0,1.4,6200.0,208.6,207.2,35
P75,2025-02-14,MO2503-P-3900,60,3000,79,3,False,3900.0,1.6,6200.0,180.0,178.4,34
P75,2025-02-17,MO2503-P-3900,48,3428,64,3,False,3900.0,1.4,6300.0,228.2,226.79999999999998,31
P75,2025-02-18,MO2503-P-3900,61,3428,81,3,False,3900.0,1.4,6100.0,168.6,167.2,30
P75,2025-02-19,MO2504-P-5200,19,358,25,3,False,5200.0,13.4,6300.0,281.2,267.8,57
P75,2025-02-20,MO2504-P-5200,21,375,27,3,False,5200.0,12.8,6300.0,269.2,256.4,56
P75,2025-02-21,MO2504-P-5200,24,648,32,3,False,5200.0,7.4,6400.0,247.8,240.4,55
P75,2025-02-24,MO2504-P-5200,18,585,24,3,False,5200.0,8.2,6500.0,326.6,318.40000000000003,52
P75,2025-02-25,MO2504-P-5200,21,615,28,3,False,5200.0,7.8,6400.0,276.0,268.2,51
P75,2025-02-26,MO2504-P-5200,21,827,27,3,False,5200.0,5.8,6500.0,302.2,296.4,50
P75,2025-02-27,MO2504-P-5200,21,800,27,3,False,5200.0,6.0,6500.0,301.2,295.2,49
P75,2025-02-28,MO2504-P-5200,18,375,24,3,False,5200.0,12.8,6300.0,281.8,269.0,48
P75,2025-03-03,MO2504-P-5200,18,428,24,3,False,5200.0,11.2,6300.0,283.2,272.0,45
P75,2025-03-04,MO2504-P-5200,19,500,25,3,False,5200.0,9.6,6400.0,298.6,289.0,44
P75,2025-03-05,MO2504-P-5200,21,774,27,3,False,5200.0,6.2,6400.0,282.0,275.8,43
P75,2025-03-06,MO2504-P-5200,25,1090,33,3,False,5200.0,4.4,6500.0,247.6,243.2,42
P75,2025-03-07,MO2504-P-5200,16,640,21,2,False,5200.0,5.0,6500.0,255.8,250.8,41
P75,2025-03-10,MO2504-P-5200,16,695,21,2,False,5200.0,4.6,6500.0,265.2,260.59999999999997,38
P75,2025-03-11,MO2504-P-5200,15,727,19,2,False,5200.0,4.4,6600.0,301.2,296.8,37
P75,2025-03-12,MO2504-P-5200,15,941,20,2,False,5200.0,3.4,6600.0,281.4,278.0,36
P75,2025-03-13,MO2504-P-5200,15,888,20,2,False,5200.0,3.6,6500.0,266.2,262.59999999999997,35
P75,2025-03-14,MO2504-P-5200,18,1142,23,2,False,5200.0,2.8,6600.0,249.0,246.2,34
P75,2025-03-17,MO2504-P-5200,18,1454,23,2,False,5200.0,2.2,6600.0,254.4,252.20000000000002,31
P75,2025-03-18,MO2504-P-5200,19,1333,25,2,False,5200.0,2.4,6600.0,232.2,229.79999999999998,30
P75,2025-03-19,MO2505-P-5600,10,137,13,2,False,5600.0,23.2,6600.0,334.0,310.8,57
P75,2025-03-20,MO2505-P-5600,12,130,15,2,False,5600.0,24.6,6500.0,285.4,260.79999999999995,56
P75,2025-03-21,MO2505-P-5600,10,98,13,2,False,5600.0,32.6,6400.0,287.6,255.00000000000003,55
P75,2025-03-24,MO2505-P-5600,9,106,11,2,False,5600.0,30.0,6400.0,306.6,276.6,52
P75,2025-03-25,MO2505-P-5600,10,108,13,2,False,5600.0,29.6,6300.0,259.4,229.79999999999998,51
P75,2025-03-26,MO2505-P-5600,11,132,14,2,False,5600.0,24.2,6300.0,245.8,221.60000000000002,50
P75,2025-03-27,MO2505-P-5600,11,137,14,2,False,5600.0,23.2,6300.0,238.4,215.20000000000002,49
P75,2025-03-28,MO2505-P-5600,9,115,12,2,False,5600.0,27.8,6300.0,270.0,242.2,48
P75,2025-03-31,MO2505-P-5600,10,94,13,2,False,5600.0,33.8,6200.0,231.8,198.0,45
P75,2025-04-01,MO2505-P-5600,9,106,11,2,False,5600.0,30.0,6300.0,277.4,247.39999999999998,44
P75,2025-04-02,MO2505-P-5600,9,121,12,2,False,5600.0,26.4,6300.0,255.0,228.6,43
P75,2025-04-03,MO2505-P-5600,10,89,13,2,False,5600.0,35.6,6200.0,234.2,198.6,42
P75,2025-04-07,MO2505-P-5500,0,8,0,2,False,5500.0,400.0,5500.0,400.0,0.0,38
P75,2025-04-08,MO2505-P-4900,14,52,18,3,False,4900.0,91.6,5500.0,303.0,211.4,37
P75,2025-04-09,MO2505-P-4900,14,74,18,3,False,4900.0,64.4,5700.0,326.8,262.4,36
P75,2025-04-10,MO2505-P-4900,18,148,23,3,False,4900.0,32.4,5800.0,270.6,238.20000000000002,35
P75,2025-04-11,MO2505-P-4900,18,235,23,3,False,4900.0,20.4,5900.0,279.4,259.0,34
P75,2025-04-14,MO2505-P-4900,23,307,30,3,False,4900.0,15.6,5900.0,230.0,214.4,31
P75,2025-04-15,MO2505-P-4900,21,413,28,3,False,4900.0,11.6,5900.0,232.2,220.6,30
P75,2025-04-16,MO2505-P-4900,22,338,29,3,False,4900.0,14.2,5800.0,214.4,200.20000000000002,29
P75,2025-04-17,MO2505-P-4900,24,452,32,3,False,4900.0,10.6,5800.0,187.2,176.6,28
P75,2025-04-18,MO2505-P-4900,24,470,32,3,False,4900.0,10.2,5800.0,185.0,174.8,27
P75,2025-04-21,MO2506-P-3900,27,1043,36,3,False,3900.0,4.6,6000.0,351.8,347.2,59
P75,2025-04-22,MO2506-P-3900,34,827,45,3,False,3900.0,5.8,5900.0,284.4,278.59999999999997,58
P75,2025-04-23,MO2506-P-3900,31,1043,41,3,False,3900.0,4.6,6000.0,317.2,312.59999999999997,57
P75,2025-04-24,MO2506-P-3900,33,923,44,3,False,3900.0,5.2,5900.0,286.0,280.8,56
P75,2025-04-25,MO2506-P-3900,36,923,47,3,False,3900.0,5.2,5900.0,269.6,264.40000000000003,55
P75,2025-04-28,MO2506-P-3900,30,1000,40,3,False,3900.0,4.8,5900.0,301.4,296.59999999999997,52
P75,2025-04-29,MO2506-P-3900,33,1000,44,3,False,3900.0,4.8,5900.0,281.0,276.2,51
P75,2025-04-30,MO2506-P-3900,30,857,40,3,False,3900.0,5.6,6000.0,318.8,313.2,50
P75,2025-05-06,MO2506-P-3900,40,1714,53,3,False,3900.0,2.8,6100.0,254.0,251.2,44
P75,2025-05-07,MO2506-P-3900,41,1846,54,3,False,3900.0,2.6,6100.0,251.0,248.4,43
P75,2025-05-08,MO2506-P-3900,38,2000,50,3,False,3900.0,2.4,6200.0,277.0,274.6,42
P75,2025-05-09,MO2506-P-3900,39,2000,52,3,False,3900.0,2.4,6100.0,258.0,255.6,41
P75,2025-05-12,MO2506-P-3900,39,2181,52,3,False,3900.0,2.2,6200.0,266.4,264.2,38
P75,2025-05-13,MO2506-P-3900,37,2181,49,3,False,3900.0,2.2,6200.0,281.2,279.0,37
P75,2025-05-14,MO2506-P-3900,40,8000,53,3,False,3900.0,0.6,6200.0,259.6,259.0,36
P75,2025-05-15,MO2506-P-3900,40,2666,53,3,False,3900.0,1.8,6100.0,246.0,244.2,35
P75,2025-05-16,MO2506-P-3900,42,2666,55,3,False,3900.0,1.8,6100.0,240.6,238.79999999999998,34
P75,2025-05-19,MO2506-P-3900,47,3428,62,3,False,3900.0,1.4,6100.0,214.8,213.4,31
P75,2025-05-20,MO2506-P-3900,56,4000,74,3,False,3900.0,1.2,6100.0,185.4,184.20000000000002,30
P75,2025-05-21,MO2507-P-5200,16,184,21,3,False,5200.0,26.0,6100.0,299.6,273.6,57
P75,2025-05-22,MO2507-P-5200,14,136,18,3,False,5200.0,35.2,6100.0,339.4,304.2,56
P75,2025-05-23,MO2507-P-5200,13,107,17,3,False,5200.0,44.8,6000.0,325.0,280.2,55
P75,2025-05-26,MO2507-P-5200,15,121,20,3,False,5200.0,39.6,6000.0,290.4,250.79999999999998,52
P75,2025-05-27,MO2507-P-5200,15,138,20,3,False,5200.0,34.6,6000.0,286.6,252.00000000000003,51
P75,2025-05-28,MO2507-P-5200,15,134,19,3,False,5200.0,35.8,6000.0,296.8,261.0,50
P75,2025-05-29,MO2507-P-5200,17,216,22,3,False,5200.0,22.2,6100.0,273.2,251.0,49
P75,2025-05-30,MO2507-P-5200,18,190,24,3,False,5200.0,25.2,6000.0,240.0,214.8,48
P75,2025-06-03,MO2507-P-5200,15,240,20,3,False,5200.0,20.0,6100.0,282.4,262.4,44
P75,2025-06-04,MO2507-P-5200,19,307,25,3,False,5200.0,15.6,6100.0,242.4,226.8,43
P75,2025-06-05,MO2507-P-5200,18,342,23,3,False,5200.0,14.0,6200.0,277.2,263.2,42
P75,2025-06-06,MO2507-P-5200,18,347,23,3,False,5200.0,13.8,6200.0,273.2,259.4,41
P75,2025-06-09,MO2507-P-5200,22,500,29,3,False,5200.0,9.6,6200.0,223.2,213.6,38
P75,2025-06-10,MO2507-P-5200,18,387,24,3,False,5200.0,12.4,6200.0,253.0,240.6,37
P75,2025-06-11,MO2507-P-5200,21,436,27,3,False,5200.0,11.0,6200.0,233.0,222.0,36
P75,2025-06-12,MO2507-P-5200,21,387,28,3,False,5200.0,12.4,6200.0,231.2,218.79999999999998,35
P75,2025-06-13,MO2507-P-5200,22,315,29,3,False,5200.0,15.2,6100.0,208.2,193.0,34
P75,2025-06-16,MO2507-P-5200,27,489,36,3,False,5200.0,9.8,6100.0,171.6,161.79999999999998,31
P75,2025-06-17,MO2507-P-5200,28,510,37,3,False,5200.0,9.4,6100.0,166.2,156.79999999999998,30
P75,2025-06-18,MO2508-P-5300,17,146,22,3,False,5300.0,32.8,6100.0,270.0,237.2,57
P75,2025-06-19,MO2508-P-5300,18,121,23,3,False,5300.0,39.4,6000.0,237.6,198.2,56
P75,2025-06-20,MO2508-P-5300,16,125,21,3,False,5300.0,38.4,6000.0,242.8,204.4,55
P75,2025-06-23,MO2508-P-5300,15,170,20,3,False,5300.0,28.2,6100.0,263.2,235.0,52
P75,2025-06-24,MO2508-P-5300,18,289,24,3,False,5300.0,16.6,6200.0,246.6,230.0,51
P75,2025-06-25,MO2508-P-5300,19,324,25,3,False,5300.0,14.8,6300.0,257.8,243.0,50
P75,2025-06-26,MO2508-P-5300,16,275,21,2,False,5300.0,11.6,6200.0,197.0,185.4,49
P75,2025-06-27,MO2508-P-5300,13,333,17,2,False,5300.0,9.6,6300.0,240.4,230.8,48
P75,2025-06-30,MO2508-P-5300,13,390,17,2,False,5300.0,8.2,6400.0,270.4,262.2,45
P75,2025-07-01,MO2508-P-5300,13,363,17,2,False,5300.0,8.8,6400.0,275.0,266.2,44
P75,2025-07-02,MO2508-P-5300,15,390,20,2,False,5300.0,8.2,6300.0,217.2,209.0,43
P75,2025-07-03,MO2508-P-5300,17,432,22,2,False,5300.0,7.4,6300.0,204.4,197.0,42
P75,2025-07-04,MO2508-P-5300,15,380,20,2,False,5300.0,8.4,6300.0,213.8,205.4,41
P75,2025-07-07,MO2508-P-5300,15,372,20,2,False,5300.0,8.6,6300.0,214.6,206.0,38
P75,2025-07-08,MO2508-P-5300,16,551,21,2,False,5300.0,5.8,6400.0,217.2,211.39999999999998,37
P75,2025-07-09,MO2508-P-5300,16,500,21,2,False,5300.0,6.4,6400.0,222.2,215.79999999999998,36
P75,2025-07-10,MO2508-P-5300,17,533,22,2,False,5300.0,6.0,6400.0,209.2,203.2,35
P75,2025-07-11,MO2508-P-5300,17,640,22,2,False,5300.0,5.0,6500.0,221.8,216.8,34
P75,2025-07-14,MO2508-P-5300,17,666,22,2,False,5300.0,4.8,6500.0,225.0,220.2,31
P75,2025-07-15,MO2508-P-5300,22,592,29,2,False,5300.0,5.4,6400.0,165.4,160.0,30
P75,2025-07-16,MO2508-P-5300,18,800,23,2,False,5300.0,4.0,6500.0,214.6,210.6,29
P75,2025-07-17,MO2508-P-5300,27,1066,35,2,False,5300.0,3.0,6500.0,148.2,145.2,28
P75,2025-07-18,MO2508-P-5300,21,1066,27,2,False,5300.0,3.0,6600.0,190.0,187.0,27
P75,2025-07-21,MO2509-P-4000,30,842,40,2,False,4000.0,3.8,6600.0,267.8,264.0,59
P75,2025-07-22,MO2509-P-4000,33,842,43,2,False,4000.0,3.8,6600.0,254.0,250.2,58
P75,2025-07-23,MO2509-P-4000,30,727,40,2,False,4000.0,4.4,6600.0,265.8,261.40000000000003,57
P75,2025-07-24,MO2509-P-4000,33,761,43,2,False,4000.0,4.2,6700.0,261.0,256.8,56
P75,2025-07-25,MO2509-P-4000,30,888,40,2,False,4000.0,3.6,6700.0,274.6,271.0,55
P75,2025-07-28,MO2509-P-4000,32,888,42,2,False,4000.0,3.6,6700.0,264.8,261.2,52
P75,2025-07-29,MO2509-P-4000,30,888,39,2,False,4000.0,3.6,6800.0,295.0,291.4,51
P75,2025-07-30,MO2509-P-4000,33,888,44,2,False,4000.0,3.6,6700.0,252.2,248.6,50
P75,2025-07-31,MO2509-P-4000,29,800,38,2,False,4000.0,4.0,6700.0,288.0,284.0,49
P75,2025-08-01,MO2509-P-4000,31,888,41,2,False,4000.0,3.6,6700.0,269.0,265.4,48
P75,2025-08-04,MO2509-P-4000,41,1000,54,2,False,4000.0,3.2,6700.0,206.8,203.60000000000002,45
P75,2025-08-05,MO2509-P-4000,36,8000,47,2,False,4000.0,0.4,6800.0,242.0,241.6,44
P75,2025-08-06,MO2509-P-4000,36,1333,47,2,False,4000.0,2.4,6900.0,250.4,248.0,43
P75,2025-08-07,MO2509-P-4000,34,1230,45,2,False,4000.0,2.6,6900.0,259.0,256.4,42
P75,2025-08-08,MO2509-P-4000,44,1230,58,2,False,4000.0,2.6,6800.0,199.8,197.20000000000002,41
P75,2025-08-11,MO2509-P-4000,47,3200,62,2,False,4000.0,1.0,6900.0,192.6,191.6,38
P75,2025-08-12,MO2509-P-4000,39,1454,51,2,False,4000.0,2.2,7000.0,238.0,235.8,37
P75,2025-08-13,MO2509-P-4000,39,1454,52,2,False,4000.0,2.2,7100.0,242.4,240.20000000000002,36
P75,2025-08-14,MO2509-P-4000,42,1600,55,2,False,4000.0,2.0,7000.0,218.6,216.6,35
P75,2025-08-15,MO2509-P-4000,48,2285,63,2,False,4000.0,1.4,7100.0,201.8,200.4,34
P75,2025-08-18,MO2509-P-4000,42,2666,55,2,False,4000.0,1.2,7200.0,238.8,237.60000000000002,31
P75,2025-08-19,MO2509-P-4000,45,5333,59,2,False,4000.0,0.6,7200.0,223.0,222.4,30
P75,2025-08-20,MO2510-P-5800,14,363,18,2,False,5800.0,8.8,7300.0,348.0,339.2,57
P75,2025-08-21,MO2510-P-5800,12,313,16,2,False,5800.0,10.2,7300.0,373.8,363.6,56
P75,2025-08-22,MO2510-P-5800,15,313,19,2,False,5800.0,10.2,7400.0,349.2,339.0,55
P75,2025-08-25,MO2510-P-5800,15,347,19,2,False,5800.0,9.2,7500.0,372.6,363.40000000000003,52
P75,2025-08-26,MO2510-P-5800,15,340,20,2,False,5800.0,9.4,7500.0,361.8,352.40000000000003,51
P75,2025-08-27,MO2510-P-5800,16,326,21,2,False,5800.0,9.8,7300.0,312.8,303.0,50
P75,2025-08-28,MO2510-P-5800,16,372,21,2,False,5800.0,8.6,7400.0,328.2,319.59999999999997,49
P75,2025-08-29,MO2510-P-5800,16,296,21,2,False,5800.0,10.8,7400.0,334.2,323.4,48
P75,2025-09-01,MO2510-P-5800,15,320,19,2,False,5800.0,10.0,7500.0,373.0,363.0,45
P75,2025-09-02,MO2510-P-5800,15,231,20,2,False,5800.0,13.8,7300.0,325.6,311.8,44
P75,2025-09-03,MO2510-P-5800,15,235,19,2,False,5800.0,13.6,7200.0,310.8,297.2,43
P75,2025-09-04,MO2510-P-5800,15,205,20,2,False,5800.0,15.6,7000.0,271.6,256.0,42
P75,2025-09-05,MO2510-P-5800,18,390,23,2,False,5800.0,8.2,7200.0,262.2,254.0,41
P75,2025-09-08,MO2510-P-5800,16,400,21,2,False,5800.0,8.0,7300.0,299.2,291.2,38
P75,2025-09-09,MO2510-P-5800,17,390,22,2,False,5800.0,8.2,7200.0,275.2,267.0,37
P75,2025-09-10,MO2510-P-5800,18,432,23,2,False,5800.0,7.4,7200.0,265.8,258.40000000000003,36
P75,2025-09-11,MO2510-P-5800,19,615,25,2,False,5800.0,5.2,7400.0,263.6,258.40000000000003,35
P75,2025-09-12,MO2510-P-5800,21,571,27,2,False,5800.0,5.6,7400.0,250.0,244.4,34
P75,2025-09-15,MO2510-P-5800,20,444,26,2,False,5800.0,7.2,7400.0,262.8,255.60000000000002,31
P75,2025-09-16,MO2510-P-5800,19,533,25,2,False,5800.0,6.0,7500.0,280.0,274.0,30
P75,2025-09-17,MO2510-P-5800,20,571,26,2,False,5800.0,5.6,7600.0,285.2,279.59999999999997,29
P75,2025-09-18,MO2510-P-5800,19,516,25,2,False,5800.0,6.2,7500.0,282.8,276.6,28
P75,2025-09-19,MO2510-P-5800,24,695,31,2,False,5800.0,4.6,7400.0,218.8,214.20000000000002,27
P75,2025-09-22,MO2511-P-6300,10,78,13,2,False,6300.0,41.0,7500.0,414.8,373.8,59
P75,2025-09-23,MO2511-P-6300,10,61,13,2,False,6300.0,52.4,7400.0,406.6,354.20000000000005,58
P75,2025-09-24,MO2511-P-6300,12,84,16,2,False,6300.0,37.8,7500.0,364.2,326.4,57
P75,2025-09-25,MO2511-P-6300,12,102,15,2,False,6300.0,31.2,7500.0,366.6,335.40000000000003,56
P75,2025-09-26,MO2511-P-6300,11,95,14,2,False,6300.0,33.4,7400.0,355.0,321.6,55
P75,2025-09-29,MO2511-P-6300,12,134,16,2,False,6300.0,23.8,7500.0,332.6,308.8,52
P75,2025-09-30,MO2511-P-6300,12,173,16,2,False,6300.0,18.4,7600.0,343.2,324.8,51
P75,2025-10-09,MO2511-P-6300,17,333,22,2,False,6300.0,9.6,7600.0,261.6,252.00000000000003,42
P75,2025-10-10,MO2511-P-6300,15,296,20,2,False,6300.0,10.8,7500.0,260.2,249.39999999999998,41
P75,2025-10-13,MO2511-P-6300,14,222,18,2,False,6300.0,14.4,7500.0,293.2,278.8,38
P75,2025-10-14,MO2511-P-6300,12,134,15,2,False,6300.0,23.8,7400.0,316.2,292.4,37
P75,2025-10-15,MO2511-P-6300,14,307,18,2,False,6300.0,10.4,7500.0,284.0,273.6,36
P75,2025-10-16,MO2511-P-6300,13,250,17,2,False,6300.0,12.8,7400.0,274.2,261.4,35
P75,2025-10-17,MO2511-P-6300,11,132,14,2,False,6300.0,24.2,7200.0,280.0,255.8,34
P75,2025-10-20,MO2511-P-6300,13,197,17,2,False,6300.0,16.2,7200.0,243.4,227.20000000000002,31
P75,2025-10-21,MO2511-P-6300,15,400,20,2,False,6300.0,8.0,7300.0,217.6,209.6,30
P75,2025-10-22,MO2512-P-4900,21,666,28,2,False,4900.0,4.8,7300.0,350.8,346.0,57
P75,2025-10-23,MO2512-P-4900,22,666,29,2,False,4900.0,4.8,7300.0,346.0,341.2,56
P75,2025-10-24,MO2512-P-4900,24,761,32,2,False,4900.0,4.2,7400.0,324.6,320.40000000000003,55
P75,2025-10-27,MO2512-P-4900,23,1000,30,2,False,4900.0,3.2,7500.0,354.4,351.2,52
P75,2025-10-28,MO2512-P-4900,24,1333,31,2,False,4900.0,2.4,7500.0,337.6,335.20000000000005,51
P75,2025-10-29,MO2512-P-4900,24,1066,32,2,False,4900.0,3.0,7600.0,337.0,334.0,50
P75,2025-10-30,MO2512-P-4900,24,1230,32,2,False,4900.0,2.6,7500.0,327.0,324.4,49
P75,2025-10-31,MO2512-P-4900,26,1142,34,2,False,4900.0,2.8,7500.0,314.6,311.8,48
P75,2025-11-03,MO2512-P-4900,28,4000,37,2,False,4900.0,0.8,7500.0,287.0,286.2,45
P75,2025-11-04,MO2512-P-4900,27,4000,35,2,False,4900.0,0.8,7400.0,297.8,297.0,44
P75,2025-11-05,MO2512-P-4900,24,1600,31,2,False,4900.0,2.0,7500.0,336.0,334.0,43
P75,2025-11-06,MO2512-P-4900,25,1454,33,2,False,4900.0,2.2,7600.0,326.2,324.0,42
P75,2025-11-07,MO2512-P-4900,31,1600,41,2,False,4900.0,2.0,7500.0,260.0,258.0,41
P75,2025-11-10,MO2512-P-4900,27,1777,35,2,False,4900.0,1.8,7600.0,307.6,305.8,38
P75,2025-11-11,MO2512-P-4900,31,2000,41,2,False,4900.0,1.6,7500.0,265.0,263.4,37
P75,2025-11-12,MO2512-P-4900,29,1777,38,2,False,4900.0,1.8,7500.0,279.0,277.2,36
P75,2025-11-13,MO2512-P-4900,31,2285,41,2,False,4900.0,1.4,7600.0,268.0,266.6,35
P75,2025-11-14,MO2512-P-4900,32,2666,42,2,False,4900.0,1.2,7500.0,250.4,249.20000000000002,34
P75,2025-11-17,MO2512-P-4900,35,16000,46,2,False,4900.0,0.2,7500.0,228.8,228.60000000000002,31
P75,2025-11-18,MO2512-P-4900,38,2285,50,2,False,4900.0,1.4,7400.0,206.0,204.6,30
P75,2025-11-19,MO2601-P-6400,11,97,14,2,False,6400.0,32.8,7400.0,336.4,303.59999999999997,57
P75,2025-11-20,MO2601-P-6400,12,95,15,2,False,6400.0,33.4,7300.0,286.4,252.99999999999997,56
P75,2025-11-21,MO2601-P-6400,9,49,11,2,False,6400.0,64.8,7100.0,315.0,250.2,55
P75,2025-11-24,MO2601-P-6300,9,80,12,2,False,6300.0,39.6,7200.0,327.4,287.79999999999995,52
P75,2025-11-25,MO2601-P-6300,12,117,16,2,False,6300.0,27.2,7200.0,267.0,239.8,51
P75,2025-11-26,MO2601-P-6300,13,137,17,2,False,6300.0,23.2,7200.0,259.0,235.8,50
P75,2025-11-27,MO2601-P-6300,10,156,13,2,False,6300.0,20.4,7300.0,318.4,298.0,49
P75,2025-11-28,MO2601-P-6300,13,213,17,2,False,6300.0,15.0,7300.0,265.6,250.60000000000002,48
P75,2025-12-01,MO2601-P-6300,12,266,16,2,False,6300.0,12.0,7400.0,296.8,284.8,45
P75,2025-12-02,MO2601-P-6300,13,271,17,2,False,6300.0,11.8,7300.0,262.8,251.0,44
P75,2025-12-03,MO2601-P-6300,14,253,18,2,False,6300.0,12.6,7200.0,230.0,217.4,43
P75,2025-12-04,MO2601-P-6300,15,290,19,2,False,6300.0,11.0,7200.0,214.8,203.8,42
P75,2025-12-05,MO2601-P-6300,17,363,22,2,False,6300.0,8.8,7300.0,205.2,196.39999999999998,41
P75,2025-12-08,MO2601-P-6300,17,470,22,2,False,6300.0,6.8,7400.0,214.4,207.6,38
P75,2025-12-09,MO2601-P-6300,15,470,20,2,False,6300.0,6.8,7400.0,229.2,222.39999999999998,37
P75,2025-12-10,MO2601-P-6300,16,470,21,2,False,6300.0,6.8,7400.0,221.0,214.2,36
P75,2025-12-11,MO2601-P-6300,16,432,21,2,False,6300.0,7.4,7300.0,204.8,197.4,35
P75,2025-12-12,MO2601-P-6300,16,484,21,2,False,6300.0,6.6,7400.0,220.4,213.8,34
P75,2025-12-15,MO2601-P-6300,18,533,23,2,False,6300.0,6.0,7300.0,184.6,178.6,31
P75,2025-12-16,MO2601-P-6300,15,380,19,2,False,6300.0,8.4,7200.0,197.0,188.6,30
P75,2025-12-17,MO2602-P-6300,12,136,15,2,False,6300.0,23.4,7300.0,295.8,272.40000000000003,58
P75,2025-12-18,MO2602-P-6300,12,133,15,2,False,6300.0,24.0,7300.0,300.0,276.0,57
P75,2025-12-19,MO2602-P-6300,14,170,18,2,False,6300.0,18.8,7300.0,255.0,236.2,56
P75,2025-12-22,MO2602-P-6300,13,228,17,2,False,6300.0,14.0,7400.0,277.0,263.0,53
P75,2025-12-23,MO2602-P-6300,13,235,17,2,False,6300.0,13.6,7400.0,275.0,261.4,52
P75,2025-12-24,MO2602-P-6300,15,313,19,2,False,6300.0,10.2,7500.0,268.8,258.6,51
P75,2025-12-25,MO2602-P-6300,15,432,19,2,False,6300.0,7.4,7600.0,283.0,275.6,50
P75,2025-12-26,MO2602-P-6300,17,444,22,2,False,6300.0,7.2,7600.0,255.6,248.4,49
P75,2025-12-29,MO2602-P-6300,15,363,20,2,False,6300.0,8.8,7600.0,275.8,267.0,46
P75,2025-12-30,MO2602-P-6300,15,380,20,2,False,6300.0,8.4,7600.0,273.0,264.6,45
P75,2025-12-31,MO2602-P-6300,15,380,20,2,False,6300.0,8.4,7600.0,278.4,270.0,44
P75,2026-01-05,MO2602-P-6300,16,666,21,2,False,6300.0,4.8,7800.0,284.6,279.8,39
P75,2026-01-06,MO2602-P-6300,17,800,22,2,False,6300.0,4.0,7900.0,295.0,291.0,38
P75,2026-01-07,MO2602-P-6300,19,800,25,2,False,6300.0,4.0,7900.0,269.8,265.8,37
P75,2026-01-08,MO2602-P-6300,18,941,24,2,False,6300.0,3.4,8000.0,294.0,290.6,36
P75,2026-01-09,MO2602-P-6300,23,800,30,2,False,6300.0,4.0,8100.0,253.8,249.8,35
P75,2026-01-12,MO2602-P-6300,19,842,25,2,False,6300.0,3.8,8400.0,339.8,336.0,32
P75,2026-01-13,MO2602-P-6300,23,695,30,2,False,6300.0,4.6,8200.0,266.0,261.4,31
P75,2026-01-14,MO2602-P-6300,19,888,25,2,False,6300.0,3.6,8300.0,321.2,317.59999999999997,30
P75,2026-01-15,MO2602-P-6300,25,2285,33,2,False,6300.0,1.4,8200.0,238.0,236.6,29
P75,2026-01-16,MO2602-P-6300,27,1333,36,2,False,6300.0,2.4,8200.0,220.8,218.4,28
P75,2026-01-19,MO2603-P-4900,28,1600,37,2,False,4900.0,2.0,8300.0,369.8,367.8,59
P75,2026-01-20,MO2603-P-4900,32,1454,42,2,False,4900.0,2.2,8200.0,321.0,318.8,58
P75,2026-01-21,MO2603-P-4900,38,1600,50,2,False,4900.0,2.0,8200.0,274.4,272.4,57
P75,2026-01-22,MO2603-P-4900,36,1600,47,2,False,4900.0,2.0,8300.0,295.2,293.2,56
P75,2026-01-23,MO2603-P-4900,33,1600,44,2,False,4900.0,2.0,8500.0,327.0,325.0,55
P75,2026-01-26,MO2603-P-4900,29,1600,38,2,False,4900.0,2.0,8400.0,376.6,374.6,52
P75,2026-01-27,MO2603-P-4900,31,1777,41,2,False,4900.0,1.8,8400.0,343.2,341.4,51
P75,2026-01-28,MO2603-P-4900,32,2000,42,2,False,4900.0,1.6,8400.0,337.6,336.0,50
P75,2026-01-29,MO2603-P-4900,36,2285,48,2,False,4900.0,1.4,8300.0,289.6,288.20000000000005,49
P75,2026-01-30,MO2603-P-4900,32,1777,42,2,False,4900.0,1.8,8300.0,327.0,325.2,48
P75,2026-02-02,MO2603-P-4900,23,842,30,2,False,4900.0,3.8,8000.0,417.2,413.4,45
P75,2026-02-03,MO2603-P-4900,33,3200,44,2,False,4900.0,1.0,8200.0,308.0,307.0,44
P75,2026-02-04,MO2603-P-4900,35,1777,46,2,False,4900.0,1.8,8200.0,292.8,291.0,43
P75,2026-02-05,MO2603-P-4900,33,1230,43,2,False,4900.0,2.6,8100.0,301.8,299.2,42
P75,2026-02-06,MO2603-P-4900,30,800,40,2,False,4900.0,4.0,8100.0,325.4,321.4,41
P75,2026-02-09,MO2603-P-4900,42,1000,55,2,False,4900.0,3.2,8200.0,248.0,244.8,38
P75,2026-02-10,MO2603-P-4900,36,1454,48,2,False,4900.0,2.2,8300.0,284.8,282.6,37
P75,2026-02-11,MO2603-P-4900,43,1454,57,2,False,4900.0,2.2,8200.0,236.8,234.60000000000002,36
P75,2026-02-12,MO2603-P-4900,45,1600,59,2,False,4900.0,2.0,8300.0,234.2,232.2,35
P75,2026-02-13,MO2603-P-4900,38,1333,50,2,False,4900.0,2.4,8200.0,267.4,265.0,34
P75,2026-02-24,MO2604-P-7100,13,108,17,2,False,7100.0,29.6,8300.0,326.2,296.59999999999997,51
P75,2026-02-25,MO2604-P-7100,15,149,20,2,False,7100.0,21.4,8400.0,297.8,276.40000000000003,50
P75,2026-02-26,MO2604-P-7100,15,183,19,2,False,7100.0,17.4,8500.0,326.0,308.6,49
P75,2026-02-27,MO2604-P-7100,15,213,19,2,False,7100.0,15.0,8600.0,334.4,319.4,48
P75,2026-03-02,MO2604-P-7100,15,177,19,2,False,7100.0,18.0,8500.0,322.4,304.4,45
P75,2026-03-03,MO2604-P-7100,13,87,17,2,False,7100.0,36.4,8100.0,288.2,251.79999999999998,44
P75,2026-03-04,MO2604-P-7100,12,70,15,2,False,7100.0,45.2,8100.0,325.8,280.6,43
P75,2026-03-05,MO2604-P-7100,12,86,16,2,False,7100.0,36.8,8200.0,308.8,272.0,42
P75,2026-03-06,MO2604-P-7100,15,99,20,2,False,7100.0,32.2,8200.0,267.6,235.40000000000003,41
P75,2026-03-09,MO2604-P-7100,14,71,18,2,False,7100.0,44.6,8200.0,294.0,249.4,38
P75,2026-03-10,MO2604-P-7100,15,115,19,2,False,7100.0,27.6,8400.0,305.2,277.59999999999997,37
P75,2026-03-11,MO2604-P-7100,14,105,18,2,False,7100.0,30.2,8400.0,318.0,287.8,36
P75,2026-03-12,MO2604-P-7100,15,111,19,2,False,7100.0,28.6,8300.0,295.4,266.79999999999995,35
P75,2026-03-13,MO2604-P-7100,14,90,18,2,False,7100.0,35.2,8200.0,286.6,251.40000000000003,34
P75,2026-03-16,MO2604-P-7100,15,122,19,2,False,7100.0,26.2,8200.0,272.4,246.2,31
P75,2026-03-17,MO2604-P-7100,13,97,17,2,False,7100.0,32.8,8000.0,255.0,222.2,30
P75,2026-03-18,MO2605-P-7200,10,39,13,2,False,7200.0,82.0,8100.0,363.8,281.8,57
P75,2026-03-19,MO2605-P-7200,9,27,12,2,False,7200.0,114.8,7900.0,360.8,246.0,56
P75,2026-03-20,MO2605-P-7100,9,27,11,2,False,7100.0,115.6,7800.0,365.0,249.4,55
P75,2026-03-23,MO2605-P-7000,9,11,11,2,False,7000.0,273.6,7400.0,432.0,158.39999999999998,52
P75,2026-03-24,MO2605-P-6600,16,67,21,3,False,6600.0,71.0,7600.0,369.8,298.8,51
P75,2026-03-25,MO2605-P-6600,16,94,21,3,False,6600.0,51.0,7800.0,386.6,335.6,50
P75,2026-03-26,MO2605-P-6600,18,69,23,3,False,6600.0,68.8,7600.0,343.2,274.4,49
P75,2026-03-27,MO2605-P-6600,20,86,26,3,False,6600.0,55.6,7700.0,325.0,269.4,48
P75,2026-03-30,MO2605-P-6600,17,83,22,3,False,6600.0,57.6,7800.0,382.6,325.0,45
P75,2026-03-31,MO2605-P-6600,18,73,23,3,False,6600.0,65.6,7600.0,337.0,271.4,44
P75,2026-04-01,MO2605-P-6600,18,125,23,3,False,6600.0,38.4,7800.0,347.4,309.0,43
P75,2026-04-02,MO2605-P-6600,18,83,23,3,False,6600.0,57.8,7600.0,329.8,272.0,42
P75,2026-04-03,MO2605-P-6600,18,69,24,3,False,6600.0,69.4,7500.0,311.0,241.6,41
P75,2026-04-07,MO2605-P-6600,19,87,25,3,False,6600.0,55.0,7600.0,303.0,248.0,37
P75,2026-04-08,MO2605-P-6600,22,285,29,3,False,6600.0,16.8,8000.0,301.2,284.4,36
P75,2026-04-09,MO2605-P-6600,25,272,33,3,False,6600.0,17.6,7900.0,265.0,247.4,35
P75,2026-04-10,MO2605-P-6600,26,285,34,3,False,6600.0,16.8,8000.0,268.0,251.2,34
P75,2026-04-13,MO2605-P-6600,27,255,36,3,False,6600.0,18.8,8000.0,260.4,241.59999999999997,31
P75,2026-04-14,MO2605-P-6600,30,342,40,3,False,6600.0,14.0,8100.0,250.8,236.8,30
P75,2026-04-15,MO2605-P-6600,29,380,38,3,False,6600.0,12.6,8100.0,250.6,238.0,29
P75,2026-04-16,MO2605-P-6600,34,685,45,3,False,6600.0,7.0,8200.0,225.2,218.2,28
P75,2026-04-17,MO2605-P-6600,36,705,48,3,False,6600.0,6.8,8300.0,222.8,216.0,27
P75,2026-04-20,MO2606-P-5200,34,705,45,3,False,5200.0,6.8,8400.0,431.2,424.4,59
P75,2026-04-21,MO2606-P-5200,35,827,46,3,False,5200.0,5.8,8400.0,425.6,419.8,58
P75,2026-04-22,MO2606-P-5200,38,1043,50,3,False,5200.0,4.6,8500.0,401.8,397.2,57
P75,2026-04-23,MO2606-P-5200,37,1090,49,3,False,5200.0,4.4,8400.0,398.8,394.40000000000003,56
P75,2026-04-24,MO2606-P-5200,39,1090,52,3,False,5200.0,4.4,8300.0,368.6,364.20000000000005,55
P75,2026-04-27,MO2606-P-5200,42,1333,56,3,False,5200.0,3.6,8300.0,341.6,338.0,52
P75,2026-04-28,MO2606-P-5200,43,1333,57,3,False,5200.0,3.6,8200.0,324.8,321.2,51
P75,2026-04-29,MO2606-P-5200,48,1500,63,3,False,5200.0,3.2,8300.0,303.2,300.0,50
P75,2026-04-30,MO2606-P-5200,44,1714,58,3,False,5200.0,2.8,8400.0,336.4,333.59999999999997,49
P75,2026-05-06,MO2606-P-5200,48,2000,64,3,False,5200.0,2.4,8600.0,323.6,321.20000000000005,43
P75,2026-05-07,MO2606-P-5200,35,1333,46,2,False,5200.0,2.4,8700.0,312.0,309.6,42
P75,2026-05-08,MO2606-P-5200,35,1333,46,2,False,5200.0,2.4,8700.0,311.8,309.40000000000003,41
P75,2026-05-11,MO2606-P-5200,30,1333,40,2,False,5200.0,2.4,8900.0,378.0,375.6,38
P75,2026-05-12,MO2606-P-5200,33,1142,44,2,False,5200.0,2.8,8800.0,338.2,335.4,37
P75,2026-05-13,MO2606-P-5200,31,1777,41,2,False,5200.0,1.8,9000.0,369.0,367.2,36
P75,2026-05-14,MO2606-P-5200,35,1600,46,2,False,5200.0,2.0,8800.0,318.0,316.0,35
P75,2026-05-15,MO2606-P-5200,34,1777,45,2,False,5200.0,1.8,8700.0,314.6,312.8,34
P75,2026-05-18,MO2606-P-5200,39,1777,51,2,False,5200.0,1.8,8700.0,280.8,279.0,31
P75,2026-05-19,MO2606-P-5200,39,2000,52,2,False,5200.0,1.6,8800.0,282.6,281.0,30
P75,2026-05-20,MO2607-P-7400,12,67,15,2,False,7400.0,47.2,8800.0,432.6,385.40000000000003,58
P75,2026-05-21,MO2607-P-7400,11,47,14,2,False,7400.0,67.8,8500.0,403.0,335.2,57
P75,2026-05-22,MO2607-P-7400,11,66,14,2,False,7400.0,48.4,8700.0,424.0,375.6,56
P75,2026-05-25,MO2607-P-7400,12,82,15,2,False,7400.0,38.8,8800.0,434.8,396.0,53
P75,2026-05-26,MO2607-P-7400,11,74,14,2,False,7400.0,42.8,8700.0,431.0,388.2,52
P75,2026-05-27,MO2607-P-7400,11,53,14,2,False,7400.0,59.4,8500.0,405.8,346.40000000000003,51
P75,2026-05-28,MO2607-P-7400,12,70,15,2,False,7400.0,45.4,8600.0,389.4,344.0,50
P75,2026-05-29,MO2607-P-7400,10,51,13,2,False,7400.0,61.8,8400.0,396.8,335.0,49
P75,2026-06-01,MO2607-P-7400,11,52,14,2,False,7400.0,60.8,8300.0,349.2,288.4,46
P75,2026-06-02,MO2607-P-7400,10,55,13,2,False,7400.0,58.0,8400.0,386.0,328.0,45
P75,2026-06-03,MO2607-P-7400,11,62,14,2,False,7400.0,50.8,8400.0,355.8,305.0,44
P75,2026-06-04,MO2607-P-7400,11,62,14,2,False,7400.0,50.8,8400.0,356.2,305.4,43
P75,2026-06-05,MO2607-P-7400,11,54,14,2,False,7400.0,59.2,8300.0,342.8,283.6,42
P75,2026-06-08,MO2607-P-7400,9,32,12,2,False,7400.0,98.4,8100.0,345.4,246.99999999999997,39
P75,2026-06-09,MO2607-P-7200,12,76,15,2,False,7200.0,42.0,8300.0,353.0,311.0,37
P75,2026-06-10,MO2607-P-7200,11,65,14,2,False,7200.0,48.8,8200.0,335.8,287.0,36
P75,2026-06-11,MO2607-P-7200,10,63,13,2,False,7200.0,50.6,8200.0,349.8,299.2,35
P75,2026-06-12,MO2607-P-7200,12,93,16,2,False,7200.0,34.4,8200.0,296.8,262.40000000000003,34
P75,2026-06-15,MO2607-P-7200,14,207,18,2,False,7200.0,15.4,8500.0,315.0,299.6,31
P75,2026-06-16,MO2607-P-7200,15,216,20,2,False,7200.0,14.8,8600.0,308.8,294.0,30
P75,2026-06-17,MO2607-P-7200,15,271,20,2,False,7200.0,11.8,8700.0,320.0,308.2,29
P75,2026-06-18,MO2607-P-7200,16,355,21,2,False,7200.0,9.0,8800.0,320.0,311.0,28
P75,2026-06-22,MO2608-P-7200,11,90,14,2,False,7200.0,35.2,8900.0,520.4,485.2,59
P75,2026-06-23,MO2608-P-7200,11,73,14,2,False,7200.0,43.4,8700.0,480.6,437.20000000000005,58
P75,2026-06-24,MO2608-P-7200,12,87,15,2,False,7200.0,36.6,8800.0,487.2,450.59999999999997,57
P75,2026-06-25,MO2608-P-7200,12,97,16,2,False,7200.0,32.8,8800.0,451.2,418.4,56
P75,2026-06-26,MO2608-P-7200,11,74,14,2,False,7200.0,43.0,8600.0,444.2,401.2,55
P75,2026-06-29,MO2608-P-7200,11,75,14,2,False,7200.0,42.6,8600.0,446.2,403.59999999999997,52
P75,2026-06-30,MO2608-P-7200,12,111,16,2,False,7200.0,28.6,8800.0,438.6,410.0,51
P75,2026-07-01,MO2608-P-7200,12,135,15,2,False,7200.0,23.6,8900.0,481.0,457.4,50
P75,2026-07-02,MO2608-P-7200,12,107,16,2,False,7200.0,29.8,8600.0,396.6,366.8,49
P75,2026-07-03,MO2608-P-7200,13,113,17,2,False,7200.0,28.2,8600.0,373.6,345.40000000000003,48
P75,2026-07-06,MO2608-P-7200,12,117,15,2,False,7200.0,27.2,8500.0,387.0,359.8,45
P75,2026-07-07,MO2608-P-7200,12,94,15,2,False,7200.0,33.8,8300.0,344.0,310.2,44
P75,2026-07-08,MO2608-P-7200,11,71,14,2,False,7200.0,45.0,8100.0,318.4,273.4,43
P75,2026-07-09,MO2608-P-7200,12,105,15,2,False,7200.0,30.4,8300.0,336.2,305.8,42
P75,2026-07-10,MO2608-P-7200,11,90,14,2,False,7200.0,35.2,8200.0,325.2,290.0,41
P75,2026-07-13,MO2608-P-7200,8,34,10,2,False,7200.0,92.2,7800.0,330.0,237.8,38
P75,2026-07-14,MO2608-P-7000,17,108,22,3,False,7000.0,44.2,7900.0,303.6,259.40000000000003,37
P75,2026-07-15,MO2608-P-7000,15,84,20,3,False,7000.0,56.6,7800.0,304.6,248.00000000000003,36
P75,2026-07-16,MO2608-P-7000,15,53,19,3,False,7000.0,90.0,7600.0,297.6,207.60000000000002,35
P75,2026-07-17,MO2608-P-6800,10,27,13,3,False,6800.0,176.6,7200.0,360.2,183.6,34
P75,2026-07-20,MO2608-P-6400,11,30,14,3,False,6400.0,158.4,7000.0,412.8,254.4,31
P75,2026-07-21,MO2608-P-6200,17,113,22,3,False,6200.0,42.4,7300.0,339.0,296.6,30
P75,2026-07-22,MO2609-P-6200,13,49,17,3,False,6200.0,96.4,7200.0,437.8,341.4,58
P75,2026-07-23,MO2609-P-6200,15,72,19,3,False,6200.0,66.0,7200.0,393.0,327.0,57
P75,2026-07-24,MO2609-P-6200,13,44,17,3,False,6200.0,106.8,7000.0,395.0,288.2,56
P75,2026-07-27,MO2609-P-6200,17,78,22,3,False,6200.0,60.8,7200.0,349.6,288.8,53
P75,2026-07-28,MO2609-P-6200,15,46,19,3,False,6200.0,102.6,7000.0,369.0,266.4,52
P75,2026-07-29,MO2609-P-6200,15,53,19,3,False,6200.0,89.4,7100.0,378.0,288.6,51
P75,2026-07-30,MO2609-P-6200,13,32,17,3,False,6200.0,147.8,6900.0,410.4,262.59999999999997,50
P75,2026-07-31,MO2609-P-6200,19,63,25,4,False,6200.0,101.2,7100.0,390.0,288.8,49
P75,2026-08-03,MO2609-P-6200,19,76,25,4,False,6200.0,83.4,7100.0,367.4,284.0,46
P75,2026-08-04,MO2609-P-6200,23,142,30,4,False,6200.0,44.8,7300.0,342.0,297.2,45
P75,2026-08-05,MO2609-P-6200,27,203,35,4,False,6200.0,31.4,7500.0,327.2,295.8,44
P75,2026-08-06,MO2609-P-6200,28,198,37,4,False,6200.0,32.2,7500.0,320.0,287.8,43
P75,2026-08-07,MO2609-P-6200,30,293,39,4,False,6200.0,21.8,7700.0,332.8,311.0,42
P75,2026-08-10,MO2609-P-6200,32,347,42,4,False,6200.0,18.4,7700.0,315.6,297.20000000000005,39
P75,2026-08-11,MO2609-P-6200,32,351,42,4,False,6200.0,18.2,7700.0,307.8,289.6,38
P75,2026-08-12,MO2609-P-6200,33,421,43,4,False,6200.0,15.2,7800.0,316.2,301.0,37
P75,2026-08-13,MO2609-P-6200,35,385,46,4,False,6200.0,16.6,7700.0,282.0,265.4,36
P75,2026-08-14,MO2609-P-6200,33,507,43,4,False,6200.0,12.6,7800.0,311.4,298.79999999999995,35
P100,2022-07-22,MO2209-P-6300,13,43,13,2,False,6300.0,72.8,7000.0,305.8,233.0,55
P100,2022-07-25,MO2209-P-6300,13,40,13,2,False,6300.0,78.6,6900.0,287.6,209.00000000000003,52
P100,2022-07-26,MO2209-P-6200,15,84,15,2,False,6200.0,38.0,7000.0,271.0,233.0,51
P100,2022-07-27,MO2209-P-6200,15,93,15,2,False,6200.0,34.2,7100.0,280.6,246.40000000000003,50
P100,2022-07-28,MO2209-P-6200,14,94,14,2,False,6200.0,33.8,7200.0,313.4,279.59999999999997,49
P100,2022-07-29,MO2209-P-6200,16,87,16,2,False,6200.0,36.4,7100.0,270.0,233.6,48
P100,2022-08-01,MO2209-P-6200,15,98,15,2,False,6200.0,32.6,7200.0,296.6,264.0,45
P100,2022-08-02,MO2209-P-6200,13,45,13,2,False,6200.0,71.0,7000.0,314.0,243.0,44
P100,2022-08-03,MO2209-P-6200,14,48,14,2,False,6200.0,66.4,6900.0,276.4,209.99999999999997,43
P100,2022-08-04,MO2209-P-6200,12,56,12,2,False,6200.0,56.4,7000.0,311.4,254.99999999999997,42
P100,2022-08-05,MO2209-P-6200,17,87,17,2,False,6200.0,36.4,7100.0,255.8,219.4,41
P100,2022-08-08,MO2209-P-6200,16,109,16,2,False,6200.0,29.2,7200.0,278.6,249.40000000000003,38
P100,2022-08-09,MO2209-P-6200,18,113,18,2,False,6200.0,28.2,7200.0,263.4,235.2,37
P100,2022-08-10,MO2209-P-6200,18,111,18,2,False,6200.0,28.8,7200.0,256.0,227.2,36
P100,2022-08-11,MO2209-P-6200,20,152,20,2,False,6200.0,21.0,7300.0,248.8,227.8,35
P100,2022-08-12,MO2209-P-6200,22,173,22,2,False,6200.0,18.4,7200.0,213.2,194.79999999999998,34
P100,2022-08-15,MO2209-P-6200,20,266,20,2,False,6200.0,12.0,7300.0,230.0,218.0,31
P100,2022-08-16,MO2209-P-6200,25,363,25,2,False,6200.0,8.8,7300.0,191.8,183.0,30
P100,2022-08-17,MO2209-P-6200,28,444,28,2,False,6200.0,7.2,7300.0,172.6,165.4,29
P100,2022-08-18,MO2209-P-6200,23,400,23,2,False,6200.0,8.0,7400.0,212.2,204.2,28
P100,2022-08-19,MO2209-P-6200,28,266,28,2,False,6200.0,12.0,7200.0,161.0,149.0,27
P100,2022-08-22,MO2210-P-6200,17,129,17,2,False,6200.0,24.8,7300.0,286.6,261.8,59
P100,2022-08-23,MO2210-P-6200,18,131,18,2,False,6200.0,24.4,7300.0,280.6,256.20000000000005,58
P100,2022-08-24,MO2210-P-6200,15,66,15,2,False,6200.0,48.2,7000.0,276.0,227.8,57
P100,2022-08-25,MO2210-P-6200,14,68,14,2,False,6200.0,46.4,7000.0,290.2,243.79999999999998,56
P100,2022-08-26,MO2210-P-6200,13,70,13,2,False,6200.0,45.4,7000.0,301.2,255.79999999999998,55
P100,2022-08-29,MO2210-P-6200,14,80,14,2,False,6200.0,39.6,7000.0,278.8,239.20000000000002,52
P100,2022-08-30,MO2210-P-6200,13,79,13,2,False,6200.0,40.4,7000.0,286.0,245.6,51
P100,2022-08-31,MO2210-P-6200,10,47,10,2,False,6200.0,67.0,6800.0,293.0,226.0,50
P100,2022-09-01,MO2210-P-6000,14,72,14,2,False,6000.0,44.2,6700.0,254.0,209.8,49
P100,2022-09-02,MO2210-P-6000,14,77,14,2,False,6000.0,41.4,6800.0,274.2,232.79999999999998,48
P100,2022-09-05,MO2210-P-6000,15,90,15,2,False,6000.0,35.4,6800.0,261.2,225.79999999999998,45
P100,2022-09-06,MO2210-P-6000,18,142,18,2,False,6000.0,22.4,6900.0,235.0,212.6,44
P100,2022-09-07,MO2210-P-6000,16,200,16,2,False,6000.0,16.0,7000.0,264.0,248.0,43
P100,2022-09-08,MO2210-P-6000,18,183,18,2,False,6000.0,17.4,6900.0,227.0,209.6,42
P100,2022-09-09,MO2210-P-6000,20,246,20,2,False,6000.0,13.0,6900.0,196.2,183.2,41
P100,2022-09-13,MO2210-P-6000,20,280,20,2,False,6000.0,11.4,6900.0,198.4,187.0,37
P100,2022-09-14,MO2210-P-6000,20,231,20,2,False,6000.0,13.8,6800.0,183.0,169.2,36
P100,2022-09-15,MO2210-P-6000,15,107,15,2,False,6000.0,29.8,6600.0,203.0,173.2,35
P100,2022-09-16,MO2210-P-5900,13,93,13,2,False,5900.0,34.2,6500.0,216.8,182.60000000000002,34
P100,2022-09-19,MO2210-P-5800,14,91,14,2,False,5800.0,35.0,6400.0,217.8,182.8,31
P100,2022-09-20,MO2210-P-5700,16,177,16,2,False,5700.0,18.0,6500.0,221.4,203.4,30
P100,2022-09-21,MO2211-P-5700,12,62,12,2,False,5700.0,50.8,6500.0,316.0,265.2,57
P100,2022-09-22,MO2211-P-5700,13,59,13,2,False,5700.0,54.0,6500.0,302.8,248.8,56
P100,2022-09-23,MO2211-P-5700,11,49,11,2,False,5700.0,64.8,6400.0,311.8,247.0,55
P100,2022-09-26,MO2211-P-5700,12,44,12,2,False,5700.0,71.2,6300.0,275.8,204.60000000000002,52
P100,2022-09-27,MO2211-P-5600,23,130,23,3,False,5600.0,36.8,6400.0,256.2,219.39999999999998,51
P100,2022-09-28,MO2211-P-5600,20,82,20,3,False,5600.0,58.0,6200.0,243.0,185.0,50
P100,2022-09-29,MO2211-P-5500,23,118,23,3,False,5500.0,40.6,6200.0,233.8,193.20000000000002,49
P100,2022-09-30,MO2211-P-5500,21,82,21,3,False,5500.0,58.0,6100.0,240.8,182.8,48
P100,2022-10-10,MO2211-P-5500,17,74,17,3,False,5500.0,64.4,6000.0,238.4,174.0,38
P100,2022-10-11,MO2211-P-5300,23,160,23,3,False,5300.0,30.0,6000.0,225.6,195.6,37
P100,2022-10-12,MO2211-P-5300,25,240,25,3,False,5300.0,20.0,6200.0,235.8,215.8,36
P100,2022-10-13,MO2211-P-5300,24,413,24,3,False,5300.0,11.6,6300.0,256.2,244.6,35
P100,2022-10-14,MO2211-P-5300,35,888,35,3,False,5300.0,5.4,6400.0,200.6,195.2,34
P100,2022-10-17,MO2211-P-5300,32,857,32,3,False,5300.0,5.6,6500.0,227.2,221.6,31
P100,2022-10-18,MO2211-P-5300,37,1043,37,3,False,5300.0,4.6,6500.0,202.0,197.4,30
P100,2022-10-19,MO2212-P-5300,24,285,24,3,False,5300.0,16.8,6500.0,313.2,296.4,57
P100,2022-10-20,MO2212-P-5300,26,285,26,3,False,5300.0,16.8,6400.0,281.2,264.4,56
P100,2022-10-21,MO2212-P-5300,28,218,28,3,False,5300.0,22.0,6400.0,273.2,251.2,55
P100,2022-10-24,MO2212-P-5300,25,167,25,3,False,5300.0,28.6,6400.0,292.2,263.59999999999997,52
P100,2022-10-25,MO2212-P-5300,24,179,24,3,False,5300.0,26.8,6400.0,296.4,269.59999999999997,51
P100,2022-10-26,MO2212-P-5300,32,263,32,3,False,5300.0,18.2,6500.0,248.8,230.60000000000002,50
P100,2022-10-27,MO2212-P-5300,29,272,29,3,False,5300.0,17.6,6500.0,261.2,243.6,49
P100,2022-10-28,MO2212-P-5300,28,154,28,3,False,5300.0,31.0,6200.0,233.2,202.2,48
P100,2022-10-31,MO2212-P-5300,26,167,26,3,False,5300.0,28.6,6300.0,259.6,231.00000000000003,45
P100,2022-11-01,MO2212-P-5300,36,328,36,3,False,5300.0,14.6,6400.0,207.6,193.0,44
P100,2022-11-02,MO2212-P-5300,36,500,36,3,False,5300.0,9.6,6500.0,217.0,207.4,43
P100,2022-11-03,MO2212-P-5300,32,571,32,3,False,5300.0,8.4,6600.0,252.0,243.6,42
P100,2022-11-04,MO2212-P-5300,43,1333,43,3,False,5300.0,3.6,6700.0,203.2,199.6,41
P100,2022-11-07,MO2212-P-5300,41,1411,41,3,False,5300.0,3.4,6700.0,214.6,211.2,38
P100,2022-11-08,MO2212-P-5300,41,1411,41,3,False,5300.0,3.4,6700.0,208.4,205.0,37
P100,2022-11-09,MO2212-P-5300,39,1333,39,3,False,5300.0,3.6,6700.0,215.8,212.20000000000002,36
P100,2022-11-10,MO2212-P-5300,42,1090,42,3,False,5300.0,4.4,6600.0,192.8,188.4,35
P100,2022-11-11,MO2212-P-5300,50,1846,50,3,False,5300.0,2.6,6600.0,166.4,163.8,34
P100,2022-11-14,MO2212-P-5300,43,1263,43,3,False,5300.0,3.8,6600.0,187.2,183.39999999999998,31
P100,2022-11-15,MO2212-P-5300,42,2000,42,3,False,5300.0,2.4,6800.0,213.8,211.4,30
P100,2022-11-16,MO2212-P-5300,48,1600,48,3,False,5300.0,3.0,6700.0,180.8,177.8,29
P100,2022-11-17,MO2212-P-5300,56,1846,56,3,False,5300.0,2.6,6700.0,156.0,153.4,28
P100,2022-11-18,MO2212-P-5300,46,3000,46,3,False,5300.0,1.6,6700.0,182.2,180.6,27
P100,2022-11-21,MO2301-P-5600,27,500,27,3,False,5600.0,9.6,6700.0,253.2,243.6,59
P100,2022-11-22,MO2301-P-5600,24,358,24,3,False,5600.0,13.4,6600.0,262.4,248.99999999999997,58
P100,2022-11-23,MO2301-P-5600,24,352,24,3,False,5600.0,13.6,6600.0,263.2,249.6,57
P100,2022-11-24,MO2301-P-5600,25,311,25,3,False,5600.0,15.4,6600.0,254.6,239.2,56
P100,2022-11-25,MO2301-P-5600,26,269,26,3,False,5600.0,17.8,6500.0,233.0,215.2,55
P100,2022-11-28,MO2301-P-5600,25,240,25,3,False,5600.0,20.0,6500.0,236.6,216.6,52
P100,2022-11-29,MO2301-P-5600,28,369,28,3,False,5600.0,13.0,6600.0,232.0,219.0,51
P100,2022-11-30,MO2301-P-5600,27,324,27,3,False,5600.0,14.8,6600.0,237.2,222.39999999999998,50
P100,2022-12-01,MO2301-P-5600,29,510,29,3,False,5600.0,9.4,6700.0,234.4,225.0,49
P100,2022-12-02,MO2301-P-5600,31,727,31,3,False,5600.0,6.6,6700.0,216.6,210.0,48
P100,2022-12-05,MO2301-P-5600,35,827,35,3,False,5600.0,5.8,6700.0,197.8,192.0,45
P100,2022-12-06,MO2301-P-5600,35,827,35,3,False,5600.0,5.8,6700.0,196.4,190.6,44
P100,2022-12-07,MO2301-P-5600,36,1043,36,3,False,5600.0,4.6,6700.0,191.4,186.8,43
P100,2022-12-08,MO2301-P-5600,32,1090,32,3,False,5600.0,4.4,6700.0,205.0,200.6,42
P100,2022-12-09,MO2301-P-5600,35,1043,35,3,False,5600.0,4.6,6700.0,191.2,186.6,41
P100,2022-12-12,MO2301-P-5600,34,960,34,3,False,5600.0,5.0,6700.0,193.0,188.0,38
P100,2022-12-13,MO2301-P-5600,38,960,38,3,False,5600.0,5.0,6600.0,165.6,160.6,37
P100,2022-12-14,MO2301-P-5600,32,1000,32,3,False,5600.0,4.8,6600.0,187.4,182.6,36
P100,2022-12-15,MO2301-P-5600,37,1263,37,3,False,5600.0,3.8,6600.0,167.0,163.2,35
P100,2022-12-16,MO2301-P-5600,49,1263,49,3,False,5600.0,3.8,6500.0,117.6,113.8,34
P100,2022-12-19,MO2301-P-5600,41,705,41,3,False,5600.0,6.8,6400.0,124.6,117.8,31
P100,2022-12-20,MO2301-P-5600,43,648,43,3,False,5600.0,7.4,6300.0,113.0,105.6,30
P100,2022-12-21,MO2302-P-5700,24,192,24,3,False,5700.0,25.0,6300.0,178.2,153.2,57
P100,2022-12-22,MO2302-P-5600,23,237,23,3,False,5600.0,20.2,6200.0,176.0,155.8,56
P100,2022-12-23,MO2302-P-5500,22,244,22,3,False,5500.0,19.6,6200.0,203.8,184.20000000000002,55
P100,2022-12-26,MO2302-P-5500,27,413,27,3,False,5500.0,11.6,6300.0,184.2,172.6,52
P100,2022-12-27,MO2302-P-5500,35,500,35,3,False,5500.0,9.6,6300.0,154.4,144.8,51
P100,2022-12-28,MO2302-P-5500,30,461,30,3,False,5500.0,10.4,6300.0,167.0,156.6,50
P100,2022-12-29,MO2302-P-5500,28,545,28,3,False,5500.0,8.8,6300.0,173.8,165.0,49
P100,2022-12-30,MO2302-P-5500,30,489,30,3,False,5500.0,9.8,6300.0,167.4,157.6,48
P100,2023-01-03,MO2302-P-5500,40,750,40,3,False,5500.0,6.4,6400.0,148.2,141.79999999999998,44
P100,2023-01-04,MO2302-P-5500,37,1043,37,3,False,5500.0,4.6,6400.0,154.0,149.4,43
P100,2023-01-05,MO2302-P-5500,38,923,38,3,False,5500.0,5.2,6500.0,161.2,156.0,42
P100,2023-01-06,MO2302-P-5500,42,1142,42,3,False,5500.0,4.2,6500.0,150.0,145.8,41
P100,2023-01-09,MO2302-P-5500,45,1142,45,3,False,5500.0,4.2,6500.0,145.0,140.8,38
P100,2023-01-10,MO2302-P-5500,46,1200,46,3,False,5500.0,4.0,6500.0,139.8,135.8,37
P100,2023-01-11,MO2302-P-5500,40,1200,40,3,False,5500.0,4.0,6500.0,153.8,149.8,36
P100,2023-01-12,MO2302-P-5500,41,1200,41,3,False,5500.0,4.0,6500.0,150.6,146.6,35
P100,2023-01-13,MO2302-P-5500,52,2181,52,3,False,5500.0,2.2,6500.0,120.4,118.2,34
P100,2023-01-16,MO2302-P-5500,51,2400,51,3,False,5500.0,2.0,6600.0,131.4,129.4,31
P100,2023-01-17,MO2302-P-5500,57,2666,57,3,False,5500.0,1.8,6600.0,118.0,116.2,30
P100,2023-01-18,MO2303-P-5200,53,1411,53,3,False,5200.0,3.4,6600.0,166.0,162.6,57
P100,2023-01-19,MO2303-P-5200,51,1263,51,3,False,5200.0,3.8,6700.0,179.6,175.79999999999998,56
P100,2023-01-20,MO2303-P-5200,65,1714,65,3,False,5200.0,2.8,6700.0,146.2,143.39999999999998,55
P100,2023-01-30,MO2303-P-5200,56,2400,56,3,False,5200.0,2.0,6800.0,173.4,171.4,45
P100,2023-01-31,MO2303-P-5200,65,2666,65,3,False,5200.0,1.8,6800.0,150.8,149.0,44
P100,2023-02-01,MO2303-P-5200,67,2400,67,3,False,5200.0,2.0,6900.0,157.6,155.6,43
P100,2023-02-02,MO2303-P-5200,66,2666,66,3,False,5200.0,1.8,6900.0,160.0,158.2,42
P100,2023-02-03,MO2303-P-5200,65,2666,65,3,False,5200.0,1.8,6900.0,163.2,161.39999999999998,41
P100,2023-02-06,MO2303-P-5200,59,3000,59,3,False,5200.0,1.6,6900.0,175.0,173.4,38
P100,2023-02-07,MO2303-P-5200,67,3428,67,3,False,5200.0,1.4,6900.0,157.2,155.79999999999998,37
P100,2023-02-08,MO2303-P-5200,60,3428,60,3,False,5200.0,1.4,6900.0,172.0,170.6,36
P100,2023-02-09,MO2303-P-5200,75,24000,75,3,False,5200.0,0.2,7000.0,144.2,144.0,35
P100,2023-02-10,MO2303-P-5200,66,4000,66,3,False,5200.0,1.2,7000.0,164.0,162.8,34
P100,2023-02-13,MO2303-P-5200,61,4000,61,3,False,5200.0,1.2,7100.0,184.6,183.4,31
P100,2023-02-14,MO2303-P-5200,66,4000,66,3,False,5200.0,1.2,7100.0,172.0,170.8,30
P100,2023-02-15,MO2303-P-5200,68,4800,68,3,False,5200.0,1.0,7100.0,167.6,166.6,29
P100,2023-02-16,MO2303-P-5200,80,4800,80,3,False,5200.0,1.0,6900.0,132.0,131.0,28
P100,2023-02-17,MO2303-P-5200,69,4800,69,3,False,5200.0,1.0,6900.0,147.4,146.4,27
P100,2023-02-20,MO2304-P-6000,25,480,25,3,False,6000.0,10.0,7000.0,246.4,236.4,59
P100,2023-02-21,MO2304-P-6000,27,571,27,3,False,6000.0,8.4,7000.0,233.6,225.2,58
P100,2023-02-22,MO2304-P-6000,29,615,29,3,False,6000.0,7.8,7000.0,218.8,211.0,57
P100,2023-02-23,MO2304-P-6000,27,585,27,3,False,6000.0,8.2,7000.0,227.2,219.0,56
P100,2023-02-24,MO2304-P-6000,34,558,34,3,False,6000.0,8.6,6900.0,177.0,168.4,55
P100,2023-02-27,MO2304-P-6000,29,413,29,3,False,6000.0,11.6,6900.0,202.4,190.8,52
P100,2023-02-28,MO2304-P-6000,28,558,28,3,False,6000.0,8.6,7000.0,214.8,206.20000000000002,51
P100,2023-03-01,MO2304-P-6000,32,774,32,3,False,6000.0,6.2,7000.0,194.4,188.20000000000002,50
P100,2023-03-02,MO2304-P-6000,30,800,30,3,False,6000.0,6.0,7000.0,202.8,196.8,49
P100,2023-03-03,MO2304-P-6000,29,800,29,3,False,6000.0,6.0,7000.0,208.8,202.8,48
P100,2023-03-06,MO2304-P-6000,33,1000,33,3,False,6000.0,4.8,7000.0,190.0,185.2,45
P100,2023-03-07,MO2304-P-6000,28,685,28,3,False,6000.0,7.0,6900.0,193.8,186.8,44
P100,2023-03-08,MO2304-P-6000,31,774,31,3,False,6000.0,6.2,6900.0,180.8,174.60000000000002,43
P100,2023-03-09,MO2304-P-6000,31,827,31,3,False,6000.0,5.8,6900.0,179.4,173.6,42
P100,2023-03-10,MO2304-P-6000,31,533,31,3,False,6000.0,9.0,6800.0,164.2,155.2,41
P100,2023-03-13,MO2304-P-6000,38,750,38,3,False,6000.0,6.4,6800.0,141.2,134.79999999999998,38
P100,2023-03-14,MO2304-P-6000,28,480,28,3,False,6000.0,10.0,6800.0,178.0,168.0,37
P100,2023-03-15,MO2304-P-6000,34,857,34,3,False,6000.0,5.6,6800.0,147.8,142.20000000000002,36
P100,2023-03-16,MO2304-P-6000,30,436,30,3,False,6000.0,11.0,6700.0,149.6,138.6,35
P100,2023-03-17,MO2304-P-6000,39,648,39,3,False,6000.0,7.4,6700.0,121.4,114.0,34
P100,2023-03-20,MO2304-P-6000,38,600,38,3,False,6000.0,8.0,6700.0,122.8,114.8,31
P100,2023-03-21,MO2304-P-6000,40,1142,40,3,False,6000.0,4.2,6800.0,126.8,122.6,30
P100,2023-03-22,MO2305-P-6000,33,436,33,3,False,6000.0,11.0,6800.0,164.2,153.2,57
P100,2023-03-23,MO2305-P-6000,28,558,28,3,False,6000.0,8.6,6900.0,199.2,190.6,56
P100,2023-03-24,MO2305-P-6000,29,705,29,3,False,6000.0,6.8,6900.0,187.4,180.6,55
P100,2023-03-27,MO2305-P-6000,32,750,32,3,False,6000.0,6.4,6900.0,178.0,171.6,52
P100,2023-03-28,MO2305-P-6000,37,727,37,3,False,6000.0,6.6,6800.0,142.2,135.6,51
P100,2023-03-29,MO2305-P-6000,34,750,34,3,False,6000.0,6.4,6800.0,151.4,145.0,50
P100,2023-03-30,MO2305-P-6000,34,774,34,3,False,6000.0,6.2,6800.0,148.8,142.60000000000002,49
P100,2023-03-31,MO2305-P-6000,32,960,32,3,False,6000.0,5.0,6900.0,170.6,165.6,48
P100,2023-04-03,MO2305-P-6000,31,1090,31,3,False,6000.0,4.4,7000.0,194.4,190.0,45
P100,2023-04-04,MO2305-P-6000,33,1333,33,3,False,6000.0,3.6,7000.0,181.2,177.6,44
P100,2023-04-06,MO2305-P-6000,34,1200,34,3,False,6000.0,4.0,7000.0,180.4,176.4,42
P100,2023-04-07,MO2305-P-6000,47,1846,47,3,False,6000.0,2.6,7000.0,136.8,134.20000000000002,41
P100,2023-04-10,MO2305-P-6000,37,2181,37,3,False,6000.0,2.2,7000.0,160.0,157.8,38
P100,2023-04-11,MO2305-P-6000,39,2400,39,3,False,6000.0,2.0,7000.0,156.0,154.0,37
P100,2023-04-12,MO2305-P-6000,47,3000,47,3,False,6000.0,1.6,7000.0,134.6,133.0,36
P100,2023-04-13,MO2305-P-6000,40,3000,40,3,False,6000.0,1.6,7000.0,147.0,145.4,35
P100,2023-04-14,MO2305-P-6000,49,3000,49,3,False,6000.0,1.6,7000.0,127.8,126.2,34
P100,2023-04-17,MO2305-P-6000,53,4000,53,3,False,6000.0,1.2,7000.0,116.4,115.2,31
P100,2023-04-18,MO2305-P-6000,48,4800,48,3,False,6000.0,1.0,7000.0,126.0,125.0,30
P100,2023-04-19,MO2306-P-5200,50,12000,50,3,False,5200.0,0.4,7000.0,214.2,213.79999999999998,57
P100,2023-04-20,MO2306-P-5200,53,2400,53,3,False,5200.0,2.0,7000.0,204.4,202.4,56
P100,2023-04-21,MO2306-P-5200,53,2181,53,3,False,5200.0,2.2,6800.0,180.4,178.20000000000002,55
P100,2023-04-24,MO2306-P-5200,58,2181,58,3,False,5200.0,2.2,6700.0,160.8,158.60000000000002,52
P100,2023-04-25,MO2306-P-5200,53,1714,53,3,False,5200.0,2.8,6600.0,163.8,161.0,51
P100,2023-04-26,MO2306-P-5200,57,2181,57,3,False,5200.0,2.2,6600.0,154.4,152.20000000000002,50
P100,2023-04-27,MO2306-P-5200,60,2000,60,3,False,5200.0,2.4,6600.0,146.4,144.0,49
P100,2023-04-28,MO2306-P-5200,65,3000,65,3,False,5200.0,1.6,6700.0,143.6,142.0,48
P100,2023-05-04,MO2306-P-5200,68,3000,68,3,False,5200.0,1.6,6700.0,138.6,137.0,42
P100,2023-05-05,MO2306-P-5200,51,3000,51,3,False,5200.0,1.6,6700.0,173.4,171.8,41
P100,2023-05-08,MO2306-P-5200,63,3428,63,3,False,5200.0,1.4,6700.0,145.0,143.6,38
P100,2023-05-09,MO2306-P-5200,64,3428,64,3,False,5200.0,1.4,6600.0,135.6,134.2,37
P100,2023-05-10,MO2306-P-5200,71,4000,71,3,False,5200.0,1.2,6600.0,123.0,121.8,36
P100,2023-05-11,MO2306-P-5200,69,3428,69,3,False,5200.0,1.4,6600.0,126.4,125.0,35
P100,2023-05-12,MO2306-P-5200,71,3428,71,3,False,5200.0,1.4,6500.0,115.8,114.39999999999999,34
P100,2023-05-15,MO2306-P-5200,63,4000,63,3,False,5200.0,1.2,6600.0,134.6,133.4,31
P100,2023-05-16,MO2306-P-5200,67,4000,67,3,False,5200.0,1.2,6500.0,119.4,118.2,30
P100,2023-05-17,MO2306-P-5200,54,4000,54,3,False,5200.0,1.2,6600.0,151.8,150.60000000000002,29
P100,2023-05-18,MO2306-P-5200,63,4800,63,3,False,5200.0,1.0,6600.0,133.6,132.6,28
P100,2023-05-19,MO2306-P-5200,83,6000,83,3,False,5200.0,0.8,6600.0,102.8,102.0,27
P100,2023-05-22,MO2307-P-5800,31,1000,31,3,False,5800.0,4.8,6600.0,162.4,157.6,59
P100,2023-05-23,MO2307-P-5800,32,615,32,3,False,5800.0,7.8,6500.0,147.4,139.6,58
P100,2023-05-24,MO2307-P-5800,32,705,32,3,False,5800.0,6.8,6500.0,144.0,137.2,57
P100,2023-05-25,MO2307-P-5800,29,571,29,3,False,5800.0,8.4,6500.0,157.4,149.0,56
P100,2023-05-26,MO2307-P-5800,37,774,37,3,False,5800.0,6.2,6500.0,129.6,123.39999999999999,55
P100,2023-05-29,MO2307-P-5800,35,774,35,3,False,5800.0,6.2,6500.0,132.6,126.39999999999999,52
P100,2023-05-30,MO2307-P-5800,29,888,29,3,False,5800.0,5.4,6600.0,163.6,158.2,51
P100,2023-05-31,MO2307-P-5800,28,800,28,3,False,5800.0,6.0,6600.0,171.8,165.8,50
P100,2023-06-01,MO2307-P-5800,30,960,30,3,False,5800.0,5.0,6600.0,160.0,155.0,49
P100,2023-06-02,MO2307-P-5800,39,1200,39,3,False,5800.0,4.0,6600.0,132.2,128.2,48
P100,2023-06-05,MO2307-P-5800,41,1263,41,3,False,5800.0,3.8,6600.0,125.8,122.0,45
P100,2023-06-06,MO2307-P-5800,29,615,29,3,False,5800.0,7.8,6500.0,150.6,142.79999999999998,44
P100,2023-06-07,MO2307-P-5800,30,558,30,3,False,5800.0,8.6,6500.0,150.2,141.6,43
P100,2023-06-08,MO2307-P-5800,35,461,35,3,False,5800.0,10.4,6400.0,121.8,111.39999999999999,42
P100,2023-06-09,MO2307-P-5700,37,1000,37,3,False,5700.0,4.8,6500.0,135.2,130.39999999999998,41
P100,2023-06-12,MO2307-P-5700,45,1714,45,3,False,5700.0,2.8,6500.0,114.4,111.60000000000001,38
P100,2023-06-13,MO2307-P-5700,34,1846,34,3,False,5700.0,2.6,6600.0,155.2,152.6,37
P100,2023-06-14,MO2307-P-5700,39,1846,39,3,False,5700.0,2.6,6600.0,138.0,135.4,36
P100,2023-06-15,MO2307-P-5700,49,2400,49,3,False,5700.0,2.0,6600.0,114.6,112.6,35
P100,2023-06-16,MO2307-P-5700,43,3428,43,3,False,5700.0,1.4,6700.0,138.0,136.6,34
P100,2023-06-19,MO2307-P-5700,48,3428,48,3,False,5700.0,1.4,6700.0,126.0,124.6,31
P100,2023-06-20,MO2307-P-5700,50,4000,50,3,False,5700.0,1.2,6700.0,121.2,120.0,30
P100,2023-06-21,MO2308-P-5700,41,1500,41,3,False,5700.0,3.2,6500.0,129.0,125.8,57
P100,2023-06-26,MO2308-P-5700,34,774,34,3,False,5700.0,6.2,6400.0,133.8,127.60000000000001,52
P100,2023-06-27,MO2308-P-5700,34,1200,34,3,False,5700.0,4.0,6500.0,149.4,145.4,51
P100,2023-06-28,MO2308-P-5700,31,1333,31,3,False,5700.0,3.6,6500.0,156.6,153.0,50
P100,2023-06-29,MO2308-P-5700,37,1411,37,3,False,5700.0,3.4,6500.0,139.4,136.0,49
P100,2023-06-30,MO2308-P-5700,37,2400,37,3,False,5700.0,2.0,6600.0,150.4,148.4,48
P100,2023-07-03,MO2308-P-5700,40,2400,40,3,False,5700.0,2.0,6600.0,140.6,138.6,45
P100,2023-07-04,MO2308-P-5700,45,3000,45,3,False,5700.0,1.6,6600.0,128.0,126.4,44
P100,2023-07-05,MO2308-P-5700,37,2400,37,3,False,5700.0,2.0,6600.0,149.4,147.4,43
P100,2023-07-06,MO2308-P-5700,32,2181,32,3,False,5700.0,2.2,6600.0,166.4,164.20000000000002,42
P100,2023-07-07,MO2308-P-5700,40,2181,40,3,False,5700.0,2.2,6500.0,127.8,125.6,41
P100,2023-07-10,MO2308-P-5700,42,2400,42,3,False,5700.0,2.0,6500.0,122.6,120.6,38
P100,2023-07-11,MO2308-P-5700,39,3000,39,3,False,5700.0,1.6,6600.0,138.2,136.6,37
P100,2023-07-12,MO2308-P-5700,36,2181,36,3,False,5700.0,2.2,6500.0,135.2,133.0,36
P100,2023-07-13,MO2308-P-5700,53,2400,53,3,False,5700.0,2.0,6500.0,98.6,96.6,35
P100,2023-07-14,MO2308-P-5700,55,2400,55,3,False,5700.0,2.0,6500.0,94.2,92.2,34
P100,2023-07-17,MO2308-P-5700,50,2666,50,3,False,5700.0,1.8,6500.0,101.6,99.8,31
P100,2023-07-18,MO2308-P-5700,48,3428,48,3,False,5700.0,1.4,6500.0,104.0,102.6,30
P100,2023-07-19,MO2309-P-5200,50,2666,50,3,False,5200.0,1.8,6500.0,160.0,158.2,57
P100,2023-07-20,MO2309-P-5200,51,2666,51,3,False,5200.0,1.8,6400.0,144.2,142.39999999999998,56
P100,2023-07-21,MO2309-P-5200,52,2666,52,3,False,5200.0,1.8,6400.0,142.4,140.6,55
P100,2023-07-24,MO2309-P-5200,50,3000,50,3,False,5200.0,1.6,6400.0,146.6,145.0,52
P100,2023-07-25,MO2309-P-5200,54,4000,54,3,False,5200.0,1.2,6500.0,148.0,146.8,51
P100,2023-07-26,MO2309-P-5200,48,3428,48,3,False,5200.0,1.4,6500.0,159.0,157.6,50
P100,2023-07-27,MO2309-P-5200,58,4000,58,3,False,5200.0,1.2,6400.0,127.8,126.6,49
P100,2023-07-28,MO2309-P-5200,51,4000,51,3,False,5200.0,1.2,6500.0,153.0,151.8,48
P100,2023-07-31,MO2309-P-5200,61,4000,61,3,False,5200.0,1.2,6500.0,130.8,129.60000000000002,45
P100,2023-08-01,MO2309-P-5200,58,24000,58,3,False,5200.0,0.2,6500.0,137.4,137.20000000000002,44
P100,2023-08-02,MO2309-P-5200,56,4000,56,3,False,5200.0,1.2,6500.0,142.4,141.20000000000002,43
P100,2023-08-03,MO2309-P-5200,56,4800,56,3,False,5200.0,1.0,6500.0,140.4,139.4,42
P100,2023-08-04,MO2309-P-5200,72,4000,72,3,False,5200.0,1.2,6500.0,113.0,111.8,41
P100,2023-08-07,MO2309-P-5200,66,24000,66,3,False,5200.0,0.2,6500.0,118.8,118.6,38
P100,2023-08-08,MO2309-P-5200,60,4800,60,3,False,5200.0,1.0,6500.0,129.2,128.2,37
P100,2023-08-09,MO2309-P-5200,74,4800,74,3,False,5200.0,1.0,6400.0,100.0,99.0,36
P100,2023-08-10,MO2309-P-5200,73,4800,73,3,False,5200.0,1.0,6400.0,102.6,101.6,35
P100,2023-08-11,MO2309-P-5200,61,4800,61,3,False,5200.0,1.0,6300.0,110.8,109.8,34
P100,2023-08-14,MO2309-P-5200,75,4800,75,3,False,5200.0,1.0,6300.0,91.4,90.4,31
P100,2023-08-15,MO2309-P-5200,56,4800,56,3,False,5200.0,1.0,6300.0,116.6,115.6,30
P100,2023-08-16,MO2309-P-5200,56,2181,56,3,False,5200.0,2.2,6200.0,108.8,106.6,29
P100,2023-08-17,MO2309-P-5200,83,3428,83,3,False,5200.0,1.4,6200.0,77.6,76.19999999999999,28
P100,2023-08-18,MO2309-P-5200,62,2181,62,3,False,5200.0,2.2,6100.0,92.0,89.8,27
P100,2023-08-21,MO2310-P-5500,22,269,22,3,False,5500.0,17.8,6100.0,176.4,158.6,59
P100,2023-08-22,MO2310-P-5400,30,461,30,3,False,5400.0,10.4,6100.0,155.0,144.6,58
P100,2023-08-23,MO2310-P-5400,23,269,23,3,False,5400.0,17.8,6000.0,170.6,152.79999999999998,57
P100,2023-08-24,MO2310-P-5300,28,461,28,3,False,5300.0,10.4,6000.0,161.8,151.4,56
P100,2023-08-25,MO2310-P-5300,23,205,23,3,False,5300.0,23.4,5900.0,174.8,151.4,55
P100,2023-08-28,MO2310-P-5200,28,289,28,3,False,5200.0,16.6,5900.0,175.0,158.4,52
P100,2023-08-29,MO2310-P-5200,35,857,35,3,False,5200.0,5.6,6100.0,162.0,156.4,51
P100,2023-08-30,MO2310-P-5200,44,1200,44,3,False,5200.0,4.0,6100.0,132.6,128.6,50
P100,2023-08-31,MO2310-P-5200,41,1333,41,3,False,5200.0,3.6,6100.0,139.0,135.4,49
P100,2023-09-01,MO2310-P-5200,43,1846,43,3,False,5200.0,2.6,6100.0,131.8,129.20000000000002,48
P100,2023-09-04,MO2310-P-5200,48,3000,48,3,False,5200.0,1.6,6200.0,128.0,126.4,45
P100,2023-09-05,MO2310-P-5200,41,1846,41,3,False,5200.0,2.6,6200.0,145.8,143.20000000000002,44
P100,2023-09-06,MO2310-P-5200,46,2400,46,3,False,5200.0,2.0,6200.0,132.4,130.4,43
P100,2023-09-07,MO2310-P-5200,39,1200,39,3,False,5200.0,4.0,6100.0,141.4,137.4,42
P100,2023-09-08,MO2310-P-5200,41,1333,41,3,False,5200.0,3.6,6100.0,138.0,134.4,41
P100,2023-09-11,MO2310-P-5200,43,2000,43,3,False,5200.0,2.4,6200.0,142.6,140.2,38
P100,2023-09-12,MO2310-P-5200,46,2181,46,3,False,5200.0,2.2,6200.0,131.2,129.0,37
P100,2023-09-13,MO2310-P-5200,43,1411,43,3,False,5200.0,3.4,6100.0,130.2,126.79999999999998,36
P100,2023-09-14,MO2310-P-5200,40,1714,40,3,False,5200.0,2.8,6100.0,136.0,133.2,35
P100,2023-09-15,MO2310-P-5200,44,1714,44,3,False,5200.0,2.8,6100.0,124.2,121.4,34
P100,2023-09-18,MO2310-P-5200,48,2000,48,3,False,5200.0,2.4,6100.0,115.0,112.6,31
P100,2023-09-19,MO2310-P-5200,56,2000,56,3,False,5200.0,2.4,6000.0,91.6,89.19999999999999,30
P100,2023-09-20,MO2311-P-5200,31,750,31,3,False,5200.0,6.4,6000.0,162.6,156.2,57
P100,2023-09-21,MO2311-P-5200,35,666,35,3,False,5200.0,7.2,5900.0,135.2,127.99999999999999,56
P100,2023-09-22,MO2311-P-5200,32,1263,32,3,False,5200.0,3.8,6100.0,167.4,163.6,55
P100,2023-09-25,MO2311-P-5200,39,1142,39,3,False,5200.0,4.2,6000.0,134.0,129.8,52
P100,2023-09-26,MO2311-P-5200,34,1200,34,3,False,5200.0,4.0,6000.0,145.0,141.0,51
P100,2023-09-27,MO2311-P-5200,43,1263,43,3,False,5200.0,3.8,6000.0,122.4,118.60000000000001,50
P100,2023-09-28,MO2311-P-5200,35,1500,35,3,False,5200.0,3.2,6100.0,154.4,151.20000000000002,49
P100,2023-10-09,MO2311-P-5200,37,2666,37,3,False,5200.0,1.8,6100.0,144.6,142.79999999999998,38
P100,2023-10-10,MO2311-P-5200,52,2181,52,3,False,5200.0,2.2,6000.0,100.0,97.8,37
P100,2023-10-11,MO2311-P-5200,37,2666,37,3,False,5200.0,1.8,6100.0,142.6,140.79999999999998,36
P100,2023-10-12,MO2311-P-5200,49,3428,49,3,False,5200.0,1.4,6100.0,114.0,112.6,35
P100,2023-10-13,MO2311-P-5200,46,3000,46,3,False,5200.0,1.6,6100.0,117.6,116.0,34
P100,2023-10-16,MO2311-P-5200,53,1500,53,3,False,5200.0,3.2,6000.0,96.8,93.6,31
P100,2023-10-17,MO2311-P-5200,48,2000,48,3,False,5200.0,2.4,6000.0,105.8,103.39999999999999,30
P100,2023-10-18,MO2312-P-5200,31,827,31,3,False,5200.0,5.8,5900.0,146.0,140.2,57
P100,2023-10-19,MO2312-P-5200,30,461,30,3,False,5200.0,10.4,5800.0,140.2,129.79999999999998,56
P100,2023-10-20,MO2312-P-5200,22,228,22,3,False,5200.0,21.0,5800.0,179.0,158.0,55
P100,2023-10-23,MO2312-P-5100,24,143,24,3,False,5100.0,33.4,5600.0,168.4,135.0,52
P100,2023-10-24,MO2312-P-5000,28,285,28,3,False,5000.0,16.8,5700.0,173.4,156.6,51
P100,2023-10-25,MO2312-P-5000,28,521,28,3,False,5000.0,9.2,5800.0,179.8,170.60000000000002,50
P100,2023-10-26,MO2312-P-5000,33,827,33,3,False,5000.0,5.8,5800.0,154.4,148.6,49
P100,2023-10-27,MO2312-P-5000,41,1333,41,3,False,5000.0,3.6,5900.0,138.8,135.20000000000002,48
P100,2023-10-30,MO2312-P-5000,41,1714,41,3,False,5000.0,2.8,6000.0,153.6,150.79999999999998,45
P100,2023-10-31,MO2312-P-5000,35,2000,35,3,False,5000.0,2.4,6000.0,170.2,167.79999999999998,44
P100,2023-11-01,MO2312-P-5000,34,2181,34,3,False,5000.0,2.2,6000.0,171.4,169.20000000000002,43
P100,2023-11-02,MO2312-P-5000,39,2000,39,3,False,5000.0,2.4,5900.0,141.4,139.0,42
P100,2023-11-03,MO2312-P-5000,40,3000,40,3,False,5000.0,1.6,6000.0,148.2,146.6,41
P100,2023-11-06,MO2312-P-5000,49,3000,49,3,False,5000.0,1.6,6100.0,136.8,135.20000000000002,38
P100,2023-11-07,MO2312-P-5000,52,3428,52,3,False,5000.0,1.4,6100.0,132.0,130.6,37
P100,2023-11-08,MO2312-P-5000,58,4000,58,3,False,5000.0,1.2,6100.0,121.0,119.8,36
P100,2023-11-09,MO2312-P-5000,48,4000,48,3,False,5000.0,1.2,6100.0,140.0,138.8,35
P100,2023-11-10,MO2312-P-5000,45,3000,45,3,False,5000.0,1.6,6100.0,148.0,146.4,34
P100,2023-11-13,MO2312-P-5000,61,3428,61,3,False,5000.0,1.4,6100.0,115.8,114.39999999999999,31
P100,2023-11-14,MO2312-P-5000,46,4800,46,3,False,5000.0,1.0,6200.0,157.6,156.6,30
P100,2023-11-15,MO2312-P-5000,57,6000,57,3,False,5000.0,0.8,6200.0,130.0,129.2,29
P100,2023-11-16,MO2312-P-5000,63,4800,63,3,False,5000.0,1.0,6100.0,110.2,109.2,28
P100,2023-11-17,MO2312-P-5000,58,6000,58,3,False,5000.0,0.8,6200.0,127.0,126.2,27
P100,2023-11-20,MO2401-P-5000,36,2666,36,3,False,5000.0,1.8,6300.0,213.4,211.6,59
P100,2023-11-21,MO2401-P-5000,41,3000,41,3,False,5000.0,1.6,6200.0,179.2,177.6,58
P100,2023-11-22,MO2401-P-5000,44,2400,44,3,False,5000.0,2.0,6100.0,158.0,156.0,57
P100,2023-11-23,MO2401-P-5000,44,2666,44,3,False,5000.0,1.8,6200.0,168.2,166.39999999999998,56
P100,2023-11-24,MO2401-P-5000,43,2400,43,3,False,5000.0,2.0,6100.0,160.8,158.8,55
P100,2023-11-27,MO2401-P-5000,42,2400,42,3,False,5000.0,2.0,6100.0,162.4,160.4,52
P100,2023-11-28,MO2401-P-5000,47,2400,47,3,False,5000.0,2.0,6100.0,150.8,148.8,51
P100,2023-11-29,MO2401-P-5000,41,2400,41,3,False,5000.0,2.0,6100.0,166.6,164.6,50
P100,2023-11-30,MO2401-P-5000,36,2181,36,3,False,5000.0,2.2,6100.0,187.2,185.0,49
P100,2023-12-01,MO2401-P-5000,45,2666,45,3,False,5000.0,1.8,6100.0,155.2,153.39999999999998,48
P100,2023-12-04,MO2401-P-5000,39,2181,39,3,False,5000.0,2.2,6100.0,176.0,173.8,45
P100,2023-12-05,MO2401-P-5000,33,923,33,3,False,5000.0,5.2,6000.0,189.8,184.60000000000002,44
P100,2023-12-06,MO2401-P-5000,40,1043,40,3,False,5000.0,4.6,6000.0,161.0,156.4,43
P100,2023-12-07,MO2401-P-5000,44,1500,44,3,False,5000.0,3.2,6000.0,145.6,142.4,42
P100,2023-12-08,MO2401-P-5000,42,1500,42,3,False,5000.0,3.2,6000.0,147.2,144.0,41
P100,2023-12-11,MO2401-P-5000,42,2666,42,3,False,5000.0,1.8,6100.0,159.0,157.2,38
P100,2023-12-12,MO2401-P-5000,44,3000,44,3,False,5000.0,1.6,6100.0,149.2,147.6,37
P100,2023-12-13,MO2401-P-5000,50,2000,50,3,False,5000.0,2.4,6000.0,126.6,124.19999999999999,36
P100,2023-12-14,MO2401-P-5000,43,2400,43,3,False,5000.0,2.0,6000.0,141.0,139.0,35
P100,2023-12-15,MO2401-P-5000,36,2181,36,3,False,5000.0,2.2,6000.0,163.0,160.8,34
P100,2023-12-18,MO2401-P-5000,35,2400,35,3,False,5000.0,2.0,5900.0,150.8,148.8,31
P100,2023-12-19,MO2401-P-5000,38,3000,38,3,False,5000.0,1.6,5900.0,141.4,139.8,30
P100,2023-12-20,MO2401-P-5000,34,1846,34,3,False,5000.0,2.6,5800.0,138.6,136.0,29
P100,2023-12-21,MO2402-P-5100,26,452,26,3,False,5100.0,10.6,5800.0,172.0,161.4,60
P100,2023-12-22,MO2402-P-5100,28,342,28,3,False,5100.0,14.0,5700.0,151.2,137.2,59
P100,2023-12-25,MO2402-P-5100,28,363,28,3,False,5100.0,13.2,5700.0,150.0,136.8,56
P100,2023-12-26,MO2402-P-5100,20,224,20,3,False,5100.0,21.4,5700.0,191.6,170.2,55
P100,2023-12-27,MO2402-P-5000,27,452,27,3,False,5000.0,10.6,5700.0,168.4,157.8,54
P100,2023-12-28,MO2402-P-5000,34,1043,34,3,False,5000.0,4.6,5800.0,150.4,145.8,53
P100,2023-12-29,MO2402-P-5000,37,1263,37,3,False,5000.0,3.8,5900.0,150.4,146.6,52
P100,2024-01-02,MO2402-P-5000,30,1263,30,3,False,5000.0,3.8,5900.0,178.0,174.2,48
P100,2024-01-03,MO2402-P-5000,38,1090,38,3,False,5000.0,4.4,5800.0,135.0,130.6,47
P100,2024-01-04,MO2402-P-5000,31,960,31,3,False,5000.0,5.0,5800.0,159.6,154.6,46
P100,2024-01-05,MO2402-P-5000,27,600,27,3,False,5000.0,8.0,5700.0,159.4,151.4,45
P100,2024-01-08,MO2402-P-5000,21,161,21,3,False,5000.0,29.8,5500.0,190.2,160.39999999999998,42
P100,2024-01-09,MO2402-P-4950,18,279,18,3,False,4950.0,17.2,5600.0,218.4,201.20000000000002,38
P100,2024-01-10,MO2402-P-4950,22,180,22,3,False,4950.0,26.6,5500.0,181.0,154.4,37
P100,2024-01-11,MO2402-P-4950,26,328,26,3,False,4950.0,14.6,5600.0,169.6,155.0,36
P100,2024-01-12,MO2402-P-4950,23,307,23,3,False,4950.0,15.6,5600.0,182.2,166.6,35
P100,2024-01-15,MO2402-P-4950,21,292,21,3,False,4950.0,16.4,5600.0,192.2,175.79999999999998,32
P100,2024-01-16,MO2402-P-4950,26,315,26,3,False,4950.0,15.2,5500.0,152.0,136.8,31
P100,2024-01-17,MO2402-P-4950,15,111,15,3,False,4950.0,43.2,5400.0,221.0,177.8,30
P100,2024-01-18,MO2403-P-4850,14,66,14,3,False,4850.0,72.6,5400.0,301.6,229.00000000000003,56
P100,2024-01-19,MO2403-P-4800,16,70,16,3,False,4800.0,68.4,5300.0,267.0,198.6,55
P100,2024-01-22,MO2403-P-4750,14,23,14,4,False,4750.0,275.0,5000.0,423.4,148.39999999999998,52
P100,2024-01-23,MO2403-P-4500,20,93,20,4,False,4500.0,68.8,5100.0,301.8,233.0,51
P100,2024-01-24,MO2403-P-4500,27,129,27,4,False,4500.0,49.6,5100.0,245.2,195.6,50
P100,2024-01-25,MO2403-P-4500,34,310,34,4,False,4500.0,20.6,5300.0,216.8,196.20000000000002,49
P100,2024-01-26,MO2403-P-4500,26,256,26,4,False,4500.0,25.0,5300.0,263.6,238.60000000000002,48
P100,2024-01-29,MO2403-P-4500,25,131,25,4,False,4500.0,48.6,5100.0,255.2,206.6,45
P100,2024-01-30,MO2403-P-4500,18,70,18,4,False,4500.0,91.0,5000.0,308.2,217.2,44
P100,2024-01-31,MO2403-P-4450,17,45,17,4,False,4450.0,142.0,4800.0,305.8,163.8,43
P100,2024-02-01,MO2403-P-4300,20,69,20,4,False,4300.0,92.0,4750.0,276.0,184.0,42
P100,2024-02-02,MO2403-P-4250,20,46,20,4,False,4250.0,137.0,4550.0,271.2,134.2,41
P100,2024-02-05,MO2403-P-4100,14,20,14,4,False,4100.0,319.6,4300.0,434.2,114.59999999999997,38
P100,2024-02-06,MO2403-P-3850,27,125,27,4,False,3850.0,51.0,4600.0,272.8,221.8,37
P100,2024-02-07,MO2403-P-3850,34,260,34,4,False,3850.0,24.6,4800.0,251.8,227.20000000000002,36
P100,2024-02-08,MO2403-P-3850,36,800,36,4,False,3850.0,8.0,5000.0,268.6,260.6,35
P100,2024-02-19,MO2404-P-3850,33,299,33,4,False,3850.0,21.4,5000.0,309.4,288.0,59
P100,2024-02-20,MO2404-P-3850,40,680,40,4,False,3850.0,9.4,5000.0,252.2,242.79999999999998,58
P100,2024-02-21,MO2404-P-3850,35,653,35,4,False,3850.0,9.8,5100.0,293.8,284.0,57
P100,2024-02-22,MO2404-P-3850,36,820,36,4,False,3850.0,7.8,5200.0,299.2,291.4,56
P100,2024-02-23,MO2404-P-3850,45,1230,45,4,False,3850.0,5.2,5200.0,251.2,246.0,55
P100,2024-02-26,MO2404-P-3850,39,1333,39,4,False,3850.0,4.8,5300.0,295.6,290.8,52
P100,2024-02-27,MO2404-P-3850,48,2133,48,4,False,3850.0,3.0,5400.0,264.0,261.0,51
P100,2024-02-28,MO2404-P-3850,35,1103,35,4,False,3850.0,5.8,5200.0,310.6,304.8,50
P100,2024-02-29,MO2404-P-3850,49,1882,49,4,False,3850.0,3.4,5300.0,250.0,246.6,49
P100,2024-03-01,MO2404-P-3850,45,2461,45,4,False,3850.0,2.6,5400.0,282.8,280.2,48
P100,2024-03-04,MO2404-P-3850,47,1600,47,4,False,3850.0,4.0,5400.0,275.0,271.0,45
P100,2024-03-05,MO2404-P-3850,40,1280,40,4,False,3850.0,5.0,5400.0,312.8,307.8,44
P100,2024-03-06,MO2404-P-3850,45,2133,45,4,False,3850.0,3.0,5400.0,278.4,275.4,43
P100,2024-03-07,MO2404-P-3850,47,1684,47,4,False,3850.0,3.8,5300.0,254.2,250.39999999999998,42
P100,2024-03-08,MO2404-P-3850,51,2909,51,4,False,3850.0,2.2,5400.0,241.4,239.20000000000002,41
P100,2024-03-11,MO2404-P-3850,58,10666,58,4,False,3850.0,0.6,5500.0,224.4,223.8,38
P100,2024-03-12,MO2404-P-3850,64,10666,64,4,False,3850.0,0.6,5500.0,207.0,206.4,37
P100,2024-03-13,MO2404-P-3850,75,8000,75,4,False,3850.0,0.8,5500.0,181.0,180.2,36
P100,2024-03-14,MO2404-P-3850,68,6400,68,4,False,3850.0,1.0,5500.0,195.0,194.0,35
P100,2024-03-15,MO2404-P-3850,69,8000,69,4,False,3850.0,0.8,5600.0,201.4,200.6,34
P100,2024-03-18,MO2404-P-3850,99,32000,99,4,False,3850.0,0.2,5600.0,146.0,145.8,31
P100,2024-03-19,MO2404-P-3850,86,32000,86,4,False,3850.0,0.2,5600.0,164.6,164.4,30
P100,2024-03-20,MO2405-P-4500,36,1066,36,4,False,4500.0,6.0,5700.0,265.4,259.4,57
P100,2024-03-21,MO2405-P-4500,37,1142,37,4,False,4500.0,5.6,5700.0,261.8,256.2,56
P100,2024-03-22,MO2405-P-4500,38,864,38,4,False,4500.0,7.4,5600.0,241.6,234.2,55
P100,2024-03-25,MO2405-P-4500,31,640,31,4,False,4500.0,10.0,5500.0,260.2,250.2,52
P100,2024-03-26,MO2405-P-4500,37,516,37,4,False,4500.0,12.4,5400.0,221.6,209.2,51
P100,2024-03-27,MO2405-P-4500,25,177,25,4,False,4500.0,36.0,5300.0,289.2,253.2,50
P100,2024-03-28,MO2405-P-4500,30,344,30,4,False,4500.0,18.6,5400.0,257.6,239.00000000000003,49
P100,2024-03-29,MO2405-P-4500,38,477,38,4,False,4500.0,13.4,5400.0,211.8,198.4,48
P100,2024-04-01,MO2405-P-4500,37,761,37,4,False,4500.0,8.4,5600.0,243.2,234.79999999999998,45
P100,2024-04-02,MO2405-P-4500,43,666,43,4,False,4500.0,9.6,5500.0,204.8,195.20000000000002,44
P100,2024-04-03,MO2405-P-4500,39,680,39,4,False,4500.0,9.4,5500.0,217.2,207.79999999999998,43
P100,2024-04-08,MO2405-P-4500,35,344,35,4,False,4500.0,18.6,5400.0,225.0,206.4,38
P100,2024-04-09,MO2405-P-4500,35,603,35,4,False,4500.0,10.6,5500.0,234.0,223.4,37
P100,2024-04-10,MO2405-P-4500,32,551,32,4,False,4500.0,11.6,5400.0,231.2,219.6,36
P100,2024-04-11,MO2405-P-4500,34,727,34,4,False,4500.0,8.8,5400.0,217.0,208.2,35
P100,2024-04-12,MO2405-P-4500,40,653,40,4,False,4500.0,9.8,5300.0,179.0,169.2,34
P100,2024-04-15,MO2405-P-4500,31,542,31,4,False,4500.0,11.8,5300.0,216.0,204.2,31
P100,2024-04-16,MO2405-P-4500,23,160,23,4,False,4500.0,40.0,5100.0,243.2,203.2,30
P100,2024-04-17,MO2405-P-4500,34,385,34,4,False,4500.0,16.6,5300.0,207.2,190.6,29
P100,2024-04-18,MO2405-P-4500,33,426,33,4,False,4500.0,15.0,5300.0,207.4,192.4,28
P100,2024-04-19,MO2405-P-4500,31,410,31,4,False,4500.0,15.6,5300.0,217.8,202.20000000000002,27
P100,2024-04-22,MO2406-P-3800,45,800,45,4,False,3800.0,8.0,5200.0,265.2,257.2,59
P100,2024-04-23,MO2406-P-3800,43,842,43,4,False,3800.0,7.6,5200.0,271.6,264.0,58
P100,2024-04-24,MO2406-P-3800,47,1523,47,4,False,3800.0,4.2,5300.0,261.0,256.8,57
P100,2024-04-25,MO2406-P-3800,50,2000,50,4,False,3800.0,3.2,5300.0,250.0,246.8,56
P100,2024-04-26,MO2406-P-3800,57,3555,57,4,False,3800.0,1.8,5400.0,231.4,229.6,55
P100,2024-04-29,MO2406-P-3800,66,10666,66,4,False,3800.0,0.6,5500.0,212.8,212.20000000000002,52
P100,2024-04-30,MO2406-P-3800,60,10666,60,4,False,3800.0,0.6,5500.0,228.6,228.0,51
P100,2024-05-06,MO2406-P-3800,69,5333,69,4,False,3800.0,1.2,5600.0,212.6,211.4,45
P100,2024-05-07,MO2406-P-3800,74,3555,74,4,False,3800.0,1.8,5600.0,201.2,199.39999999999998,44
P100,2024-05-08,MO2406-P-3800,71,4000,71,4,False,3800.0,1.6,5500.0,199.8,198.20000000000002,43
P100,2024-05-09,MO2406-P-3800,75,4571,75,4,False,3800.0,1.4,5600.0,196.8,195.4,42
P100,2024-05-10,MO2406-P-3800,62,16000,62,4,False,3800.0,0.4,5600.0,230.2,229.79999999999998,41
P100,2024-05-13,MO2406-P-3800,67,32000,67,4,False,3800.0,0.2,5500.0,206.4,206.20000000000002,38
P100,2024-05-14,MO2406-P-3800,58,16000,58,4,False,3800.0,0.4,5600.0,245.6,245.2,37
P100,2024-05-15,MO2406-P-3800,64,16000,64,4,False,3800.0,0.4,5500.0,212.8,212.4,36
P100,2024-05-16,MO2406-P-3800,67,16000,67,4,False,3800.0,0.4,5500.0,203.6,203.2,35
P100,2024-05-17,MO2406-P-3800,74,32000,74,4,False,3800.0,0.2,5600.0,192.0,191.8,34
P100,2024-05-20,MO2406-P-3800,80,32000,80,4,False,3800.0,0.2,5600.0,180.0,179.8,31
P100,2024-05-21,MO2406-P-3800,91,32000,91,4,False,3800.0,0.2,5500.0,153.8,153.60000000000002,30
P100,2024-05-22,MO2407-P-4650,34,592,34,4,False,4650.0,10.8,5500.0,223.0,212.2,57
P100,2024-05-23,MO2407-P-4650,29,301,29,4,False,4650.0,21.2,5400.0,238.2,217.0,56
P100,2024-05-24,MO2407-P-4650,23,238,23,4,False,4650.0,26.8,5400.0,277.6,250.8,55
P100,2024-05-27,MO2407-P-4650,27,320,27,4,False,4650.0,20.0,5400.0,246.6,226.6,52
P100,2024-05-28,MO2407-P-4650,30,253,30,4,False,4650.0,25.2,5300.0,216.6,191.4,51
P100,2024-05-29,MO2407-P-4650,23,271,23,4,False,4650.0,23.6,5400.0,271.6,248.00000000000003,50
P100,2024-05-30,MO2407-P-4650,30,316,30,4,False,4650.0,20.2,5300.0,204.0,183.8,49
P100,2024-05-31,MO2407-P-4650,25,421,25,4,False,4650.0,15.2,5400.0,244.8,229.60000000000002,48
P100,2024-06-03,MO2407-P-4650,24,260,24,4,False,4650.0,24.6,5300.0,237.8,213.20000000000002,45
P100,2024-06-04,MO2407-P-4650,29,372,29,4,False,4650.0,17.2,5300.0,205.0,187.8,44
P100,2024-06-05,MO2407-P-4650,30,278,30,4,False,4650.0,23.0,5200.0,186.6,163.6,43
P100,2024-06-06,MO2407-P-4650,25,153,25,4,False,4650.0,41.6,5100.0,196.6,155.0,42
P100,2024-06-07,MO2407-P-4600,21,223,21,4,False,4600.0,28.6,5200.0,240.4,211.8,41
P100,2024-06-11,MO2407-P-4600,28,320,28,4,False,4600.0,20.0,5200.0,196.0,176.0,37
P100,2024-06-12,MO2407-P-4600,30,336,30,4,False,4600.0,19.0,5200.0,186.6,167.6,36
P100,2024-06-13,MO2407-P-4600,26,372,26,4,False,4600.0,17.2,5200.0,202.0,184.8,35
P100,2024-06-14,MO2407-P-4600,28,581,28,4,False,4600.0,11.0,5200.0,179.4,168.4,34
P100,2024-06-17,MO2407-P-4600,29,666,29,4,False,4600.0,9.6,5200.0,176.0,166.4,31
P100,2024-06-18,MO2407-P-4600,39,1066,39,4,False,4600.0,6.0,5200.0,136.0,130.0,30
P100,2024-06-19,MO2408-P-4600,21,213,21,4,False,4600.0,30.0,5200.0,248.2,218.2,57
P100,2024-06-20,MO2408-P-4600,18,130,18,4,False,4600.0,49.2,5100.0,253.0,203.8,56
P100,2024-06-21,MO2408-P-4550,19,169,19,4,False,4550.0,37.8,5100.0,253.0,215.2,55
P100,2024-06-24,MO2408-P-4500,19,95,19,4,False,4500.0,66.8,4900.0,231.0,164.2,52
P100,2024-06-25,MO2408-P-4350,23,134,23,4,False,4350.0,47.6,4850.0,223.6,176.0,51
P100,2024-06-26,MO2408-P-4350,26,275,26,4,False,4350.0,23.2,5000.0,219.6,196.4,50
P100,2024-06-27,MO2408-P-4350,26,172,26,4,False,4350.0,37.0,4850.0,200.8,163.8,49
P100,2024-06-28,MO2408-P-4350,24,190,24,4,False,4350.0,33.6,4900.0,218.2,184.6,48
P100,2024-07-01,MO2408-P-4350,25,242,25,4,False,4350.0,26.4,4950.0,220.0,193.6,45
P100,2024-07-02,MO2408-P-4350,26,244,26,4,False,4350.0,26.2,4900.0,201.8,175.60000000000002,44
P100,2024-07-03,MO2408-P-4350,26,256,26,4,False,4350.0,25.0,4850.0,184.4,159.4,43
P100,2024-07-04,MO2408-P-4350,24,153,24,4,False,4350.0,41.6,4750.0,183.6,142.0,42
P100,2024-07-05,MO2408-P-4250,29,329,29,4,False,4250.0,19.4,4800.0,178.6,159.2,41
P100,2024-07-08,MO2408-P-4250,23,193,23,4,False,4250.0,33.0,4700.0,193.8,160.8,38
P100,2024-07-09,MO2408-P-4200,28,351,28,4,False,4200.0,18.2,4800.0,189.0,170.8,37
P100,2024-07-10,MO2408-P-4200,27,355,27,4,False,4200.0,18.0,4800.0,191.0,173.0,36
P100,2024-07-11,MO2408-P-4200,34,666,34,4,False,4200.0,9.6,4900.0,174.6,165.0,35
P100,2024-07-12,MO2408-P-4200,33,653,33,4,False,4200.0,9.8,4900.0,177.8,168.0,34
P100,2024-07-15,MO2408-P-4200,30,666,30,4,False,4200.0,9.6,4850.0,177.2,167.6,31
P100,2024-07-16,MO2408-P-4200,32,969,32,4,False,4200.0,6.6,4850.0,169.8,163.20000000000002,30
P100,2024-07-17,MO2408-P-4200,31,744,31,4,False,4200.0,8.6,4800.0,163.0,154.4,29
P100,2024-07-18,MO2408-P-4200,33,666,33,4,False,4200.0,9.6,4800.0,159.2,149.6,28
P100,2024-07-19,MO2408-P-4200,36,969,36,4,False,4200.0,6.6,4800.0,145.2,138.6,27
P100,2024-07-22,MO2409-P-3800,34,1280,34,4,False,3800.0,5.0,4850.0,248.0,243.0,59
P100,2024-07-23,MO2409-P-3800,31,695,31,4,False,3800.0,9.2,4700.0,242.6,233.4,58
P100,2024-07-24,MO2409-P-3800,29,571,29,4,False,3800.0,11.2,4650.0,247.6,236.4,57
P100,2024-07-25,MO2409-P-3800,29,581,29,4,False,3800.0,11.0,4650.0,244.4,233.4,56
P100,2024-07-26,MO2409-P-3800,35,914,35,4,False,3800.0,7.0,4700.0,215.0,208.0,55
P100,2024-07-29,MO2409-P-3800,33,969,33,4,False,3800.0,6.6,4700.0,224.8,218.20000000000002,52
P100,2024-07-30,MO2409-P-3800,36,1032,36,4,False,3800.0,6.2,4700.0,209.4,203.20000000000002,51
P100,2024-07-31,MO2409-P-3800,46,2285,46,4,False,3800.0,2.8,4900.0,192.6,189.79999999999998,50
P100,2024-08-01,MO2409-P-3800,44,2461,44,4,False,3800.0,2.6,4900.0,199.4,196.8,49
P100,2024-08-02,MO2409-P-3800,45,2133,45,4,False,3800.0,3.0,4800.0,185.0,182.0,48
P100,2024-08-05,MO2409-P-3800,35,780,35,4,False,3800.0,8.2,4700.0,213.4,205.20000000000002,45
P100,2024-08-06,MO2409-P-3800,40,1032,40,4,False,3800.0,6.2,4750.0,198.2,192.0,44
P100,2024-08-07,MO2409-P-3800,39,1454,39,4,False,3800.0,4.4,4750.0,201.2,196.79999999999998,43
P100,2024-08-08,MO2409-P-3800,42,1684,42,4,False,3800.0,3.8,4750.0,183.2,179.39999999999998,42
P100,2024-08-09,MO2409-P-3800,42,1391,42,4,False,3800.0,4.6,4700.0,179.0,174.4,41
P100,2024-08-12,MO2409-P-3800,48,1523,48,4,False,3800.0,4.2,4650.0,151.0,146.8,38
P100,2024-08-13,MO2409-P-3800,45,1882,45,4,False,3800.0,3.4,4700.0,164.8,161.4,37
P100,2024-08-14,MO2409-P-3800,44,2133,44,4,False,3800.0,3.0,4650.0,160.4,157.4,36
P100,2024-08-15,MO2409-P-3800,46,2909,46,4,False,3800.0,2.2,4700.0,160.2,158.0,35
P100,2024-08-16,MO2409-P-3800,50,2666,50,4,False,3800.0,2.4,4650.0,140.0,137.6,34
P100,2024-08-19,MO2409-P-3800,58,3200,58,4,False,3800.0,2.0,4650.0,121.6,119.6,31
P100,2024-08-20,MO2409-P-3800,45,2133,45,4,False,3800.0,3.0,4600.0,142.0,139.0,30
P100,2024-08-21,MO2410-P-4100,24,230,24,4,False,4100.0,27.8,4550.0,178.2,150.39999999999998,57
P100,2024-08-22,MO2410-P-4050,23,237,23,4,False,4050.0,27.0,4500.0,182.2,155.2,56
P100,2024-08-23,MO2410-P-4000,26,380,26,4,False,4000.0,16.8,4500.0,175.2,158.39999999999998,55
P100,2024-08-26,MO2410-P-4000,28,426,28,4,False,4000.0,15.0,4500.0,166.4,151.4,52
P100,2024-08-27,MO2410-P-4000,27,329,27,4,False,4000.0,19.4,4450.0,158.6,139.2,51
P100,2024-08-28,MO2410-P-4000,28,372,28,4,False,4000.0,17.2,4450.0,152.8,135.60000000000002,50
P100,2024-08-29,MO2410-P-4000,28,542,28,4,False,4000.0,11.8,4550.0,167.0,155.2,49
P100,2024-08-30,MO2410-P-4000,32,842,32,4,False,4000.0,7.6,4650.0,166.4,158.8,48
P100,2024-09-02,MO2410-P-4000,27,581,27,4,False,4000.0,11.0,4550.0,168.8,157.8,45
P100,2024-09-03,MO2410-P-4000,33,780,33,4,False,4000.0,8.2,4550.0,149.0,140.8,44
P100,2024-09-04,MO2410-P-4000,31,744,31,4,False,4000.0,8.6,4550.0,153.0,144.4,43
P100,2024-09-05,MO2410-P-4000,31,888,31,4,False,4000.0,7.2,4600.0,161.4,154.20000000000002,42
P100,2024-09-06,MO2410-P-4000,30,640,30,4,False,4000.0,10.0,4500.0,147.2,137.2,41
P100,2024-09-09,MO2410-P-4000,25,533,25,4,False,4000.0,12.0,4500.0,164.4,152.4,38
P100,2024-09-10,MO2410-P-4000,27,516,27,4,False,4000.0,12.4,4500.0,160.2,147.79999999999998,37
P100,2024-09-11,MO2410-P-4000,27,561,27,4,False,4000.0,11.4,4500.0,159.0,147.6,36
P100,2024-09-12,MO2410-P-4000,33,615,33,4,False,4000.0,10.4,4450.0,125.0,114.6,35
P100,2024-09-13,MO2410-P-4000,32,640,32,4,False,4000.0,10.0,4400.0,116.0,106.0,34
P100,2024-09-18,MO2411-P-3950,23,213,23,4,False,3950.0,30.0,4400.0,186.6,156.6,57
P100,2024-09-19,MO2411-P-3950,24,293,24,4,False,3950.0,21.8,4500.0,200.8,179.0,56
P100,2024-09-20,MO2411-P-3950,27,316,27,4,False,3950.0,20.2,4450.0,178.0,157.8,55
P100,2024-09-23,MO2411-P-3950,28,367,28,4,False,3950.0,17.4,4450.0,170.4,153.0,52
P100,2024-09-24,MO2411-P-3950,34,888,34,4,False,3950.0,7.2,4650.0,171.8,164.60000000000002,51
P100,2024-09-25,MO2411-P-3950,34,1882,34,4,False,3950.0,3.4,4700.0,180.0,176.6,50
P100,2024-09-26,MO2411-P-3950,47,3555,47,4,False,3950.0,1.8,4850.0,161.8,160.0,49
P100,2024-09-27,MO2411-P-3950,60,4571,60,4,False,3950.0,1.4,5100.0,160.6,159.2,48
P100,2024-09-30,MO2411-P-3950,37,4571,37,4,False,3950.0,1.4,5700.0,389.4,388.0,45
P100,2024-10-08,MO2411-P-3950,23,774,23,3,False,3950.0,6.2,6200.0,613.8,607.5999999999999,37
P100,2024-10-09,MO2411-P-3950,31,857,31,3,False,3950.0,5.6,5700.0,356.0,350.4,36
P100,2024-10-10,MO2411-P-3950,30,2181,30,3,False,3950.0,2.2,5700.0,351.2,349.0,35
P100,2024-10-11,MO2411-P-3950,29,1263,29,3,False,3950.0,3.8,5400.0,315.0,311.2,34
P100,2024-10-14,MO2411-P-3950,40,2666,40,3,False,3950.0,1.8,5600.0,255.0,253.2,31
P100,2024-10-15,MO2411-P-3950,42,2181,42,3,False,3950.0,2.2,5500.0,225.4,223.20000000000002,30
P100,2024-10-16,MO2411-P-3950,45,3000,45,3,False,3950.0,1.6,5500.0,215.8,214.20000000000002,29
P100,2024-10-17,MO2411-P-3950,43,2666,43,3,False,3950.0,1.8,5500.0,223.4,221.6,28
P100,2024-10-18,MO2411-P-3950,50,2000,50,3,False,3950.0,2.4,5700.0,219.0,216.6,27
P100,2024-10-21,MO2412-P-3800,31,1500,31,3,False,3800.0,3.2,5900.0,402.6,399.40000000000003,59
P100,2024-10-22,MO2412-P-3800,34,1714,34,3,False,3800.0,2.8,5900.0,379.4,376.59999999999997,58
P100,2024-10-23,MO2412-P-3800,35,2000,35,3,False,3800.0,2.4,5900.0,368.0,365.6,57
P100,2024-10-24,MO2412-P-3800,35,2181,35,3,False,3800.0,2.2,5900.0,357.8,355.6,56
P100,2024-10-25,MO2412-P-3800,39,2666,39,3,False,3800.0,1.8,6000.0,340.0,338.2,55
P100,2024-10-28,MO2412-P-3800,39,8000,39,3,False,3800.0,0.6,6100.0,356.8,356.2,52
P100,2024-10-29,MO2412-P-3800,40,2400,40,3,False,3800.0,2.0,6000.0,333.0,331.0,51
P100,2024-10-30,MO2412-P-3800,42,6000,42,3,False,3800.0,0.8,6000.0,320.2,319.4,50
P100,2024-10-31,MO2412-P-3800,43,2400,43,3,False,3800.0,2.0,6100.0,332.0,330.0,49
P100,2024-11-01,MO2412-P-3800,39,2666,39,3,False,3800.0,1.8,5900.0,337.4,335.59999999999997,48
P100,2024-11-04,MO2412-P-3800,37,2666,37,3,False,3800.0,1.8,6100.0,371.2,369.4,45
P100,2024-11-05,MO2412-P-3800,41,2400,41,3,False,3800.0,2.0,6300.0,365.4,363.4,44
P100,2024-11-06,MO2412-P-3800,44,1846,44,3,False,3800.0,2.6,6300.0,342.6,340.0,43
P100,2024-11-07,MO2412-P-3800,51,1846,51,3,False,3800.0,2.6,6400.0,313.0,310.4,42
P100,2024-11-08,MO2412-P-3800,54,1600,54,3,False,3800.0,3.0,6400.0,298.0,295.0,41
P100,2024-11-11,MO2412-P-3800,54,2000,54,3,False,3800.0,2.4,6600.0,314.0,311.6,38
P100,2024-11-12,MO2412-P-3800,59,1714,59,3,False,3800.0,2.8,6500.0,280.4,277.59999999999997,37
P100,2024-11-13,MO2412-P-3800,60,2400,60,3,False,3800.0,2.0,6500.0,273.6,271.6,36
P100,2024-11-14,MO2412-P-3800,59,3000,59,3,False,3800.0,1.6,6300.0,256.8,255.20000000000002,35
P100,2024-11-15,MO2412-P-3800,65,3428,65,3,False,3800.0,1.4,6100.0,217.6,216.2,34
P100,2024-11-18,MO2412-P-3800,51,8000,51,3,False,3800.0,0.6,6000.0,260.2,259.59999999999997,31
P100,2024-11-19,MO2412-P-3800,60,24000,60,3,False,3800.0,0.2,6100.0,234.6,234.4,30
P100,2024-11-20,MO2501-P-5100,21,142,21,3,False,5100.0,33.8,6300.0,368.2,334.4,57
P100,2024-11-21,MO2501-P-5100,21,163,21,3,False,5100.0,29.4,6300.0,364.6,335.20000000000005,56
P100,2024-11-22,MO2501-P-5100,20,97,20,3,False,5100.0,49.4,6000.0,333.8,284.40000000000003,55
P100,2024-11-25,MO2501-P-5100,18,101,18,3,False,5100.0,47.4,6100.0,372.8,325.40000000000003,52
P100,2024-11-26,MO2501-P-5100,18,95,18,3,False,5100.0,50.4,6000.0,347.0,296.6,51
P100,2024-11-27,MO2501-P-5100,24,156,24,3,False,5100.0,30.6,6100.0,294.8,264.2,50
P100,2024-11-28,MO2501-P-5100,21,160,21,3,False,5100.0,30.0,6100.0,315.8,285.8,49
P100,2024-11-29,MO2501-P-5100,23,258,23,3,False,5100.0,18.6,6200.0,310.6,292.0,48
P100,2024-12-02,MO2501-P-5100,26,296,26,3,False,5100.0,16.2,6300.0,300.0,283.8,45
P100,2024-12-03,MO2501-P-5100,26,320,26,3,False,5100.0,15.0,6300.0,296.6,281.6,44
P100,2024-12-04,MO2501-P-5100,24,263,24,3,False,5100.0,18.2,6200.0,298.4,280.2,43
P100,2024-12-05,MO2501-P-5100,25,296,25,3,False,5100.0,16.2,6300.0,307.6,291.40000000000003,42
P100,2024-12-06,MO2501-P-5100,31,470,31,3,False,5100.0,10.2,6300.0,252.4,242.20000000000002,41
P100,2024-12-09,MO2501-P-5100,27,461,27,3,False,5100.0,10.4,6300.0,281.0,270.6,38
P100,2024-12-10,MO2501-P-5100,27,774,27,3,False,5100.0,6.2,6400.0,291.0,284.8,37
P100,2024-12-11,MO2501-P-5100,37,727,37,3,False,5100.0,6.6,6400.0,228.4,221.8,36
P100,2024-12-12,MO2501-P-5100,35,774,35,3,False,5100.0,6.2,6500.0,250.6,244.4,35
P100,2024-12-13,MO2501-P-5100,31,705,31,3,False,5100.0,6.8,6400.0,253.2,246.39999999999998,34
P100,2024-12-16,MO2501-P-5100,32,923,32,3,False,5100.0,5.2,6300.0,229.8,224.60000000000002,31
P100,2024-12-17,MO2501-P-5100,35,800,35,3,False,5100.0,6.0,6100.0,188.2,182.2,30
P100,2024-12-18,MO2501-P-5100,31,1142,31,3,False,5100.0,4.2,6200.0,219.0,214.8,29
P100,2024-12-19,MO2501-P-5100,34,1090,34,3,False,5100.0,4.4,6200.0,202.8,198.4,28
P100,2024-12-20,MO2501-P-5100,34,1411,34,3,False,5100.0,3.4,6300.0,214.0,210.6,27
P100,2024-12-23,MO2502-P-5300,19,98,19,3,False,5300.0,48.8,6100.0,306.8,258.0,59
P100,2024-12-24,MO2502-P-5300,19,123,19,3,False,5300.0,38.8,6200.0,319.0,280.2,58
P100,2024-12-25,MO2502-P-5300,19,111,19,3,False,5300.0,43.2,6100.0,294.6,251.40000000000003,57
P100,2024-12-26,MO2502-P-5300,19,137,19,3,False,5300.0,35.0,6200.0,309.4,274.4,56
P100,2024-12-27,MO2502-P-5300,20,179,20,3,False,5300.0,26.8,6200.0,291.4,264.59999999999997,55
P100,2024-12-30,MO2502-P-5300,23,193,23,3,False,5300.0,24.8,6100.0,246.8,222.0,52
P100,2024-12-31,MO2502-P-5300,16,108,16,3,False,5300.0,44.2,6000.0,299.6,255.40000000000003,51
P100,2025-01-02,MO2502-P-5300,15,58,15,3,False,5300.0,82.6,5800.0,284.0,201.4,49
P100,2025-01-03,MO2502-P-5200,16,50,16,3,False,5200.0,96.0,5600.0,256.6,160.60000000000002,48
P100,2025-01-06,MO2502-P-5000,19,81,19,3,False,5000.0,59.0,5600.0,260.0,201.0,45
P100,2025-01-07,MO2502-P-5000,20,132,20,3,False,5000.0,36.2,5700.0,254.2,218.0,44
P100,2025-01-08,MO2502-P-5000,18,122,18,3,False,5000.0,39.2,5700.0,265.2,226.0,43
P100,2025-01-09,MO2502-P-5000,18,120,18,3,False,5000.0,40.0,5700.0,266.0,226.0,42
P100,2025-01-10,MO2502-P-5000,21,84,21,3,False,5000.0,56.6,5500.0,218.4,161.8,41
P100,2025-01-13,MO2502-P-4950,17,107,17,3,False,4950.0,44.6,5600.0,261.2,216.6,38
P100,2025-01-14,MO2502-P-4950,24,263,24,3,False,4950.0,18.2,5800.0,242.0,223.8,37
P100,2025-01-15,MO2502-P-4950,22,260,22,3,False,4950.0,18.4,5800.0,243.8,225.4,36
P100,2025-01-16,MO2502-P-4950,24,289,24,3,False,4950.0,16.6,5800.0,237.8,221.20000000000002,35
P100,2025-01-17,MO2502-P-4950,28,347,28,3,False,4950.0,13.8,5800.0,208.0,194.2,34
P100,2025-01-20,MO2502-P-4950,26,545,26,3,False,4950.0,8.8,5900.0,230.2,221.39999999999998,31
P100,2025-01-21,MO2502-P-4950,29,750,29,3,False,4950.0,6.4,5900.0,207.4,201.0,30
P100,2025-01-22,MO2503-P-3900,37,1411,37,3,False,3900.0,3.4,5900.0,322.6,319.20000000000005,57
P100,2025-01-23,MO2503-P-3900,44,1714,44,3,False,3900.0,2.8,5800.0,271.6,268.8,56
P100,2025-01-24,MO2503-P-3900,51,1846,51,3,False,3900.0,2.6,5900.0,245.6,243.0,55
P100,2025-01-27,MO2503-P-3900,50,1600,50,3,False,3900.0,3.0,5800.0,240.0,237.0,52
P100,2025-02-05,MO2503-P-3900,47,8000,47,3,False,3900.0,0.6,5900.0,255.4,254.8,43
P100,2025-02-06,MO2503-P-3900,62,3000,62,3,False,3900.0,1.6,6000.0,210.8,209.20000000000002,42
P100,2025-02-07,MO2503-P-3900,64,3000,64,3,False,3900.0,1.6,6100.0,212.4,210.8,41
P100,2025-02-10,MO2503-P-3900,58,3428,58,3,False,3900.0,1.4,6200.0,243.6,242.2,38
P100,2025-02-11,MO2503-P-3900,59,3428,59,3,False,3900.0,1.4,6200.0,235.8,234.4,37
P100,2025-02-12,MO2503-P-3900,62,3428,62,3,False,3900.0,1.4,6300.0,235.4,234.0,36
P100,2025-02-13,MO2503-P-3900,67,3428,67,3,False,3900.0,1.4,6200.0,208.6,207.2,35
P100,2025-02-14,MO2503-P-3900,79,3000,79,3,False,3900.0,1.6,6200.0,180.0,178.4,34
P100,2025-02-17,MO2503-P-3900,64,3428,64,3,False,3900.0,1.4,6300.0,228.2,226.79999999999998,31
P100,2025-02-18,MO2503-P-3900,81,3428,81,3,False,3900.0,1.4,6100.0,168.6,167.2,30
P100,2025-02-19,MO2504-P-5200,25,358,25,3,False,5200.0,13.4,6300.0,281.2,267.8,57
P100,2025-02-20,MO2504-P-5200,27,375,27,3,False,5200.0,12.8,6300.0,269.2,256.4,56
P100,2025-02-21,MO2504-P-5200,32,648,32,3,False,5200.0,7.4,6400.0,247.8,240.4,55
P100,2025-02-24,MO2504-P-5200,24,585,24,3,False,5200.0,8.2,6500.0,326.6,318.40000000000003,52
P100,2025-02-25,MO2504-P-5200,28,615,28,3,False,5200.0,7.8,6400.0,276.0,268.2,51
P100,2025-02-26,MO2504-P-5200,27,827,27,3,False,5200.0,5.8,6500.0,302.2,296.4,50
P100,2025-02-27,MO2504-P-5200,27,800,27,3,False,5200.0,6.0,6500.0,301.2,295.2,49
P100,2025-02-28,MO2504-P-5200,24,375,24,3,False,5200.0,12.8,6300.0,281.8,269.0,48
P100,2025-03-03,MO2504-P-5200,24,428,24,3,False,5200.0,11.2,6300.0,283.2,272.0,45
P100,2025-03-04,MO2504-P-5200,25,500,25,3,False,5200.0,9.6,6400.0,298.6,289.0,44
P100,2025-03-05,MO2504-P-5200,27,774,27,3,False,5200.0,6.2,6400.0,282.0,275.8,43
P100,2025-03-06,MO2504-P-5200,33,1090,33,3,False,5200.0,4.4,6500.0,247.6,243.2,42
P100,2025-03-07,MO2504-P-5200,21,640,21,2,False,5200.0,5.0,6500.0,255.8,250.8,41
P100,2025-03-10,MO2504-P-5200,21,695,21,2,False,5200.0,4.6,6500.0,265.2,260.59999999999997,38
P100,2025-03-11,MO2504-P-5200,19,727,19,2,False,5200.0,4.4,6600.0,301.2,296.8,37
P100,2025-03-12,MO2504-P-5200,20,941,20,2,False,5200.0,3.4,6600.0,281.4,278.0,36
P100,2025-03-13,MO2504-P-5200,20,888,20,2,False,5200.0,3.6,6500.0,266.2,262.59999999999997,35
P100,2025-03-14,MO2504-P-5200,23,1142,23,2,False,5200.0,2.8,6600.0,249.0,246.2,34
P100,2025-03-17,MO2504-P-5200,23,1454,23,2,False,5200.0,2.2,6600.0,254.4,252.20000000000002,31
P100,2025-03-18,MO2504-P-5200,25,1333,25,2,False,5200.0,2.4,6600.0,232.2,229.79999999999998,30
P100,2025-03-19,MO2505-P-5600,13,137,13,2,False,5600.0,23.2,6600.0,334.0,310.8,57
P100,2025-03-20,MO2505-P-5600,15,130,15,2,False,5600.0,24.6,6500.0,285.4,260.79999999999995,56
P100,2025-03-21,MO2505-P-5600,13,98,13,2,False,5600.0,32.6,6400.0,287.6,255.00000000000003,55
P100,2025-03-24,MO2505-P-5600,11,106,11,2,False,5600.0,30.0,6400.0,306.6,276.6,52
P100,2025-03-25,MO2505-P-5600,13,108,13,2,False,5600.0,29.6,6300.0,259.4,229.79999999999998,51
P100,2025-03-26,MO2505-P-5600,14,132,14,2,False,5600.0,24.2,6300.0,245.8,221.60000000000002,50
P100,2025-03-27,MO2505-P-5600,14,137,14,2,False,5600.0,23.2,6300.0,238.4,215.20000000000002,49
P100,2025-03-28,MO2505-P-5600,12,115,12,2,False,5600.0,27.8,6300.0,270.0,242.2,48
P100,2025-03-31,MO2505-P-5600,13,94,13,2,False,5600.0,33.8,6200.0,231.8,198.0,45
P100,2025-04-01,MO2505-P-5600,11,106,11,2,False,5600.0,30.0,6300.0,277.4,247.39999999999998,44
P100,2025-04-02,MO2505-P-5600,12,121,12,2,False,5600.0,26.4,6300.0,255.0,228.6,43
P100,2025-04-03,MO2505-P-5600,13,89,13,2,False,5600.0,35.6,6200.0,234.2,198.6,42
P100,2025-04-07,MO2505-P-5500,0,8,0,2,False,5500.0,400.0,5500.0,400.0,0.0,38
P100,2025-04-08,MO2505-P-4900,18,52,18,3,False,4900.0,91.6,5500.0,303.0,211.4,37
P100,2025-04-09,MO2505-P-4900,18,74,18,3,False,4900.0,64.4,5700.0,326.8,262.4,36
P100,2025-04-10,MO2505-P-4900,23,148,23,3,False,4900.0,32.4,5800.0,270.6,238.20000000000002,35
P100,2025-04-11,MO2505-P-4900,23,235,23,3,False,4900.0,20.4,5900.0,279.4,259.0,34
P100,2025-04-14,MO2505-P-4900,30,307,30,3,False,4900.0,15.6,5900.0,230.0,214.4,31
P100,2025-04-15,MO2505-P-4900,28,413,28,3,False,4900.0,11.6,5900.0,232.2,220.6,30
P100,2025-04-16,MO2505-P-4900,29,338,29,3,False,4900.0,14.2,5800.0,214.4,200.20000000000002,29
P100,2025-04-17,MO2505-P-4900,32,452,32,3,False,4900.0,10.6,5800.0,187.2,176.6,28
P100,2025-04-18,MO2505-P-4900,32,470,32,3,False,4900.0,10.2,5800.0,185.0,174.8,27
P100,2025-04-21,MO2506-P-3900,36,1043,36,3,False,3900.0,4.6,6000.0,351.8,347.2,59
P100,2025-04-22,MO2506-P-3900,45,827,45,3,False,3900.0,5.8,5900.0,284.4,278.59999999999997,58
P100,2025-04-23,MO2506-P-3900,41,1043,41,3,False,3900.0,4.6,6000.0,317.2,312.59999999999997,57
P100,2025-04-24,MO2506-P-3900,44,923,44,3,False,3900.0,5.2,5900.0,286.0,280.8,56
P100,2025-04-25,MO2506-P-3900,47,923,47,3,False,3900.0,5.2,5900.0,269.6,264.40000000000003,55
P100,2025-04-28,MO2506-P-3900,40,1000,40,3,False,3900.0,4.8,5900.0,301.4,296.59999999999997,52
P100,2025-04-29,MO2506-P-3900,44,1000,44,3,False,3900.0,4.8,5900.0,281.0,276.2,51
P100,2025-04-30,MO2506-P-3900,40,857,40,3,False,3900.0,5.6,6000.0,318.8,313.2,50
P100,2025-05-06,MO2506-P-3900,53,1714,53,3,False,3900.0,2.8,6100.0,254.0,251.2,44
P100,2025-05-07,MO2506-P-3900,54,1846,54,3,False,3900.0,2.6,6100.0,251.0,248.4,43
P100,2025-05-08,MO2506-P-3900,50,2000,50,3,False,3900.0,2.4,6200.0,277.0,274.6,42
P100,2025-05-09,MO2506-P-3900,52,2000,52,3,False,3900.0,2.4,6100.0,258.0,255.6,41
P100,2025-05-12,MO2506-P-3900,52,2181,52,3,False,3900.0,2.2,6200.0,266.4,264.2,38
P100,2025-05-13,MO2506-P-3900,49,2181,49,3,False,3900.0,2.2,6200.0,281.2,279.0,37
P100,2025-05-14,MO2506-P-3900,53,8000,53,3,False,3900.0,0.6,6200.0,259.6,259.0,36
P100,2025-05-15,MO2506-P-3900,53,2666,53,3,False,3900.0,1.8,6100.0,246.0,244.2,35
P100,2025-05-16,MO2506-P-3900,55,2666,55,3,False,3900.0,1.8,6100.0,240.6,238.79999999999998,34
P100,2025-05-19,MO2506-P-3900,62,3428,62,3,False,3900.0,1.4,6100.0,214.8,213.4,31
P100,2025-05-20,MO2506-P-3900,74,4000,74,3,False,3900.0,1.2,6100.0,185.4,184.20000000000002,30
P100,2025-05-21,MO2507-P-5200,21,184,21,3,False,5200.0,26.0,6100.0,299.6,273.6,57
P100,2025-05-22,MO2507-P-5200,18,136,18,3,False,5200.0,35.2,6100.0,339.4,304.2,56
P100,2025-05-23,MO2507-P-5200,17,107,17,3,False,5200.0,44.8,6000.0,325.0,280.2,55
P100,2025-05-26,MO2507-P-5200,20,121,20,3,False,5200.0,39.6,6000.0,290.4,250.79999999999998,52
P100,2025-05-27,MO2507-P-5200,20,138,20,3,False,5200.0,34.6,6000.0,286.6,252.00000000000003,51
P100,2025-05-28,MO2507-P-5200,19,134,19,3,False,5200.0,35.8,6000.0,296.8,261.0,50
P100,2025-05-29,MO2507-P-5200,22,216,22,3,False,5200.0,22.2,6100.0,273.2,251.0,49
P100,2025-05-30,MO2507-P-5200,24,190,24,3,False,5200.0,25.2,6000.0,240.0,214.8,48
P100,2025-06-03,MO2507-P-5200,20,240,20,3,False,5200.0,20.0,6100.0,282.4,262.4,44
P100,2025-06-04,MO2507-P-5200,25,307,25,3,False,5200.0,15.6,6100.0,242.4,226.8,43
P100,2025-06-05,MO2507-P-5200,23,342,23,3,False,5200.0,14.0,6200.0,277.2,263.2,42
P100,2025-06-06,MO2507-P-5200,23,347,23,3,False,5200.0,13.8,6200.0,273.2,259.4,41
P100,2025-06-09,MO2507-P-5200,29,500,29,3,False,5200.0,9.6,6200.0,223.2,213.6,38
P100,2025-06-10,MO2507-P-5200,24,387,24,3,False,5200.0,12.4,6200.0,253.0,240.6,37
P100,2025-06-11,MO2507-P-5200,27,436,27,3,False,5200.0,11.0,6200.0,233.0,222.0,36
P100,2025-06-12,MO2507-P-5200,28,387,28,3,False,5200.0,12.4,6200.0,231.2,218.79999999999998,35
P100,2025-06-13,MO2507-P-5200,29,315,29,3,False,5200.0,15.2,6100.0,208.2,193.0,34
P100,2025-06-16,MO2507-P-5200,36,489,36,3,False,5200.0,9.8,6100.0,171.6,161.79999999999998,31
P100,2025-06-17,MO2507-P-5200,37,510,37,3,False,5200.0,9.4,6100.0,166.2,156.79999999999998,30
P100,2025-06-18,MO2508-P-5300,22,146,22,3,False,5300.0,32.8,6100.0,270.0,237.2,57
P100,2025-06-19,MO2508-P-5300,23,121,23,3,False,5300.0,39.4,6000.0,237.6,198.2,56
P100,2025-06-20,MO2508-P-5300,21,125,21,3,False,5300.0,38.4,6000.0,242.8,204.4,55
P100,2025-06-23,MO2508-P-5300,20,170,20,3,False,5300.0,28.2,6100.0,263.2,235.0,52
P100,2025-06-24,MO2508-P-5300,24,289,24,3,False,5300.0,16.6,6200.0,246.6,230.0,51
P100,2025-06-25,MO2508-P-5300,25,324,25,3,False,5300.0,14.8,6300.0,257.8,243.0,50
P100,2025-06-26,MO2508-P-5300,21,275,21,2,False,5300.0,11.6,6200.0,197.0,185.4,49
P100,2025-06-27,MO2508-P-5300,17,333,17,2,False,5300.0,9.6,6300.0,240.4,230.8,48
P100,2025-06-30,MO2508-P-5300,17,390,17,2,False,5300.0,8.2,6400.0,270.4,262.2,45
P100,2025-07-01,MO2508-P-5300,17,363,17,2,False,5300.0,8.8,6400.0,275.0,266.2,44
P100,2025-07-02,MO2508-P-5300,20,390,20,2,False,5300.0,8.2,6300.0,217.2,209.0,43
P100,2025-07-03,MO2508-P-5300,22,432,22,2,False,5300.0,7.4,6300.0,204.4,197.0,42
P100,2025-07-04,MO2508-P-5300,20,380,20,2,False,5300.0,8.4,6300.0,213.8,205.4,41
P100,2025-07-07,MO2508-P-5300,20,372,20,2,False,5300.0,8.6,6300.0,214.6,206.0,38
P100,2025-07-08,MO2508-P-5300,21,551,21,2,False,5300.0,5.8,6400.0,217.2,211.39999999999998,37
P100,2025-07-09,MO2508-P-5300,21,500,21,2,False,5300.0,6.4,6400.0,222.2,215.79999999999998,36
P100,2025-07-10,MO2508-P-5300,22,533,22,2,False,5300.0,6.0,6400.0,209.2,203.2,35
P100,2025-07-11,MO2508-P-5300,22,640,22,2,False,5300.0,5.0,6500.0,221.8,216.8,34
P100,2025-07-14,MO2508-P-5300,22,666,22,2,False,5300.0,4.8,6500.0,225.0,220.2,31
P100,2025-07-15,MO2508-P-5300,29,592,29,2,False,5300.0,5.4,6400.0,165.4,160.0,30
P100,2025-07-16,MO2508-P-5300,23,800,23,2,False,5300.0,4.0,6500.0,214.6,210.6,29
P100,2025-07-17,MO2508-P-5300,35,1066,35,2,False,5300.0,3.0,6500.0,148.2,145.2,28
P100,2025-07-18,MO2508-P-5300,27,1066,27,2,False,5300.0,3.0,6600.0,190.0,187.0,27
P100,2025-07-21,MO2509-P-4000,40,842,40,2,False,4000.0,3.8,6600.0,267.8,264.0,59
P100,2025-07-22,MO2509-P-4000,43,842,43,2,False,4000.0,3.8,6600.0,254.0,250.2,58
P100,2025-07-23,MO2509-P-4000,40,727,40,2,False,4000.0,4.4,6600.0,265.8,261.40000000000003,57
P100,2025-07-24,MO2509-P-4000,43,761,43,2,False,4000.0,4.2,6700.0,261.0,256.8,56
P100,2025-07-25,MO2509-P-4000,40,888,40,2,False,4000.0,3.6,6700.0,274.6,271.0,55
P100,2025-07-28,MO2509-P-4000,42,888,42,2,False,4000.0,3.6,6700.0,264.8,261.2,52
P100,2025-07-29,MO2509-P-4000,39,888,39,2,False,4000.0,3.6,6800.0,295.0,291.4,51
P100,2025-07-30,MO2509-P-4000,44,888,44,2,False,4000.0,3.6,6700.0,252.2,248.6,50
P100,2025-07-31,MO2509-P-4000,38,800,38,2,False,4000.0,4.0,6700.0,288.0,284.0,49
P100,2025-08-01,MO2509-P-4000,41,888,41,2,False,4000.0,3.6,6700.0,269.0,265.4,48
P100,2025-08-04,MO2509-P-4000,54,1000,54,2,False,4000.0,3.2,6700.0,206.8,203.60000000000002,45
P100,2025-08-05,MO2509-P-4000,47,8000,47,2,False,4000.0,0.4,6800.0,242.0,241.6,44
P100,2025-08-06,MO2509-P-4000,47,1333,47,2,False,4000.0,2.4,6900.0,250.4,248.0,43
P100,2025-08-07,MO2509-P-4000,45,1230,45,2,False,4000.0,2.6,6900.0,259.0,256.4,42
P100,2025-08-08,MO2509-P-4000,58,1230,58,2,False,4000.0,2.6,6800.0,199.8,197.20000000000002,41
P100,2025-08-11,MO2509-P-4000,62,3200,62,2,False,4000.0,1.0,6900.0,192.6,191.6,38
P100,2025-08-12,MO2509-P-4000,51,1454,51,2,False,4000.0,2.2,7000.0,238.0,235.8,37
P100,2025-08-13,MO2509-P-4000,52,1454,52,2,False,4000.0,2.2,7100.0,242.4,240.20000000000002,36
P100,2025-08-14,MO2509-P-4000,55,1600,55,2,False,4000.0,2.0,7000.0,218.6,216.6,35
P100,2025-08-15,MO2509-P-4000,63,2285,63,2,False,4000.0,1.4,7100.0,201.8,200.4,34
P100,2025-08-18,MO2509-P-4000,55,2666,55,2,False,4000.0,1.2,7200.0,238.8,237.60000000000002,31
P100,2025-08-19,MO2509-P-4000,59,5333,59,2,False,4000.0,0.6,7200.0,223.0,222.4,30
P100,2025-08-20,MO2510-P-5800,18,363,18,2,False,5800.0,8.8,7300.0,348.0,339.2,57
P100,2025-08-21,MO2510-P-5800,16,313,16,2,False,5800.0,10.2,7300.0,373.8,363.6,56
P100,2025-08-22,MO2510-P-5800,19,313,19,2,False,5800.0,10.2,7400.0,349.2,339.0,55
P100,2025-08-25,MO2510-P-5800,19,347,19,2,False,5800.0,9.2,7500.0,372.6,363.40000000000003,52
P100,2025-08-26,MO2510-P-5800,20,340,20,2,False,5800.0,9.4,7500.0,361.8,352.40000000000003,51
P100,2025-08-27,MO2510-P-5800,21,326,21,2,False,5800.0,9.8,7300.0,312.8,303.0,50
P100,2025-08-28,MO2510-P-5800,21,372,21,2,False,5800.0,8.6,7400.0,328.2,319.59999999999997,49
P100,2025-08-29,MO2510-P-5800,21,296,21,2,False,5800.0,10.8,7400.0,334.2,323.4,48
P100,2025-09-01,MO2510-P-5800,19,320,19,2,False,5800.0,10.0,7500.0,373.0,363.0,45
P100,2025-09-02,MO2510-P-5800,20,231,20,2,False,5800.0,13.8,7300.0,325.6,311.8,44
P100,2025-09-03,MO2510-P-5800,19,235,19,2,False,5800.0,13.6,7200.0,310.8,297.2,43
P100,2025-09-04,MO2510-P-5800,20,205,20,2,False,5800.0,15.6,7000.0,271.6,256.0,42
P100,2025-09-05,MO2510-P-5800,23,390,23,2,False,5800.0,8.2,7200.0,262.2,254.0,41
P100,2025-09-08,MO2510-P-5800,21,400,21,2,False,5800.0,8.0,7300.0,299.2,291.2,38
P100,2025-09-09,MO2510-P-5800,22,390,22,2,False,5800.0,8.2,7200.0,275.2,267.0,37
P100,2025-09-10,MO2510-P-5800,23,432,23,2,False,5800.0,7.4,7200.0,265.8,258.40000000000003,36
P100,2025-09-11,MO2510-P-5800,25,615,25,2,False,5800.0,5.2,7400.0,263.6,258.40000000000003,35
P100,2025-09-12,MO2510-P-5800,27,571,27,2,False,5800.0,5.6,7400.0,250.0,244.4,34
P100,2025-09-15,MO2510-P-5800,26,444,26,2,False,5800.0,7.2,7400.0,262.8,255.60000000000002,31
P100,2025-09-16,MO2510-P-5800,25,533,25,2,False,5800.0,6.0,7500.0,280.0,274.0,30
P100,2025-09-17,MO2510-P-5800,26,571,26,2,False,5800.0,5.6,7600.0,285.2,279.59999999999997,29
P100,2025-09-18,MO2510-P-5800,25,516,25,2,False,5800.0,6.2,7500.0,282.8,276.6,28
P100,2025-09-19,MO2510-P-5800,31,695,31,2,False,5800.0,4.6,7400.0,218.8,214.20000000000002,27
P100,2025-09-22,MO2511-P-6300,13,78,13,2,False,6300.0,41.0,7500.0,414.8,373.8,59
P100,2025-09-23,MO2511-P-6300,13,61,13,2,False,6300.0,52.4,7400.0,406.6,354.20000000000005,58
P100,2025-09-24,MO2511-P-6300,16,84,16,2,False,6300.0,37.8,7500.0,364.2,326.4,57
P100,2025-09-25,MO2511-P-6300,15,102,15,2,False,6300.0,31.2,7500.0,366.6,335.40000000000003,56
P100,2025-09-26,MO2511-P-6300,14,95,14,2,False,6300.0,33.4,7400.0,355.0,321.6,55
P100,2025-09-29,MO2511-P-6300,16,134,16,2,False,6300.0,23.8,7500.0,332.6,308.8,52
P100,2025-09-30,MO2511-P-6300,16,173,16,2,False,6300.0,18.4,7600.0,343.2,324.8,51
P100,2025-10-09,MO2511-P-6300,22,333,22,2,False,6300.0,9.6,7600.0,261.6,252.00000000000003,42
P100,2025-10-10,MO2511-P-6300,20,296,20,2,False,6300.0,10.8,7500.0,260.2,249.39999999999998,41
P100,2025-10-13,MO2511-P-6300,18,222,18,2,False,6300.0,14.4,7500.0,293.2,278.8,38
P100,2025-10-14,MO2511-P-6300,15,134,15,2,False,6300.0,23.8,7400.0,316.2,292.4,37
P100,2025-10-15,MO2511-P-6300,18,307,18,2,False,6300.0,10.4,7500.0,284.0,273.6,36
P100,2025-10-16,MO2511-P-6300,17,250,17,2,False,6300.0,12.8,7400.0,274.2,261.4,35
P100,2025-10-17,MO2511-P-6300,14,132,14,2,False,6300.0,24.2,7200.0,280.0,255.8,34
P100,2025-10-20,MO2511-P-6300,17,197,17,2,False,6300.0,16.2,7200.0,243.4,227.20000000000002,31
P100,2025-10-21,MO2511-P-6300,20,400,20,2,False,6300.0,8.0,7300.0,217.6,209.6,30
P100,2025-10-22,MO2512-P-4900,28,666,28,2,False,4900.0,4.8,7300.0,350.8,346.0,57
P100,2025-10-23,MO2512-P-4900,29,666,29,2,False,4900.0,4.8,7300.0,346.0,341.2,56
P100,2025-10-24,MO2512-P-4900,32,761,32,2,False,4900.0,4.2,7400.0,324.6,320.40000000000003,55
P100,2025-10-27,MO2512-P-4900,30,1000,30,2,False,4900.0,3.2,7500.0,354.4,351.2,52
P100,2025-10-28,MO2512-P-4900,31,1333,31,2,False,4900.0,2.4,7500.0,337.6,335.20000000000005,51
P100,2025-10-29,MO2512-P-4900,32,1066,32,2,False,4900.0,3.0,7600.0,337.0,334.0,50
P100,2025-10-30,MO2512-P-4900,32,1230,32,2,False,4900.0,2.6,7500.0,327.0,324.4,49
P100,2025-10-31,MO2512-P-4900,34,1142,34,2,False,4900.0,2.8,7500.0,314.6,311.8,48
P100,2025-11-03,MO2512-P-4900,37,4000,37,2,False,4900.0,0.8,7500.0,287.0,286.2,45
P100,2025-11-04,MO2512-P-4900,35,4000,35,2,False,4900.0,0.8,7400.0,297.8,297.0,44
P100,2025-11-05,MO2512-P-4900,31,1600,31,2,False,4900.0,2.0,7500.0,336.0,334.0,43
P100,2025-11-06,MO2512-P-4900,33,1454,33,2,False,4900.0,2.2,7600.0,326.2,324.0,42
P100,2025-11-07,MO2512-P-4900,41,1600,41,2,False,4900.0,2.0,7500.0,260.0,258.0,41
P100,2025-11-10,MO2512-P-4900,35,1777,35,2,False,4900.0,1.8,7600.0,307.6,305.8,38
P100,2025-11-11,MO2512-P-4900,41,2000,41,2,False,4900.0,1.6,7500.0,265.0,263.4,37
P100,2025-11-12,MO2512-P-4900,38,1777,38,2,False,4900.0,1.8,7500.0,279.0,277.2,36
P100,2025-11-13,MO2512-P-4900,41,2285,41,2,False,4900.0,1.4,7600.0,268.0,266.6,35
P100,2025-11-14,MO2512-P-4900,42,2666,42,2,False,4900.0,1.2,7500.0,250.4,249.20000000000002,34
P100,2025-11-17,MO2512-P-4900,46,16000,46,2,False,4900.0,0.2,7500.0,228.8,228.60000000000002,31
P100,2025-11-18,MO2512-P-4900,50,2285,50,2,False,4900.0,1.4,7400.0,206.0,204.6,30
P100,2025-11-19,MO2601-P-6400,14,97,14,2,False,6400.0,32.8,7400.0,336.4,303.59999999999997,57
P100,2025-11-20,MO2601-P-6400,15,95,15,2,False,6400.0,33.4,7300.0,286.4,252.99999999999997,56
P100,2025-11-21,MO2601-P-6400,11,49,11,2,False,6400.0,64.8,7100.0,315.0,250.2,55
P100,2025-11-24,MO2601-P-6300,12,80,12,2,False,6300.0,39.6,7200.0,327.4,287.79999999999995,52
P100,2025-11-25,MO2601-P-6300,16,117,16,2,False,6300.0,27.2,7200.0,267.0,239.8,51
P100,2025-11-26,MO2601-P-6300,17,137,17,2,False,6300.0,23.2,7200.0,259.0,235.8,50
P100,2025-11-27,MO2601-P-6300,13,156,13,2,False,6300.0,20.4,7300.0,318.4,298.0,49
P100,2025-11-28,MO2601-P-6300,17,213,17,2,False,6300.0,15.0,7300.0,265.6,250.60000000000002,48
P100,2025-12-01,MO2601-P-6300,16,266,16,2,False,6300.0,12.0,7400.0,296.8,284.8,45
P100,2025-12-02,MO2601-P-6300,17,271,17,2,False,6300.0,11.8,7300.0,262.8,251.0,44
P100,2025-12-03,MO2601-P-6300,18,253,18,2,False,6300.0,12.6,7200.0,230.0,217.4,43
P100,2025-12-04,MO2601-P-6300,19,290,19,2,False,6300.0,11.0,7200.0,214.8,203.8,42
P100,2025-12-05,MO2601-P-6300,22,363,22,2,False,6300.0,8.8,7300.0,205.2,196.39999999999998,41
P100,2025-12-08,MO2601-P-6300,22,470,22,2,False,6300.0,6.8,7400.0,214.4,207.6,38
P100,2025-12-09,MO2601-P-6300,20,470,20,2,False,6300.0,6.8,7400.0,229.2,222.39999999999998,37
P100,2025-12-10,MO2601-P-6300,21,470,21,2,False,6300.0,6.8,7400.0,221.0,214.2,36
P100,2025-12-11,MO2601-P-6300,21,432,21,2,False,6300.0,7.4,7300.0,204.8,197.4,35
P100,2025-12-12,MO2601-P-6300,21,484,21,2,False,6300.0,6.6,7400.0,220.4,213.8,34
P100,2025-12-15,MO2601-P-6300,23,533,23,2,False,6300.0,6.0,7300.0,184.6,178.6,31
P100,2025-12-16,MO2601-P-6300,19,380,19,2,False,6300.0,8.4,7200.0,197.0,188.6,30
P100,2025-12-17,MO2602-P-6300,15,136,15,2,False,6300.0,23.4,7300.0,295.8,272.40000000000003,58
P100,2025-12-18,MO2602-P-6300,15,133,15,2,False,6300.0,24.0,7300.0,300.0,276.0,57
P100,2025-12-19,MO2602-P-6300,18,170,18,2,False,6300.0,18.8,7300.0,255.0,236.2,56
P100,2025-12-22,MO2602-P-6300,17,228,17,2,False,6300.0,14.0,7400.0,277.0,263.0,53
P100,2025-12-23,MO2602-P-6300,17,235,17,2,False,6300.0,13.6,7400.0,275.0,261.4,52
P100,2025-12-24,MO2602-P-6300,19,313,19,2,False,6300.0,10.2,7500.0,268.8,258.6,51
P100,2025-12-25,MO2602-P-6300,19,432,19,2,False,6300.0,7.4,7600.0,283.0,275.6,50
P100,2025-12-26,MO2602-P-6300,22,444,22,2,False,6300.0,7.2,7600.0,255.6,248.4,49
P100,2025-12-29,MO2602-P-6300,20,363,20,2,False,6300.0,8.8,7600.0,275.8,267.0,46
P100,2025-12-30,MO2602-P-6300,20,380,20,2,False,6300.0,8.4,7600.0,273.0,264.6,45
P100,2025-12-31,MO2602-P-6300,20,380,20,2,False,6300.0,8.4,7600.0,278.4,270.0,44
P100,2026-01-05,MO2602-P-6300,21,666,21,2,False,6300.0,4.8,7800.0,284.6,279.8,39
P100,2026-01-06,MO2602-P-6300,22,800,22,2,False,6300.0,4.0,7900.0,295.0,291.0,38
P100,2026-01-07,MO2602-P-6300,25,800,25,2,False,6300.0,4.0,7900.0,269.8,265.8,37
P100,2026-01-08,MO2602-P-6300,24,941,24,2,False,6300.0,3.4,8000.0,294.0,290.6,36
P100,2026-01-09,MO2602-P-6300,30,800,30,2,False,6300.0,4.0,8100.0,253.8,249.8,35
P100,2026-01-12,MO2602-P-6300,25,842,25,2,False,6300.0,3.8,8400.0,339.8,336.0,32
P100,2026-01-13,MO2602-P-6300,30,695,30,2,False,6300.0,4.6,8200.0,266.0,261.4,31
P100,2026-01-14,MO2602-P-6300,25,888,25,2,False,6300.0,3.6,8300.0,321.2,317.59999999999997,30
P100,2026-01-15,MO2602-P-6300,33,2285,33,2,False,6300.0,1.4,8200.0,238.0,236.6,29
P100,2026-01-16,MO2602-P-6300,36,1333,36,2,False,6300.0,2.4,8200.0,220.8,218.4,28
P100,2026-01-19,MO2603-P-4900,37,1600,37,2,False,4900.0,2.0,8300.0,369.8,367.8,59
P100,2026-01-20,MO2603-P-4900,42,1454,42,2,False,4900.0,2.2,8200.0,321.0,318.8,58
P100,2026-01-21,MO2603-P-4900,50,1600,50,2,False,4900.0,2.0,8200.0,274.4,272.4,57
P100,2026-01-22,MO2603-P-4900,47,1600,47,2,False,4900.0,2.0,8300.0,295.2,293.2,56
P100,2026-01-23,MO2603-P-4900,44,1600,44,2,False,4900.0,2.0,8500.0,327.0,325.0,55
P100,2026-01-26,MO2603-P-4900,38,1600,38,2,False,4900.0,2.0,8400.0,376.6,374.6,52
P100,2026-01-27,MO2603-P-4900,41,1777,41,2,False,4900.0,1.8,8400.0,343.2,341.4,51
P100,2026-01-28,MO2603-P-4900,42,2000,42,2,False,4900.0,1.6,8400.0,337.6,336.0,50
P100,2026-01-29,MO2603-P-4900,48,2285,48,2,False,4900.0,1.4,8300.0,289.6,288.20000000000005,49
P100,2026-01-30,MO2603-P-4900,42,1777,42,2,False,4900.0,1.8,8300.0,327.0,325.2,48
P100,2026-02-02,MO2603-P-4900,30,842,30,2,False,4900.0,3.8,8000.0,417.2,413.4,45
P100,2026-02-03,MO2603-P-4900,44,3200,44,2,False,4900.0,1.0,8200.0,308.0,307.0,44
P100,2026-02-04,MO2603-P-4900,46,1777,46,2,False,4900.0,1.8,8200.0,292.8,291.0,43
P100,2026-02-05,MO2603-P-4900,43,1230,43,2,False,4900.0,2.6,8100.0,301.8,299.2,42
P100,2026-02-06,MO2603-P-4900,40,800,40,2,False,4900.0,4.0,8100.0,325.4,321.4,41
P100,2026-02-09,MO2603-P-4900,55,1000,55,2,False,4900.0,3.2,8200.0,248.0,244.8,38
P100,2026-02-10,MO2603-P-4900,48,1454,48,2,False,4900.0,2.2,8300.0,284.8,282.6,37
P100,2026-02-11,MO2603-P-4900,57,1454,57,2,False,4900.0,2.2,8200.0,236.8,234.60000000000002,36
P100,2026-02-12,MO2603-P-4900,59,1600,59,2,False,4900.0,2.0,8300.0,234.2,232.2,35
P100,2026-02-13,MO2603-P-4900,50,1333,50,2,False,4900.0,2.4,8200.0,267.4,265.0,34
P100,2026-02-24,MO2604-P-7100,17,108,17,2,False,7100.0,29.6,8300.0,326.2,296.59999999999997,51
P100,2026-02-25,MO2604-P-7100,20,149,20,2,False,7100.0,21.4,8400.0,297.8,276.40000000000003,50
P100,2026-02-26,MO2604-P-7100,19,183,19,2,False,7100.0,17.4,8500.0,326.0,308.6,49
P100,2026-02-27,MO2604-P-7100,19,213,19,2,False,7100.0,15.0,8600.0,334.4,319.4,48
P100,2026-03-02,MO2604-P-7100,19,177,19,2,False,7100.0,18.0,8500.0,322.4,304.4,45
P100,2026-03-03,MO2604-P-7100,17,87,17,2,False,7100.0,36.4,8100.0,288.2,251.79999999999998,44
P100,2026-03-04,MO2604-P-7100,15,70,15,2,False,7100.0,45.2,8100.0,325.8,280.6,43
P100,2026-03-05,MO2604-P-7100,16,86,16,2,False,7100.0,36.8,8200.0,308.8,272.0,42
P100,2026-03-06,MO2604-P-7100,20,99,20,2,False,7100.0,32.2,8200.0,267.6,235.40000000000003,41
P100,2026-03-09,MO2604-P-7100,18,71,18,2,False,7100.0,44.6,8200.0,294.0,249.4,38
P100,2026-03-10,MO2604-P-7100,19,115,19,2,False,7100.0,27.6,8400.0,305.2,277.59999999999997,37
P100,2026-03-11,MO2604-P-7100,18,105,18,2,False,7100.0,30.2,8400.0,318.0,287.8,36
P100,2026-03-12,MO2604-P-7100,19,111,19,2,False,7100.0,28.6,8300.0,295.4,266.79999999999995,35
P100,2026-03-13,MO2604-P-7100,18,90,18,2,False,7100.0,35.2,8200.0,286.6,251.40000000000003,34
P100,2026-03-16,MO2604-P-7100,19,122,19,2,False,7100.0,26.2,8200.0,272.4,246.2,31
P100,2026-03-17,MO2604-P-7100,17,97,17,2,False,7100.0,32.8,8000.0,255.0,222.2,30
P100,2026-03-18,MO2605-P-7200,13,39,13,2,False,7200.0,82.0,8100.0,363.8,281.8,57
P100,2026-03-19,MO2605-P-7200,12,27,12,2,False,7200.0,114.8,7900.0,360.8,246.0,56
P100,2026-03-20,MO2605-P-7100,11,27,11,2,False,7100.0,115.6,7800.0,365.0,249.4,55
P100,2026-03-23,MO2605-P-7000,11,11,11,2,False,7000.0,273.6,7400.0,432.0,158.39999999999998,52
P100,2026-03-24,MO2605-P-6600,21,67,21,3,False,6600.0,71.0,7600.0,369.8,298.8,51
P100,2026-03-25,MO2605-P-6600,21,94,21,3,False,6600.0,51.0,7800.0,386.6,335.6,50
P100,2026-03-26,MO2605-P-6600,23,69,23,3,False,6600.0,68.8,7600.0,343.2,274.4,49
P100,2026-03-27,MO2605-P-6600,26,86,26,3,False,6600.0,55.6,7700.0,325.0,269.4,48
P100,2026-03-30,MO2605-P-6600,22,83,22,3,False,6600.0,57.6,7800.0,382.6,325.0,45
P100,2026-03-31,MO2605-P-6600,23,73,23,3,False,6600.0,65.6,7600.0,337.0,271.4,44
P100,2026-04-01,MO2605-P-6600,23,125,23,3,False,6600.0,38.4,7800.0,347.4,309.0,43
P100,2026-04-02,MO2605-P-6600,23,83,23,3,False,6600.0,57.8,7600.0,329.8,272.0,42
P100,2026-04-03,MO2605-P-6600,24,69,24,3,False,6600.0,69.4,7500.0,311.0,241.6,41
P100,2026-04-07,MO2605-P-6600,25,87,25,3,False,6600.0,55.0,7600.0,303.0,248.0,37
P100,2026-04-08,MO2605-P-6600,29,285,29,3,False,6600.0,16.8,8000.0,301.2,284.4,36
P100,2026-04-09,MO2605-P-6600,33,272,33,3,False,6600.0,17.6,7900.0,265.0,247.4,35
P100,2026-04-10,MO2605-P-6600,34,285,34,3,False,6600.0,16.8,8000.0,268.0,251.2,34
P100,2026-04-13,MO2605-P-6600,36,255,36,3,False,6600.0,18.8,8000.0,260.4,241.59999999999997,31
P100,2026-04-14,MO2605-P-6600,40,342,40,3,False,6600.0,14.0,8100.0,250.8,236.8,30
P100,2026-04-15,MO2605-P-6600,38,380,38,3,False,6600.0,12.6,8100.0,250.6,238.0,29
P100,2026-04-16,MO2605-P-6600,45,685,45,3,False,6600.0,7.0,8200.0,225.2,218.2,28
P100,2026-04-17,MO2605-P-6600,48,705,48,3,False,6600.0,6.8,8300.0,222.8,216.0,27
P100,2026-04-20,MO2606-P-5200,45,705,45,3,False,5200.0,6.8,8400.0,431.2,424.4,59
P100,2026-04-21,MO2606-P-5200,46,827,46,3,False,5200.0,5.8,8400.0,425.6,419.8,58
P100,2026-04-22,MO2606-P-5200,50,1043,50,3,False,5200.0,4.6,8500.0,401.8,397.2,57
P100,2026-04-23,MO2606-P-5200,49,1090,49,3,False,5200.0,4.4,8400.0,398.8,394.40000000000003,56
P100,2026-04-24,MO2606-P-5200,52,1090,52,3,False,5200.0,4.4,8300.0,368.6,364.20000000000005,55
P100,2026-04-27,MO2606-P-5200,56,1333,56,3,False,5200.0,3.6,8300.0,341.6,338.0,52
P100,2026-04-28,MO2606-P-5200,57,1333,57,3,False,5200.0,3.6,8200.0,324.8,321.2,51
P100,2026-04-29,MO2606-P-5200,63,1500,63,3,False,5200.0,3.2,8300.0,303.2,300.0,50
P100,2026-04-30,MO2606-P-5200,58,1714,58,3,False,5200.0,2.8,8400.0,336.4,333.59999999999997,49
P100,2026-05-06,MO2606-P-5200,64,2000,64,3,False,5200.0,2.4,8600.0,323.6,321.20000000000005,43
P100,2026-05-07,MO2606-P-5200,46,1333,46,2,False,5200.0,2.4,8700.0,312.0,309.6,42
P100,2026-05-08,MO2606-P-5200,46,1333,46,2,False,5200.0,2.4,8700.0,311.8,309.40000000000003,41
P100,2026-05-11,MO2606-P-5200,40,1333,40,2,False,5200.0,2.4,8900.0,378.0,375.6,38
P100,2026-05-12,MO2606-P-5200,44,1142,44,2,False,5200.0,2.8,8800.0,338.2,335.4,37
P100,2026-05-13,MO2606-P-5200,41,1777,41,2,False,5200.0,1.8,9000.0,369.0,367.2,36
P100,2026-05-14,MO2606-P-5200,46,1600,46,2,False,5200.0,2.0,8800.0,318.0,316.0,35
P100,2026-05-15,MO2606-P-5200,45,1777,45,2,False,5200.0,1.8,8700.0,314.6,312.8,34
P100,2026-05-18,MO2606-P-5200,51,1777,51,2,False,5200.0,1.8,8700.0,280.8,279.0,31
P100,2026-05-19,MO2606-P-5200,52,2000,52,2,False,5200.0,1.6,8800.0,282.6,281.0,30
P100,2026-05-20,MO2607-P-7400,15,67,15,2,False,7400.0,47.2,8800.0,432.6,385.40000000000003,58
P100,2026-05-21,MO2607-P-7400,14,47,14,2,False,7400.0,67.8,8500.0,403.0,335.2,57
P100,2026-05-22,MO2607-P-7400,14,66,14,2,False,7400.0,48.4,8700.0,424.0,375.6,56
P100,2026-05-25,MO2607-P-7400,15,82,15,2,False,7400.0,38.8,8800.0,434.8,396.0,53
P100,2026-05-26,MO2607-P-7400,14,74,14,2,False,7400.0,42.8,8700.0,431.0,388.2,52
P100,2026-05-27,MO2607-P-7400,14,53,14,2,False,7400.0,59.4,8500.0,405.8,346.40000000000003,51
P100,2026-05-28,MO2607-P-7400,15,70,15,2,False,7400.0,45.4,8600.0,389.4,344.0,50
P100,2026-05-29,MO2607-P-7400,13,51,13,2,False,7400.0,61.8,8400.0,396.8,335.0,49
P100,2026-06-01,MO2607-P-7400,14,52,14,2,False,7400.0,60.8,8300.0,349.2,288.4,46
P100,2026-06-02,MO2607-P-7400,13,55,13,2,False,7400.0,58.0,8400.0,386.0,328.0,45
P100,2026-06-03,MO2607-P-7400,14,62,14,2,False,7400.0,50.8,8400.0,355.8,305.0,44
P100,2026-06-04,MO2607-P-7400,14,62,14,2,False,7400.0,50.8,8400.0,356.2,305.4,43
P100,2026-06-05,MO2607-P-7400,14,54,14,2,False,7400.0,59.2,8300.0,342.8,283.6,42
P100,2026-06-08,MO2607-P-7400,12,32,12,2,False,7400.0,98.4,8100.0,345.4,246.99999999999997,39
P100,2026-06-09,MO2607-P-7200,15,76,15,2,False,7200.0,42.0,8300.0,353.0,311.0,37
P100,2026-06-10,MO2607-P-7200,14,65,14,2,False,7200.0,48.8,8200.0,335.8,287.0,36
P100,2026-06-11,MO2607-P-7200,13,63,13,2,False,7200.0,50.6,8200.0,349.8,299.2,35
P100,2026-06-12,MO2607-P-7200,16,93,16,2,False,7200.0,34.4,8200.0,296.8,262.40000000000003,34
P100,2026-06-15,MO2607-P-7200,18,207,18,2,False,7200.0,15.4,8500.0,315.0,299.6,31
P100,2026-06-16,MO2607-P-7200,20,216,20,2,False,7200.0,14.8,8600.0,308.8,294.0,30
P100,2026-06-17,MO2607-P-7200,20,271,20,2,False,7200.0,11.8,8700.0,320.0,308.2,29
P100,2026-06-18,MO2607-P-7200,21,355,21,2,False,7200.0,9.0,8800.0,320.0,311.0,28
P100,2026-06-22,MO2608-P-7200,14,90,14,2,False,7200.0,35.2,8900.0,520.4,485.2,59
P100,2026-06-23,MO2608-P-7200,14,73,14,2,False,7200.0,43.4,8700.0,480.6,437.20000000000005,58
P100,2026-06-24,MO2608-P-7200,15,87,15,2,False,7200.0,36.6,8800.0,487.2,450.59999999999997,57
P100,2026-06-25,MO2608-P-7200,16,97,16,2,False,7200.0,32.8,8800.0,451.2,418.4,56
P100,2026-06-26,MO2608-P-7200,14,74,14,2,False,7200.0,43.0,8600.0,444.2,401.2,55
P100,2026-06-29,MO2608-P-7200,14,75,14,2,False,7200.0,42.6,8600.0,446.2,403.59999999999997,52
P100,2026-06-30,MO2608-P-7200,16,111,16,2,False,7200.0,28.6,8800.0,438.6,410.0,51
P100,2026-07-01,MO2608-P-7200,15,135,15,2,False,7200.0,23.6,8900.0,481.0,457.4,50
P100,2026-07-02,MO2608-P-7200,16,107,16,2,False,7200.0,29.8,8600.0,396.6,366.8,49
P100,2026-07-03,MO2608-P-7200,17,113,17,2,False,7200.0,28.2,8600.0,373.6,345.40000000000003,48
P100,2026-07-06,MO2608-P-7200,15,117,15,2,False,7200.0,27.2,8500.0,387.0,359.8,45
P100,2026-07-07,MO2608-P-7200,15,94,15,2,False,7200.0,33.8,8300.0,344.0,310.2,44
P100,2026-07-08,MO2608-P-7200,14,71,14,2,False,7200.0,45.0,8100.0,318.4,273.4,43
P100,2026-07-09,MO2608-P-7200,15,105,15,2,False,7200.0,30.4,8300.0,336.2,305.8,42
P100,2026-07-10,MO2608-P-7200,14,90,14,2,False,7200.0,35.2,8200.0,325.2,290.0,41
P100,2026-07-13,MO2608-P-7200,10,34,10,2,False,7200.0,92.2,7800.0,330.0,237.8,38
P100,2026-07-14,MO2608-P-7000,22,108,22,3,False,7000.0,44.2,7900.0,303.6,259.40000000000003,37
P100,2026-07-15,MO2608-P-7000,20,84,20,3,False,7000.0,56.6,7800.0,304.6,248.00000000000003,36
P100,2026-07-16,MO2608-P-7000,19,53,19,3,False,7000.0,90.0,7600.0,297.6,207.60000000000002,35
P100,2026-07-17,MO2608-P-6800,13,27,13,3,False,6800.0,176.6,7200.0,360.2,183.6,34
P100,2026-07-20,MO2608-P-6400,14,30,14,3,False,6400.0,158.4,7000.0,412.8,254.4,31
P100,2026-07-21,MO2608-P-6200,22,113,22,3,False,6200.0,42.4,7300.0,339.0,296.6,30
P100,2026-07-22,MO2609-P-6200,17,49,17,3,False,6200.0,96.4,7200.0,437.8,341.4,58
P100,2026-07-23,MO2609-P-6200,19,72,19,3,False,6200.0,66.0,7200.0,393.0,327.0,57
P100,2026-07-24,MO2609-P-6200,17,44,17,3,False,6200.0,106.8,7000.0,395.0,288.2,56
P100,2026-07-27,MO2609-P-6200,22,78,22,3,False,6200.0,60.8,7200.0,349.6,288.8,53
P100,2026-07-28,MO2609-P-6200,19,46,19,3,False,6200.0,102.6,7000.0,369.0,266.4,52
P100,2026-07-29,MO2609-P-6200,19,53,19,3,False,6200.0,89.4,7100.0,378.0,288.6,51
P100,2026-07-30,MO2609-P-6200,17,32,17,3,False,6200.0,147.8,6900.0,410.4,262.59999999999997,50
P100,2026-07-31,MO2609-P-6200,25,63,25,4,False,6200.0,101.2,7100.0,390.0,288.8,49
P100,2026-08-03,MO2609-P-6200,25,76,25,4,False,6200.0,83.4,7100.0,367.4,284.0,46
P100,2026-08-04,MO2609-P-6200,30,142,30,4,False,6200.0,44.8,7300.0,342.0,297.2,45
P100,2026-08-05,MO2609-P-6200,35,203,35,4,False,6200.0,31.4,7500.0,327.2,295.8,44
P100,2026-08-06,MO2609-P-6200,37,198,37,4,False,6200.0,32.2,7500.0,320.0,287.8,43
P100,2026-08-07,MO2609-P-6200,39,293,39,4,False,6200.0,21.8,7700.0,332.8,311.0,42
P100,2026-08-10,MO2609-P-6200,42,347,42,4,False,6200.0,18.4,7700.0,315.6,297.20000000000005,39
P100,2026-08-11,MO2609-P-6200,42,351,42,4,False,6200.0,18.2,7700.0,307.8,289.6,38
P100,2026-08-12,MO2609-P-6200,43,421,43,4,False,6200.0,15.2,7800.0,316.2,301.0,37
P100,2026-08-13,MO2609-P-6200,46,385,46,4,False,6200.0,16.6,7700.0,282.0,265.4,36
P100,2026-08-14,MO2609-P-6200,43,507,43,4,False,6200.0,12.6,7800.0,311.4,298.79999999999995,35
P100-R,2022-07-22,MO2209-P-6300,13,43,13,2,False,6300.0,72.8,7000.0,305.8,233.0,55
P100-R,2022-07-25,MO2209-P-6300,13,40,13,2,False,6300.0,78.6,6900.0,287.6,209.00000000000003,52
P100-R,2022-07-26,MO2209-P-6200,15,84,15,2,False,6200.0,38.0,7000.0,271.0,233.0,51
P100-R,2022-07-27,MO2209-P-6200,15,93,15,2,False,6200.0,34.2,7100.0,280.6,246.40000000000003,50
P100-R,2022-07-28,MO2209-P-6200,14,94,14,2,False,6200.0,33.8,7200.0,313.4,279.59999999999997,49
P100-R,2022-07-29,MO2209-P-6200,16,87,16,2,False,6200.0,36.4,7100.0,270.0,233.6,48
P100-R,2022-08-01,MO2209-P-6200,15,98,15,2,False,6200.0,32.6,7200.0,296.6,264.0,45
P100-R,2022-08-02,MO2209-P-6200,13,45,13,2,False,6200.0,71.0,7000.0,314.0,243.0,44
P100-R,2022-08-03,MO2209-P-6200,14,48,14,2,False,6200.0,66.4,6900.0,276.4,209.99999999999997,43
P100-R,2022-08-04,MO2209-P-6200,12,56,12,2,False,6200.0,56.4,7000.0,311.4,254.99999999999997,42
P100-R,2022-08-05,MO2209-P-6200,17,87,17,2,False,6200.0,36.4,7100.0,255.8,219.4,41
P100-R,2022-08-08,MO2209-P-6200,16,109,16,2,False,6200.0,29.2,7200.0,278.6,249.40000000000003,38
P100-R,2022-08-09,MO2209-P-6200,18,113,18,2,False,6200.0,28.2,7200.0,263.4,235.2,37
P100-R,2022-08-10,MO2209-P-6200,18,111,18,2,False,6200.0,28.8,7200.0,256.0,227.2,36
P100-R,2022-08-11,MO2209-P-6200,20,152,20,2,False,6200.0,21.0,7300.0,248.8,227.8,35
P100-R,2022-08-12,MO2209-P-6200,22,173,22,2,False,6200.0,18.4,7200.0,213.2,194.79999999999998,34
P100-R,2022-08-15,MO2209-P-6200,20,266,20,2,False,6200.0,12.0,7300.0,230.0,218.0,31
P100-R,2022-08-16,MO2209-P-6200,25,363,25,2,False,6200.0,8.8,7300.0,191.8,183.0,30
P100-R,2022-08-17,MO2209-P-6200,28,444,28,2,False,6200.0,7.2,7300.0,172.6,165.4,29
P100-R,2022-08-18,MO2209-P-6200,23,400,23,2,False,6200.0,8.0,7400.0,212.2,204.2,28
P100-R,2022-08-19,MO2209-P-6200,28,266,28,2,False,6200.0,12.0,7200.0,161.0,149.0,27
P100-R,2022-08-22,MO2210-P-6200,17,129,17,2,False,6200.0,24.8,7300.0,286.6,261.8,59
P100-R,2022-08-23,MO2210-P-6200,18,131,18,2,False,6200.0,24.4,7300.0,280.6,256.20000000000005,58
P100-R,2022-08-24,MO2210-P-6200,15,66,15,2,False,6200.0,48.2,7000.0,276.0,227.8,57
P100-R,2022-08-25,MO2210-P-6200,14,68,14,2,False,6200.0,46.4,7000.0,290.2,243.79999999999998,56
P100-R,2022-08-26,MO2210-P-6200,13,70,13,2,False,6200.0,45.4,7000.0,301.2,255.79999999999998,55
P100-R,2022-08-29,MO2210-P-6200,14,80,14,2,False,6200.0,39.6,7000.0,278.8,239.20000000000002,52
P100-R,2022-08-30,MO2210-P-6200,13,79,13,2,False,6200.0,40.4,7000.0,286.0,245.6,51
P100-R,2022-08-31,MO2210-P-6200,10,47,10,2,False,6200.0,67.0,6800.0,293.0,226.0,50
P100-R,2022-09-01,MO2210-P-6000,14,72,14,2,False,6000.0,44.2,6700.0,254.0,209.8,49
P100-R,2022-09-02,MO2210-P-6000,14,77,14,2,False,6000.0,41.4,6800.0,274.2,232.79999999999998,48
P100-R,2022-09-05,MO2210-P-6000,15,90,15,2,False,6000.0,35.4,6800.0,261.2,225.79999999999998,45
P100-R,2022-09-06,MO2210-P-6000,18,142,18,2,False,6000.0,22.4,6900.0,235.0,212.6,44
P100-R,2022-09-07,MO2210-P-6000,16,200,16,2,False,6000.0,16.0,7000.0,264.0,248.0,43
P100-R,2022-09-08,MO2210-P-6000,18,183,18,2,False,6000.0,17.4,6900.0,227.0,209.6,42
P100-R,2022-09-09,MO2210-P-6000,20,246,20,2,False,6000.0,13.0,6900.0,196.2,183.2,41
P100-R,2022-09-13,MO2210-P-6000,20,280,20,2,False,6000.0,11.4,6900.0,198.4,187.0,37
P100-R,2022-09-14,MO2210-P-6000,20,231,20,2,False,6000.0,13.8,6800.0,183.0,169.2,36
P100-R,2022-09-15,MO2210-P-6000,15,107,15,2,False,6000.0,29.8,6600.0,203.0,173.2,35
P100-R,2022-09-16,MO2210-P-5900,13,93,13,2,False,5900.0,34.2,6500.0,216.8,182.60000000000002,34
P100-R,2022-09-19,MO2210-P-5800,14,91,14,2,False,5800.0,35.0,6400.0,217.8,182.8,31
P100-R,2022-09-20,MO2210-P-5700,16,177,16,2,False,5700.0,18.0,6500.0,221.4,203.4,30
P100-R,2022-09-21,MO2211-P-5700,12,62,12,2,False,5700.0,50.8,6500.0,316.0,265.2,57
P100-R,2022-09-22,MO2211-P-5700,13,59,13,2,False,5700.0,54.0,6500.0,302.8,248.8,56
P100-R,2022-09-23,MO2211-P-5700,11,49,11,2,False,5700.0,64.8,6400.0,311.8,247.0,55
P100-R,2022-09-26,MO2211-P-5700,12,44,12,2,False,5700.0,71.2,6300.0,275.8,204.60000000000002,52
P100-R,2022-09-27,MO2211-P-5600,23,130,23,3,False,5600.0,36.8,6400.0,256.2,219.39999999999998,51
P100-R,2022-09-28,MO2211-P-5600,20,82,20,3,False,5600.0,58.0,6200.0,243.0,185.0,50
P100-R,2022-09-29,MO2211-P-5500,23,118,23,3,False,5500.0,40.6,6200.0,233.8,193.20000000000002,49
P100-R,2022-09-30,MO2211-P-5500,21,82,21,3,False,5500.0,58.0,6100.0,240.8,182.8,48
P100-R,2022-10-10,MO2211-P-5500,17,74,17,3,False,5500.0,64.4,6000.0,238.4,174.0,38
P100-R,2022-10-11,MO2211-P-5300,23,160,23,3,False,5300.0,30.0,6000.0,225.6,195.6,37
P100-R,2022-10-12,MO2211-P-5300,25,240,25,3,False,5300.0,20.0,6200.0,235.8,215.8,36
P100-R,2022-10-13,MO2211-P-5300,24,413,24,3,False,5300.0,11.6,6300.0,256.2,244.6,35
P100-R,2022-10-14,MO2211-P-5300,35,888,35,3,False,5300.0,5.4,6400.0,200.6,195.2,34
P100-R,2022-10-17,MO2211-P-5300,32,857,32,3,False,5300.0,5.6,6500.0,227.2,221.6,31
P100-R,2022-10-18,MO2211-P-5300,37,1043,37,3,False,5300.0,4.6,6500.0,202.0,197.4,30
P100-R,2022-10-19,MO2212-P-5300,24,285,24,3,False,5300.0,16.8,6500.0,313.2,296.4,57
P100-R,2022-10-20,MO2212-P-5300,26,285,26,3,False,5300.0,16.8,6400.0,281.2,264.4,56
P100-R,2022-10-21,MO2212-P-5300,28,218,28,3,False,5300.0,22.0,6400.0,273.2,251.2,55
P100-R,2022-10-24,MO2212-P-5300,25,167,25,3,False,5300.0,28.6,6400.0,292.2,263.59999999999997,52
P100-R,2022-10-25,MO2212-P-5300,24,179,24,3,False,5300.0,26.8,6400.0,296.4,269.59999999999997,51
P100-R,2022-10-26,MO2212-P-5300,32,263,32,3,False,5300.0,18.2,6500.0,248.8,230.60000000000002,50
P100-R,2022-10-27,MO2212-P-5300,29,272,29,3,False,5300.0,17.6,6500.0,261.2,243.6,49
P100-R,2022-10-28,MO2212-P-5300,28,154,28,3,False,5300.0,31.0,6200.0,233.2,202.2,48
P100-R,2022-10-31,MO2212-P-5300,26,167,26,3,False,5300.0,28.6,6300.0,259.6,231.00000000000003,45
P100-R,2022-11-01,MO2212-P-5300,36,328,36,3,False,5300.0,14.6,6400.0,207.6,193.0,44
P100-R,2022-11-02,MO2212-P-5300,36,500,36,3,False,5300.0,9.6,6500.0,217.0,207.4,43
P100-R,2022-11-03,MO2212-P-5300,32,571,32,3,False,5300.0,8.4,6600.0,252.0,243.6,42
P100-R,2022-11-04,MO2212-P-5300,43,1333,43,3,False,5300.0,3.6,6700.0,203.2,199.6,41
P100-R,2022-11-07,MO2212-P-5300,41,1411,41,3,False,5300.0,3.4,6700.0,214.6,211.2,38
P100-R,2022-11-08,MO2212-P-5300,41,1411,41,3,False,5300.0,3.4,6700.0,208.4,205.0,37
P100-R,2022-11-09,MO2212-P-5300,39,1333,39,3,False,5300.0,3.6,6700.0,215.8,212.20000000000002,36
P100-R,2022-11-10,MO2212-P-5300,42,1090,42,3,False,5300.0,4.4,6600.0,192.8,188.4,35
P100-R,2022-11-11,MO2212-P-5300,50,1846,50,3,False,5300.0,2.6,6600.0,166.4,163.8,34
P100-R,2022-11-14,MO2212-P-5300,43,1263,43,3,False,5300.0,3.8,6600.0,187.2,183.39999999999998,31
P100-R,2022-11-15,MO2212-P-5300,42,2000,42,3,False,5300.0,2.4,6800.0,213.8,211.4,30
P100-R,2022-11-16,MO2212-P-5300,48,1600,48,3,False,5300.0,3.0,6700.0,180.8,177.8,29
P100-R,2022-11-17,MO2212-P-5300,56,1846,56,3,False,5300.0,2.6,6700.0,156.0,153.4,28
P100-R,2022-11-18,MO2212-P-5300,46,3000,46,3,False,5300.0,1.6,6700.0,182.2,180.6,27
P100-R,2022-11-21,MO2301-P-5600,27,500,27,3,False,5600.0,9.6,6700.0,253.2,243.6,59
P100-R,2022-11-22,MO2301-P-5600,24,358,24,3,False,5600.0,13.4,6600.0,262.4,248.99999999999997,58
P100-R,2022-11-23,MO2301-P-5600,24,352,24,3,False,5600.0,13.6,6600.0,263.2,249.6,57
P100-R,2022-11-24,MO2301-P-5600,25,311,25,3,False,5600.0,15.4,6600.0,254.6,239.2,56
P100-R,2022-11-25,MO2301-P-5600,26,269,26,3,False,5600.0,17.8,6500.0,233.0,215.2,55
P100-R,2022-11-28,MO2301-P-5600,25,240,25,3,False,5600.0,20.0,6500.0,236.6,216.6,52
P100-R,2022-11-29,MO2301-P-5600,28,369,28,3,False,5600.0,13.0,6600.0,232.0,219.0,51
P100-R,2022-11-30,MO2301-P-5600,27,324,27,3,False,5600.0,14.8,6600.0,237.2,222.39999999999998,50
P100-R,2022-12-01,MO2301-P-5600,29,510,29,3,False,5600.0,9.4,6700.0,234.4,225.0,49
P100-R,2022-12-02,MO2301-P-5600,31,727,31,3,False,5600.0,6.6,6700.0,216.6,210.0,48
P100-R,2022-12-05,MO2301-P-5600,35,827,35,3,False,5600.0,5.8,6700.0,197.8,192.0,45
P100-R,2022-12-06,MO2301-P-5600,35,827,35,3,False,5600.0,5.8,6700.0,196.4,190.6,44
P100-R,2022-12-07,MO2301-P-5600,36,1043,36,3,False,5600.0,4.6,6700.0,191.4,186.8,43
P100-R,2022-12-08,MO2301-P-5600,32,1090,32,3,False,5600.0,4.4,6700.0,205.0,200.6,42
P100-R,2022-12-09,MO2301-P-5600,35,1043,35,3,False,5600.0,4.6,6700.0,191.2,186.6,41
P100-R,2022-12-12,MO2301-P-5600,34,960,34,3,False,5600.0,5.0,6700.0,193.0,188.0,38
P100-R,2022-12-13,MO2301-P-5600,38,960,38,3,False,5600.0,5.0,6600.0,165.6,160.6,37
P100-R,2022-12-14,MO2301-P-5600,32,1000,32,3,False,5600.0,4.8,6600.0,187.4,182.6,36
P100-R,2022-12-15,MO2301-P-5600,37,1263,37,3,False,5600.0,3.8,6600.0,167.0,163.2,35
P100-R,2022-12-16,MO2301-P-5600,49,1263,49,3,False,5600.0,3.8,6500.0,117.6,113.8,34
P100-R,2022-12-19,MO2301-P-5600,41,705,41,3,False,5600.0,6.8,6400.0,124.6,117.8,31
P100-R,2022-12-20,MO2301-P-5600,43,648,43,3,False,5600.0,7.4,6300.0,113.0,105.6,30
P100-R,2022-12-21,MO2302-P-5700,24,192,24,3,False,5700.0,25.0,6300.0,178.2,153.2,57
P100-R,2022-12-22,MO2302-P-5600,23,237,23,3,False,5600.0,20.2,6200.0,176.0,155.8,56
P100-R,2022-12-23,MO2302-P-5500,22,244,22,3,False,5500.0,19.6,6200.0,203.8,184.20000000000002,55
P100-R,2022-12-26,MO2302-P-5500,27,413,27,3,False,5500.0,11.6,6300.0,184.2,172.6,52
P100-R,2022-12-27,MO2302-P-5500,35,500,35,3,False,5500.0,9.6,6300.0,154.4,144.8,51
P100-R,2022-12-28,MO2302-P-5500,30,461,30,3,False,5500.0,10.4,6300.0,167.0,156.6,50
P100-R,2022-12-29,MO2302-P-5500,28,545,28,3,False,5500.0,8.8,6300.0,173.8,165.0,49
P100-R,2022-12-30,MO2302-P-5500,30,489,30,3,False,5500.0,9.8,6300.0,167.4,157.6,48
P100-R,2023-01-03,MO2302-P-5500,40,750,40,3,False,5500.0,6.4,6400.0,148.2,141.79999999999998,44
P100-R,2023-01-04,MO2302-P-5500,37,1043,37,3,False,5500.0,4.6,6400.0,154.0,149.4,43
P100-R,2023-01-05,MO2302-P-5500,38,923,38,3,False,5500.0,5.2,6500.0,161.2,156.0,42
P100-R,2023-01-06,MO2302-P-5500,42,1142,42,3,False,5500.0,4.2,6500.0,150.0,145.8,41
P100-R,2023-01-09,MO2302-P-5500,45,1142,45,3,False,5500.0,4.2,6500.0,145.0,140.8,38
P100-R,2023-01-10,MO2302-P-5500,46,1200,46,3,False,5500.0,4.0,6500.0,139.8,135.8,37
P100-R,2023-01-11,MO2302-P-5500,40,1200,40,3,False,5500.0,4.0,6500.0,153.8,149.8,36
P100-R,2023-01-12,MO2302-P-5500,41,1200,41,3,False,5500.0,4.0,6500.0,150.6,146.6,35
P100-R,2023-01-13,MO2302-P-5500,52,2181,52,3,False,5500.0,2.2,6500.0,120.4,118.2,34
P100-R,2023-01-16,MO2302-P-5500,51,2400,51,3,False,5500.0,2.0,6600.0,131.4,129.4,31
P100-R,2023-01-17,MO2302-P-5500,57,2666,57,3,False,5500.0,1.8,6600.0,118.0,116.2,30
P100-R,2023-01-18,MO2303-P-5200,53,1411,53,3,False,5200.0,3.4,6600.0,166.0,162.6,57
P100-R,2023-01-19,MO2303-P-5200,51,1263,51,3,False,5200.0,3.8,6700.0,179.6,175.79999999999998,56
P100-R,2023-01-20,MO2303-P-5200,65,1714,65,3,False,5200.0,2.8,6700.0,146.2,143.39999999999998,55
P100-R,2023-01-30,MO2303-P-5200,56,2400,56,3,False,5200.0,2.0,6800.0,173.4,171.4,45
P100-R,2023-01-31,MO2303-P-5200,65,2666,65,3,False,5200.0,1.8,6800.0,150.8,149.0,44
P100-R,2023-02-01,MO2303-P-5200,67,2400,67,3,False,5200.0,2.0,6900.0,157.6,155.6,43
P100-R,2023-02-02,MO2303-P-5200,66,2666,66,3,False,5200.0,1.8,6900.0,160.0,158.2,42
P100-R,2023-02-03,MO2303-P-5200,65,2666,65,3,False,5200.0,1.8,6900.0,163.2,161.39999999999998,41
P100-R,2023-02-06,MO2303-P-5200,59,3000,59,3,False,5200.0,1.6,6900.0,175.0,173.4,38
P100-R,2023-02-07,MO2303-P-5200,67,3428,67,3,False,5200.0,1.4,6900.0,157.2,155.79999999999998,37
P100-R,2023-02-08,MO2303-P-5200,60,3428,60,3,False,5200.0,1.4,6900.0,172.0,170.6,36
P100-R,2023-02-09,MO2303-P-5200,75,24000,75,3,False,5200.0,0.2,7000.0,144.2,144.0,35
P100-R,2023-02-10,MO2303-P-5200,66,4000,66,3,False,5200.0,1.2,7000.0,164.0,162.8,34
P100-R,2023-02-13,MO2303-P-5200,61,4000,61,3,False,5200.0,1.2,7100.0,184.6,183.4,31
P100-R,2023-02-14,MO2303-P-5200,66,4000,66,3,False,5200.0,1.2,7100.0,172.0,170.8,30
P100-R,2023-02-15,MO2303-P-5200,68,4800,68,3,False,5200.0,1.0,7100.0,167.6,166.6,29
P100-R,2023-02-16,MO2303-P-5200,80,4800,80,3,False,5200.0,1.0,6900.0,132.0,131.0,28
P100-R,2023-02-17,MO2303-P-5200,69,4800,69,3,False,5200.0,1.0,6900.0,147.4,146.4,27
P100-R,2023-02-20,MO2304-P-6000,25,480,25,3,False,6000.0,10.0,7000.0,246.4,236.4,59
P100-R,2023-02-21,MO2304-P-6000,27,571,27,3,False,6000.0,8.4,7000.0,233.6,225.2,58
P100-R,2023-02-22,MO2304-P-6000,29,615,29,3,False,6000.0,7.8,7000.0,218.8,211.0,57
P100-R,2023-02-23,MO2304-P-6000,27,585,27,3,False,6000.0,8.2,7000.0,227.2,219.0,56
P100-R,2023-02-24,MO2304-P-6000,34,558,34,3,False,6000.0,8.6,6900.0,177.0,168.4,55
P100-R,2023-02-27,MO2304-P-6000,29,413,29,3,False,6000.0,11.6,6900.0,202.4,190.8,52
P100-R,2023-02-28,MO2304-P-6000,28,558,28,3,False,6000.0,8.6,7000.0,214.8,206.20000000000002,51
P100-R,2023-03-01,MO2304-P-6000,32,774,32,3,False,6000.0,6.2,7000.0,194.4,188.20000000000002,50
P100-R,2023-03-02,MO2304-P-6000,30,800,30,3,False,6000.0,6.0,7000.0,202.8,196.8,49
P100-R,2023-03-03,MO2304-P-6000,29,800,29,3,False,6000.0,6.0,7000.0,208.8,202.8,48
P100-R,2023-03-06,MO2304-P-6000,33,1000,33,3,False,6000.0,4.8,7000.0,190.0,185.2,45
P100-R,2023-03-07,MO2304-P-6000,28,685,28,3,False,6000.0,7.0,6900.0,193.8,186.8,44
P100-R,2023-03-08,MO2304-P-6000,31,774,31,3,False,6000.0,6.2,6900.0,180.8,174.60000000000002,43
P100-R,2023-03-09,MO2304-P-6000,31,827,31,3,False,6000.0,5.8,6900.0,179.4,173.6,42
P100-R,2023-03-10,MO2304-P-6000,31,533,31,3,False,6000.0,9.0,6800.0,164.2,155.2,41
P100-R,2023-03-13,MO2304-P-6000,38,750,38,3,False,6000.0,6.4,6800.0,141.2,134.79999999999998,38
P100-R,2023-03-14,MO2304-P-6000,28,480,28,3,False,6000.0,10.0,6800.0,178.0,168.0,37
P100-R,2023-03-15,MO2304-P-6000,34,857,34,3,False,6000.0,5.6,6800.0,147.8,142.20000000000002,36
P100-R,2023-03-16,MO2304-P-6000,30,436,30,3,False,6000.0,11.0,6700.0,149.6,138.6,35
P100-R,2023-03-17,MO2304-P-6000,39,648,39,3,False,6000.0,7.4,6700.0,121.4,114.0,34
P100-R,2023-03-20,MO2304-P-6000,38,600,38,3,False,6000.0,8.0,6700.0,122.8,114.8,31
P100-R,2023-03-21,MO2304-P-6000,40,1142,40,3,False,6000.0,4.2,6800.0,126.8,122.6,30
P100-R,2023-03-22,MO2305-P-6000,33,436,33,3,False,6000.0,11.0,6800.0,164.2,153.2,57
P100-R,2023-03-23,MO2305-P-6000,28,558,28,3,False,6000.0,8.6,6900.0,199.2,190.6,56
P100-R,2023-03-24,MO2305-P-6000,29,705,29,3,False,6000.0,6.8,6900.0,187.4,180.6,55
P100-R,2023-03-27,MO2305-P-6000,32,750,32,3,False,6000.0,6.4,6900.0,178.0,171.6,52
P100-R,2023-03-28,MO2305-P-6000,37,727,37,3,False,6000.0,6.6,6800.0,142.2,135.6,51
P100-R,2023-03-29,MO2305-P-6000,34,750,34,3,False,6000.0,6.4,6800.0,151.4,145.0,50
P100-R,2023-03-30,MO2305-P-6000,34,774,34,3,False,6000.0,6.2,6800.0,148.8,142.60000000000002,49
P100-R,2023-03-31,MO2305-P-6000,32,960,32,3,False,6000.0,5.0,6900.0,170.6,165.6,48
P100-R,2023-04-03,MO2305-P-6000,31,1090,31,3,False,6000.0,4.4,7000.0,194.4,190.0,45
P100-R,2023-04-04,MO2305-P-6000,33,1333,33,3,False,6000.0,3.6,7000.0,181.2,177.6,44
P100-R,2023-04-06,MO2305-P-6000,34,1200,34,3,False,6000.0,4.0,7000.0,180.4,176.4,42
P100-R,2023-04-07,MO2305-P-6000,47,1846,47,3,False,6000.0,2.6,7000.0,136.8,134.20000000000002,41
P100-R,2023-04-10,MO2305-P-6000,37,2181,37,3,False,6000.0,2.2,7000.0,160.0,157.8,38
P100-R,2023-04-11,MO2305-P-6000,39,2400,39,3,False,6000.0,2.0,7000.0,156.0,154.0,37
P100-R,2023-04-12,MO2305-P-6000,47,3000,47,3,False,6000.0,1.6,7000.0,134.6,133.0,36
P100-R,2023-04-13,MO2305-P-6000,40,3000,40,3,False,6000.0,1.6,7000.0,147.0,145.4,35
P100-R,2023-04-14,MO2305-P-6000,49,3000,49,3,False,6000.0,1.6,7000.0,127.8,126.2,34
P100-R,2023-04-17,MO2305-P-6000,53,4000,53,3,False,6000.0,1.2,7000.0,116.4,115.2,31
P100-R,2023-04-18,MO2305-P-6000,48,4800,48,3,False,6000.0,1.0,7000.0,126.0,125.0,30
P100-R,2023-04-19,MO2306-P-5200,50,12000,50,3,False,5200.0,0.4,7000.0,214.2,213.79999999999998,57
P100-R,2023-04-20,MO2306-P-5200,53,2400,53,3,False,5200.0,2.0,7000.0,204.4,202.4,56
P100-R,2023-04-21,MO2306-P-5200,53,2181,53,3,False,5200.0,2.2,6800.0,180.4,178.20000000000002,55
P100-R,2023-04-24,MO2306-P-5200,58,2181,58,3,False,5200.0,2.2,6700.0,160.8,158.60000000000002,52
P100-R,2023-04-25,MO2306-P-5200,53,1714,53,3,False,5200.0,2.8,6600.0,163.8,161.0,51
P100-R,2023-04-26,MO2306-P-5200,57,2181,57,3,False,5200.0,2.2,6600.0,154.4,152.20000000000002,50
P100-R,2023-04-27,MO2306-P-5200,60,2000,60,3,False,5200.0,2.4,6600.0,146.4,144.0,49
P100-R,2023-04-28,MO2306-P-5200,65,3000,65,3,False,5200.0,1.6,6700.0,143.6,142.0,48
P100-R,2023-05-04,MO2306-P-5200,68,3000,68,3,False,5200.0,1.6,6700.0,138.6,137.0,42
P100-R,2023-05-05,MO2306-P-5200,51,3000,51,3,False,5200.0,1.6,6700.0,173.4,171.8,41
P100-R,2023-05-08,MO2306-P-5200,63,3428,63,3,False,5200.0,1.4,6700.0,145.0,143.6,38
P100-R,2023-05-09,MO2306-P-5200,64,3428,64,3,False,5200.0,1.4,6600.0,135.6,134.2,37
P100-R,2023-05-10,MO2306-P-5200,71,4000,71,3,False,5200.0,1.2,6600.0,123.0,121.8,36
P100-R,2023-05-11,MO2306-P-5200,69,3428,69,3,False,5200.0,1.4,6600.0,126.4,125.0,35
P100-R,2023-05-12,MO2306-P-5200,71,3428,71,3,False,5200.0,1.4,6500.0,115.8,114.39999999999999,34
P100-R,2023-05-15,MO2306-P-5200,63,4000,63,3,False,5200.0,1.2,6600.0,134.6,133.4,31
P100-R,2023-05-16,MO2306-P-5200,67,4000,67,3,False,5200.0,1.2,6500.0,119.4,118.2,30
P100-R,2023-05-17,MO2306-P-5200,54,4000,54,3,False,5200.0,1.2,6600.0,151.8,150.60000000000002,29
P100-R,2023-05-18,MO2306-P-5200,63,4800,63,3,False,5200.0,1.0,6600.0,133.6,132.6,28
P100-R,2023-05-19,MO2306-P-5200,83,6000,83,3,False,5200.0,0.8,6600.0,102.8,102.0,27
P100-R,2023-05-22,MO2307-P-5800,31,1000,31,3,False,5800.0,4.8,6600.0,162.4,157.6,59
P100-R,2023-05-23,MO2307-P-5800,32,615,32,3,False,5800.0,7.8,6500.0,147.4,139.6,58
P100-R,2023-05-24,MO2307-P-5800,32,705,32,3,False,5800.0,6.8,6500.0,144.0,137.2,57
P100-R,2023-05-25,MO2307-P-5800,29,571,29,3,False,5800.0,8.4,6500.0,157.4,149.0,56
P100-R,2023-05-26,MO2307-P-5800,37,774,37,3,False,5800.0,6.2,6500.0,129.6,123.39999999999999,55
P100-R,2023-05-29,MO2307-P-5800,35,774,35,3,False,5800.0,6.2,6500.0,132.6,126.39999999999999,52
P100-R,2023-05-30,MO2307-P-5800,29,888,29,3,False,5800.0,5.4,6600.0,163.6,158.2,51
P100-R,2023-05-31,MO2307-P-5800,28,800,28,3,False,5800.0,6.0,6600.0,171.8,165.8,50
P100-R,2023-06-01,MO2307-P-5800,30,960,30,3,False,5800.0,5.0,6600.0,160.0,155.0,49
P100-R,2023-06-02,MO2307-P-5800,39,1200,39,3,False,5800.0,4.0,6600.0,132.2,128.2,48
P100-R,2023-06-05,MO2307-P-5800,41,1263,41,3,False,5800.0,3.8,6600.0,125.8,122.0,45
P100-R,2023-06-06,MO2307-P-5800,29,615,29,3,False,5800.0,7.8,6500.0,150.6,142.79999999999998,44
P100-R,2023-06-07,MO2307-P-5800,30,558,30,3,False,5800.0,8.6,6500.0,150.2,141.6,43
P100-R,2023-06-08,MO2307-P-5800,35,461,35,3,False,5800.0,10.4,6400.0,121.8,111.39999999999999,42
P100-R,2023-06-09,MO2307-P-5700,37,1000,37,3,False,5700.0,4.8,6500.0,135.2,130.39999999999998,41
P100-R,2023-06-12,MO2307-P-5700,45,1714,45,3,False,5700.0,2.8,6500.0,114.4,111.60000000000001,38
P100-R,2023-06-13,MO2307-P-5700,34,1846,34,3,False,5700.0,2.6,6600.0,155.2,152.6,37
P100-R,2023-06-14,MO2307-P-5700,39,1846,39,3,False,5700.0,2.6,6600.0,138.0,135.4,36
P100-R,2023-06-15,MO2307-P-5700,49,2400,49,3,False,5700.0,2.0,6600.0,114.6,112.6,35
P100-R,2023-06-16,MO2307-P-5700,43,3428,43,3,False,5700.0,1.4,6700.0,138.0,136.6,34
P100-R,2023-06-19,MO2307-P-5700,48,3428,48,3,False,5700.0,1.4,6700.0,126.0,124.6,31
P100-R,2023-06-20,MO2307-P-5700,50,4000,50,3,False,5700.0,1.2,6700.0,121.2,120.0,30
P100-R,2023-06-21,MO2308-P-5700,41,1500,41,3,False,5700.0,3.2,6500.0,129.0,125.8,57
P100-R,2023-06-26,MO2308-P-5700,34,774,34,3,False,5700.0,6.2,6400.0,133.8,127.60000000000001,52
P100-R,2023-06-27,MO2308-P-5700,34,1200,34,3,False,5700.0,4.0,6500.0,149.4,145.4,51
P100-R,2023-06-28,MO2308-P-5700,31,1333,31,3,False,5700.0,3.6,6500.0,156.6,153.0,50
P100-R,2023-06-29,MO2308-P-5700,37,1411,37,3,False,5700.0,3.4,6500.0,139.4,136.0,49
P100-R,2023-06-30,MO2308-P-5700,37,2400,37,3,False,5700.0,2.0,6600.0,150.4,148.4,48
P100-R,2023-07-03,MO2308-P-5700,40,2400,40,3,False,5700.0,2.0,6600.0,140.6,138.6,45
P100-R,2023-07-04,MO2308-P-5700,45,3000,45,3,False,5700.0,1.6,6600.0,128.0,126.4,44
P100-R,2023-07-05,MO2308-P-5700,37,2400,37,3,False,5700.0,2.0,6600.0,149.4,147.4,43
P100-R,2023-07-06,MO2308-P-5700,32,2181,32,3,False,5700.0,2.2,6600.0,166.4,164.20000000000002,42
P100-R,2023-07-07,MO2308-P-5700,40,2181,40,3,False,5700.0,2.2,6500.0,127.8,125.6,41
P100-R,2023-07-10,MO2308-P-5700,42,2400,42,3,False,5700.0,2.0,6500.0,122.6,120.6,38
P100-R,2023-07-11,MO2308-P-5700,39,3000,39,3,False,5700.0,1.6,6600.0,138.2,136.6,37
P100-R,2023-07-12,MO2308-P-5700,36,2181,36,3,False,5700.0,2.2,6500.0,135.2,133.0,36
P100-R,2023-07-13,MO2308-P-5700,53,2400,53,3,False,5700.0,2.0,6500.0,98.6,96.6,35
P100-R,2023-07-14,MO2308-P-5700,55,2400,55,3,False,5700.0,2.0,6500.0,94.2,92.2,34
P100-R,2023-07-17,MO2308-P-5700,50,2666,50,3,False,5700.0,1.8,6500.0,101.6,99.8,31
P100-R,2023-07-18,MO2308-P-5700,48,3428,48,3,False,5700.0,1.4,6500.0,104.0,102.6,30
P100-R,2023-07-19,MO2309-P-5200,50,2666,50,3,False,5200.0,1.8,6500.0,160.0,158.2,57
P100-R,2023-07-20,MO2309-P-5200,51,2666,51,3,False,5200.0,1.8,6400.0,144.2,142.39999999999998,56
P100-R,2023-07-21,MO2309-P-5200,52,2666,52,3,False,5200.0,1.8,6400.0,142.4,140.6,55
P100-R,2023-07-24,MO2309-P-5200,50,3000,50,3,False,5200.0,1.6,6400.0,146.6,145.0,52
P100-R,2023-07-25,MO2309-P-5200,54,4000,54,3,False,5200.0,1.2,6500.0,148.0,146.8,51
P100-R,2023-07-26,MO2309-P-5200,48,3428,48,3,False,5200.0,1.4,6500.0,159.0,157.6,50
P100-R,2023-07-27,MO2309-P-5200,58,4000,58,3,False,5200.0,1.2,6400.0,127.8,126.6,49
P100-R,2023-07-28,MO2309-P-5200,51,4000,51,3,False,5200.0,1.2,6500.0,153.0,151.8,48
P100-R,2023-07-31,MO2309-P-5200,61,4000,61,3,False,5200.0,1.2,6500.0,130.8,129.60000000000002,45
P100-R,2023-08-01,MO2309-P-5200,58,24000,58,3,False,5200.0,0.2,6500.0,137.4,137.20000000000002,44
P100-R,2023-08-02,MO2309-P-5200,56,4000,56,3,False,5200.0,1.2,6500.0,142.4,141.20000000000002,43
P100-R,2023-08-03,MO2309-P-5200,56,4800,56,3,False,5200.0,1.0,6500.0,140.4,139.4,42
P100-R,2023-08-04,MO2309-P-5200,72,4000,72,3,False,5200.0,1.2,6500.0,113.0,111.8,41
P100-R,2023-08-07,MO2309-P-5200,66,24000,66,3,False,5200.0,0.2,6500.0,118.8,118.6,38
P100-R,2023-08-08,MO2309-P-5200,60,4800,60,3,False,5200.0,1.0,6500.0,129.2,128.2,37
P100-R,2023-08-09,MO2309-P-5200,74,4800,74,3,False,5200.0,1.0,6400.0,100.0,99.0,36
P100-R,2023-08-10,MO2309-P-5200,73,4800,73,3,False,5200.0,1.0,6400.0,102.6,101.6,35
P100-R,2023-08-11,MO2309-P-5200,61,4800,61,3,False,5200.0,1.0,6300.0,110.8,109.8,34
P100-R,2023-08-14,MO2309-P-5200,75,4800,75,3,False,5200.0,1.0,6300.0,91.4,90.4,31
P100-R,2023-08-15,MO2309-P-5200,56,4800,56,3,False,5200.0,1.0,6300.0,116.6,115.6,30
P100-R,2023-08-16,MO2309-P-5200,56,2181,56,3,False,5200.0,2.2,6200.0,108.8,106.6,29
P100-R,2023-08-17,MO2309-P-5200,83,3428,83,3,False,5200.0,1.4,6200.0,77.6,76.19999999999999,28
P100-R,2023-08-18,MO2309-P-5200,62,2181,62,3,False,5200.0,2.2,6100.0,92.0,89.8,27
P100-R,2023-08-21,MO2310-P-5500,22,269,22,3,False,5500.0,17.8,6100.0,176.4,158.6,59
P100-R,2023-08-22,MO2310-P-5400,30,461,30,3,False,5400.0,10.4,6100.0,155.0,144.6,58
P100-R,2023-08-23,MO2310-P-5400,23,269,23,3,False,5400.0,17.8,6000.0,170.6,152.79999999999998,57
P100-R,2023-08-24,MO2310-P-5300,28,461,28,3,False,5300.0,10.4,6000.0,161.8,151.4,56
P100-R,2023-08-25,MO2310-P-5300,23,205,23,3,False,5300.0,23.4,5900.0,174.8,151.4,55
P100-R,2023-08-28,MO2310-P-5200,28,289,28,3,False,5200.0,16.6,5900.0,175.0,158.4,52
P100-R,2023-08-29,MO2310-P-5200,35,857,35,3,False,5200.0,5.6,6100.0,162.0,156.4,51
P100-R,2023-08-30,MO2310-P-5200,44,1200,44,3,False,5200.0,4.0,6100.0,132.6,128.6,50
P100-R,2023-08-31,MO2310-P-5200,41,1333,41,3,False,5200.0,3.6,6100.0,139.0,135.4,49
P100-R,2023-09-01,MO2310-P-5200,43,1846,43,3,False,5200.0,2.6,6100.0,131.8,129.20000000000002,48
P100-R,2023-09-04,MO2310-P-5200,48,3000,48,3,False,5200.0,1.6,6200.0,128.0,126.4,45
P100-R,2023-09-05,MO2310-P-5200,41,1846,41,3,False,5200.0,2.6,6200.0,145.8,143.20000000000002,44
P100-R,2023-09-06,MO2310-P-5200,46,2400,46,3,False,5200.0,2.0,6200.0,132.4,130.4,43
P100-R,2023-09-07,MO2310-P-5200,39,1200,39,3,False,5200.0,4.0,6100.0,141.4,137.4,42
P100-R,2023-09-08,MO2310-P-5200,41,1333,41,3,False,5200.0,3.6,6100.0,138.0,134.4,41
P100-R,2023-09-11,MO2310-P-5200,43,2000,43,3,False,5200.0,2.4,6200.0,142.6,140.2,38
P100-R,2023-09-12,MO2310-P-5200,46,2181,46,3,False,5200.0,2.2,6200.0,131.2,129.0,37
P100-R,2023-09-13,MO2310-P-5200,43,1411,43,3,False,5200.0,3.4,6100.0,130.2,126.79999999999998,36
P100-R,2023-09-14,MO2310-P-5200,40,1714,40,3,False,5200.0,2.8,6100.0,136.0,133.2,35
P100-R,2023-09-15,MO2310-P-5200,44,1714,44,3,False,5200.0,2.8,6100.0,124.2,121.4,34
P100-R,2023-09-18,MO2310-P-5200,48,2000,48,3,False,5200.0,2.4,6100.0,115.0,112.6,31
P100-R,2023-09-19,MO2310-P-5200,56,2000,56,3,False,5200.0,2.4,6000.0,91.6,89.19999999999999,30
P100-R,2023-09-20,MO2311-P-5200,31,750,31,3,False,5200.0,6.4,6000.0,162.6,156.2,57
P100-R,2023-09-21,MO2311-P-5200,35,666,35,3,False,5200.0,7.2,5900.0,135.2,127.99999999999999,56
P100-R,2023-09-22,MO2311-P-5200,32,1263,32,3,False,5200.0,3.8,6100.0,167.4,163.6,55
P100-R,2023-09-25,MO2311-P-5200,39,1142,39,3,False,5200.0,4.2,6000.0,134.0,129.8,52
P100-R,2023-09-26,MO2311-P-5200,34,1200,34,3,False,5200.0,4.0,6000.0,145.0,141.0,51
P100-R,2023-09-27,MO2311-P-5200,43,1263,43,3,False,5200.0,3.8,6000.0,122.4,118.60000000000001,50
P100-R,2023-09-28,MO2311-P-5200,35,1500,35,3,False,5200.0,3.2,6100.0,154.4,151.20000000000002,49
P100-R,2023-10-09,MO2311-P-5200,37,2666,37,3,False,5200.0,1.8,6100.0,144.6,142.79999999999998,38
P100-R,2023-10-10,MO2311-P-5200,52,2181,52,3,False,5200.0,2.2,6000.0,100.0,97.8,37
P100-R,2023-10-11,MO2311-P-5200,37,2666,37,3,False,5200.0,1.8,6100.0,142.6,140.79999999999998,36
P100-R,2023-10-12,MO2311-P-5200,49,3428,49,3,False,5200.0,1.4,6100.0,114.0,112.6,35
P100-R,2023-10-13,MO2311-P-5200,46,3000,46,3,False,5200.0,1.6,6100.0,117.6,116.0,34
P100-R,2023-10-16,MO2311-P-5200,53,1500,53,3,False,5200.0,3.2,6000.0,96.8,93.6,31
P100-R,2023-10-17,MO2311-P-5200,48,2000,48,3,False,5200.0,2.4,6000.0,105.8,103.39999999999999,30
P100-R,2023-10-18,MO2312-P-5200,31,827,31,3,False,5200.0,5.8,5900.0,146.0,140.2,57
P100-R,2023-10-19,MO2312-P-5200,30,461,30,3,False,5200.0,10.4,5800.0,140.2,129.79999999999998,56
P100-R,2023-10-20,MO2312-P-5200,22,228,22,3,False,5200.0,21.0,5800.0,179.0,158.0,55
P100-R,2023-10-23,MO2312-P-5100,24,143,24,3,False,5100.0,33.4,5600.0,168.4,135.0,52
P100-R,2023-10-24,MO2312-P-5000,28,285,28,3,False,5000.0,16.8,5700.0,173.4,156.6,51
P100-R,2023-10-25,MO2312-P-5000,28,521,28,3,False,5000.0,9.2,5800.0,179.8,170.60000000000002,50
P100-R,2023-10-26,MO2312-P-5000,33,827,33,3,False,5000.0,5.8,5800.0,154.4,148.6,49
P100-R,2023-10-27,MO2312-P-5000,41,1333,41,3,False,5000.0,3.6,5900.0,138.8,135.20000000000002,48
P100-R,2023-10-30,MO2312-P-5000,41,1714,41,3,False,5000.0,2.8,6000.0,153.6,150.79999999999998,45
P100-R,2023-10-31,MO2312-P-5000,35,2000,35,3,False,5000.0,2.4,6000.0,170.2,167.79999999999998,44
P100-R,2023-11-01,MO2312-P-5000,34,2181,34,3,False,5000.0,2.2,6000.0,171.4,169.20000000000002,43
P100-R,2023-11-02,MO2312-P-5000,39,2000,39,3,False,5000.0,2.4,5900.0,141.4,139.0,42
P100-R,2023-11-03,MO2312-P-5000,40,3000,40,3,False,5000.0,1.6,6000.0,148.2,146.6,41
P100-R,2023-11-06,MO2312-P-5000,49,3000,49,3,False,5000.0,1.6,6100.0,136.8,135.20000000000002,38
P100-R,2023-11-07,MO2312-P-5000,52,3428,52,3,False,5000.0,1.4,6100.0,132.0,130.6,37
P100-R,2023-11-08,MO2312-P-5000,58,4000,58,3,False,5000.0,1.2,6100.0,121.0,119.8,36
P100-R,2023-11-09,MO2312-P-5000,48,4000,48,3,False,5000.0,1.2,6100.0,140.0,138.8,35
P100-R,2023-11-10,MO2312-P-5000,45,3000,45,3,False,5000.0,1.6,6100.0,148.0,146.4,34
P100-R,2023-11-13,MO2312-P-5000,61,3428,61,3,False,5000.0,1.4,6100.0,115.8,114.39999999999999,31
P100-R,2023-11-14,MO2312-P-5000,46,4800,46,3,False,5000.0,1.0,6200.0,157.6,156.6,30
P100-R,2023-11-15,MO2312-P-5000,57,6000,57,3,False,5000.0,0.8,6200.0,130.0,129.2,29
P100-R,2023-11-16,MO2312-P-5000,63,4800,63,3,False,5000.0,1.0,6100.0,110.2,109.2,28
P100-R,2023-11-17,MO2312-P-5000,58,6000,58,3,False,5000.0,0.8,6200.0,127.0,126.2,27
P100-R,2023-11-20,MO2401-P-5000,36,2666,36,3,False,5000.0,1.8,6300.0,213.4,211.6,59
P100-R,2023-11-21,MO2401-P-5000,41,3000,41,3,False,5000.0,1.6,6200.0,179.2,177.6,58
P100-R,2023-11-22,MO2401-P-5000,44,2400,44,3,False,5000.0,2.0,6100.0,158.0,156.0,57
P100-R,2023-11-23,MO2401-P-5000,44,2666,44,3,False,5000.0,1.8,6200.0,168.2,166.39999999999998,56
P100-R,2023-11-24,MO2401-P-5000,43,2400,43,3,False,5000.0,2.0,6100.0,160.8,158.8,55
P100-R,2023-11-27,MO2401-P-5000,42,2400,42,3,False,5000.0,2.0,6100.0,162.4,160.4,52
P100-R,2023-11-28,MO2401-P-5000,47,2400,47,3,False,5000.0,2.0,6100.0,150.8,148.8,51
P100-R,2023-11-29,MO2401-P-5000,41,2400,41,3,False,5000.0,2.0,6100.0,166.6,164.6,50
P100-R,2023-11-30,MO2401-P-5000,36,2181,36,3,False,5000.0,2.2,6100.0,187.2,185.0,49
P100-R,2023-12-01,MO2401-P-5000,45,2666,45,3,False,5000.0,1.8,6100.0,155.2,153.39999999999998,48
P100-R,2023-12-04,MO2401-P-5000,39,2181,39,3,False,5000.0,2.2,6100.0,176.0,173.8,45
P100-R,2023-12-05,MO2401-P-5000,33,923,33,3,False,5000.0,5.2,6000.0,189.8,184.60000000000002,44
P100-R,2023-12-06,MO2401-P-5000,40,1043,40,3,False,5000.0,4.6,6000.0,161.0,156.4,43
P100-R,2023-12-07,MO2401-P-5000,44,1500,44,3,False,5000.0,3.2,6000.0,145.6,142.4,42
P100-R,2023-12-08,MO2401-P-5000,42,1500,42,3,False,5000.0,3.2,6000.0,147.2,144.0,41
P100-R,2023-12-11,MO2401-P-5000,42,2666,42,3,False,5000.0,1.8,6100.0,159.0,157.2,38
P100-R,2023-12-12,MO2401-P-5000,44,3000,44,3,False,5000.0,1.6,6100.0,149.2,147.6,37
P100-R,2023-12-13,MO2401-P-5000,50,2000,50,3,False,5000.0,2.4,6000.0,126.6,124.19999999999999,36
P100-R,2023-12-14,MO2401-P-5000,43,2400,43,3,False,5000.0,2.0,6000.0,141.0,139.0,35
P100-R,2023-12-15,MO2401-P-5000,36,2181,36,3,False,5000.0,2.2,6000.0,163.0,160.8,34
P100-R,2023-12-18,MO2401-P-5000,35,2400,35,3,False,5000.0,2.0,5900.0,150.8,148.8,31
P100-R,2023-12-19,MO2401-P-5000,38,3000,38,3,False,5000.0,1.6,5900.0,141.4,139.8,30
P100-R,2023-12-20,MO2401-P-5000,34,1846,34,3,False,5000.0,2.6,5800.0,138.6,136.0,29
P100-R,2023-12-21,MO2402-P-5100,26,452,26,3,False,5100.0,10.6,5800.0,172.0,161.4,60
P100-R,2023-12-22,MO2402-P-5100,28,342,28,3,False,5100.0,14.0,5700.0,151.2,137.2,59
P100-R,2023-12-25,MO2402-P-5100,28,363,28,3,False,5100.0,13.2,5700.0,150.0,136.8,56
P100-R,2023-12-26,MO2402-P-5100,20,224,20,3,False,5100.0,21.4,5700.0,191.6,170.2,55
P100-R,2023-12-27,MO2402-P-5000,27,452,27,3,False,5000.0,10.6,5700.0,168.4,157.8,54
P100-R,2023-12-28,MO2402-P-5000,34,1043,34,3,False,5000.0,4.6,5800.0,150.4,145.8,53
P100-R,2023-12-29,MO2402-P-5000,37,1263,37,3,False,5000.0,3.8,5900.0,150.4,146.6,52
P100-R,2024-01-02,MO2402-P-5000,30,1263,30,3,False,5000.0,3.8,5900.0,178.0,174.2,48
P100-R,2024-01-03,MO2402-P-5000,38,1090,38,3,False,5000.0,4.4,5800.0,135.0,130.6,47
P100-R,2024-01-04,MO2402-P-5000,31,960,31,3,False,5000.0,5.0,5800.0,159.6,154.6,46
P100-R,2024-01-05,MO2402-P-5000,27,600,27,3,False,5000.0,8.0,5700.0,159.4,151.4,45
P100-R,2024-01-08,MO2402-P-5000,21,161,21,3,False,5000.0,29.8,5500.0,190.2,160.39999999999998,42
P100-R,2024-01-09,MO2402-P-4950,18,279,18,3,False,4950.0,17.2,5600.0,218.4,201.20000000000002,38
P100-R,2024-01-10,MO2402-P-4950,22,180,22,3,False,4950.0,26.6,5500.0,181.0,154.4,37
P100-R,2024-01-11,MO2402-P-4950,26,328,26,3,False,4950.0,14.6,5600.0,169.6,155.0,36
P100-R,2024-01-12,MO2402-P-4950,23,307,23,3,False,4950.0,15.6,5600.0,182.2,166.6,35
P100-R,2024-01-15,MO2402-P-4950,21,292,21,3,False,4950.0,16.4,5600.0,192.2,175.79999999999998,32
P100-R,2024-01-16,MO2402-P-4950,26,315,26,3,False,4950.0,15.2,5500.0,152.0,136.8,31
P100-R,2024-01-17,MO2402-P-4950,15,111,15,3,False,4950.0,43.2,5400.0,221.0,177.8,30
P100-R,2024-01-18,MO2403-P-4850,14,66,14,3,False,4850.0,72.6,5400.0,301.6,229.00000000000003,56
P100-R,2024-01-19,MO2403-P-4800,16,70,16,3,False,4800.0,68.4,5300.0,267.0,198.6,55
P100-R,2024-01-22,MO2403-P-4750,14,23,14,4,False,4750.0,275.0,5000.0,423.4,148.39999999999998,52
P100-R,2024-01-23,MO2403-P-4500,20,93,20,4,False,4500.0,68.8,5100.0,301.8,233.0,51
P100-R,2024-01-24,MO2403-P-4500,27,129,27,4,False,4500.0,49.6,5100.0,245.2,195.6,50
P100-R,2024-01-25,MO2403-P-4500,34,310,34,4,False,4500.0,20.6,5300.0,216.8,196.20000000000002,49
P100-R,2024-01-26,MO2403-P-4500,26,256,26,4,False,4500.0,25.0,5300.0,263.6,238.60000000000002,48
P100-R,2024-01-29,MO2403-P-4500,25,131,25,4,False,4500.0,48.6,5100.0,255.2,206.6,45
P100-R,2024-01-30,MO2403-P-4500,18,70,18,4,False,4500.0,91.0,5000.0,308.2,217.2,44
P100-R,2024-01-31,MO2403-P-4450,17,45,17,4,False,4450.0,142.0,4800.0,305.8,163.8,43
P100-R,2024-02-01,MO2403-P-4300,20,69,20,4,False,4300.0,92.0,4750.0,276.0,184.0,42
P100-R,2024-02-02,MO2403-P-4250,20,46,20,4,False,4250.0,137.0,4550.0,271.2,134.2,41
P100-R,2024-02-05,MO2403-P-4100,14,20,14,4,False,4100.0,319.6,4300.0,434.2,114.59999999999997,38
P100-R,2024-02-06,MO2403-P-3850,27,125,27,4,False,3850.0,51.0,4600.0,272.8,221.8,37
P100-R,2024-02-07,MO2403-P-3850,34,260,34,4,False,3850.0,24.6,4800.0,251.8,227.20000000000002,36
P100-R,2024-02-08,MO2403-P-3850,36,800,36,4,False,3850.0,8.0,5000.0,268.6,260.6,35
P100-R,2024-02-19,MO2404-P-3850,33,299,33,4,False,3850.0,21.4,5000.0,309.4,288.0,59
P100-R,2024-02-20,MO2404-P-3850,40,680,40,4,False,3850.0,9.4,5000.0,252.2,242.79999999999998,58
P100-R,2024-02-21,MO2404-P-3850,35,653,35,4,False,3850.0,9.8,5100.0,293.8,284.0,57
P100-R,2024-02-22,MO2404-P-3850,36,820,36,4,False,3850.0,7.8,5200.0,299.2,291.4,56
P100-R,2024-02-23,MO2404-P-3850,45,1230,45,4,False,3850.0,5.2,5200.0,251.2,246.0,55
P100-R,2024-02-26,MO2404-P-3850,39,1333,39,4,False,3850.0,4.8,5300.0,295.6,290.8,52
P100-R,2024-02-27,MO2404-P-3850,48,2133,48,4,False,3850.0,3.0,5400.0,264.0,261.0,51
P100-R,2024-02-28,MO2404-P-3850,35,1103,35,4,False,3850.0,5.8,5200.0,310.6,304.8,50
P100-R,2024-02-29,MO2404-P-3850,49,1882,49,4,False,3850.0,3.4,5300.0,250.0,246.6,49
P100-R,2024-03-01,MO2404-P-3850,45,2461,45,4,False,3850.0,2.6,5400.0,282.8,280.2,48
P100-R,2024-03-04,MO2404-P-3850,47,1600,47,4,False,3850.0,4.0,5400.0,275.0,271.0,45
P100-R,2024-03-05,MO2404-P-3850,40,1280,40,4,False,3850.0,5.0,5400.0,312.8,307.8,44
P100-R,2024-03-06,MO2404-P-3850,45,2133,45,4,False,3850.0,3.0,5400.0,278.4,275.4,43
P100-R,2024-03-07,MO2404-P-3850,47,1684,47,4,False,3850.0,3.8,5300.0,254.2,250.39999999999998,42
P100-R,2024-03-08,MO2404-P-3850,51,2909,51,4,False,3850.0,2.2,5400.0,241.4,239.20000000000002,41
P100-R,2024-03-11,MO2404-P-3850,58,10666,58,4,False,3850.0,0.6,5500.0,224.4,223.8,38
P100-R,2024-03-12,MO2404-P-3850,64,10666,64,4,False,3850.0,0.6,5500.0,207.0,206.4,37
P100-R,2024-03-13,MO2404-P-3850,75,8000,75,4,False,3850.0,0.8,5500.0,181.0,180.2,36
P100-R,2024-03-14,MO2404-P-3850,68,6400,68,4,False,3850.0,1.0,5500.0,195.0,194.0,35
P100-R,2024-03-15,MO2404-P-3850,69,8000,69,4,False,3850.0,0.8,5600.0,201.4,200.6,34
P100-R,2024-03-18,MO2404-P-3850,99,32000,99,4,False,3850.0,0.2,5600.0,146.0,145.8,31
P100-R,2024-03-19,MO2404-P-3850,86,32000,86,4,False,3850.0,0.2,5600.0,164.6,164.4,30
P100-R,2024-03-20,MO2405-P-4500,36,1066,36,4,False,4500.0,6.0,5700.0,265.4,259.4,57
P100-R,2024-03-21,MO2405-P-4500,37,1142,37,4,False,4500.0,5.6,5700.0,261.8,256.2,56
P100-R,2024-03-22,MO2405-P-4500,38,864,38,4,False,4500.0,7.4,5600.0,241.6,234.2,55
P100-R,2024-03-25,MO2405-P-4500,31,640,31,4,False,4500.0,10.0,5500.0,260.2,250.2,52
P100-R,2024-03-26,MO2405-P-4500,37,516,37,4,False,4500.0,12.4,5400.0,221.6,209.2,51
P100-R,2024-03-27,MO2405-P-4500,25,177,25,4,False,4500.0,36.0,5300.0,289.2,253.2,50
P100-R,2024-03-28,MO2405-P-4500,30,344,30,4,False,4500.0,18.6,5400.0,257.6,239.00000000000003,49
P100-R,2024-03-29,MO2405-P-4500,38,477,38,4,False,4500.0,13.4,5400.0,211.8,198.4,48
P100-R,2024-04-01,MO2405-P-4500,37,761,37,4,False,4500.0,8.4,5600.0,243.2,234.79999999999998,45
P100-R,2024-04-02,MO2405-P-4500,43,666,43,4,False,4500.0,9.6,5500.0,204.8,195.20000000000002,44
P100-R,2024-04-03,MO2405-P-4500,39,680,39,4,False,4500.0,9.4,5500.0,217.2,207.79999999999998,43
P100-R,2024-04-08,MO2405-P-4500,35,344,35,4,False,4500.0,18.6,5400.0,225.0,206.4,38
P100-R,2024-04-09,MO2405-P-4500,35,603,35,4,False,4500.0,10.6,5500.0,234.0,223.4,37
P100-R,2024-04-10,MO2405-P-4500,32,551,32,4,False,4500.0,11.6,5400.0,231.2,219.6,36
P100-R,2024-04-11,MO2405-P-4500,34,727,34,4,False,4500.0,8.8,5400.0,217.0,208.2,35
P100-R,2024-04-12,MO2405-P-4500,40,653,40,4,False,4500.0,9.8,5300.0,179.0,169.2,34
P100-R,2024-04-15,MO2405-P-4500,31,542,31,4,False,4500.0,11.8,5300.0,216.0,204.2,31
P100-R,2024-04-16,MO2405-P-4500,23,160,23,4,False,4500.0,40.0,5100.0,243.2,203.2,30
P100-R,2024-04-17,MO2405-P-4500,34,385,34,4,False,4500.0,16.6,5300.0,207.2,190.6,29
P100-R,2024-04-18,MO2405-P-4500,33,426,33,4,False,4500.0,15.0,5300.0,207.4,192.4,28
P100-R,2024-04-19,MO2405-P-4500,31,410,31,4,False,4500.0,15.6,5300.0,217.8,202.20000000000002,27
P100-R,2024-04-22,MO2406-P-3800,45,800,45,4,False,3800.0,8.0,5200.0,265.2,257.2,59
P100-R,2024-04-23,MO2406-P-3800,43,842,43,4,False,3800.0,7.6,5200.0,271.6,264.0,58
P100-R,2024-04-24,MO2406-P-3800,47,1523,47,4,False,3800.0,4.2,5300.0,261.0,256.8,57
P100-R,2024-04-25,MO2406-P-3800,50,2000,50,4,False,3800.0,3.2,5300.0,250.0,246.8,56
P100-R,2024-04-26,MO2406-P-3800,57,3555,57,4,False,3800.0,1.8,5400.0,231.4,229.6,55
P100-R,2024-04-29,MO2406-P-3800,66,10666,66,4,False,3800.0,0.6,5500.0,212.8,212.20000000000002,52
P100-R,2024-04-30,MO2406-P-3800,60,10666,60,4,False,3800.0,0.6,5500.0,228.6,228.0,51
P100-R,2024-05-06,MO2406-P-3800,69,5333,69,4,False,3800.0,1.2,5600.0,212.6,211.4,45
P100-R,2024-05-07,MO2406-P-3800,74,3555,74,4,False,3800.0,1.8,5600.0,201.2,199.39999999999998,44
P100-R,2024-05-08,MO2406-P-3800,71,4000,71,4,False,3800.0,1.6,5500.0,199.8,198.20000000000002,43
P100-R,2024-05-09,MO2406-P-3800,75,4571,75,4,False,3800.0,1.4,5600.0,196.8,195.4,42
P100-R,2024-05-10,MO2406-P-3800,62,16000,62,4,False,3800.0,0.4,5600.0,230.2,229.79999999999998,41
P100-R,2024-05-13,MO2406-P-3800,67,32000,67,4,False,3800.0,0.2,5500.0,206.4,206.20000000000002,38
P100-R,2024-05-14,MO2406-P-3800,58,16000,58,4,False,3800.0,0.4,5600.0,245.6,245.2,37
P100-R,2024-05-15,MO2406-P-3800,64,16000,64,4,False,3800.0,0.4,5500.0,212.8,212.4,36
P100-R,2024-05-16,MO2406-P-3800,67,16000,67,4,False,3800.0,0.4,5500.0,203.6,203.2,35
P100-R,2024-05-17,MO2406-P-3800,74,32000,74,4,False,3800.0,0.2,5600.0,192.0,191.8,34
P100-R,2024-05-20,MO2406-P-3800,80,32000,80,4,False,3800.0,0.2,5600.0,180.0,179.8,31
P100-R,2024-05-21,MO2406-P-3800,91,32000,91,4,False,3800.0,0.2,5500.0,153.8,153.60000000000002,30
P100-R,2024-05-22,MO2407-P-4650,34,592,34,4,False,4650.0,10.8,5500.0,223.0,212.2,57
P100-R,2024-05-23,MO2407-P-4650,29,301,29,4,False,4650.0,21.2,5400.0,238.2,217.0,56
P100-R,2024-05-24,MO2407-P-4650,23,238,23,4,False,4650.0,26.8,5400.0,277.6,250.8,55
P100-R,2024-05-27,MO2407-P-4650,27,320,27,4,False,4650.0,20.0,5400.0,246.6,226.6,52
P100-R,2024-05-28,MO2407-P-4650,30,253,30,4,False,4650.0,25.2,5300.0,216.6,191.4,51
P100-R,2024-05-29,MO2407-P-4650,23,271,23,4,False,4650.0,23.6,5400.0,271.6,248.00000000000003,50
P100-R,2024-05-30,MO2407-P-4650,30,316,30,4,False,4650.0,20.2,5300.0,204.0,183.8,49
P100-R,2024-05-31,MO2407-P-4650,25,421,25,4,False,4650.0,15.2,5400.0,244.8,229.60000000000002,48
P100-R,2024-06-03,MO2407-P-4650,24,260,24,4,False,4650.0,24.6,5300.0,237.8,213.20000000000002,45
P100-R,2024-06-04,MO2407-P-4650,29,372,29,4,False,4650.0,17.2,5300.0,205.0,187.8,44
P100-R,2024-06-05,MO2407-P-4650,30,278,30,4,False,4650.0,23.0,5200.0,186.6,163.6,43
P100-R,2024-06-06,MO2407-P-4650,25,153,25,4,False,4650.0,41.6,5100.0,196.6,155.0,42
P100-R,2024-06-07,MO2407-P-4600,21,223,21,4,False,4600.0,28.6,5200.0,240.4,211.8,41
P100-R,2024-06-11,MO2407-P-4600,28,320,28,4,False,4600.0,20.0,5200.0,196.0,176.0,37
P100-R,2024-06-12,MO2407-P-4600,30,336,30,4,False,4600.0,19.0,5200.0,186.6,167.6,36
P100-R,2024-06-13,MO2407-P-4600,26,372,26,4,False,4600.0,17.2,5200.0,202.0,184.8,35
P100-R,2024-06-14,MO2407-P-4600,28,581,28,4,False,4600.0,11.0,5200.0,179.4,168.4,34
P100-R,2024-06-17,MO2407-P-4600,29,666,29,4,False,4600.0,9.6,5200.0,176.0,166.4,31
P100-R,2024-06-18,MO2407-P-4600,39,1066,39,4,False,4600.0,6.0,5200.0,136.0,130.0,30
P100-R,2024-06-19,MO2408-P-4600,21,213,21,4,False,4600.0,30.0,5200.0,248.2,218.2,57
P100-R,2024-06-20,MO2408-P-4600,18,130,18,4,False,4600.0,49.2,5100.0,253.0,203.8,56
P100-R,2024-06-21,MO2408-P-4550,19,169,19,4,False,4550.0,37.8,5100.0,253.0,215.2,55
P100-R,2024-06-24,MO2408-P-4500,19,95,19,4,False,4500.0,66.8,4900.0,231.0,164.2,52
P100-R,2024-06-25,MO2408-P-4350,23,134,23,4,False,4350.0,47.6,4850.0,223.6,176.0,51
P100-R,2024-06-26,MO2408-P-4350,26,275,26,4,False,4350.0,23.2,5000.0,219.6,196.4,50
P100-R,2024-06-27,MO2408-P-4350,26,172,26,4,False,4350.0,37.0,4850.0,200.8,163.8,49
P100-R,2024-06-28,MO2408-P-4350,24,190,24,4,False,4350.0,33.6,4900.0,218.2,184.6,48
P100-R,2024-07-01,MO2408-P-4350,25,242,25,4,False,4350.0,26.4,4950.0,220.0,193.6,45
P100-R,2024-07-02,MO2408-P-4350,26,244,26,4,False,4350.0,26.2,4900.0,201.8,175.60000000000002,44
P100-R,2024-07-03,MO2408-P-4350,26,256,26,4,False,4350.0,25.0,4850.0,184.4,159.4,43
P100-R,2024-07-04,MO2408-P-4350,24,153,24,4,False,4350.0,41.6,4750.0,183.6,142.0,42
P100-R,2024-07-05,MO2408-P-4250,29,329,29,4,False,4250.0,19.4,4800.0,178.6,159.2,41
P100-R,2024-07-08,MO2408-P-4250,23,193,23,4,False,4250.0,33.0,4700.0,193.8,160.8,38
P100-R,2024-07-09,MO2408-P-4200,28,351,28,4,False,4200.0,18.2,4800.0,189.0,170.8,37
P100-R,2024-07-10,MO2408-P-4200,27,355,27,4,False,4200.0,18.0,4800.0,191.0,173.0,36
P100-R,2024-07-11,MO2408-P-4200,34,666,34,4,False,4200.0,9.6,4900.0,174.6,165.0,35
P100-R,2024-07-12,MO2408-P-4200,33,653,33,4,False,4200.0,9.8,4900.0,177.8,168.0,34
P100-R,2024-07-15,MO2408-P-4200,30,666,30,4,False,4200.0,9.6,4850.0,177.2,167.6,31
P100-R,2024-07-16,MO2408-P-4200,32,969,32,4,False,4200.0,6.6,4850.0,169.8,163.20000000000002,30
P100-R,2024-07-17,MO2408-P-4200,31,744,31,4,False,4200.0,8.6,4800.0,163.0,154.4,29
P100-R,2024-07-18,MO2408-P-4200,33,666,33,4,False,4200.0,9.6,4800.0,159.2,149.6,28
P100-R,2024-07-19,MO2408-P-4200,36,969,36,4,False,4200.0,6.6,4800.0,145.2,138.6,27
P100-R,2024-07-22,MO2409-P-3800,34,1280,34,4,False,3800.0,5.0,4850.0,248.0,243.0,59
P100-R,2024-07-23,MO2409-P-3800,31,695,31,4,False,3800.0,9.2,4700.0,242.6,233.4,58
P100-R,2024-07-24,MO2409-P-3800,29,571,29,4,False,3800.0,11.2,4650.0,247.6,236.4,57
P100-R,2024-07-25,MO2409-P-3800,29,581,29,4,False,3800.0,11.0,4650.0,244.4,233.4,56
P100-R,2024-07-26,MO2409-P-3800,35,914,35,4,False,3800.0,7.0,4700.0,215.0,208.0,55
P100-R,2024-07-29,MO2409-P-3800,33,969,33,4,False,3800.0,6.6,4700.0,224.8,218.20000000000002,52
P100-R,2024-07-30,MO2409-P-3800,36,1032,36,4,False,3800.0,6.2,4700.0,209.4,203.20000000000002,51
P100-R,2024-07-31,MO2409-P-3800,46,2285,46,4,False,3800.0,2.8,4900.0,192.6,189.79999999999998,50
P100-R,2024-08-01,MO2409-P-3800,44,2461,44,4,False,3800.0,2.6,4900.0,199.4,196.8,49
P100-R,2024-08-02,MO2409-P-3800,45,2133,45,4,False,3800.0,3.0,4800.0,185.0,182.0,48
P100-R,2024-08-05,MO2409-P-3800,35,780,35,4,False,3800.0,8.2,4700.0,213.4,205.20000000000002,45
P100-R,2024-08-06,MO2409-P-3800,40,1032,40,4,False,3800.0,6.2,4750.0,198.2,192.0,44
P100-R,2024-08-07,MO2409-P-3800,39,1454,39,4,False,3800.0,4.4,4750.0,201.2,196.79999999999998,43
P100-R,2024-08-08,MO2409-P-3800,42,1684,42,4,False,3800.0,3.8,4750.0,183.2,179.39999999999998,42
P100-R,2024-08-09,MO2409-P-3800,42,1391,42,4,False,3800.0,4.6,4700.0,179.0,174.4,41
P100-R,2024-08-12,MO2409-P-3800,48,1523,48,4,False,3800.0,4.2,4650.0,151.0,146.8,38
P100-R,2024-08-13,MO2409-P-3800,45,1882,45,4,False,3800.0,3.4,4700.0,164.8,161.4,37
P100-R,2024-08-14,MO2409-P-3800,44,2133,44,4,False,3800.0,3.0,4650.0,160.4,157.4,36
P100-R,2024-08-15,MO2409-P-3800,46,2909,46,4,False,3800.0,2.2,4700.0,160.2,158.0,35
P100-R,2024-08-16,MO2409-P-3800,50,2666,50,4,False,3800.0,2.4,4650.0,140.0,137.6,34
P100-R,2024-08-19,MO2409-P-3800,58,3200,58,4,False,3800.0,2.0,4650.0,121.6,119.6,31
P100-R,2024-08-20,MO2409-P-3800,45,2133,45,4,False,3800.0,3.0,4600.0,142.0,139.0,30
P100-R,2024-08-21,MO2410-P-4100,24,230,24,4,False,4100.0,27.8,4550.0,178.2,150.39999999999998,57
P100-R,2024-08-22,MO2410-P-4050,23,237,23,4,False,4050.0,27.0,4500.0,182.2,155.2,56
P100-R,2024-08-23,MO2410-P-4000,26,380,26,4,False,4000.0,16.8,4500.0,175.2,158.39999999999998,55
P100-R,2024-08-26,MO2410-P-4000,28,426,28,4,False,4000.0,15.0,4500.0,166.4,151.4,52
P100-R,2024-08-27,MO2410-P-4000,27,329,27,4,False,4000.0,19.4,4450.0,158.6,139.2,51
P100-R,2024-08-28,MO2410-P-4000,28,372,28,4,False,4000.0,17.2,4450.0,152.8,135.60000000000002,50
P100-R,2024-08-29,MO2410-P-4000,28,542,28,4,False,4000.0,11.8,4550.0,167.0,155.2,49
P100-R,2024-08-30,MO2410-P-4000,32,842,32,4,False,4000.0,7.6,4650.0,166.4,158.8,48
P100-R,2024-09-02,MO2410-P-4000,27,581,27,4,False,4000.0,11.0,4550.0,168.8,157.8,45
P100-R,2024-09-03,MO2410-P-4000,33,780,33,4,False,4000.0,8.2,4550.0,149.0,140.8,44
P100-R,2024-09-04,MO2410-P-4000,31,744,31,4,False,4000.0,8.6,4550.0,153.0,144.4,43
P100-R,2024-09-05,MO2410-P-4000,31,888,31,4,False,4000.0,7.2,4600.0,161.4,154.20000000000002,42
P100-R,2024-09-06,MO2410-P-4000,30,640,30,4,False,4000.0,10.0,4500.0,147.2,137.2,41
P100-R,2024-09-09,MO2410-P-4000,25,533,25,4,False,4000.0,12.0,4500.0,164.4,152.4,38
P100-R,2024-09-10,MO2410-P-4000,27,516,27,4,False,4000.0,12.4,4500.0,160.2,147.79999999999998,37
P100-R,2024-09-11,MO2410-P-4000,27,561,27,4,False,4000.0,11.4,4500.0,159.0,147.6,36
P100-R,2024-09-12,MO2410-P-4000,33,615,33,4,False,4000.0,10.4,4450.0,125.0,114.6,35
P100-R,2024-09-13,MO2410-P-4000,32,640,32,4,False,4000.0,10.0,4400.0,116.0,106.0,34
P100-R,2024-09-18,MO2411-P-3950,23,213,23,4,False,3950.0,30.0,4400.0,186.6,156.6,57
P100-R,2024-09-19,MO2411-P-3950,24,293,24,4,False,3950.0,21.8,4500.0,200.8,179.0,56
P100-R,2024-09-20,MO2411-P-3950,27,316,27,4,False,3950.0,20.2,4450.0,178.0,157.8,55
P100-R,2024-09-23,MO2411-P-3950,28,367,28,4,False,3950.0,17.4,4450.0,170.4,153.0,52
P100-R,2024-09-24,MO2411-P-3950,34,888,34,4,False,3950.0,7.2,4650.0,171.8,164.60000000000002,51
P100-R,2024-09-25,MO2411-P-3950,34,1882,34,4,False,3950.0,3.4,4700.0,180.0,176.6,50
P100-R,2024-09-26,MO2411-P-3950,47,3555,47,4,False,3950.0,1.8,4850.0,161.8,160.0,49
P100-R,2024-09-27,MO2411-P-3950,60,4571,60,4,False,3950.0,1.4,5100.0,160.6,159.2,48
P100-R,2024-09-30,MO2411-P-3950,37,4571,37,4,False,3950.0,1.4,5700.0,389.4,388.0,45
P100-R,2024-10-08,MO2411-P-3950,23,774,23,3,False,3950.0,6.2,6200.0,613.8,607.5999999999999,37
P100-R,2024-10-09,MO2411-P-3950,31,857,31,3,False,3950.0,5.6,5700.0,356.0,350.4,36
P100-R,2024-10-10,MO2411-P-3950,30,2181,30,3,False,3950.0,2.2,5700.0,351.2,349.0,35
P100-R,2024-10-11,MO2411-P-3950,29,1263,29,3,False,3950.0,3.8,5400.0,315.0,311.2,34
P100-R,2024-10-14,MO2411-P-3950,40,2666,40,3,False,3950.0,1.8,5600.0,255.0,253.2,31
P100-R,2024-10-15,MO2411-P-3950,42,2181,42,3,False,3950.0,2.2,5500.0,225.4,223.20000000000002,30
P100-R,2024-10-16,MO2411-P-3950,45,3000,45,3,False,3950.0,1.6,5500.0,215.8,214.20000000000002,29
P100-R,2024-10-17,MO2411-P-3950,43,2666,43,3,False,3950.0,1.8,5500.0,223.4,221.6,28
P100-R,2024-10-18,MO2411-P-3950,50,2000,50,3,False,3950.0,2.4,5700.0,219.0,216.6,27
P100-R,2024-10-21,MO2412-P-3800,31,1500,31,3,False,3800.0,3.2,5900.0,402.6,399.40000000000003,59
P100-R,2024-10-22,MO2412-P-3800,34,1714,34,3,False,3800.0,2.8,5900.0,379.4,376.59999999999997,58
P100-R,2024-10-23,MO2412-P-3800,35,2000,35,3,False,3800.0,2.4,5900.0,368.0,365.6,57
P100-R,2024-10-24,MO2412-P-3800,35,2181,35,3,False,3800.0,2.2,5900.0,357.8,355.6,56
P100-R,2024-10-25,MO2412-P-3800,39,2666,39,3,False,3800.0,1.8,6000.0,340.0,338.2,55
P100-R,2024-10-28,MO2412-P-3800,39,8000,39,3,False,3800.0,0.6,6100.0,356.8,356.2,52
P100-R,2024-10-29,MO2412-P-3800,40,2400,40,3,False,3800.0,2.0,6000.0,333.0,331.0,51
P100-R,2024-10-30,MO2412-P-3800,42,6000,42,3,False,3800.0,0.8,6000.0,320.2,319.4,50
P100-R,2024-10-31,MO2412-P-3800,43,2400,43,3,False,3800.0,2.0,6100.0,332.0,330.0,49
P100-R,2024-11-01,MO2412-P-3800,39,2666,39,3,False,3800.0,1.8,5900.0,337.4,335.59999999999997,48
P100-R,2024-11-04,MO2412-P-3800,37,2666,37,3,False,3800.0,1.8,6100.0,371.2,369.4,45
P100-R,2024-11-05,MO2412-P-3800,41,2400,41,3,False,3800.0,2.0,6300.0,365.4,363.4,44
P100-R,2024-11-06,MO2412-P-3800,44,1846,44,3,False,3800.0,2.6,6300.0,342.6,340.0,43
P100-R,2024-11-07,MO2412-P-3800,51,1846,51,3,False,3800.0,2.6,6400.0,313.0,310.4,42
P100-R,2024-11-08,MO2412-P-3800,54,1600,54,3,False,3800.0,3.0,6400.0,298.0,295.0,41
P100-R,2024-11-11,MO2412-P-3800,54,2000,54,3,False,3800.0,2.4,6600.0,314.0,311.6,38
P100-R,2024-11-12,MO2412-P-3800,59,1714,59,3,False,3800.0,2.8,6500.0,280.4,277.59999999999997,37
P100-R,2024-11-13,MO2412-P-3800,60,2400,60,3,False,3800.0,2.0,6500.0,273.6,271.6,36
P100-R,2024-11-14,MO2412-P-3800,59,3000,59,3,False,3800.0,1.6,6300.0,256.8,255.20000000000002,35
P100-R,2024-11-15,MO2412-P-3800,65,3428,65,3,False,3800.0,1.4,6100.0,217.6,216.2,34
P100-R,2024-11-18,MO2412-P-3800,51,8000,51,3,False,3800.0,0.6,6000.0,260.2,259.59999999999997,31
P100-R,2024-11-19,MO2412-P-3800,60,24000,60,3,False,3800.0,0.2,6100.0,234.6,234.4,30
P100-R,2024-11-20,MO2501-P-5100,21,142,21,3,False,5100.0,33.8,6300.0,368.2,334.4,57
P100-R,2024-11-21,MO2501-P-5100,21,163,21,3,False,5100.0,29.4,6300.0,364.6,335.20000000000005,56
P100-R,2024-11-22,MO2501-P-5100,20,97,20,3,False,5100.0,49.4,6000.0,333.8,284.40000000000003,55
P100-R,2024-11-25,MO2501-P-5100,18,101,18,3,False,5100.0,47.4,6100.0,372.8,325.40000000000003,52
P100-R,2024-11-26,MO2501-P-5100,18,95,18,3,False,5100.0,50.4,6000.0,347.0,296.6,51
P100-R,2024-11-27,MO2501-P-5100,24,156,24,3,False,5100.0,30.6,6100.0,294.8,264.2,50
P100-R,2024-11-28,MO2501-P-5100,21,160,21,3,False,5100.0,30.0,6100.0,315.8,285.8,49
P100-R,2024-11-29,MO2501-P-5100,23,258,23,3,False,5100.0,18.6,6200.0,310.6,292.0,48
P100-R,2024-12-02,MO2501-P-5100,26,296,26,3,False,5100.0,16.2,6300.0,300.0,283.8,45
P100-R,2024-12-03,MO2501-P-5100,26,320,26,3,False,5100.0,15.0,6300.0,296.6,281.6,44
P100-R,2024-12-04,MO2501-P-5100,24,263,24,3,False,5100.0,18.2,6200.0,298.4,280.2,43
P100-R,2024-12-05,MO2501-P-5100,25,296,25,3,False,5100.0,16.2,6300.0,307.6,291.40000000000003,42
P100-R,2024-12-06,MO2501-P-5100,31,470,31,3,False,5100.0,10.2,6300.0,252.4,242.20000000000002,41
P100-R,2024-12-09,MO2501-P-5100,27,461,27,3,False,5100.0,10.4,6300.0,281.0,270.6,38
P100-R,2024-12-10,MO2501-P-5100,27,774,27,3,False,5100.0,6.2,6400.0,291.0,284.8,37
P100-R,2024-12-11,MO2501-P-5100,37,727,37,3,False,5100.0,6.6,6400.0,228.4,221.8,36
P100-R,2024-12-12,MO2501-P-5100,35,774,35,3,False,5100.0,6.2,6500.0,250.6,244.4,35
P100-R,2024-12-13,MO2501-P-5100,31,705,31,3,False,5100.0,6.8,6400.0,253.2,246.39999999999998,34
P100-R,2024-12-16,MO2501-P-5100,32,923,32,3,False,5100.0,5.2,6300.0,229.8,224.60000000000002,31
P100-R,2024-12-17,MO2501-P-5100,35,800,35,3,False,5100.0,6.0,6100.0,188.2,182.2,30
P100-R,2024-12-18,MO2501-P-5100,31,1142,31,3,False,5100.0,4.2,6200.0,219.0,214.8,29
P100-R,2024-12-19,MO2501-P-5100,34,1090,34,3,False,5100.0,4.4,6200.0,202.8,198.4,28
P100-R,2024-12-20,MO2501-P-5100,34,1411,34,3,False,5100.0,3.4,6300.0,214.0,210.6,27
P100-R,2024-12-23,MO2502-P-5300,19,98,19,3,False,5300.0,48.8,6100.0,306.8,258.0,59
P100-R,2024-12-24,MO2502-P-5300,19,123,19,3,False,5300.0,38.8,6200.0,319.0,280.2,58
P100-R,2024-12-25,MO2502-P-5300,19,111,19,3,False,5300.0,43.2,6100.0,294.6,251.40000000000003,57
P100-R,2024-12-26,MO2502-P-5300,19,137,19,3,False,5300.0,35.0,6200.0,309.4,274.4,56
P100-R,2024-12-27,MO2502-P-5300,20,179,20,3,False,5300.0,26.8,6200.0,291.4,264.59999999999997,55
P100-R,2024-12-30,MO2502-P-5300,23,193,23,3,False,5300.0,24.8,6100.0,246.8,222.0,52
P100-R,2024-12-31,MO2502-P-5300,16,108,16,3,False,5300.0,44.2,6000.0,299.6,255.40000000000003,51
P100-R,2025-01-02,MO2502-P-5300,15,58,15,3,False,5300.0,82.6,5800.0,284.0,201.4,49
P100-R,2025-01-03,MO2502-P-5200,16,50,16,3,False,5200.0,96.0,5600.0,256.6,160.60000000000002,48
P100-R,2025-01-06,MO2502-P-5000,19,81,19,3,False,5000.0,59.0,5600.0,260.0,201.0,45
P100-R,2025-01-07,MO2502-P-5000,20,132,20,3,False,5000.0,36.2,5700.0,254.2,218.0,44
P100-R,2025-01-08,MO2502-P-5000,18,122,18,3,False,5000.0,39.2,5700.0,265.2,226.0,43
P100-R,2025-01-09,MO2502-P-5000,18,120,18,3,False,5000.0,40.0,5700.0,266.0,226.0,42
P100-R,2025-01-10,MO2502-P-5000,21,84,21,3,False,5000.0,56.6,5500.0,218.4,161.8,41
P100-R,2025-01-13,MO2502-P-4950,17,107,17,3,False,4950.0,44.6,5600.0,261.2,216.6,38
P100-R,2025-01-14,MO2502-P-4950,24,263,24,3,False,4950.0,18.2,5800.0,242.0,223.8,37
P100-R,2025-01-15,MO2502-P-4950,22,260,22,3,False,4950.0,18.4,5800.0,243.8,225.4,36
P100-R,2025-01-16,MO2502-P-4950,24,289,24,3,False,4950.0,16.6,5800.0,237.8,221.20000000000002,35
P100-R,2025-01-17,MO2502-P-4950,28,347,28,3,False,4950.0,13.8,5800.0,208.0,194.2,34
P100-R,2025-01-20,MO2502-P-4950,26,545,26,3,False,4950.0,8.8,5900.0,230.2,221.39999999999998,31
P100-R,2025-01-21,MO2502-P-4950,29,750,29,3,False,4950.0,6.4,5900.0,207.4,201.0,30
P100-R,2025-01-22,MO2503-P-3900,37,1411,37,3,False,3900.0,3.4,5900.0,322.6,319.20000000000005,57
P100-R,2025-01-23,MO2503-P-3900,44,1714,44,3,False,3900.0,2.8,5800.0,271.6,268.8,56
P100-R,2025-01-24,MO2503-P-3900,51,1846,51,3,False,3900.0,2.6,5900.0,245.6,243.0,55
P100-R,2025-01-27,MO2503-P-3900,50,1600,50,3,False,3900.0,3.0,5800.0,240.0,237.0,52
P100-R,2025-02-05,MO2503-P-3900,47,8000,47,3,False,3900.0,0.6,5900.0,255.4,254.8,43
P100-R,2025-02-06,MO2503-P-3900,62,3000,62,3,False,3900.0,1.6,6000.0,210.8,209.20000000000002,42
P100-R,2025-02-07,MO2503-P-3900,64,3000,64,3,False,3900.0,1.6,6100.0,212.4,210.8,41
P100-R,2025-02-10,MO2503-P-3900,58,3428,58,3,False,3900.0,1.4,6200.0,243.6,242.2,38
P100-R,2025-02-11,MO2503-P-3900,59,3428,59,3,False,3900.0,1.4,6200.0,235.8,234.4,37
P100-R,2025-02-12,MO2503-P-3900,62,3428,62,3,False,3900.0,1.4,6300.0,235.4,234.0,36
P100-R,2025-02-13,MO2503-P-3900,67,3428,67,3,False,3900.0,1.4,6200.0,208.6,207.2,35
P100-R,2025-02-14,MO2503-P-3900,79,3000,79,3,False,3900.0,1.6,6200.0,180.0,178.4,34
P100-R,2025-02-17,MO2503-P-3900,64,3428,64,3,False,3900.0,1.4,6300.0,228.2,226.79999999999998,31
P100-R,2025-02-18,MO2503-P-3900,81,3428,81,3,False,3900.0,1.4,6100.0,168.6,167.2,30
P100-R,2025-02-19,MO2504-P-5200,25,358,25,3,False,5200.0,13.4,6300.0,281.2,267.8,57
P100-R,2025-02-20,MO2504-P-5200,27,375,27,3,False,5200.0,12.8,6300.0,269.2,256.4,56
P100-R,2025-02-21,MO2504-P-5200,32,648,32,3,False,5200.0,7.4,6400.0,247.8,240.4,55
P100-R,2025-02-24,MO2504-P-5200,24,585,24,3,False,5200.0,8.2,6500.0,326.6,318.40000000000003,52
P100-R,2025-02-25,MO2504-P-5200,28,615,28,3,False,5200.0,7.8,6400.0,276.0,268.2,51
P100-R,2025-02-26,MO2504-P-5200,27,827,27,3,False,5200.0,5.8,6500.0,302.2,296.4,50
P100-R,2025-02-27,MO2504-P-5200,27,800,27,3,False,5200.0,6.0,6500.0,301.2,295.2,49
P100-R,2025-02-28,MO2504-P-5200,24,375,24,3,False,5200.0,12.8,6300.0,281.8,269.0,48
P100-R,2025-03-03,MO2504-P-5200,24,428,24,3,False,5200.0,11.2,6300.0,283.2,272.0,45
P100-R,2025-03-04,MO2504-P-5200,25,500,25,3,False,5200.0,9.6,6400.0,298.6,289.0,44
P100-R,2025-03-05,MO2504-P-5200,27,774,27,3,False,5200.0,6.2,6400.0,282.0,275.8,43
P100-R,2025-03-06,MO2504-P-5200,33,1090,33,3,False,5200.0,4.4,6500.0,247.6,243.2,42
P100-R,2025-03-07,MO2504-P-5200,21,640,21,2,False,5200.0,5.0,6500.0,255.8,250.8,41
P100-R,2025-03-10,MO2504-P-5200,21,695,21,2,False,5200.0,4.6,6500.0,265.2,260.59999999999997,38
P100-R,2025-03-11,MO2504-P-5200,19,727,19,2,False,5200.0,4.4,6600.0,301.2,296.8,37
P100-R,2025-03-12,MO2504-P-5200,20,941,20,2,False,5200.0,3.4,6600.0,281.4,278.0,36
P100-R,2025-03-13,MO2504-P-5200,20,888,20,2,False,5200.0,3.6,6500.0,266.2,262.59999999999997,35
P100-R,2025-03-14,MO2504-P-5200,23,1142,23,2,False,5200.0,2.8,6600.0,249.0,246.2,34
P100-R,2025-03-17,MO2504-P-5200,23,1454,23,2,False,5200.0,2.2,6600.0,254.4,252.20000000000002,31
P100-R,2025-03-18,MO2504-P-5200,25,1333,25,2,False,5200.0,2.4,6600.0,232.2,229.79999999999998,30
P100-R,2025-03-19,MO2505-P-5600,13,137,13,2,False,5600.0,23.2,6600.0,334.0,310.8,57
P100-R,2025-03-20,MO2505-P-5600,15,130,15,2,False,5600.0,24.6,6500.0,285.4,260.79999999999995,56
P100-R,2025-03-21,MO2505-P-5600,13,98,13,2,False,5600.0,32.6,6400.0,287.6,255.00000000000003,55
P100-R,2025-03-24,MO2505-P-5600,11,106,11,2,False,5600.0,30.0,6400.0,306.6,276.6,52
P100-R,2025-03-25,MO2505-P-5600,13,108,13,2,False,5600.0,29.6,6300.0,259.4,229.79999999999998,51
P100-R,2025-03-26,MO2505-P-5600,14,132,14,2,False,5600.0,24.2,6300.0,245.8,221.60000000000002,50
P100-R,2025-03-27,MO2505-P-5600,14,137,14,2,False,5600.0,23.2,6300.0,238.4,215.20000000000002,49
P100-R,2025-03-28,MO2505-P-5600,12,115,12,2,False,5600.0,27.8,6300.0,270.0,242.2,48
P100-R,2025-03-31,MO2505-P-5600,13,94,13,2,False,5600.0,33.8,6200.0,231.8,198.0,45
P100-R,2025-04-01,MO2505-P-5600,11,106,11,2,False,5600.0,30.0,6300.0,277.4,247.39999999999998,44
P100-R,2025-04-02,MO2505-P-5600,12,121,12,2,False,5600.0,26.4,6300.0,255.0,228.6,43
P100-R,2025-04-03,MO2505-P-5600,13,89,13,2,False,5600.0,35.6,6200.0,234.2,198.6,42
P100-R,2025-04-07,MO2505-P-5500,0,8,0,2,False,5500.0,400.0,5500.0,400.0,0.0,38
P100-R,2025-04-08,MO2505-P-4900,18,52,18,3,False,4900.0,91.6,5500.0,303.0,211.4,37
P100-R,2025-04-09,MO2505-P-4900,18,74,18,3,False,4900.0,64.4,5700.0,326.8,262.4,36
P100-R,2025-04-10,MO2505-P-4900,23,148,23,3,False,4900.0,32.4,5800.0,270.6,238.20000000000002,35
P100-R,2025-04-11,MO2505-P-4900,23,235,23,3,False,4900.0,20.4,5900.0,279.4,259.0,34
P100-R,2025-04-14,MO2505-P-4900,30,307,30,3,False,4900.0,15.6,5900.0,230.0,214.4,31
P100-R,2025-04-15,MO2505-P-4900,28,413,28,3,False,4900.0,11.6,5900.0,232.2,220.6,30
P100-R,2025-04-16,MO2505-P-4900,29,338,29,3,False,4900.0,14.2,5800.0,214.4,200.20000000000002,29
P100-R,2025-04-17,MO2505-P-4900,32,452,32,3,False,4900.0,10.6,5800.0,187.2,176.6,28
P100-R,2025-04-18,MO2505-P-4900,32,470,32,3,False,4900.0,10.2,5800.0,185.0,174.8,27
P100-R,2025-04-21,MO2506-P-3900,36,1043,36,3,False,3900.0,4.6,6000.0,351.8,347.2,59
P100-R,2025-04-22,MO2506-P-3900,45,827,45,3,False,3900.0,5.8,5900.0,284.4,278.59999999999997,58
P100-R,2025-04-23,MO2506-P-3900,41,1043,41,3,False,3900.0,4.6,6000.0,317.2,312.59999999999997,57
P100-R,2025-04-24,MO2506-P-3900,44,923,44,3,False,3900.0,5.2,5900.0,286.0,280.8,56
P100-R,2025-04-25,MO2506-P-3900,47,923,47,3,False,3900.0,5.2,5900.0,269.6,264.40000000000003,55
P100-R,2025-04-28,MO2506-P-3900,40,1000,40,3,False,3900.0,4.8,5900.0,301.4,296.59999999999997,52
P100-R,2025-04-29,MO2506-P-3900,44,1000,44,3,False,3900.0,4.8,5900.0,281.0,276.2,51
P100-R,2025-04-30,MO2506-P-3900,40,857,40,3,False,3900.0,5.6,6000.0,318.8,313.2,50
P100-R,2025-05-06,MO2506-P-3900,53,1714,53,3,False,3900.0,2.8,6100.0,254.0,251.2,44
P100-R,2025-05-07,MO2506-P-3900,54,1846,54,3,False,3900.0,2.6,6100.0,251.0,248.4,43
P100-R,2025-05-08,MO2506-P-3900,50,2000,50,3,False,3900.0,2.4,6200.0,277.0,274.6,42
P100-R,2025-05-09,MO2506-P-3900,52,2000,52,3,False,3900.0,2.4,6100.0,258.0,255.6,41
P100-R,2025-05-12,MO2506-P-3900,52,2181,52,3,False,3900.0,2.2,6200.0,266.4,264.2,38
P100-R,2025-05-13,MO2506-P-3900,49,2181,49,3,False,3900.0,2.2,6200.0,281.2,279.0,37
P100-R,2025-05-14,MO2506-P-3900,53,8000,53,3,False,3900.0,0.6,6200.0,259.6,259.0,36
P100-R,2025-05-15,MO2506-P-3900,53,2666,53,3,False,3900.0,1.8,6100.0,246.0,244.2,35
P100-R,2025-05-16,MO2506-P-3900,55,2666,55,3,False,3900.0,1.8,6100.0,240.6,238.79999999999998,34
P100-R,2025-05-19,MO2506-P-3900,62,3428,62,3,False,3900.0,1.4,6100.0,214.8,213.4,31
P100-R,2025-05-20,MO2506-P-3900,74,4000,74,3,False,3900.0,1.2,6100.0,185.4,184.20000000000002,30
P100-R,2025-05-21,MO2507-P-5200,21,184,21,3,False,5200.0,26.0,6100.0,299.6,273.6,57
P100-R,2025-05-22,MO2507-P-5200,18,136,18,3,False,5200.0,35.2,6100.0,339.4,304.2,56
P100-R,2025-05-23,MO2507-P-5200,17,107,17,3,False,5200.0,44.8,6000.0,325.0,280.2,55
P100-R,2025-05-26,MO2507-P-5200,20,121,20,3,False,5200.0,39.6,6000.0,290.4,250.79999999999998,52
P100-R,2025-05-27,MO2507-P-5200,20,138,20,3,False,5200.0,34.6,6000.0,286.6,252.00000000000003,51
P100-R,2025-05-28,MO2507-P-5200,19,134,19,3,False,5200.0,35.8,6000.0,296.8,261.0,50
P100-R,2025-05-29,MO2507-P-5200,22,216,22,3,False,5200.0,22.2,6100.0,273.2,251.0,49
P100-R,2025-05-30,MO2507-P-5200,24,190,24,3,False,5200.0,25.2,6000.0,240.0,214.8,48
P100-R,2025-06-03,MO2507-P-5200,20,240,20,3,False,5200.0,20.0,6100.0,282.4,262.4,44
P100-R,2025-06-04,MO2507-P-5200,25,307,25,3,False,5200.0,15.6,6100.0,242.4,226.8,43
P100-R,2025-06-05,MO2507-P-5200,23,342,23,3,False,5200.0,14.0,6200.0,277.2,263.2,42
P100-R,2025-06-06,MO2507-P-5200,23,347,23,3,False,5200.0,13.8,6200.0,273.2,259.4,41
P100-R,2025-06-09,MO2507-P-5200,29,500,29,3,False,5200.0,9.6,6200.0,223.2,213.6,38
P100-R,2025-06-10,MO2507-P-5200,24,387,24,3,False,5200.0,12.4,6200.0,253.0,240.6,37
P100-R,2025-06-11,MO2507-P-5200,27,436,27,3,False,5200.0,11.0,6200.0,233.0,222.0,36
P100-R,2025-06-12,MO2507-P-5200,28,387,28,3,False,5200.0,12.4,6200.0,231.2,218.79999999999998,35
P100-R,2025-06-13,MO2507-P-5200,29,315,29,3,False,5200.0,15.2,6100.0,208.2,193.0,34
P100-R,2025-06-16,MO2507-P-5200,36,489,36,3,False,5200.0,9.8,6100.0,171.6,161.79999999999998,31
P100-R,2025-06-17,MO2507-P-5200,37,510,37,3,False,5200.0,9.4,6100.0,166.2,156.79999999999998,30
P100-R,2025-06-18,MO2508-P-5300,22,146,22,3,False,5300.0,32.8,6100.0,270.0,237.2,57
P100-R,2025-06-19,MO2508-P-5300,23,121,23,3,False,5300.0,39.4,6000.0,237.6,198.2,56
P100-R,2025-06-20,MO2508-P-5300,21,125,21,3,False,5300.0,38.4,6000.0,242.8,204.4,55
P100-R,2025-06-23,MO2508-P-5300,20,170,20,3,False,5300.0,28.2,6100.0,263.2,235.0,52
P100-R,2025-06-24,MO2508-P-5300,24,289,24,3,False,5300.0,16.6,6200.0,246.6,230.0,51
P100-R,2025-06-25,MO2508-P-5300,25,324,25,3,False,5300.0,14.8,6300.0,257.8,243.0,50
P100-R,2025-06-26,MO2508-P-5300,21,275,21,2,False,5300.0,11.6,6200.0,197.0,185.4,49
P100-R,2025-06-27,MO2508-P-5300,17,333,17,2,False,5300.0,9.6,6300.0,240.4,230.8,48
P100-R,2025-06-30,MO2508-P-5300,17,390,17,2,False,5300.0,8.2,6400.0,270.4,262.2,45
P100-R,2025-07-01,MO2508-P-5300,17,363,17,2,False,5300.0,8.8,6400.0,275.0,266.2,44
P100-R,2025-07-02,MO2508-P-5300,20,390,20,2,False,5300.0,8.2,6300.0,217.2,209.0,43
P100-R,2025-07-03,MO2508-P-5300,22,432,22,2,False,5300.0,7.4,6300.0,204.4,197.0,42
P100-R,2025-07-04,MO2508-P-5300,20,380,20,2,False,5300.0,8.4,6300.0,213.8,205.4,41
P100-R,2025-07-07,MO2508-P-5300,20,372,20,2,False,5300.0,8.6,6300.0,214.6,206.0,38
P100-R,2025-07-08,MO2508-P-5300,21,551,21,2,False,5300.0,5.8,6400.0,217.2,211.39999999999998,37
P100-R,2025-07-09,MO2508-P-5300,21,500,21,2,False,5300.0,6.4,6400.0,222.2,215.79999999999998,36
P100-R,2025-07-10,MO2508-P-5300,22,533,22,2,False,5300.0,6.0,6400.0,209.2,203.2,35
P100-R,2025-07-11,MO2508-P-5300,22,640,22,2,False,5300.0,5.0,6500.0,221.8,216.8,34
P100-R,2025-07-14,MO2508-P-5300,22,666,22,2,False,5300.0,4.8,6500.0,225.0,220.2,31
P100-R,2025-07-15,MO2508-P-5300,29,592,29,2,False,5300.0,5.4,6400.0,165.4,160.0,30
P100-R,2025-07-16,MO2508-P-5300,23,800,23,2,False,5300.0,4.0,6500.0,214.6,210.6,29
P100-R,2025-07-17,MO2508-P-5300,35,1066,35,2,False,5300.0,3.0,6500.0,148.2,145.2,28
P100-R,2025-07-18,MO2508-P-5300,27,1066,27,2,False,5300.0,3.0,6600.0,190.0,187.0,27
P100-R,2025-07-21,MO2509-P-4000,40,842,40,2,False,4000.0,3.8,6600.0,267.8,264.0,59
P100-R,2025-07-22,MO2509-P-4000,43,842,43,2,False,4000.0,3.8,6600.0,254.0,250.2,58
P100-R,2025-07-23,MO2509-P-4000,40,727,40,2,False,4000.0,4.4,6600.0,265.8,261.40000000000003,57
P100-R,2025-07-24,MO2509-P-4000,43,761,43,2,False,4000.0,4.2,6700.0,261.0,256.8,56
P100-R,2025-07-25,MO2509-P-4000,40,888,40,2,False,4000.0,3.6,6700.0,274.6,271.0,55
P100-R,2025-07-28,MO2509-P-4000,42,888,42,2,False,4000.0,3.6,6700.0,264.8,261.2,52
P100-R,2025-07-29,MO2509-P-4000,39,888,39,2,False,4000.0,3.6,6800.0,295.0,291.4,51
P100-R,2025-07-30,MO2509-P-4000,44,888,44,2,False,4000.0,3.6,6700.0,252.2,248.6,50
P100-R,2025-07-31,MO2509-P-4000,38,800,38,2,False,4000.0,4.0,6700.0,288.0,284.0,49
P100-R,2025-08-01,MO2509-P-4000,41,888,41,2,False,4000.0,3.6,6700.0,269.0,265.4,48
P100-R,2025-08-04,MO2509-P-4000,54,1000,54,2,False,4000.0,3.2,6700.0,206.8,203.60000000000002,45
P100-R,2025-08-05,MO2509-P-4000,47,8000,47,2,False,4000.0,0.4,6800.0,242.0,241.6,44
P100-R,2025-08-06,MO2509-P-4000,47,1333,47,2,False,4000.0,2.4,6900.0,250.4,248.0,43
P100-R,2025-08-07,MO2509-P-4000,45,1230,45,2,False,4000.0,2.6,6900.0,259.0,256.4,42
P100-R,2025-08-08,MO2509-P-4000,58,1230,58,2,False,4000.0,2.6,6800.0,199.8,197.20000000000002,41
P100-R,2025-08-11,MO2509-P-4000,62,3200,62,2,False,4000.0,1.0,6900.0,192.6,191.6,38
P100-R,2025-08-12,MO2509-P-4000,51,1454,51,2,False,4000.0,2.2,7000.0,238.0,235.8,37
P100-R,2025-08-13,MO2509-P-4000,52,1454,52,2,False,4000.0,2.2,7100.0,242.4,240.20000000000002,36
P100-R,2025-08-14,MO2509-P-4000,55,1600,55,2,False,4000.0,2.0,7000.0,218.6,216.6,35
P100-R,2025-08-15,MO2509-P-4000,63,2285,63,2,False,4000.0,1.4,7100.0,201.8,200.4,34
P100-R,2025-08-18,MO2509-P-4000,55,2666,55,2,False,4000.0,1.2,7200.0,238.8,237.60000000000002,31
P100-R,2025-08-19,MO2509-P-4000,59,5333,59,2,False,4000.0,0.6,7200.0,223.0,222.4,30
P100-R,2025-08-20,MO2510-P-5800,18,363,18,2,False,5800.0,8.8,7300.0,348.0,339.2,57
P100-R,2025-08-21,MO2510-P-5800,16,313,16,2,False,5800.0,10.2,7300.0,373.8,363.6,56
P100-R,2025-08-22,MO2510-P-5800,19,313,19,2,False,5800.0,10.2,7400.0,349.2,339.0,55
P100-R,2025-08-25,MO2510-P-5800,19,347,19,2,False,5800.0,9.2,7500.0,372.6,363.40000000000003,52
P100-R,2025-08-26,MO2510-P-5800,20,340,20,2,False,5800.0,9.4,7500.0,361.8,352.40000000000003,51
P100-R,2025-08-27,MO2510-P-5800,21,326,21,2,False,5800.0,9.8,7300.0,312.8,303.0,50
P100-R,2025-08-28,MO2510-P-5800,21,372,21,2,False,5800.0,8.6,7400.0,328.2,319.59999999999997,49
P100-R,2025-08-29,MO2510-P-5800,21,296,21,2,False,5800.0,10.8,7400.0,334.2,323.4,48
P100-R,2025-09-01,MO2510-P-5800,19,320,19,2,False,5800.0,10.0,7500.0,373.0,363.0,45
P100-R,2025-09-02,MO2510-P-5800,20,231,20,2,False,5800.0,13.8,7300.0,325.6,311.8,44
P100-R,2025-09-03,MO2510-P-5800,19,235,19,2,False,5800.0,13.6,7200.0,310.8,297.2,43
P100-R,2025-09-04,MO2510-P-5800,20,205,20,2,False,5800.0,15.6,7000.0,271.6,256.0,42
P100-R,2025-09-05,MO2510-P-5800,23,390,23,2,False,5800.0,8.2,7200.0,262.2,254.0,41
P100-R,2025-09-08,MO2510-P-5800,21,400,21,2,False,5800.0,8.0,7300.0,299.2,291.2,38
P100-R,2025-09-09,MO2510-P-5800,22,390,22,2,False,5800.0,8.2,7200.0,275.2,267.0,37
P100-R,2025-09-10,MO2510-P-5800,23,432,23,2,False,5800.0,7.4,7200.0,265.8,258.40000000000003,36
P100-R,2025-09-11,MO2510-P-5800,25,615,25,2,False,5800.0,5.2,7400.0,263.6,258.40000000000003,35
P100-R,2025-09-12,MO2510-P-5800,27,571,27,2,False,5800.0,5.6,7400.0,250.0,244.4,34
P100-R,2025-09-15,MO2510-P-5800,26,444,26,2,False,5800.0,7.2,7400.0,262.8,255.60000000000002,31
P100-R,2025-09-16,MO2510-P-5800,25,533,25,2,False,5800.0,6.0,7500.0,280.0,274.0,30
P100-R,2025-09-17,MO2510-P-5800,26,571,26,2,False,5800.0,5.6,7600.0,285.2,279.59999999999997,29
P100-R,2025-09-18,MO2510-P-5800,25,516,25,2,False,5800.0,6.2,7500.0,282.8,276.6,28
P100-R,2025-09-19,MO2510-P-5800,31,695,31,2,False,5800.0,4.6,7400.0,218.8,214.20000000000002,27
P100-R,2025-09-22,MO2511-P-6300,13,78,13,2,False,6300.0,41.0,7500.0,414.8,373.8,59
P100-R,2025-09-23,MO2511-P-6300,13,61,13,2,False,6300.0,52.4,7400.0,406.6,354.20000000000005,58
P100-R,2025-09-24,MO2511-P-6300,16,84,16,2,False,6300.0,37.8,7500.0,364.2,326.4,57
P100-R,2025-09-25,MO2511-P-6300,15,102,15,2,False,6300.0,31.2,7500.0,366.6,335.40000000000003,56
P100-R,2025-09-26,MO2511-P-6300,14,95,14,2,False,6300.0,33.4,7400.0,355.0,321.6,55
P100-R,2025-09-29,MO2511-P-6300,16,134,16,2,False,6300.0,23.8,7500.0,332.6,308.8,52
P100-R,2025-09-30,MO2511-P-6300,16,173,16,2,False,6300.0,18.4,7600.0,343.2,324.8,51
P100-R,2025-10-09,MO2511-P-6300,22,333,22,2,False,6300.0,9.6,7600.0,261.6,252.00000000000003,42
P100-R,2025-10-10,MO2511-P-6300,20,296,20,2,False,6300.0,10.8,7500.0,260.2,249.39999999999998,41
P100-R,2025-10-13,MO2511-P-6300,18,222,18,2,False,6300.0,14.4,7500.0,293.2,278.8,38
P100-R,2025-10-14,MO2511-P-6300,15,134,15,2,False,6300.0,23.8,7400.0,316.2,292.4,37
P100-R,2025-10-15,MO2511-P-6300,18,307,18,2,False,6300.0,10.4,7500.0,284.0,273.6,36
P100-R,2025-10-16,MO2511-P-6300,17,250,17,2,False,6300.0,12.8,7400.0,274.2,261.4,35
P100-R,2025-10-17,MO2511-P-6300,14,132,14,2,False,6300.0,24.2,7200.0,280.0,255.8,34
P100-R,2025-10-20,MO2511-P-6300,17,197,17,2,False,6300.0,16.2,7200.0,243.4,227.20000000000002,31
P100-R,2025-10-21,MO2511-P-6300,20,400,20,2,False,6300.0,8.0,7300.0,217.6,209.6,30
P100-R,2025-10-22,MO2512-P-4900,28,666,28,2,False,4900.0,4.8,7300.0,350.8,346.0,57
P100-R,2025-10-23,MO2512-P-4900,29,666,29,2,False,4900.0,4.8,7300.0,346.0,341.2,56
P100-R,2025-10-24,MO2512-P-4900,32,761,32,2,False,4900.0,4.2,7400.0,324.6,320.40000000000003,55
P100-R,2025-10-27,MO2512-P-4900,30,1000,30,2,False,4900.0,3.2,7500.0,354.4,351.2,52
P100-R,2025-10-28,MO2512-P-4900,31,1333,31,2,False,4900.0,2.4,7500.0,337.6,335.20000000000005,51
P100-R,2025-10-29,MO2512-P-4900,32,1066,32,2,False,4900.0,3.0,7600.0,337.0,334.0,50
P100-R,2025-10-30,MO2512-P-4900,32,1230,32,2,False,4900.0,2.6,7500.0,327.0,324.4,49
P100-R,2025-10-31,MO2512-P-4900,34,1142,34,2,False,4900.0,2.8,7500.0,314.6,311.8,48
P100-R,2025-11-03,MO2512-P-4900,37,4000,37,2,False,4900.0,0.8,7500.0,287.0,286.2,45
P100-R,2025-11-04,MO2512-P-4900,35,4000,35,2,False,4900.0,0.8,7400.0,297.8,297.0,44
P100-R,2025-11-05,MO2512-P-4900,31,1600,31,2,False,4900.0,2.0,7500.0,336.0,334.0,43
P100-R,2025-11-06,MO2512-P-4900,33,1454,33,2,False,4900.0,2.2,7600.0,326.2,324.0,42
P100-R,2025-11-07,MO2512-P-4900,41,1600,41,2,False,4900.0,2.0,7500.0,260.0,258.0,41
P100-R,2025-11-10,MO2512-P-4900,35,1777,35,2,False,4900.0,1.8,7600.0,307.6,305.8,38
P100-R,2025-11-11,MO2512-P-4900,41,2000,41,2,False,4900.0,1.6,7500.0,265.0,263.4,37
P100-R,2025-11-12,MO2512-P-4900,38,1777,38,2,False,4900.0,1.8,7500.0,279.0,277.2,36
P100-R,2025-11-13,MO2512-P-4900,41,2285,41,2,False,4900.0,1.4,7600.0,268.0,266.6,35
P100-R,2025-11-14,MO2512-P-4900,42,2666,42,2,False,4900.0,1.2,7500.0,250.4,249.20000000000002,34
P100-R,2025-11-17,MO2512-P-4900,46,16000,46,2,False,4900.0,0.2,7500.0,228.8,228.60000000000002,31
P100-R,2025-11-18,MO2512-P-4900,50,2285,50,2,False,4900.0,1.4,7400.0,206.0,204.6,30
P100-R,2025-11-19,MO2601-P-6400,14,97,14,2,False,6400.0,32.8,7400.0,336.4,303.59999999999997,57
P100-R,2025-11-20,MO2601-P-6400,15,95,15,2,False,6400.0,33.4,7300.0,286.4,252.99999999999997,56
P100-R,2025-11-21,MO2601-P-6400,11,49,11,2,False,6400.0,64.8,7100.0,315.0,250.2,55
P100-R,2025-11-24,MO2601-P-6300,12,80,12,2,False,6300.0,39.6,7200.0,327.4,287.79999999999995,52
P100-R,2025-11-25,MO2601-P-6300,16,117,16,2,False,6300.0,27.2,7200.0,267.0,239.8,51
P100-R,2025-11-26,MO2601-P-6300,17,137,17,2,False,6300.0,23.2,7200.0,259.0,235.8,50
P100-R,2025-11-27,MO2601-P-6300,13,156,13,2,False,6300.0,20.4,7300.0,318.4,298.0,49
P100-R,2025-11-28,MO2601-P-6300,17,213,17,2,False,6300.0,15.0,7300.0,265.6,250.60000000000002,48
P100-R,2025-12-01,MO2601-P-6300,16,266,16,2,False,6300.0,12.0,7400.0,296.8,284.8,45
P100-R,2025-12-02,MO2601-P-6300,17,271,17,2,False,6300.0,11.8,7300.0,262.8,251.0,44
P100-R,2025-12-03,MO2601-P-6300,18,253,18,2,False,6300.0,12.6,7200.0,230.0,217.4,43
P100-R,2025-12-04,MO2601-P-6300,19,290,19,2,False,6300.0,11.0,7200.0,214.8,203.8,42
P100-R,2025-12-05,MO2601-P-6300,22,363,22,2,False,6300.0,8.8,7300.0,205.2,196.39999999999998,41
P100-R,2025-12-08,MO2601-P-6300,22,470,22,2,False,6300.0,6.8,7400.0,214.4,207.6,38
P100-R,2025-12-09,MO2601-P-6300,20,470,20,2,False,6300.0,6.8,7400.0,229.2,222.39999999999998,37
P100-R,2025-12-10,MO2601-P-6300,21,470,21,2,False,6300.0,6.8,7400.0,221.0,214.2,36
P100-R,2025-12-11,MO2601-P-6300,21,432,21,2,False,6300.0,7.4,7300.0,204.8,197.4,35
P100-R,2025-12-12,MO2601-P-6300,21,484,21,2,False,6300.0,6.6,7400.0,220.4,213.8,34
P100-R,2025-12-15,MO2601-P-6300,23,533,23,2,False,6300.0,6.0,7300.0,184.6,178.6,31
P100-R,2025-12-16,MO2601-P-6300,19,380,19,2,False,6300.0,8.4,7200.0,197.0,188.6,30
P100-R,2025-12-17,MO2602-P-6300,15,136,15,2,False,6300.0,23.4,7300.0,295.8,272.40000000000003,58
P100-R,2025-12-18,MO2602-P-6300,15,133,15,2,False,6300.0,24.0,7300.0,300.0,276.0,57
P100-R,2025-12-19,MO2602-P-6300,18,170,18,2,False,6300.0,18.8,7300.0,255.0,236.2,56
P100-R,2025-12-22,MO2602-P-6300,17,228,17,2,False,6300.0,14.0,7400.0,277.0,263.0,53
P100-R,2025-12-23,MO2602-P-6300,17,235,17,2,False,6300.0,13.6,7400.0,275.0,261.4,52
P100-R,2025-12-24,MO2602-P-6300,19,313,19,2,False,6300.0,10.2,7500.0,268.8,258.6,51
P100-R,2025-12-25,MO2602-P-6300,19,432,19,2,False,6300.0,7.4,7600.0,283.0,275.6,50
P100-R,2025-12-26,MO2602-P-6300,22,444,22,2,False,6300.0,7.2,7600.0,255.6,248.4,49
P100-R,2025-12-29,MO2602-P-6300,20,363,20,2,False,6300.0,8.8,7600.0,275.8,267.0,46
P100-R,2025-12-30,MO2602-P-6300,20,380,20,2,False,6300.0,8.4,7600.0,273.0,264.6,45
P100-R,2025-12-31,MO2602-P-6300,20,380,20,2,False,6300.0,8.4,7600.0,278.4,270.0,44
P100-R,2026-01-05,MO2602-P-6300,21,666,21,2,False,6300.0,4.8,7800.0,284.6,279.8,39
P100-R,2026-01-06,MO2602-P-6300,22,800,22,2,False,6300.0,4.0,7900.0,295.0,291.0,38
P100-R,2026-01-07,MO2602-P-6300,25,800,25,2,False,6300.0,4.0,7900.0,269.8,265.8,37
P100-R,2026-01-08,MO2602-P-6300,24,941,24,2,False,6300.0,3.4,8000.0,294.0,290.6,36
P100-R,2026-01-09,MO2602-P-6300,30,800,30,2,False,6300.0,4.0,8100.0,253.8,249.8,35
P100-R,2026-01-12,MO2602-P-6300,25,842,25,2,False,6300.0,3.8,8400.0,339.8,336.0,32
P100-R,2026-01-13,MO2602-P-6300,30,695,30,2,False,6300.0,4.6,8200.0,266.0,261.4,31
P100-R,2026-01-14,MO2602-P-6300,25,888,25,2,False,6300.0,3.6,8300.0,321.2,317.59999999999997,30
P100-R,2026-01-15,MO2602-P-6300,33,2285,33,2,False,6300.0,1.4,8200.0,238.0,236.6,29
P100-R,2026-01-16,MO2602-P-6300,36,1333,36,2,False,6300.0,2.4,8200.0,220.8,218.4,28
P100-R,2026-01-19,MO2603-P-4900,37,1600,37,2,False,4900.0,2.0,8300.0,369.8,367.8,59
P100-R,2026-01-20,MO2603-P-4900,42,1454,42,2,False,4900.0,2.2,8200.0,321.0,318.8,58
P100-R,2026-01-21,MO2603-P-4900,50,1600,50,2,False,4900.0,2.0,8200.0,274.4,272.4,57
P100-R,2026-01-22,MO2603-P-4900,47,1600,47,2,False,4900.0,2.0,8300.0,295.2,293.2,56
P100-R,2026-01-23,MO2603-P-4900,44,1600,44,2,False,4900.0,2.0,8500.0,327.0,325.0,55
P100-R,2026-01-26,MO2603-P-4900,38,1600,38,2,False,4900.0,2.0,8400.0,376.6,374.6,52
P100-R,2026-01-27,MO2603-P-4900,41,1777,41,2,False,4900.0,1.8,8400.0,343.2,341.4,51
P100-R,2026-01-28,MO2603-P-4900,42,2000,42,2,False,4900.0,1.6,8400.0,337.6,336.0,50
P100-R,2026-01-29,MO2603-P-4900,48,2285,48,2,False,4900.0,1.4,8300.0,289.6,288.20000000000005,49
P100-R,2026-01-30,MO2603-P-4900,42,1777,42,2,False,4900.0,1.8,8300.0,327.0,325.2,48
P100-R,2026-02-02,MO2603-P-4900,30,842,30,2,False,4900.0,3.8,8000.0,417.2,413.4,45
P100-R,2026-02-03,MO2603-P-4900,44,3200,44,2,False,4900.0,1.0,8200.0,308.0,307.0,44
P100-R,2026-02-04,MO2603-P-4900,46,1777,46,2,False,4900.0,1.8,8200.0,292.8,291.0,43
P100-R,2026-02-05,MO2603-P-4900,43,1230,43,2,False,4900.0,2.6,8100.0,301.8,299.2,42
P100-R,2026-02-06,MO2603-P-4900,40,800,40,2,False,4900.0,4.0,8100.0,325.4,321.4,41
P100-R,2026-02-09,MO2603-P-4900,55,1000,55,2,False,4900.0,3.2,8200.0,248.0,244.8,38
P100-R,2026-02-10,MO2603-P-4900,48,1454,48,2,False,4900.0,2.2,8300.0,284.8,282.6,37
P100-R,2026-02-11,MO2603-P-4900,57,1454,57,2,False,4900.0,2.2,8200.0,236.8,234.60000000000002,36
P100-R,2026-02-12,MO2603-P-4900,59,1600,59,2,False,4900.0,2.0,8300.0,234.2,232.2,35
P100-R,2026-02-13,MO2603-P-4900,50,1333,50,2,False,4900.0,2.4,8200.0,267.4,265.0,34
P100-R,2026-02-24,MO2604-P-7100,17,108,17,2,False,7100.0,29.6,8300.0,326.2,296.59999999999997,51
P100-R,2026-02-25,MO2604-P-7100,20,149,20,2,False,7100.0,21.4,8400.0,297.8,276.40000000000003,50
P100-R,2026-02-26,MO2604-P-7100,19,183,19,2,False,7100.0,17.4,8500.0,326.0,308.6,49
P100-R,2026-02-27,MO2604-P-7100,19,213,19,2,False,7100.0,15.0,8600.0,334.4,319.4,48
P100-R,2026-03-02,MO2604-P-7100,19,177,19,2,False,7100.0,18.0,8500.0,322.4,304.4,45
P100-R,2026-03-03,MO2604-P-7100,17,87,17,2,False,7100.0,36.4,8100.0,288.2,251.79999999999998,44
P100-R,2026-03-04,MO2604-P-7100,15,70,15,2,False,7100.0,45.2,8100.0,325.8,280.6,43
P100-R,2026-03-05,MO2604-P-7100,16,86,16,2,False,7100.0,36.8,8200.0,308.8,272.0,42
P100-R,2026-03-06,MO2604-P-7100,20,99,20,2,False,7100.0,32.2,8200.0,267.6,235.40000000000003,41
P100-R,2026-03-09,MO2604-P-7100,18,71,18,2,False,7100.0,44.6,8200.0,294.0,249.4,38
P100-R,2026-03-10,MO2604-P-7100,19,115,19,2,False,7100.0,27.6,8400.0,305.2,277.59999999999997,37
P100-R,2026-03-11,MO2604-P-7100,18,105,18,2,False,7100.0,30.2,8400.0,318.0,287.8,36
P100-R,2026-03-12,MO2604-P-7100,19,111,19,2,False,7100.0,28.6,8300.0,295.4,266.79999999999995,35
P100-R,2026-03-13,MO2604-P-7100,18,90,18,2,False,7100.0,35.2,8200.0,286.6,251.40000000000003,34
P100-R,2026-03-16,MO2604-P-7100,19,122,19,2,False,7100.0,26.2,8200.0,272.4,246.2,31
P100-R,2026-03-17,MO2604-P-7100,17,97,17,2,False,7100.0,32.8,8000.0,255.0,222.2,30
P100-R,2026-03-18,MO2605-P-7200,13,39,13,2,False,7200.0,82.0,8100.0,363.8,281.8,57
P100-R,2026-03-19,MO2605-P-7200,12,27,12,2,False,7200.0,114.8,7900.0,360.8,246.0,56
P100-R,2026-03-20,MO2605-P-7100,11,27,11,2,False,7100.0,115.6,7800.0,365.0,249.4,55
P100-R,2026-03-23,MO2605-P-7000,11,11,11,2,False,7000.0,273.6,7400.0,432.0,158.39999999999998,52
P100-R,2026-03-24,MO2605-P-6600,21,67,21,3,False,6600.0,71.0,7600.0,369.8,298.8,51
P100-R,2026-03-25,MO2605-P-6600,21,94,21,3,False,6600.0,51.0,7800.0,386.6,335.6,50
P100-R,2026-03-26,MO2605-P-6600,23,69,23,3,False,6600.0,68.8,7600.0,343.2,274.4,49
P100-R,2026-03-27,MO2605-P-6600,26,86,26,3,False,6600.0,55.6,7700.0,325.0,269.4,48
P100-R,2026-03-30,MO2605-P-6600,22,83,22,3,False,6600.0,57.6,7800.0,382.6,325.0,45
P100-R,2026-03-31,MO2605-P-6600,23,73,23,3,False,6600.0,65.6,7600.0,337.0,271.4,44
P100-R,2026-04-01,MO2605-P-6600,23,125,23,3,False,6600.0,38.4,7800.0,347.4,309.0,43
P100-R,2026-04-02,MO2605-P-6600,23,83,23,3,False,6600.0,57.8,7600.0,329.8,272.0,42
P100-R,2026-04-03,MO2605-P-6600,24,69,24,3,False,6600.0,69.4,7500.0,311.0,241.6,41
P100-R,2026-04-07,MO2605-P-6600,25,87,25,3,False,6600.0,55.0,7600.0,303.0,248.0,37
P100-R,2026-04-08,MO2605-P-6600,29,285,29,3,False,6600.0,16.8,8000.0,301.2,284.4,36
P100-R,2026-04-09,MO2605-P-6600,33,272,33,3,False,6600.0,17.6,7900.0,265.0,247.4,35
P100-R,2026-04-10,MO2605-P-6600,34,285,34,3,False,6600.0,16.8,8000.0,268.0,251.2,34
P100-R,2026-04-13,MO2605-P-6600,36,255,36,3,False,6600.0,18.8,8000.0,260.4,241.59999999999997,31
P100-R,2026-04-14,MO2605-P-6600,40,342,40,3,False,6600.0,14.0,8100.0,250.8,236.8,30
P100-R,2026-04-15,MO2605-P-6600,38,380,38,3,False,6600.0,12.6,8100.0,250.6,238.0,29
P100-R,2026-04-16,MO2605-P-6600,45,685,45,3,False,6600.0,7.0,8200.0,225.2,218.2,28
P100-R,2026-04-17,MO2605-P-6600,48,705,48,3,False,6600.0,6.8,8300.0,222.8,216.0,27
P100-R,2026-04-20,MO2606-P-5200,45,705,45,3,False,5200.0,6.8,8400.0,431.2,424.4,59
P100-R,2026-04-21,MO2606-P-5200,46,827,46,3,False,5200.0,5.8,8400.0,425.6,419.8,58
P100-R,2026-04-22,MO2606-P-5200,50,1043,50,3,False,5200.0,4.6,8500.0,401.8,397.2,57
P100-R,2026-04-23,MO2606-P-5200,49,1090,49,3,False,5200.0,4.4,8400.0,398.8,394.40000000000003,56
P100-R,2026-04-24,MO2606-P-5200,52,1090,52,3,False,5200.0,4.4,8300.0,368.6,364.20000000000005,55
P100-R,2026-04-27,MO2606-P-5200,56,1333,56,3,False,5200.0,3.6,8300.0,341.6,338.0,52
P100-R,2026-04-28,MO2606-P-5200,57,1333,57,3,False,5200.0,3.6,8200.0,324.8,321.2,51
P100-R,2026-04-29,MO2606-P-5200,63,1500,63,3,False,5200.0,3.2,8300.0,303.2,300.0,50
P100-R,2026-04-30,MO2606-P-5200,58,1714,58,3,False,5200.0,2.8,8400.0,336.4,333.59999999999997,49
P100-R,2026-05-06,MO2606-P-5200,64,2000,64,3,False,5200.0,2.4,8600.0,323.6,321.20000000000005,43
P100-R,2026-05-07,MO2606-P-5200,46,1333,46,2,False,5200.0,2.4,8700.0,312.0,309.6,42
P100-R,2026-05-08,MO2606-P-5200,46,1333,46,2,False,5200.0,2.4,8700.0,311.8,309.40000000000003,41
P100-R,2026-05-11,MO2606-P-5200,40,1333,40,2,False,5200.0,2.4,8900.0,378.0,375.6,38
P100-R,2026-05-12,MO2606-P-5200,44,1142,44,2,False,5200.0,2.8,8800.0,338.2,335.4,37
P100-R,2026-05-13,MO2606-P-5200,41,1777,41,2,False,5200.0,1.8,9000.0,369.0,367.2,36
P100-R,2026-05-14,MO2606-P-5200,46,1600,46,2,False,5200.0,2.0,8800.0,318.0,316.0,35
P100-R,2026-05-15,MO2606-P-5200,45,1777,45,2,False,5200.0,1.8,8700.0,314.6,312.8,34
P100-R,2026-05-18,MO2606-P-5200,51,1777,51,2,False,5200.0,1.8,8700.0,280.8,279.0,31
P100-R,2026-05-19,MO2606-P-5200,52,2000,52,2,False,5200.0,1.6,8800.0,282.6,281.0,30
P100-R,2026-05-20,MO2607-P-7400,15,67,15,2,False,7400.0,47.2,8800.0,432.6,385.40000000000003,58
P100-R,2026-05-21,MO2607-P-7400,14,47,14,2,False,7400.0,67.8,8500.0,403.0,335.2,57
P100-R,2026-05-22,MO2607-P-7400,14,66,14,2,False,7400.0,48.4,8700.0,424.0,375.6,56
P100-R,2026-05-25,MO2607-P-7400,15,82,15,2,False,7400.0,38.8,8800.0,434.8,396.0,53
P100-R,2026-05-26,MO2607-P-7400,14,74,14,2,False,7400.0,42.8,8700.0,431.0,388.2,52
P100-R,2026-05-27,MO2607-P-7400,14,53,14,2,False,7400.0,59.4,8500.0,405.8,346.40000000000003,51
P100-R,2026-05-28,MO2607-P-7400,15,70,15,2,False,7400.0,45.4,8600.0,389.4,344.0,50
P100-R,2026-05-29,MO2607-P-7400,13,51,13,2,False,7400.0,61.8,8400.0,396.8,335.0,49
P100-R,2026-06-01,MO2607-P-7400,14,52,14,2,False,7400.0,60.8,8300.0,349.2,288.4,46
P100-R,2026-06-02,MO2607-P-7400,13,55,13,2,False,7400.0,58.0,8400.0,386.0,328.0,45
P100-R,2026-06-03,MO2607-P-7400,14,62,14,2,False,7400.0,50.8,8400.0,355.8,305.0,44
P100-R,2026-06-04,MO2607-P-7400,14,62,14,2,False,7400.0,50.8,8400.0,356.2,305.4,43
P100-R,2026-06-05,MO2607-P-7400,14,54,14,2,False,7400.0,59.2,8300.0,342.8,283.6,42
P100-R,2026-06-08,MO2607-P-7400,12,32,12,2,False,7400.0,98.4,8100.0,345.4,246.99999999999997,39
P100-R,2026-06-09,MO2607-P-7200,15,76,15,2,False,7200.0,42.0,8300.0,353.0,311.0,37
P100-R,2026-06-10,MO2607-P-7200,14,65,14,2,False,7200.0,48.8,8200.0,335.8,287.0,36
P100-R,2026-06-11,MO2607-P-7200,13,63,13,2,False,7200.0,50.6,8200.0,349.8,299.2,35
P100-R,2026-06-12,MO2607-P-7200,16,93,16,2,False,7200.0,34.4,8200.0,296.8,262.40000000000003,34
P100-R,2026-06-15,MO2607-P-7200,18,207,18,2,False,7200.0,15.4,8500.0,315.0,299.6,31
P100-R,2026-06-16,MO2607-P-7200,20,216,20,2,False,7200.0,14.8,8600.0,308.8,294.0,30
P100-R,2026-06-17,MO2607-P-7200,20,271,20,2,False,7200.0,11.8,8700.0,320.0,308.2,29
P100-R,2026-06-18,MO2607-P-7200,21,355,21,2,False,7200.0,9.0,8800.0,320.0,311.0,28
P100-R,2026-06-22,MO2608-P-7200,14,90,14,2,False,7200.0,35.2,8900.0,520.4,485.2,59
P100-R,2026-06-23,MO2608-P-7200,14,73,14,2,False,7200.0,43.4,8700.0,480.6,437.20000000000005,58
P100-R,2026-06-24,MO2608-P-7200,15,87,15,2,False,7200.0,36.6,8800.0,487.2,450.59999999999997,57
P100-R,2026-06-25,MO2608-P-7200,16,97,16,2,False,7200.0,32.8,8800.0,451.2,418.4,56
P100-R,2026-06-26,MO2608-P-7200,14,74,14,2,False,7200.0,43.0,8600.0,444.2,401.2,55
P100-R,2026-06-29,MO2608-P-7200,14,75,14,2,False,7200.0,42.6,8600.0,446.2,403.59999999999997,52
P100-R,2026-06-30,MO2608-P-7200,16,111,16,2,False,7200.0,28.6,8800.0,438.6,410.0,51
P100-R,2026-07-01,MO2608-P-7200,15,135,15,2,False,7200.0,23.6,8900.0,481.0,457.4,50
P100-R,2026-07-02,MO2608-P-7200,16,107,16,2,False,7200.0,29.8,8600.0,396.6,366.8,49
P100-R,2026-07-03,MO2608-P-7200,17,113,17,2,False,7200.0,28.2,8600.0,373.6,345.40000000000003,48
P100-R,2026-07-06,MO2608-P-7200,15,117,15,2,False,7200.0,27.2,8500.0,387.0,359.8,45
P100-R,2026-07-07,MO2608-P-7200,15,94,15,2,False,7200.0,33.8,8300.0,344.0,310.2,44
P100-R,2026-07-08,MO2608-P-7200,14,71,14,2,False,7200.0,45.0,8100.0,318.4,273.4,43
P100-R,2026-07-09,MO2608-P-7200,15,105,15,2,False,7200.0,30.4,8300.0,336.2,305.8,42
P100-R,2026-07-10,MO2608-P-7200,14,90,14,2,False,7200.0,35.2,8200.0,325.2,290.0,41
P100-R,2026-07-13,MO2608-P-7200,10,34,10,2,False,7200.0,92.2,7800.0,330.0,237.8,38
P100-R,2026-07-14,MO2608-P-7000,22,108,22,3,False,7000.0,44.2,7900.0,303.6,259.40000000000003,37
P100-R,2026-07-15,MO2608-P-7000,20,84,20,3,False,7000.0,56.6,7800.0,304.6,248.00000000000003,36
P100-R,2026-07-16,MO2608-P-7000,19,53,19,3,False,7000.0,90.0,7600.0,297.6,207.60000000000002,35
P100-R,2026-07-17,MO2608-P-6800,13,27,13,3,False,6800.0,176.6,7200.0,360.2,183.6,34
P100-R,2026-07-20,MO2608-P-6400,14,30,14,3,False,6400.0,158.4,7000.0,412.8,254.4,31
P100-R,2026-07-21,MO2608-P-6200,22,113,22,3,False,6200.0,42.4,7300.0,339.0,296.6,30
P100-R,2026-07-22,MO2609-P-6200,17,49,17,3,False,6200.0,96.4,7200.0,437.8,341.4,58
P100-R,2026-07-23,MO2609-P-6200,19,72,19,3,False,6200.0,66.0,7200.0,393.0,327.0,57
P100-R,2026-07-24,MO2609-P-6200,17,44,17,3,False,6200.0,106.8,7000.0,395.0,288.2,56
P100-R,2026-07-27,MO2609-P-6200,22,78,22,3,False,6200.0,60.8,7200.0,349.6,288.8,53
P100-R,2026-07-28,MO2609-P-6200,19,46,19,3,False,6200.0,102.6,7000.0,369.0,266.4,52
P100-R,2026-07-29,MO2609-P-6200,19,53,19,3,False,6200.0,89.4,7100.0,378.0,288.6,51
P100-R,2026-07-30,MO2609-P-6200,17,32,17,3,False,6200.0,147.8,6900.0,410.4,262.59999999999997,50
P100-R,2026-07-31,MO2609-P-6200,25,63,25,4,False,6200.0,101.2,7100.0,390.0,288.8,49
P100-R,2026-08-03,MO2609-P-6200,25,76,25,4,False,6200.0,83.4,7100.0,367.4,284.0,46
P100-R,2026-08-04,MO2609-P-6200,30,142,30,4,False,6200.0,44.8,7300.0,342.0,297.2,45
P100-R,2026-08-05,MO2609-P-6200,35,203,35,4,False,6200.0,31.4,7500.0,327.2,295.8,44
P100-R,2026-08-06,MO2609-P-6200,37,198,37,4,False,6200.0,32.2,7500.0,320.0,287.8,43
P100-R,2026-08-07,MO2609-P-6200,39,293,39,4,False,6200.0,21.8,7700.0,332.8,311.0,42
P100-R,2026-08-10,MO2609-P-6200,42,347,42,4,False,6200.0,18.4,7700.0,315.6,297.20000000000005,39
P100-R,2026-08-11,MO2609-P-6200,42,351,42,4,False,6200.0,18.2,7700.0,307.8,289.6,38
P100-R,2026-08-12,MO2609-P-6200,43,421,43,4,False,6200.0,15.2,7800.0,316.2,301.0,37
P100-R,2026-08-13,MO2609-P-6200,46,385,46,4,False,6200.0,16.6,7700.0,282.0,265.4,36
P100-R,2026-08-14,MO2609-P-6200,43,507,43,4,False,6200.0,12.6,7800.0,311.4,298.79999999999995,35
